atividade_tipologia_id,data,tipologia_id,unidade_hotel,departamento,quartos_ocupados,quartos_checkout,quartos_stayover,carga_limpeza_min
AT0001,2025-01-01,TQ01,Unidade 1,Housekeeping,12,3,9,210
AT0002,2025-01-01,TQ02,Unidade 1,Housekeeping,24,6,18,570
AT0003,2025-01-01,TQ03,Unidade 1,Housekeeping,18,5,13,476
AT0004,2025-01-01,TQ04,Unidade 1,Housekeeping,6,1,5,230
AT0005,2025-01-01,TQ05,Unidade 1,Housekeeping,2,1,1,130
AT0006,2025-01-02,TQ01,Unidade 1,Housekeeping,8,2,6,140
AT0007,2025-01-02,TQ02,Unidade 1,Housekeeping,21,5,16,495
AT0008,2025-01-02,TQ03,Unidade 1,Housekeeping,15,4,11,394
AT0009,2025-01-02,TQ04,Unidade 1,Housekeeping,2,0,2,70
AT0010,2025-01-02,TQ05,Unidade 1,Housekeeping,0,0,0,0
AT0011,2025-01-03,TQ01,Unidade 1,Housekeeping,19,6,13,345
AT0012,2025-01-03,TQ02,Unidade 1,Housekeeping,30,9,21,735
AT0013,2025-01-03,TQ03,Unidade 1,Housekeeping,3,1,2,82
AT0014,2025-01-03,TQ04,Unidade 1,Housekeeping,5,1,4,195
AT0015,2025-01-03,TQ05,Unidade 1,Housekeeping,0,0,0,0
AT0016,2025-01-04,TQ01,Unidade 1,Housekeeping,18,4,14,310
AT0017,2025-01-04,TQ02,Unidade 1,Housekeeping,36,9,27,855
AT0018,2025-01-04,TQ03,Unidade 1,Housekeeping,10,2,8,252
AT0019,2025-01-04,TQ04,Unidade 1,Housekeeping,3,1,2,125
AT0020,2025-01-04,TQ05,Unidade 1,Housekeeping,0,0,0,0
AT0021,2025-01-05,TQ01,Unidade 1,Housekeeping,21,7,14,385
AT0022,2025-01-05,TQ02,Unidade 1,Housekeeping,27,10,17,690
AT0023,2025-01-05,TQ03,Unidade 1,Housekeeping,3,1,2,82
AT0024,2025-01-05,TQ04,Unidade 1,Housekeeping,2,1,1,90
AT0025,2025-01-05,TQ05,Unidade 1,Housekeeping,5,2,3,310
AT0026,2025-01-06,TQ01,Unidade 1,Housekeeping,18,7,11,340
AT0027,2025-01-06,TQ02,Unidade 1,Housekeeping,19,7,12,485
AT0028,2025-01-06,TQ03,Unidade 1,Housekeeping,7,2,5,186
AT0029,2025-01-06,TQ04,Unidade 1,Housekeeping,0,0,0,0
AT0030,2025-01-06,TQ05,Unidade 1,Housekeeping,2,1,1,130
AT0031,2025-01-07,TQ01,Unidade 1,Housekeeping,12,4,8,220
AT0032,2025-01-07,TQ02,Unidade 1,Housekeeping,17,6,11,430
AT0033,2025-01-07,TQ03,Unidade 1,Housekeeping,19,6,13,514
AT0034,2025-01-07,TQ04,Unidade 1,Housekeeping,3,1,2,125
AT0035,2025-01-07,TQ05,Unidade 1,Housekeeping,4,1,3,230
AT0036,2025-01-08,TQ01,Unidade 1,Housekeeping,14,3,11,240
AT0037,2025-01-08,TQ02,Unidade 1,Housekeeping,23,6,17,550
AT0038,2025-01-08,TQ03,Unidade 1,Housekeeping,10,3,7,268
AT0039,2025-01-08,TQ04,Unidade 1,Housekeeping,0,0,0,0
AT0040,2025-01-08,TQ05,Unidade 1,Housekeeping,4,1,3,230
AT0041,2025-01-09,TQ01,Unidade 1,Housekeeping,16,6,10,300
AT0042,2025-01-09,TQ02,Unidade 1,Housekeeping,13,4,9,320
AT0043,2025-01-09,TQ03,Unidade 1,Housekeeping,13,5,8,366
AT0044,2025-01-09,TQ04,Unidade 1,Housekeeping,2,1,1,90
AT0045,2025-01-09,TQ05,Unidade 1,Housekeeping,1,0,1,50
AT0046,2025-01-10,TQ01,Unidade 1,Housekeeping,17,6,11,315
AT0047,2025-01-10,TQ02,Unidade 1,Housekeeping,29,11,18,745
AT0048,2025-01-10,TQ03,Unidade 1,Housekeeping,4,2,2,120
AT0049,2025-01-10,TQ04,Unidade 1,Housekeeping,1,0,1,35
AT0050,2025-01-10,TQ05,Unidade 1,Housekeeping,5,2,3,310
AT0051,2025-01-11,TQ01,Unidade 1,Housekeeping,20,8,12,380
AT0052,2025-01-11,TQ02,Unidade 1,Housekeeping,24,9,15,615
AT0053,2025-01-11,TQ03,Unidade 1,Housekeeping,11,4,7,306
AT0054,2025-01-11,TQ04,Unidade 1,Housekeeping,2,1,1,90
AT0055,2025-01-11,TQ05,Unidade 1,Housekeeping,0,0,0,0
AT0056,2025-01-12,TQ01,Unidade 1,Housekeeping,14,3,11,240
AT0057,2025-01-12,TQ02,Unidade 1,Housekeeping,28,6,22,650
AT0058,2025-01-12,TQ03,Unidade 1,Housekeeping,3,1,2,82
AT0059,2025-01-12,TQ04,Unidade 1,Housekeeping,7,2,5,285
AT0060,2025-01-12,TQ05,Unidade 1,Housekeeping,5,1,4,280
AT0061,2025-01-13,TQ01,Unidade 1,Housekeeping,17,5,12,305
AT0062,2025-01-13,TQ02,Unidade 1,Housekeeping,23,7,16,565
AT0063,2025-01-13,TQ03,Unidade 1,Housekeeping,6,2,4,164
AT0064,2025-01-13,TQ04,Unidade 1,Housekeeping,2,1,1,90
AT0065,2025-01-13,TQ05,Unidade 1,Housekeeping,1,0,1,50
AT0066,2025-01-14,TQ01,Unidade 1,Housekeeping,6,2,4,110
AT0067,2025-01-14,TQ02,Unidade 1,Housekeeping,25,7,18,605
AT0068,2025-01-14,TQ03,Unidade 1,Housekeeping,5,2,3,142
AT0069,2025-01-14,TQ04,Unidade 1,Housekeeping,1,0,1,35
AT0070,2025-01-14,TQ05,Unidade 1,Housekeeping,1,0,1,50
AT0071,2025-01-15,TQ01,Unidade 1,Housekeeping,11,3,8,195
AT0072,2025-01-15,TQ02,Unidade 1,Housekeeping,17,5,12,415
AT0073,2025-01-15,TQ03,Unidade 1,Housekeeping,8,3,5,224
AT0074,2025-01-15,TQ04,Unidade 1,Housekeeping,1,0,1,35
AT0075,2025-01-15,TQ05,Unidade 1,Housekeeping,2,1,1,130
AT0076,2025-01-16,TQ01,Unidade 1,Housekeeping,12,2,10,200
AT0077,2025-01-16,TQ02,Unidade 1,Housekeeping,18,4,14,420
AT0078,2025-01-16,TQ03,Unidade 1,Housekeeping,12,2,10,296
AT0079,2025-01-16,TQ04,Unidade 1,Housekeeping,3,1,2,125
AT0080,2025-01-16,TQ05,Unidade 1,Housekeeping,0,0,0,0
AT0081,2025-01-17,TQ01,Unidade 1,Housekeeping,18,4,14,310
AT0082,2025-01-17,TQ02,Unidade 1,Housekeeping,22,5,17,515
AT0083,2025-01-17,TQ03,Unidade 1,Housekeeping,7,2,5,186
AT0084,2025-01-17,TQ04,Unidade 1,Housekeeping,2,1,1,90
AT0085,2025-01-17,TQ05,Unidade 1,Housekeeping,0,0,0,0
AT0086,2025-01-18,TQ01,Unidade 1,Housekeeping,10,3,7,180
AT0087,2025-01-18,TQ02,Unidade 1,Housekeeping,22,6,16,530
AT0088,2025-01-18,TQ03,Unidade 1,Housekeeping,18,5,13,476
AT0089,2025-01-18,TQ04,Unidade 1,Housekeeping,6,2,4,250
AT0090,2025-01-18,TQ05,Unidade 1,Housekeeping,5,1,4,280
AT0091,2025-01-19,TQ01,Unidade 1,Housekeeping,11,4,7,205
AT0092,2025-01-19,TQ02,Unidade 1,Housekeeping,25,9,16,635
AT0093,2025-01-19,TQ03,Unidade 1,Housekeeping,11,4,7,306
AT0094,2025-01-19,TQ04,Unidade 1,Housekeeping,7,2,5,285
AT0095,2025-01-19,TQ05,Unidade 1,Housekeeping,1,0,1,50
AT0096,2025-01-20,TQ01,Unidade 1,Housekeeping,9,3,6,165
AT0097,2025-01-20,TQ02,Unidade 1,Housekeeping,19,5,14,455
AT0098,2025-01-20,TQ03,Unidade 1,Housekeeping,9,3,6,246
AT0099,2025-01-20,TQ04,Unidade 1,Housekeeping,1,0,1,35
AT0100,2025-01-20,TQ05,Unidade 1,Housekeeping,2,0,2,100
AT0101,2025-01-21,TQ01,Unidade 1,Housekeeping,16,3,13,270
AT0102,2025-01-21,TQ02,Unidade 1,Housekeeping,19,4,15,440
AT0103,2025-01-21,TQ03,Unidade 1,Housekeeping,17,3,14,422
AT0104,2025-01-21,TQ04,Unidade 1,Housekeeping,2,1,1,90
AT0105,2025-01-21,TQ05,Unidade 1,Housekeeping,1,0,1,50
AT0106,2025-01-22,TQ01,Unidade 1,Housekeeping,21,5,16,365
AT0107,2025-01-22,TQ02,Unidade 1,Housekeeping,15,4,11,360
AT0108,2025-01-22,TQ03,Unidade 1,Housekeeping,7,2,5,186
AT0109,2025-01-22,TQ04,Unidade 1,Housekeeping,3,1,2,125
AT0110,2025-01-22,TQ05,Unidade 1,Housekeeping,0,0,0,0
AT0111,2025-01-23,TQ01,Unidade 1,Housekeeping,19,5,14,335
AT0112,2025-01-23,TQ02,Unidade 1,Housekeeping,15,4,11,360
AT0113,2025-01-23,TQ03,Unidade 1,Housekeeping,7,2,5,186
AT0114,2025-01-23,TQ04,Unidade 1,Housekeeping,4,1,3,160
AT0115,2025-01-23,TQ05,Unidade 1,Housekeeping,3,1,2,180
AT0116,2025-01-24,TQ01,Unidade 1,Housekeeping,15,4,11,265
AT0117,2025-01-24,TQ02,Unidade 1,Housekeeping,15,3,12,345
AT0118,2025-01-24,TQ03,Unidade 1,Housekeeping,7,2,5,186
AT0119,2025-01-24,TQ04,Unidade 1,Housekeeping,6,1,5,230
AT0120,2025-01-24,TQ05,Unidade 1,Housekeeping,3,1,2,180
AT0121,2025-01-25,TQ01,Unidade 1,Housekeeping,11,4,7,205
AT0122,2025-01-25,TQ02,Unidade 1,Housekeeping,32,11,21,805
AT0123,2025-01-25,TQ03,Unidade 1,Housekeeping,9,3,6,246
AT0124,2025-01-25,TQ04,Unidade 1,Housekeeping,3,1,2,125
AT0125,2025-01-25,TQ05,Unidade 1,Housekeeping,2,1,1,130
AT0126,2025-01-26,TQ01,Unidade 1,Housekeeping,9,3,6,165
AT0127,2025-01-26,TQ02,Unidade 1,Housekeeping,23,7,16,565
AT0128,2025-01-26,TQ03,Unidade 1,Housekeeping,19,5,14,498
AT0129,2025-01-26,TQ04,Unidade 1,Housekeeping,5,1,4,195
AT0130,2025-01-26,TQ05,Unidade 1,Housekeeping,4,1,3,230
AT0131,2025-01-27,TQ01,Unidade 1,Housekeeping,14,5,9,260
AT0132,2025-01-27,TQ02,Unidade 1,Housekeeping,12,4,8,300
AT0133,2025-01-27,TQ03,Unidade 1,Housekeeping,10,3,7,268
AT0134,2025-01-27,TQ04,Unidade 1,Housekeeping,5,2,3,215
AT0135,2025-01-27,TQ05,Unidade 1,Housekeeping,1,0,1,50
AT0136,2025-01-28,TQ01,Unidade 1,Housekeeping,11,2,9,185
AT0137,2025-01-28,TQ02,Unidade 1,Housekeeping,27,5,22,615
AT0138,2025-01-28,TQ03,Unidade 1,Housekeeping,9,2,7,230
AT0139,2025-01-28,TQ04,Unidade 1,Housekeeping,0,0,0,0
AT0140,2025-01-28,TQ05,Unidade 1,Housekeeping,3,1,2,180
AT0141,2025-01-29,TQ01,Unidade 1,Housekeeping,8,2,6,140
AT0142,2025-01-29,TQ02,Unidade 1,Housekeeping,16,4,12,380
AT0143,2025-01-29,TQ03,Unidade 1,Housekeeping,17,4,13,438
AT0144,2025-01-29,TQ04,Unidade 1,Housekeeping,4,1,3,160
AT0145,2025-01-29,TQ05,Unidade 1,Housekeeping,0,0,0,0
AT0146,2025-01-30,TQ01,Unidade 1,Housekeeping,4,2,2,80
AT0147,2025-01-30,TQ02,Unidade 1,Housekeeping,27,10,17,690
AT0148,2025-01-30,TQ03,Unidade 1,Housekeeping,7,2,5,186
AT0149,2025-01-30,TQ04,Unidade 1,Housekeeping,5,2,3,215
AT0150,2025-01-30,TQ05,Unidade 1,Housekeeping,3,1,2,180
AT0151,2025-01-31,TQ01,Unidade 1,Housekeeping,22,5,17,380
AT0152,2025-01-31,TQ02,Unidade 1,Housekeeping,16,4,12,380
AT0153,2025-01-31,TQ03,Unidade 1,Housekeeping,11,2,9,274
AT0154,2025-01-31,TQ04,Unidade 1,Housekeeping,1,0,1,35
AT0155,2025-01-31,TQ05,Unidade 1,Housekeeping,1,0,1,50
AT0156,2025-02-01,TQ01,Unidade 1,Housekeeping,17,4,13,295
AT0157,2025-02-01,TQ02,Unidade 1,Housekeeping,40,11,29,965
AT0158,2025-02-01,TQ03,Unidade 1,Housekeeping,6,2,4,164
AT0159,2025-02-01,TQ04,Unidade 1,Housekeeping,4,1,3,160
AT0160,2025-02-01,TQ05,Unidade 1,Housekeeping,1,0,1,50
AT0161,2025-02-02,TQ01,Unidade 1,Housekeeping,21,6,15,375
AT0162,2025-02-02,TQ02,Unidade 1,Housekeeping,24,6,18,570
AT0163,2025-02-02,TQ03,Unidade 1,Housekeeping,7,2,5,186
AT0164,2025-02-02,TQ04,Unidade 1,Housekeeping,7,2,5,285
AT0165,2025-02-02,TQ05,Unidade 1,Housekeeping,1,0,1,50
AT0166,2025-02-03,TQ01,Unidade 1,Housekeeping,11,4,7,205
AT0167,2025-02-03,TQ02,Unidade 1,Housekeeping,20,6,14,490
AT0168,2025-02-03,TQ03,Unidade 1,Housekeeping,6,2,4,164
AT0169,2025-02-03,TQ04,Unidade 1,Housekeeping,5,2,3,215
AT0170,2025-02-03,TQ05,Unidade 1,Housekeeping,1,0,1,50
AT0171,2025-02-04,TQ01,Unidade 1,Housekeeping,27,7,20,475
AT0172,2025-02-04,TQ02,Unidade 1,Housekeeping,8,2,6,190
AT0173,2025-02-04,TQ03,Unidade 1,Housekeeping,6,2,4,164
AT0174,2025-02-04,TQ04,Unidade 1,Housekeeping,5,1,4,195
AT0175,2025-02-04,TQ05,Unidade 1,Housekeeping,5,3,2,340
AT0176,2025-02-05,TQ01,Unidade 1,Housekeeping,16,5,11,290
AT0177,2025-02-05,TQ02,Unidade 1,Housekeeping,12,4,8,300
AT0178,2025-02-05,TQ03,Unidade 1,Housekeeping,12,4,8,328
AT0179,2025-02-05,TQ04,Unidade 1,Housekeeping,2,1,1,90
AT0180,2025-02-05,TQ05,Unidade 1,Housekeeping,0,0,0,0
AT0181,2025-02-06,TQ01,Unidade 1,Housekeeping,13,4,9,235
AT0182,2025-02-06,TQ02,Unidade 1,Housekeeping,20,6,14,490
AT0183,2025-02-06,TQ03,Unidade 1,Housekeeping,8,2,6,208
AT0184,2025-02-06,TQ04,Unidade 1,Housekeeping,3,1,2,125
AT0185,2025-02-06,TQ05,Unidade 1,Housekeeping,5,1,4,280
AT0186,2025-02-07,TQ01,Unidade 1,Housekeeping,19,4,15,325
AT0187,2025-02-07,TQ02,Unidade 1,Housekeeping,11,3,8,265
AT0188,2025-02-07,TQ03,Unidade 1,Housekeeping,3,1,2,82
AT0189,2025-02-07,TQ04,Unidade 1,Housekeeping,10,2,8,390
AT0190,2025-02-07,TQ05,Unidade 1,Housekeeping,1,0,1,50
AT0191,2025-02-08,TQ01,Unidade 1,Housekeeping,22,6,16,390
AT0192,2025-02-08,TQ02,Unidade 1,Housekeeping,10,3,7,245
AT0193,2025-02-08,TQ03,Unidade 1,Housekeeping,17,5,12,454
AT0194,2025-02-08,TQ04,Unidade 1,Housekeeping,0,0,0,0
AT0195,2025-02-08,TQ05,Unidade 1,Housekeeping,5,3,2,340
AT0196,2025-02-09,TQ01,Unidade 1,Housekeeping,15,5,10,275
AT0197,2025-02-09,TQ02,Unidade 1,Housekeeping,17,6,11,430
AT0198,2025-02-09,TQ03,Unidade 1,Housekeeping,21,8,13,590
AT0199,2025-02-09,TQ04,Unidade 1,Housekeeping,5,2,3,215
AT0200,2025-02-09,TQ05,Unidade 1,Housekeeping,3,1,2,180
AT0201,2025-02-10,TQ01,Unidade 1,Housekeeping,8,2,6,140
AT0202,2025-02-10,TQ02,Unidade 1,Housekeeping,27,7,20,645
AT0203,2025-02-10,TQ03,Unidade 1,Housekeeping,4,1,3,104
AT0204,2025-02-10,TQ04,Unidade 1,Housekeeping,7,2,5,285
AT0205,2025-02-10,TQ05,Unidade 1,Housekeeping,5,2,3,310
AT0206,2025-02-11,TQ01,Unidade 1,Housekeeping,16,6,10,300
AT0207,2025-02-11,TQ02,Unidade 1,Housekeeping,23,8,15,580
AT0208,2025-02-11,TQ03,Unidade 1,Housekeeping,6,2,4,164
AT0209,2025-02-11,TQ04,Unidade 1,Housekeeping,4,2,2,180
AT0210,2025-02-11,TQ05,Unidade 1,Housekeeping,0,0,0,0
AT0211,2025-02-12,TQ01,Unidade 1,Housekeeping,13,4,9,235
AT0212,2025-02-12,TQ02,Unidade 1,Housekeeping,27,9,18,675
AT0213,2025-02-12,TQ03,Unidade 1,Housekeeping,5,1,4,126
AT0214,2025-02-12,TQ04,Unidade 1,Housekeeping,2,1,1,90
AT0215,2025-02-12,TQ05,Unidade 1,Housekeeping,1,0,1,50
AT0216,2025-02-13,TQ01,Unidade 1,Housekeeping,21,5,16,365
AT0217,2025-02-13,TQ02,Unidade 1,Housekeeping,14,3,11,325
AT0218,2025-02-13,TQ03,Unidade 1,Housekeeping,10,2,8,252
AT0219,2025-02-13,TQ04,Unidade 1,Housekeeping,0,0,0,0
AT0220,2025-02-13,TQ05,Unidade 1,Housekeeping,1,0,1,50
AT0221,2025-02-14,TQ01,Unidade 1,Housekeeping,7,2,5,125
AT0222,2025-02-14,TQ02,Unidade 1,Housekeeping,16,6,10,410
AT0223,2025-02-14,TQ03,Unidade 1,Housekeeping,17,6,11,470
AT0224,2025-02-14,TQ04,Unidade 1,Housekeeping,3,1,2,125
AT0225,2025-02-14,TQ05,Unidade 1,Housekeeping,3,1,2,180
AT0226,2025-02-15,TQ01,Unidade 1,Housekeeping,8,2,6,140
AT0227,2025-02-15,TQ02,Unidade 1,Housekeeping,35,7,28,805
AT0228,2025-02-15,TQ03,Unidade 1,Housekeeping,6,1,5,148
AT0229,2025-02-15,TQ04,Unidade 1,Housekeeping,3,1,2,125
AT0230,2025-02-15,TQ05,Unidade 1,Housekeeping,4,1,3,230
AT0231,2025-02-16,TQ01,Unidade 1,Housekeeping,17,7,10,325
AT0232,2025-02-16,TQ02,Unidade 1,Housekeeping,24,9,15,615
AT0233,2025-02-16,TQ03,Unidade 1,Housekeeping,8,3,5,224
AT0234,2025-02-16,TQ04,Unidade 1,Housekeeping,6,2,4,250
AT0235,2025-02-16,TQ05,Unidade 1,Housekeeping,2,1,1,130
AT0236,2025-02-17,TQ01,Unidade 1,Housekeeping,13,3,10,225
AT0237,2025-02-17,TQ02,Unidade 1,Housekeeping,29,7,22,685
AT0238,2025-02-17,TQ03,Unidade 1,Housekeeping,9,2,7,230
AT0239,2025-02-17,TQ04,Unidade 1,Housekeeping,1,0,1,35
AT0240,2025-02-17,TQ05,Unidade 1,Housekeeping,0,0,0,0
AT0241,2025-02-18,TQ01,Unidade 1,Housekeeping,14,4,10,250
AT0242,2025-02-18,TQ02,Unidade 1,Housekeeping,18,5,13,435
AT0243,2025-02-18,TQ03,Unidade 1,Housekeeping,10,3,7,268
AT0244,2025-02-18,TQ04,Unidade 1,Housekeeping,2,0,2,70
AT0245,2025-02-18,TQ05,Unidade 1,Housekeeping,5,1,4,280
AT0246,2025-02-19,TQ01,Unidade 1,Housekeeping,11,3,8,195
AT0247,2025-02-19,TQ02,Unidade 1,Housekeeping,16,5,11,395
AT0248,2025-02-19,TQ03,Unidade 1,Housekeeping,6,2,4,164
AT0249,2025-02-19,TQ04,Unidade 1,Housekeeping,5,2,3,215
AT0250,2025-02-19,TQ05,Unidade 1,Housekeeping,1,0,1,50
AT0251,2025-02-20,TQ01,Unidade 1,Housekeeping,16,4,12,280
AT0252,2025-02-20,TQ02,Unidade 1,Housekeeping,20,4,16,460
AT0253,2025-02-20,TQ03,Unidade 1,Housekeeping,7,1,6,170
AT0254,2025-02-20,TQ04,Unidade 1,Housekeeping,5,1,4,195
AT0255,2025-02-20,TQ05,Unidade 1,Housekeeping,1,0,1,50
AT0256,2025-02-21,TQ01,Unidade 1,Housekeeping,18,2,16,290
AT0257,2025-02-21,TQ02,Unidade 1,Housekeeping,15,3,12,345
AT0258,2025-02-21,TQ03,Unidade 1,Housekeeping,8,2,6,208
AT0259,2025-02-21,TQ04,Unidade 1,Housekeeping,5,1,4,195
AT0260,2025-02-21,TQ05,Unidade 1,Housekeeping,5,2,3,310
AT0261,2025-02-22,TQ01,Unidade 1,Housekeeping,7,2,5,125
AT0262,2025-02-22,TQ02,Unidade 1,Housekeeping,26,7,19,625
AT0263,2025-02-22,TQ03,Unidade 1,Housekeeping,18,5,13,476
AT0264,2025-02-22,TQ04,Unidade 1,Housekeeping,2,0,2,70
AT0265,2025-02-22,TQ05,Unidade 1,Housekeeping,3,1,2,180
AT0266,2025-02-23,TQ01,Unidade 1,Housekeeping,15,5,10,275
AT0267,2025-02-23,TQ02,Unidade 1,Housekeeping,30,9,21,735
AT0268,2025-02-23,TQ03,Unidade 1,Housekeeping,8,3,5,224
AT0269,2025-02-23,TQ04,Unidade 1,Housekeeping,8,2,6,320
AT0270,2025-02-23,TQ05,Unidade 1,Housekeeping,1,0,1,50
AT0271,2025-02-24,TQ01,Unidade 1,Housekeeping,13,4,9,235
AT0272,2025-02-24,TQ02,Unidade 1,Housekeeping,19,6,13,470
AT0273,2025-02-24,TQ03,Unidade 1,Housekeeping,13,5,8,366
AT0274,2025-02-24,TQ04,Unidade 1,Housekeeping,7,2,5,285
AT0275,2025-02-24,TQ05,Unidade 1,Housekeeping,0,0,0,0
AT0276,2025-02-25,TQ01,Unidade 1,Housekeeping,16,5,11,290
AT0277,2025-02-25,TQ02,Unidade 1,Housekeeping,23,8,15,580
AT0278,2025-02-25,TQ03,Unidade 1,Housekeeping,5,2,3,142
AT0279,2025-02-25,TQ04,Unidade 1,Housekeeping,5,2,3,215
AT0280,2025-02-25,TQ05,Unidade 1,Housekeeping,3,1,2,180
AT0281,2025-02-26,TQ01,Unidade 1,Housekeeping,6,2,4,110
AT0282,2025-02-26,TQ02,Unidade 1,Housekeeping,25,7,18,605
AT0283,2025-02-26,TQ03,Unidade 1,Housekeeping,10,3,7,268
AT0284,2025-02-26,TQ04,Unidade 1,Housekeeping,0,0,0,0
AT0285,2025-02-26,TQ05,Unidade 1,Housekeeping,3,1,2,180
AT0286,2025-02-27,TQ01,Unidade 1,Housekeeping,11,4,7,205
AT0287,2025-02-27,TQ02,Unidade 1,Housekeeping,18,7,11,465
AT0288,2025-02-27,TQ03,Unidade 1,Housekeeping,11,4,7,306
AT0289,2025-02-27,TQ04,Unidade 1,Housekeeping,6,2,4,250
AT0290,2025-02-27,TQ05,Unidade 1,Housekeeping,0,0,0,0
AT0291,2025-02-28,TQ01,Unidade 1,Housekeeping,24,5,19,410
AT0292,2025-02-28,TQ02,Unidade 1,Housekeeping,19,4,15,440
AT0293,2025-02-28,TQ03,Unidade 1,Housekeeping,7,1,6,170
AT0294,2025-02-28,TQ04,Unidade 1,Housekeeping,5,1,4,195
AT0295,2025-02-28,TQ05,Unidade 1,Housekeeping,0,0,0,0
AT0296,2025-03-01,TQ01,Unidade 1,Housekeeping,27,6,21,465
AT0297,2025-03-01,TQ02,Unidade 1,Housekeeping,31,9,22,755
AT0298,2025-03-01,TQ03,Unidade 1,Housekeeping,15,5,10,410
AT0299,2025-03-01,TQ04,Unidade 1,Housekeeping,10,5,5,450
AT0300,2025-03-01,TQ05,Unidade 1,Housekeeping,5,1,4,280
AT0301,2025-03-02,TQ01,Unidade 1,Housekeeping,20,6,14,360
AT0302,2025-03-02,TQ02,Unidade 1,Housekeeping,47,15,32,1165
AT0303,2025-03-02,TQ03,Unidade 1,Housekeeping,7,2,5,186
AT0304,2025-03-02,TQ04,Unidade 1,Housekeeping,6,2,4,250
AT0305,2025-03-02,TQ05,Unidade 1,Housekeeping,1,0,1,50
AT0306,2025-03-03,TQ01,Unidade 1,Housekeeping,23,8,15,425
AT0307,2025-03-03,TQ02,Unidade 1,Housekeeping,16,6,10,410
AT0308,2025-03-03,TQ03,Unidade 1,Housekeeping,24,9,15,672
AT0309,2025-03-03,TQ04,Unidade 1,Housekeeping,7,2,5,285
AT0310,2025-03-03,TQ05,Unidade 1,Housekeeping,0,0,0,0
AT0311,2025-03-04,TQ01,Unidade 1,Housekeeping,11,3,8,195
AT0312,2025-03-04,TQ02,Unidade 1,Housekeeping,32,8,24,760
AT0313,2025-03-04,TQ03,Unidade 1,Housekeeping,20,5,15,520
AT0314,2025-03-04,TQ04,Unidade 1,Housekeeping,1,0,1,35
AT0315,2025-03-04,TQ05,Unidade 1,Housekeeping,3,1,2,180
AT0316,2025-03-05,TQ01,Unidade 1,Housekeeping,12,3,9,210
AT0317,2025-03-05,TQ02,Unidade 1,Housekeeping,31,8,23,740
AT0318,2025-03-05,TQ03,Unidade 1,Housekeeping,19,5,14,498
AT0319,2025-03-05,TQ04,Unidade 1,Housekeeping,3,1,2,125
AT0320,2025-03-05,TQ05,Unidade 1,Housekeeping,1,0,1,50
AT0321,2025-03-06,TQ01,Unidade 1,Housekeeping,12,3,9,210
AT0322,2025-03-06,TQ02,Unidade 1,Housekeeping,40,14,26,1010
AT0323,2025-03-06,TQ03,Unidade 1,Housekeeping,13,5,8,366
AT0324,2025-03-06,TQ04,Unidade 1,Housekeeping,5,2,3,215
AT0325,2025-03-06,TQ05,Unidade 1,Housekeeping,5,2,3,310
AT0326,2025-03-07,TQ01,Unidade 1,Housekeeping,22,6,16,390
AT0327,2025-03-07,TQ02,Unidade 1,Housekeeping,35,12,23,880
AT0328,2025-03-07,TQ03,Unidade 1,Housekeeping,14,4,10,372
AT0329,2025-03-07,TQ04,Unidade 1,Housekeeping,8,3,5,340
AT0330,2025-03-07,TQ05,Unidade 1,Housekeeping,5,3,2,340
AT0331,2025-03-08,TQ01,Unidade 1,Housekeeping,30,9,21,540
AT0332,2025-03-08,TQ02,Unidade 1,Housekeeping,32,8,24,760
AT0333,2025-03-08,TQ03,Unidade 1,Housekeeping,20,6,14,536
AT0334,2025-03-08,TQ04,Unidade 1,Housekeeping,2,1,1,90
AT0335,2025-03-08,TQ05,Unidade 1,Housekeeping,0,0,0,0
AT0336,2025-03-09,TQ01,Unidade 1,Housekeeping,23,4,19,385
AT0337,2025-03-09,TQ02,Unidade 1,Housekeeping,30,6,24,690
AT0338,2025-03-09,TQ03,Unidade 1,Housekeeping,25,5,20,630
AT0339,2025-03-09,TQ04,Unidade 1,Housekeeping,6,1,5,230
AT0340,2025-03-09,TQ05,Unidade 1,Housekeeping,4,1,3,230
AT0341,2025-03-10,TQ01,Unidade 1,Housekeeping,13,5,8,245
AT0342,2025-03-10,TQ02,Unidade 1,Housekeeping,36,13,23,915
AT0343,2025-03-10,TQ03,Unidade 1,Housekeeping,19,7,12,530
AT0344,2025-03-10,TQ04,Unidade 1,Housekeeping,4,2,2,180
AT0345,2025-03-10,TQ05,Unidade 1,Housekeeping,1,0,1,50
AT0346,2025-03-11,TQ01,Unidade 1,Housekeeping,12,3,9,210
AT0347,2025-03-11,TQ02,Unidade 1,Housekeeping,29,6,23,670
AT0348,2025-03-11,TQ03,Unidade 1,Housekeeping,25,5,20,630
AT0349,2025-03-11,TQ04,Unidade 1,Housekeeping,2,0,2,70
AT0350,2025-03-11,TQ05,Unidade 1,Housekeeping,0,0,0,0
AT0351,2025-03-12,TQ01,Unidade 1,Housekeeping,20,5,15,350
AT0352,2025-03-12,TQ02,Unidade 1,Housekeeping,37,10,27,890
AT0353,2025-03-12,TQ03,Unidade 1,Housekeeping,9,2,7,230
AT0354,2025-03-12,TQ04,Unidade 1,Housekeeping,4,1,3,160
AT0355,2025-03-12,TQ05,Unidade 1,Housekeeping,3,1,2,180
AT0356,2025-03-13,TQ01,Unidade 1,Housekeeping,13,4,9,235
AT0357,2025-03-13,TQ02,Unidade 1,Housekeeping,48,16,32,1200
AT0358,2025-03-13,TQ03,Unidade 1,Housekeeping,15,5,10,410
AT0359,2025-03-13,TQ04,Unidade 1,Housekeeping,3,1,2,125
AT0360,2025-03-13,TQ05,Unidade 1,Housekeeping,0,0,0,0
AT0361,2025-03-14,TQ01,Unidade 1,Housekeeping,25,6,19,435
AT0362,2025-03-14,TQ02,Unidade 1,Housekeeping,25,7,18,605
AT0363,2025-03-14,TQ03,Unidade 1,Housekeeping,24,6,18,624
AT0364,2025-03-14,TQ04,Unidade 1,Housekeeping,3,1,2,125
AT0365,2025-03-14,TQ05,Unidade 1,Housekeeping,1,0,1,50
AT0366,2025-03-15,TQ01,Unidade 1,Housekeeping,30,5,25,500
AT0367,2025-03-15,TQ02,Unidade 1,Housekeeping,38,5,33,835
AT0368,2025-03-15,TQ03,Unidade 1,Housekeeping,12,3,9,312
AT0369,2025-03-15,TQ04,Unidade 1,Housekeeping,10,9,1,530
AT0370,2025-03-15,TQ05,Unidade 1,Housekeeping,1,0,1,50
AT0371,2025-03-16,TQ01,Unidade 1,Housekeeping,19,4,15,325
AT0372,2025-03-16,TQ02,Unidade 1,Housekeeping,20,5,15,475
AT0373,2025-03-16,TQ03,Unidade 1,Housekeeping,19,5,14,498
AT0374,2025-03-16,TQ04,Unidade 1,Housekeeping,10,3,7,410
AT0375,2025-03-16,TQ05,Unidade 1,Housekeeping,4,1,3,230
AT0376,2025-03-17,TQ01,Unidade 1,Housekeeping,28,6,22,480
AT0377,2025-03-17,TQ02,Unidade 1,Housekeeping,16,5,11,395
AT0378,2025-03-17,TQ03,Unidade 1,Housekeeping,25,11,14,726
AT0379,2025-03-17,TQ04,Unidade 1,Housekeeping,1,0,1,35
AT0380,2025-03-17,TQ05,Unidade 1,Housekeeping,5,3,2,340
AT0381,2025-03-18,TQ01,Unidade 1,Housekeeping,11,2,9,185
AT0382,2025-03-18,TQ02,Unidade 1,Housekeeping,38,8,30,880
AT0383,2025-03-18,TQ03,Unidade 1,Housekeeping,17,4,13,438
AT0384,2025-03-18,TQ04,Unidade 1,Housekeeping,5,1,4,195
AT0385,2025-03-18,TQ05,Unidade 1,Housekeeping,1,0,1,50
AT0386,2025-03-19,TQ01,Unidade 1,Housekeeping,20,6,14,360
AT0387,2025-03-19,TQ02,Unidade 1,Housekeeping,16,5,11,395
AT0388,2025-03-19,TQ03,Unidade 1,Housekeeping,21,6,15,558
AT0389,2025-03-19,TQ04,Unidade 1,Housekeeping,9,3,6,375
AT0390,2025-03-19,TQ05,Unidade 1,Housekeeping,4,1,3,230
AT0391,2025-03-20,TQ01,Unidade 1,Housekeeping,23,8,15,425
AT0392,2025-03-20,TQ02,Unidade 1,Housekeeping,22,7,15,545
AT0393,2025-03-20,TQ03,Unidade 1,Housekeeping,17,6,11,470
AT0394,2025-03-20,TQ04,Unidade 1,Housekeeping,9,3,6,375
AT0395,2025-03-20,TQ05,Unidade 1,Housekeeping,1,0,1,50
AT0396,2025-03-21,TQ01,Unidade 1,Housekeeping,9,2,7,155
AT0397,2025-03-21,TQ02,Unidade 1,Housekeeping,28,8,20,680
AT0398,2025-03-21,TQ03,Unidade 1,Housekeeping,17,5,12,454
AT0399,2025-03-21,TQ04,Unidade 1,Housekeeping,10,3,7,410
AT0400,2025-03-21,TQ05,Unidade 1,Housekeeping,4,1,3,230
AT0401,2025-03-22,TQ01,Unidade 1,Housekeeping,19,5,14,335
AT0402,2025-03-22,TQ02,Unidade 1,Housekeeping,42,10,32,990
AT0403,2025-03-22,TQ03,Unidade 1,Housekeeping,18,4,14,460
AT0404,2025-03-22,TQ04,Unidade 1,Housekeeping,3,1,2,125
AT0405,2025-03-22,TQ05,Unidade 1,Housekeeping,0,0,0,0
AT0406,2025-03-23,TQ01,Unidade 1,Housekeeping,18,6,12,330
AT0407,2025-03-23,TQ02,Unidade 1,Housekeeping,39,14,25,990
AT0408,2025-03-23,TQ03,Unidade 1,Housekeeping,17,6,11,470
AT0409,2025-03-23,TQ04,Unidade 1,Housekeeping,8,3,5,340
AT0410,2025-03-23,TQ05,Unidade 1,Housekeeping,3,1,2,180
AT0411,2025-03-24,TQ01,Unidade 1,Housekeeping,15,3,12,255
AT0412,2025-03-24,TQ02,Unidade 1,Housekeeping,43,11,32,1025
AT0413,2025-03-24,TQ03,Unidade 1,Housekeeping,11,3,8,290
AT0414,2025-03-24,TQ04,Unidade 1,Housekeeping,10,3,7,410
AT0415,2025-03-24,TQ05,Unidade 1,Housekeeping,0,0,0,0
AT0416,2025-03-25,TQ01,Unidade 1,Housekeeping,26,5,21,440
AT0417,2025-03-25,TQ02,Unidade 1,Housekeeping,21,5,16,495
AT0418,2025-03-25,TQ03,Unidade 1,Housekeeping,10,3,7,268
AT0419,2025-03-25,TQ04,Unidade 1,Housekeeping,10,3,7,410
AT0420,2025-03-25,TQ05,Unidade 1,Housekeeping,2,0,2,100
AT0421,2025-03-26,TQ01,Unidade 1,Housekeeping,19,6,13,345
AT0422,2025-03-26,TQ02,Unidade 1,Housekeeping,29,11,18,745
AT0423,2025-03-26,TQ03,Unidade 1,Housekeeping,7,2,5,186
AT0424,2025-03-26,TQ04,Unidade 1,Housekeeping,10,5,5,450
AT0425,2025-03-26,TQ05,Unidade 1,Housekeeping,3,1,2,180
AT0426,2025-03-27,TQ01,Unidade 1,Housekeeping,22,8,14,410
AT0427,2025-03-27,TQ02,Unidade 1,Housekeeping,23,8,15,580
AT0428,2025-03-27,TQ03,Unidade 1,Housekeeping,16,5,11,432
AT0429,2025-03-27,TQ04,Unidade 1,Housekeeping,5,2,3,215
AT0430,2025-03-27,TQ05,Unidade 1,Housekeeping,3,1,2,180
AT0431,2025-03-28,TQ01,Unidade 1,Housekeeping,25,9,16,465
AT0432,2025-03-28,TQ02,Unidade 1,Housekeeping,38,15,23,985
AT0433,2025-03-28,TQ03,Unidade 1,Housekeeping,16,6,10,448
AT0434,2025-03-28,TQ04,Unidade 1,Housekeeping,2,1,1,90
AT0435,2025-03-28,TQ05,Unidade 1,Housekeeping,1,0,1,50
AT0436,2025-03-29,TQ01,Unidade 1,Housekeeping,20,3,17,330
AT0437,2025-03-29,TQ02,Unidade 1,Housekeeping,50,13,37,1195
AT0438,2025-03-29,TQ03,Unidade 1,Housekeeping,8,2,6,208
AT0439,2025-03-29,TQ04,Unidade 1,Housekeeping,3,0,3,105
AT0440,2025-03-29,TQ05,Unidade 1,Housekeeping,4,1,3,230
AT0441,2025-03-30,TQ01,Unidade 1,Housekeeping,9,2,7,155
AT0442,2025-03-30,TQ02,Unidade 1,Housekeeping,41,11,30,985
AT0443,2025-03-30,TQ03,Unidade 1,Housekeeping,20,6,14,536
AT0444,2025-03-30,TQ04,Unidade 1,Housekeeping,9,2,7,355
AT0445,2025-03-30,TQ05,Unidade 1,Housekeeping,2,1,1,130
AT0446,2025-03-31,TQ01,Unidade 1,Housekeeping,30,11,19,560
AT0447,2025-03-31,TQ02,Unidade 1,Housekeeping,26,10,16,670
AT0448,2025-03-31,TQ03,Unidade 1,Housekeeping,8,3,5,224
AT0449,2025-03-31,TQ04,Unidade 1,Housekeeping,5,2,3,215
AT0450,2025-03-31,TQ05,Unidade 1,Housekeeping,5,3,2,340
AT0451,2025-04-01,TQ01,Unidade 1,Housekeeping,19,7,12,355
AT0452,2025-04-01,TQ02,Unidade 1,Housekeeping,23,9,14,595
AT0453,2025-04-01,TQ03,Unidade 1,Housekeeping,24,9,15,672
AT0454,2025-04-01,TQ04,Unidade 1,Housekeeping,3,1,2,125
AT0455,2025-04-01,TQ05,Unidade 1,Housekeeping,3,1,2,180
AT0456,2025-04-02,TQ01,Unidade 1,Housekeeping,25,5,20,425
AT0457,2025-04-02,TQ02,Unidade 1,Housekeeping,27,7,20,645
AT0458,2025-04-02,TQ03,Unidade 1,Housekeeping,14,4,10,372
AT0459,2025-04-02,TQ04,Unidade 1,Housekeeping,10,3,7,410
AT0460,2025-04-02,TQ05,Unidade 1,Housekeeping,0,0,0,0
AT0461,2025-04-03,TQ01,Unidade 1,Housekeeping,24,5,19,410
AT0462,2025-04-03,TQ02,Unidade 1,Housekeeping,22,4,18,500
AT0463,2025-04-03,TQ03,Unidade 1,Housekeeping,13,3,10,334
AT0464,2025-04-03,TQ04,Unidade 1,Housekeeping,4,1,3,160
AT0465,2025-04-03,TQ05,Unidade 1,Housekeeping,5,1,4,280
AT0466,2025-04-04,TQ01,Unidade 1,Housekeeping,28,6,22,480
AT0467,2025-04-04,TQ02,Unidade 1,Housekeeping,22,5,17,515
AT0468,2025-04-04,TQ03,Unidade 1,Housekeeping,15,3,12,378
AT0469,2025-04-04,TQ04,Unidade 1,Housekeeping,10,3,7,410
AT0470,2025-04-04,TQ05,Unidade 1,Housekeeping,1,0,1,50
AT0471,2025-04-05,TQ01,Unidade 1,Housekeeping,30,10,20,550
AT0472,2025-04-05,TQ02,Unidade 1,Housekeeping,20,6,14,490
AT0473,2025-04-05,TQ03,Unidade 1,Housekeeping,25,11,14,726
AT0474,2025-04-05,TQ04,Unidade 1,Housekeeping,1,0,1,35
AT0475,2025-04-05,TQ05,Unidade 1,Housekeeping,5,2,3,310
AT0476,2025-04-06,TQ01,Unidade 1,Housekeeping,19,7,12,355
AT0477,2025-04-06,TQ02,Unidade 1,Housekeeping,33,13,20,855
AT0478,2025-04-06,TQ03,Unidade 1,Housekeeping,18,7,11,508
AT0479,2025-04-06,TQ04,Unidade 1,Housekeeping,5,2,3,215
AT0480,2025-04-06,TQ05,Unidade 1,Housekeeping,1,0,1,50
AT0481,2025-04-07,TQ01,Unidade 1,Housekeeping,15,5,10,275
AT0482,2025-04-07,TQ02,Unidade 1,Housekeeping,42,13,29,1035
AT0483,2025-04-07,TQ03,Unidade 1,Housekeeping,14,4,10,372
AT0484,2025-04-07,TQ04,Unidade 1,Housekeeping,2,1,1,90
AT0485,2025-04-07,TQ05,Unidade 1,Housekeeping,0,0,0,0
AT0486,2025-04-08,TQ01,Unidade 1,Housekeeping,14,3,11,240
AT0487,2025-04-08,TQ02,Unidade 1,Housekeeping,27,5,22,615
AT0488,2025-04-08,TQ03,Unidade 1,Housekeeping,23,4,19,570
AT0489,2025-04-08,TQ04,Unidade 1,Housekeeping,8,2,6,320
AT0490,2025-04-08,TQ05,Unidade 1,Housekeeping,1,0,1,50
AT0491,2025-04-09,TQ01,Unidade 1,Housekeeping,17,7,10,325
AT0492,2025-04-09,TQ02,Unidade 1,Housekeeping,40,15,25,1025
AT0493,2025-04-09,TQ03,Unidade 1,Housekeeping,11,4,7,306
AT0494,2025-04-09,TQ04,Unidade 1,Housekeeping,2,1,1,90
AT0495,2025-04-09,TQ05,Unidade 1,Housekeeping,2,1,1,130
AT0496,2025-04-10,TQ01,Unidade 1,Housekeeping,12,3,9,210
AT0497,2025-04-10,TQ02,Unidade 1,Housekeeping,31,8,23,740
AT0498,2025-04-10,TQ03,Unidade 1,Housekeeping,25,7,18,662
AT0499,2025-04-10,TQ04,Unidade 1,Housekeeping,1,1,0,55
AT0500,2025-04-10,TQ05,Unidade 1,Housekeeping,1,0,1,50
AT0501,2025-04-11,TQ01,Unidade 1,Housekeeping,16,4,12,280
AT0502,2025-04-11,TQ02,Unidade 1,Housekeeping,35,7,28,805
AT0503,2025-04-11,TQ03,Unidade 1,Housekeeping,9,2,7,230
AT0504,2025-04-11,TQ04,Unidade 1,Housekeeping,5,1,4,195
AT0505,2025-04-11,TQ05,Unidade 1,Housekeeping,5,1,4,280
AT0506,2025-04-12,TQ01,Unidade 1,Housekeeping,17,4,13,295
AT0507,2025-04-12,TQ02,Unidade 1,Housekeeping,31,9,22,755
AT0508,2025-04-12,TQ03,Unidade 1,Housekeeping,21,6,15,558
AT0509,2025-04-12,TQ04,Unidade 1,Housekeeping,10,4,6,430
AT0510,2025-04-12,TQ05,Unidade 1,Housekeeping,2,1,1,130
AT0511,2025-04-13,TQ01,Unidade 1,Housekeeping,27,7,20,475
AT0512,2025-04-13,TQ02,Unidade 1,Housekeeping,31,8,23,740
AT0513,2025-04-13,TQ03,Unidade 1,Housekeeping,12,3,9,312
AT0514,2025-04-13,TQ04,Unidade 1,Housekeeping,7,2,5,285
AT0515,2025-04-13,TQ05,Unidade 1,Housekeeping,5,2,3,310
AT0516,2025-04-14,TQ01,Unidade 1,Housekeeping,25,5,20,425
AT0517,2025-04-14,TQ02,Unidade 1,Housekeeping,29,7,22,685
AT0518,2025-04-14,TQ03,Unidade 1,Housekeeping,6,1,5,148
AT0519,2025-04-14,TQ04,Unidade 1,Housekeeping,3,1,2,125
AT0520,2025-04-14,TQ05,Unidade 1,Housekeeping,5,3,2,340
AT0521,2025-04-15,TQ01,Unidade 1,Housekeeping,17,4,13,295
AT0522,2025-04-15,TQ02,Unidade 1,Housekeeping,24,8,16,600
AT0523,2025-04-15,TQ03,Unidade 1,Housekeeping,25,10,15,710
AT0524,2025-04-15,TQ04,Unidade 1,Housekeeping,3,1,2,125
AT0525,2025-04-15,TQ05,Unidade 1,Housekeeping,1,1,0,80
AT0526,2025-04-16,TQ01,Unidade 1,Housekeeping,18,5,13,320
AT0527,2025-04-16,TQ02,Unidade 1,Housekeeping,25,7,18,605
AT0528,2025-04-16,TQ03,Unidade 1,Housekeeping,22,7,15,596
AT0529,2025-04-16,TQ04,Unidade 1,Housekeeping,6,2,4,250
AT0530,2025-04-16,TQ05,Unidade 1,Housekeeping,3,1,2,180
AT0531,2025-04-17,TQ01,Unidade 1,Housekeeping,27,9,18,495
AT0532,2025-04-17,TQ02,Unidade 1,Housekeeping,31,10,21,770
AT0533,2025-04-17,TQ03,Unidade 1,Housekeeping,11,4,7,306
AT0534,2025-04-17,TQ04,Unidade 1,Housekeeping,10,3,7,410
AT0535,2025-04-17,TQ05,Unidade 1,Housekeeping,2,1,1,130
AT0536,2025-04-18,TQ01,Unidade 1,Housekeeping,30,4,26,490
AT0537,2025-04-18,TQ02,Unidade 1,Housekeeping,30,9,21,735
AT0538,2025-04-18,TQ03,Unidade 1,Housekeeping,17,6,11,470
AT0539,2025-04-18,TQ04,Unidade 1,Housekeeping,3,1,2,125
AT0540,2025-04-18,TQ05,Unidade 1,Housekeeping,5,5,0,400
AT0541,2025-04-19,TQ01,Unidade 1,Housekeeping,17,4,13,295
AT0542,2025-04-19,TQ02,Unidade 1,Housekeeping,50,21,29,1315
AT0543,2025-04-19,TQ03,Unidade 1,Housekeeping,11,4,7,306
AT0544,2025-04-19,TQ04,Unidade 1,Housekeeping,6,2,4,250
AT0545,2025-04-19,TQ05,Unidade 1,Housekeeping,1,0,1,50
AT0546,2025-04-20,TQ01,Unidade 1,Housekeeping,30,7,23,520
AT0547,2025-04-20,TQ02,Unidade 1,Housekeeping,32,6,26,730
AT0548,2025-04-20,TQ03,Unidade 1,Housekeeping,16,3,13,400
AT0549,2025-04-20,TQ04,Unidade 1,Housekeeping,5,1,4,195
AT0550,2025-04-20,TQ05,Unidade 1,Housekeeping,1,0,1,50
AT0551,2025-04-21,TQ01,Unidade 1,Housekeeping,22,6,16,390
AT0552,2025-04-21,TQ02,Unidade 1,Housekeeping,21,7,14,525
AT0553,2025-04-21,TQ03,Unidade 1,Housekeeping,9,3,6,246
AT0554,2025-04-21,TQ04,Unidade 1,Housekeeping,5,2,3,215
AT0555,2025-04-21,TQ05,Unidade 1,Housekeeping,5,2,3,310
AT0556,2025-04-22,TQ01,Unidade 1,Housekeeping,15,5,10,275
AT0557,2025-04-22,TQ02,Unidade 1,Housekeeping,42,16,26,1080
AT0558,2025-04-22,TQ03,Unidade 1,Housekeeping,5,1,4,126
AT0559,2025-04-22,TQ04,Unidade 1,Housekeeping,5,2,3,215
AT0560,2025-04-22,TQ05,Unidade 1,Housekeeping,5,3,2,340
AT0561,2025-04-23,TQ01,Unidade 1,Housekeeping,28,9,19,510
AT0562,2025-04-23,TQ02,Unidade 1,Housekeeping,18,6,12,450
AT0563,2025-04-23,TQ03,Unidade 1,Housekeeping,12,4,8,328
AT0564,2025-04-23,TQ04,Unidade 1,Housekeeping,9,3,6,375
AT0565,2025-04-23,TQ05,Unidade 1,Housekeeping,5,2,3,310
AT0566,2025-04-24,TQ01,Unidade 1,Housekeeping,22,6,16,390
AT0567,2025-04-24,TQ02,Unidade 1,Housekeeping,35,14,21,910
AT0568,2025-04-24,TQ03,Unidade 1,Housekeeping,17,6,11,470
AT0569,2025-04-24,TQ04,Unidade 1,Housekeeping,10,7,3,490
AT0570,2025-04-24,TQ05,Unidade 1,Housekeeping,0,0,0,0
AT0571,2025-04-25,TQ01,Unidade 1,Housekeeping,12,3,9,210
AT0572,2025-04-25,TQ02,Unidade 1,Housekeeping,42,13,29,1035
AT0573,2025-04-25,TQ03,Unidade 1,Housekeeping,18,6,12,492
AT0574,2025-04-25,TQ04,Unidade 1,Housekeeping,10,3,7,410
AT0575,2025-04-25,TQ05,Unidade 1,Housekeeping,0,0,0,0
AT0576,2025-04-26,TQ01,Unidade 1,Housekeeping,15,4,11,265
AT0577,2025-04-26,TQ02,Unidade 1,Housekeeping,41,13,28,1015
AT0578,2025-04-26,TQ03,Unidade 1,Housekeeping,19,7,12,530
AT0579,2025-04-26,TQ04,Unidade 1,Housekeeping,10,4,6,430
AT0580,2025-04-26,TQ05,Unidade 1,Housekeeping,0,0,0,0
AT0581,2025-04-27,TQ01,Unidade 1,Housekeeping,20,5,15,350
AT0582,2025-04-27,TQ02,Unidade 1,Housekeeping,32,9,23,775
AT0583,2025-04-27,TQ03,Unidade 1,Housekeeping,20,6,14,536
AT0584,2025-04-27,TQ04,Unidade 1,Housekeeping,10,4,6,430
AT0585,2025-04-27,TQ05,Unidade 1,Housekeeping,2,1,1,130
AT0586,2025-04-28,TQ01,Unidade 1,Housekeeping,25,5,20,425
AT0587,2025-04-28,TQ02,Unidade 1,Housekeeping,28,6,22,650
AT0588,2025-04-28,TQ03,Unidade 1,Housekeeping,5,1,4,126
AT0589,2025-04-28,TQ04,Unidade 1,Housekeeping,3,1,2,125
AT0590,2025-04-28,TQ05,Unidade 1,Housekeeping,5,2,3,310
AT0591,2025-04-29,TQ01,Unidade 1,Housekeeping,16,5,11,290
AT0592,2025-04-29,TQ02,Unidade 1,Housekeeping,32,10,22,790
AT0593,2025-04-29,TQ03,Unidade 1,Housekeeping,16,5,11,432
AT0594,2025-04-29,TQ04,Unidade 1,Housekeeping,9,3,6,375
AT0595,2025-04-29,TQ05,Unidade 1,Housekeeping,5,2,3,310
AT0596,2025-04-30,TQ01,Unidade 1,Housekeeping,16,4,12,280
AT0597,2025-04-30,TQ02,Unidade 1,Housekeeping,25,6,19,590
AT0598,2025-04-30,TQ03,Unidade 1,Housekeeping,23,6,17,602
AT0599,2025-04-30,TQ04,Unidade 1,Housekeeping,6,1,5,230
AT0600,2025-04-30,TQ05,Unidade 1,Housekeeping,5,2,3,310
AT0601,2025-05-01,TQ01,Unidade 1,Housekeeping,19,4,15,325
AT0602,2025-05-01,TQ02,Unidade 1,Housekeeping,40,9,31,935
AT0603,2025-05-01,TQ03,Unidade 1,Housekeeping,23,5,18,586
AT0604,2025-05-01,TQ04,Unidade 1,Housekeeping,1,0,1,35
AT0605,2025-05-01,TQ05,Unidade 1,Housekeeping,4,1,3,230
AT0606,2025-05-02,TQ01,Unidade 1,Housekeeping,19,7,12,355
AT0607,2025-05-02,TQ02,Unidade 1,Housekeeping,25,9,16,635
AT0608,2025-05-02,TQ03,Unidade 1,Housekeeping,19,7,12,530
AT0609,2025-05-02,TQ04,Unidade 1,Housekeeping,10,3,7,410
AT0610,2025-05-02,TQ05,Unidade 1,Housekeeping,0,0,0,0
AT0611,2025-05-03,TQ01,Unidade 1,Housekeeping,21,5,16,365
AT0612,2025-05-03,TQ02,Unidade 1,Housekeeping,50,15,35,1225
AT0613,2025-05-03,TQ03,Unidade 1,Housekeeping,10,3,7,268
AT0614,2025-05-03,TQ04,Unidade 1,Housekeeping,5,1,4,195
AT0615,2025-05-03,TQ05,Unidade 1,Housekeeping,5,2,3,310
AT0616,2025-05-04,TQ01,Unidade 1,Housekeeping,25,6,19,435
AT0617,2025-05-04,TQ02,Unidade 1,Housekeeping,29,11,18,745
AT0618,2025-05-04,TQ03,Unidade 1,Housekeeping,13,5,8,366
AT0619,2025-05-04,TQ04,Unidade 1,Housekeeping,4,1,3,160
AT0620,2025-05-04,TQ05,Unidade 1,Housekeeping,5,5,0,400
AT0621,2025-05-05,TQ01,Unidade 1,Housekeeping,6,1,5,100
AT0622,2025-05-05,TQ02,Unidade 1,Housekeeping,47,11,36,1105
AT0623,2025-05-05,TQ03,Unidade 1,Housekeeping,9,2,7,230
AT0624,2025-05-05,TQ04,Unidade 1,Housekeeping,10,3,7,410
AT0625,2025-05-05,TQ05,Unidade 1,Housekeeping,2,1,1,130
AT0626,2025-05-06,TQ01,Unidade 1,Housekeeping,23,5,18,395
AT0627,2025-05-06,TQ02,Unidade 1,Housekeeping,36,11,25,885
AT0628,2025-05-06,TQ03,Unidade 1,Housekeeping,12,4,8,328
AT0629,2025-05-06,TQ04,Unidade 1,Housekeeping,10,6,4,470
AT0630,2025-05-06,TQ05,Unidade 1,Housekeeping,1,0,1,50
AT0631,2025-05-07,TQ01,Unidade 1,Housekeeping,22,7,15,400
AT0632,2025-05-07,TQ02,Unidade 1,Housekeeping,36,12,24,900
AT0633,2025-05-07,TQ03,Unidade 1,Housekeeping,8,3,5,224
AT0634,2025-05-07,TQ04,Unidade 1,Housekeeping,0,0,0,0
AT0635,2025-05-07,TQ05,Unidade 1,Housekeeping,1,0,1,50
AT0636,2025-05-08,TQ01,Unidade 1,Housekeeping,19,7,12,355
AT0637,2025-05-08,TQ02,Unidade 1,Housekeeping,28,10,18,710
AT0638,2025-05-08,TQ03,Unidade 1,Housekeeping,12,5,7,344
AT0639,2025-05-08,TQ04,Unidade 1,Housekeeping,6,2,4,250
AT0640,2025-05-08,TQ05,Unidade 1,Housekeeping,4,2,2,260
AT0641,2025-05-09,TQ01,Unidade 1,Housekeeping,30,11,19,560
AT0642,2025-05-09,TQ02,Unidade 1,Housekeeping,32,11,21,805
AT0643,2025-05-09,TQ03,Unidade 1,Housekeeping,8,3,5,224
AT0644,2025-05-09,TQ04,Unidade 1,Housekeeping,8,3,5,340
AT0645,2025-05-09,TQ05,Unidade 1,Housekeeping,0,0,0,0
AT0646,2025-05-10,TQ01,Unidade 1,Housekeeping,13,4,9,235
AT0647,2025-05-10,TQ02,Unidade 1,Housekeeping,37,11,26,905
AT0648,2025-05-10,TQ03,Unidade 1,Housekeeping,22,7,15,596
AT0649,2025-05-10,TQ04,Unidade 1,Housekeeping,4,1,3,160
AT0650,2025-05-10,TQ05,Unidade 1,Housekeeping,5,2,3,310
AT0651,2025-05-11,TQ01,Unidade 1,Housekeeping,16,4,12,280
AT0652,2025-05-11,TQ02,Unidade 1,Housekeeping,49,12,37,1160
AT0653,2025-05-11,TQ03,Unidade 1,Housekeeping,3,1,2,82
AT0654,2025-05-11,TQ04,Unidade 1,Housekeeping,7,2,5,285
AT0655,2025-05-11,TQ05,Unidade 1,Housekeeping,1,0,1,50
AT0656,2025-05-12,TQ01,Unidade 1,Housekeeping,27,9,18,495
AT0657,2025-05-12,TQ02,Unidade 1,Housekeeping,31,10,21,770
AT0658,2025-05-12,TQ03,Unidade 1,Housekeeping,11,4,7,306
AT0659,2025-05-12,TQ04,Unidade 1,Housekeeping,2,1,1,90
AT0660,2025-05-12,TQ05,Unidade 1,Housekeeping,1,0,1,50
AT0661,2025-05-13,TQ01,Unidade 1,Housekeeping,13,4,9,235
AT0662,2025-05-13,TQ02,Unidade 1,Housekeeping,41,12,29,1000
AT0663,2025-05-13,TQ03,Unidade 1,Housekeeping,9,3,6,246
AT0664,2025-05-13,TQ04,Unidade 1,Housekeeping,4,1,3,160
AT0665,2025-05-13,TQ05,Unidade 1,Housekeeping,0,0,0,0
AT0666,2025-05-14,TQ01,Unidade 1,Housekeeping,10,2,8,170
AT0667,2025-05-14,TQ02,Unidade 1,Housekeeping,31,7,24,725
AT0668,2025-05-14,TQ03,Unidade 1,Housekeeping,25,6,19,646
AT0669,2025-05-14,TQ04,Unidade 1,Housekeeping,8,2,6,320
AT0670,2025-05-14,TQ05,Unidade 1,Housekeeping,0,0,0,0
AT0671,2025-05-15,TQ01,Unidade 1,Housekeeping,29,6,23,495
AT0672,2025-05-15,TQ02,Unidade 1,Housekeeping,19,5,14,455
AT0673,2025-05-15,TQ03,Unidade 1,Housekeeping,7,2,5,186
AT0674,2025-05-15,TQ04,Unidade 1,Housekeeping,7,2,5,285
AT0675,2025-05-15,TQ05,Unidade 1,Housekeeping,5,4,1,370
AT0676,2025-05-16,TQ01,Unidade 1,Housekeeping,18,6,12,330
AT0677,2025-05-16,TQ02,Unidade 1,Housekeeping,37,13,24,935
AT0678,2025-05-16,TQ03,Unidade 1,Housekeeping,25,9,16,694
AT0679,2025-05-16,TQ04,Unidade 1,Housekeeping,5,2,3,215
AT0680,2025-05-16,TQ05,Unidade 1,Housekeeping,0,0,0,0
AT0681,2025-05-17,TQ01,Unidade 1,Housekeeping,24,5,19,410
AT0682,2025-05-17,TQ02,Unidade 1,Housekeeping,34,9,25,815
AT0683,2025-05-17,TQ03,Unidade 1,Housekeeping,15,4,11,394
AT0684,2025-05-17,TQ04,Unidade 1,Housekeeping,2,1,1,90
AT0685,2025-05-17,TQ05,Unidade 1,Housekeeping,5,3,2,340
AT0686,2025-05-18,TQ01,Unidade 1,Housekeeping,16,3,13,270
AT0687,2025-05-18,TQ02,Unidade 1,Housekeeping,50,11,39,1165
AT0688,2025-05-18,TQ03,Unidade 1,Housekeeping,9,2,7,230
AT0689,2025-05-18,TQ04,Unidade 1,Housekeeping,5,1,4,195
AT0690,2025-05-18,TQ05,Unidade 1,Housekeeping,2,0,2,100
AT0691,2025-05-19,TQ01,Unidade 1,Housekeeping,13,3,10,225
AT0692,2025-05-19,TQ02,Unidade 1,Housekeeping,33,7,26,765
AT0693,2025-05-19,TQ03,Unidade 1,Housekeeping,22,5,17,564
AT0694,2025-05-19,TQ04,Unidade 1,Housekeeping,2,0,2,70
AT0695,2025-05-19,TQ05,Unidade 1,Housekeeping,5,1,4,280
AT0696,2025-05-20,TQ01,Unidade 1,Housekeeping,14,4,10,250
AT0697,2025-05-20,TQ02,Unidade 1,Housekeeping,34,10,24,830
AT0698,2025-05-20,TQ03,Unidade 1,Housekeeping,14,4,10,372
AT0699,2025-05-20,TQ04,Unidade 1,Housekeeping,2,1,1,90
AT0700,2025-05-20,TQ05,Unidade 1,Housekeeping,2,0,2,100
AT0701,2025-05-21,TQ01,Unidade 1,Housekeeping,26,9,17,480
AT0702,2025-05-21,TQ02,Unidade 1,Housekeeping,34,12,22,860
AT0703,2025-05-21,TQ03,Unidade 1,Housekeeping,4,2,2,120
AT0704,2025-05-21,TQ04,Unidade 1,Housekeeping,6,2,4,250
AT0705,2025-05-21,TQ05,Unidade 1,Housekeeping,3,1,2,180
AT0706,2025-05-22,TQ01,Unidade 1,Housekeeping,23,4,19,385
AT0707,2025-05-22,TQ02,Unidade 1,Housekeeping,24,5,19,555
AT0708,2025-05-22,TQ03,Unidade 1,Housekeeping,19,4,15,482
AT0709,2025-05-22,TQ04,Unidade 1,Housekeeping,7,2,5,285
AT0710,2025-05-22,TQ05,Unidade 1,Housekeeping,5,2,3,310
AT0711,2025-05-23,TQ01,Unidade 1,Housekeeping,19,6,13,345
AT0712,2025-05-23,TQ02,Unidade 1,Housekeeping,29,11,18,745
AT0713,2025-05-23,TQ03,Unidade 1,Housekeeping,15,6,9,426
AT0714,2025-05-23,TQ04,Unidade 1,Housekeeping,2,1,1,90
AT0715,2025-05-23,TQ05,Unidade 1,Housekeeping,5,3,2,340
AT0716,2025-05-24,TQ01,Unidade 1,Housekeeping,23,5,18,395
AT0717,2025-05-24,TQ02,Unidade 1,Housekeeping,28,7,21,665
AT0718,2025-05-24,TQ03,Unidade 1,Housekeeping,23,5,18,586
AT0719,2025-05-24,TQ04,Unidade 1,Housekeeping,10,3,7,410
AT0720,2025-05-24,TQ05,Unidade 1,Housekeeping,1,0,1,50
AT0721,2025-05-25,TQ01,Unidade 1,Housekeeping,24,6,18,420
AT0722,2025-05-25,TQ02,Unidade 1,Housekeeping,36,10,26,870
AT0723,2025-05-25,TQ03,Unidade 1,Housekeeping,12,3,9,312
AT0724,2025-05-25,TQ04,Unidade 1,Housekeeping,10,3,7,410
AT0725,2025-05-25,TQ05,Unidade 1,Housekeeping,3,1,2,180
AT0726,2025-05-26,TQ01,Unidade 1,Housekeeping,26,6,20,450
AT0727,2025-05-26,TQ02,Unidade 1,Housekeeping,24,5,19,555
AT0728,2025-05-26,TQ03,Unidade 1,Housekeeping,24,6,18,624
AT0729,2025-05-26,TQ04,Unidade 1,Housekeeping,0,0,0,0
AT0730,2025-05-26,TQ05,Unidade 1,Housekeeping,1,0,1,50
AT0731,2025-05-27,TQ01,Unidade 1,Housekeeping,12,3,9,210
AT0732,2025-05-27,TQ02,Unidade 1,Housekeeping,22,5,17,515
AT0733,2025-05-27,TQ03,Unidade 1,Housekeeping,17,4,13,438
AT0734,2025-05-27,TQ04,Unidade 1,Housekeeping,10,3,7,410
AT0735,2025-05-27,TQ05,Unidade 1,Housekeeping,5,1,4,280
AT0736,2025-05-28,TQ01,Unidade 1,Housekeeping,15,5,10,275
AT0737,2025-05-28,TQ02,Unidade 1,Housekeeping,25,9,16,635
AT0738,2025-05-28,TQ03,Unidade 1,Housekeeping,20,7,13,552
AT0739,2025-05-28,TQ04,Unidade 1,Housekeeping,1,0,1,35
AT0740,2025-05-28,TQ05,Unidade 1,Housekeeping,5,2,3,310
AT0741,2025-05-29,TQ01,Unidade 1,Housekeeping,16,6,10,300
AT0742,2025-05-29,TQ02,Unidade 1,Housekeeping,45,16,29,1140
AT0743,2025-05-29,TQ03,Unidade 1,Housekeeping,5,2,3,142
AT0744,2025-05-29,TQ04,Unidade 1,Housekeeping,7,2,5,285
AT0745,2025-05-29,TQ05,Unidade 1,Housekeeping,1,0,1,50
AT0746,2025-05-30,TQ01,Unidade 1,Housekeeping,22,7,15,400
AT0747,2025-05-30,TQ02,Unidade 1,Housekeeping,34,12,22,860
AT0748,2025-05-30,TQ03,Unidade 1,Housekeeping,15,5,10,410
AT0749,2025-05-30,TQ04,Unidade 1,Housekeeping,7,3,4,305
AT0750,2025-05-30,TQ05,Unidade 1,Housekeeping,1,0,1,50
AT0751,2025-05-31,TQ01,Unidade 1,Housekeeping,22,5,17,380
AT0752,2025-05-31,TQ02,Unidade 1,Housekeeping,43,13,30,1055
AT0753,2025-05-31,TQ03,Unidade 1,Housekeeping,13,4,9,350
AT0754,2025-05-31,TQ04,Unidade 1,Housekeeping,2,0,2,70
AT0755,2025-05-31,TQ05,Unidade 1,Housekeeping,5,3,2,340
AT0756,2025-06-01,TQ01,Unidade 1,Housekeeping,30,6,24,510
AT0757,2025-06-01,TQ02,Unidade 1,Housekeeping,50,15,35,1225
AT0758,2025-06-01,TQ03,Unidade 1,Housekeeping,25,9,16,694
AT0759,2025-06-01,TQ04,Unidade 1,Housekeeping,4,1,3,160
AT0760,2025-06-01,TQ05,Unidade 1,Housekeeping,0,0,0,0
AT0761,2025-06-02,TQ01,Unidade 1,Housekeeping,25,4,21,415
AT0762,2025-06-02,TQ02,Unidade 1,Housekeeping,50,12,38,1180
AT0763,2025-06-02,TQ03,Unidade 1,Housekeeping,8,2,6,208
AT0764,2025-06-02,TQ04,Unidade 1,Housekeeping,7,2,5,285
AT0765,2025-06-02,TQ05,Unidade 1,Housekeeping,2,0,2,100
AT0766,2025-06-03,TQ01,Unidade 1,Housekeeping,30,7,23,520
AT0767,2025-06-03,TQ02,Unidade 1,Housekeeping,42,13,29,1035
AT0768,2025-06-03,TQ03,Unidade 1,Housekeeping,18,6,12,492
AT0769,2025-06-03,TQ04,Unidade 1,Housekeeping,2,1,1,90
AT0770,2025-06-03,TQ05,Unidade 1,Housekeeping,5,5,0,400
AT0771,2025-06-04,TQ01,Unidade 1,Housekeeping,19,3,16,315
AT0772,2025-06-04,TQ02,Unidade 1,Housekeeping,42,9,33,975
AT0773,2025-06-04,TQ03,Unidade 1,Housekeeping,23,5,18,586
AT0774,2025-06-04,TQ04,Unidade 1,Housekeeping,10,2,8,390
AT0775,2025-06-04,TQ05,Unidade 1,Housekeeping,3,1,2,180
AT0776,2025-06-05,TQ01,Unidade 1,Housekeeping,18,4,14,310
AT0777,2025-06-05,TQ02,Unidade 1,Housekeeping,35,13,22,895
AT0778,2025-06-05,TQ03,Unidade 1,Housekeeping,25,12,13,742
AT0779,2025-06-05,TQ04,Unidade 1,Housekeeping,9,3,6,375
AT0780,2025-06-05,TQ05,Unidade 1,Housekeeping,5,2,3,310
AT0781,2025-06-06,TQ01,Unidade 1,Housekeeping,29,4,25,475
AT0782,2025-06-06,TQ02,Unidade 1,Housekeeping,50,15,35,1225
AT0783,2025-06-06,TQ03,Unidade 1,Housekeeping,17,5,12,454
AT0784,2025-06-06,TQ04,Unidade 1,Housekeeping,10,5,5,450
AT0785,2025-06-06,TQ05,Unidade 1,Housekeeping,4,1,3,230
AT0786,2025-06-07,TQ01,Unidade 1,Housekeeping,30,12,18,570
AT0787,2025-06-07,TQ02,Unidade 1,Housekeeping,50,14,36,1210
AT0788,2025-06-07,TQ03,Unidade 1,Housekeeping,17,2,15,406
AT0789,2025-06-07,TQ04,Unidade 1,Housekeeping,8,2,6,320
AT0790,2025-06-07,TQ05,Unidade 1,Housekeeping,5,2,3,310
AT0791,2025-06-08,TQ01,Unidade 1,Housekeeping,18,2,16,290
AT0792,2025-06-08,TQ02,Unidade 1,Housekeeping,46,11,35,1085
AT0793,2025-06-08,TQ03,Unidade 1,Housekeeping,24,5,19,608
AT0794,2025-06-08,TQ04,Unidade 1,Housekeeping,10,4,6,430
AT0795,2025-06-08,TQ05,Unidade 1,Housekeeping,4,1,3,230
AT0796,2025-06-09,TQ01,Unidade 1,Housekeeping,23,6,17,405
AT0797,2025-06-09,TQ02,Unidade 1,Housekeeping,40,11,29,965
AT0798,2025-06-09,TQ03,Unidade 1,Housekeeping,23,6,17,602
AT0799,2025-06-09,TQ04,Unidade 1,Housekeeping,10,3,7,410
AT0800,2025-06-09,TQ05,Unidade 1,Housekeeping,3,1,2,180
AT0801,2025-06-10,TQ01,Unidade 1,Housekeeping,30,6,24,510
AT0802,2025-06-10,TQ02,Unidade 1,Housekeeping,40,9,31,935
AT0803,2025-06-10,TQ03,Unidade 1,Housekeeping,25,8,17,678
AT0804,2025-06-10,TQ04,Unidade 1,Housekeeping,7,2,5,285
AT0805,2025-06-10,TQ05,Unidade 1,Housekeeping,1,0,1,50
AT0806,2025-06-11,TQ01,Unidade 1,Housekeeping,30,13,17,580
AT0807,2025-06-11,TQ02,Unidade 1,Housekeeping,49,16,33,1220
AT0808,2025-06-11,TQ03,Unidade 1,Housekeeping,17,6,11,470
AT0809,2025-06-11,TQ04,Unidade 1,Housekeeping,0,0,0,0
AT0810,2025-06-11,TQ05,Unidade 1,Housekeeping,3,1,2,180
AT0811,2025-06-12,TQ01,Unidade 1,Housekeeping,30,6,24,510
AT0812,2025-06-12,TQ02,Unidade 1,Housekeeping,41,8,33,940
AT0813,2025-06-12,TQ03,Unidade 1,Housekeeping,25,7,18,662
AT0814,2025-06-12,TQ04,Unidade 1,Housekeeping,1,0,1,35
AT0815,2025-06-12,TQ05,Unidade 1,Housekeeping,5,3,2,340
AT0816,2025-06-13,TQ01,Unidade 1,Housekeeping,26,5,21,440
AT0817,2025-06-13,TQ02,Unidade 1,Housekeeping,48,10,38,1110
AT0818,2025-06-13,TQ03,Unidade 1,Housekeeping,19,4,15,482
AT0819,2025-06-13,TQ04,Unidade 1,Housekeeping,3,1,2,125
AT0820,2025-06-13,TQ05,Unidade 1,Housekeeping,2,0,2,100
AT0821,2025-06-14,TQ01,Unidade 1,Housekeeping,30,21,9,660
AT0822,2025-06-14,TQ02,Unidade 1,Housekeeping,50,10,40,1150
AT0823,2025-06-14,TQ03,Unidade 1,Housekeeping,17,2,15,406
AT0824,2025-06-14,TQ04,Unidade 1,Housekeeping,10,4,6,430
AT0825,2025-06-14,TQ05,Unidade 1,Housekeeping,5,3,2,340
AT0826,2025-06-15,TQ01,Unidade 1,Housekeeping,30,9,21,540
AT0827,2025-06-15,TQ02,Unidade 1,Housekeeping,50,6,44,1090
AT0828,2025-06-15,TQ03,Unidade 1,Housekeeping,15,3,12,378
AT0829,2025-06-15,TQ04,Unidade 1,Housekeeping,10,3,7,410
AT0830,2025-06-15,TQ05,Unidade 1,Housekeeping,5,2,3,310
AT0831,2025-06-16,TQ01,Unidade 1,Housekeeping,29,2,27,455
AT0832,2025-06-16,TQ02,Unidade 1,Housekeeping,34,8,26,800
AT0833,2025-06-16,TQ03,Unidade 1,Housekeeping,25,9,16,694
AT0834,2025-06-16,TQ04,Unidade 1,Housekeeping,10,3,7,410
AT0835,2025-06-16,TQ05,Unidade 1,Housekeeping,1,0,1,50
AT0836,2025-06-17,TQ01,Unidade 1,Housekeeping,30,4,26,490
AT0837,2025-06-17,TQ02,Unidade 1,Housekeeping,50,10,40,1150
AT0838,2025-06-17,TQ03,Unidade 1,Housekeeping,13,2,11,318
AT0839,2025-06-17,TQ04,Unidade 1,Housekeeping,10,5,5,450
AT0840,2025-06-17,TQ05,Unidade 1,Housekeeping,2,0,2,100
AT0841,2025-06-18,TQ01,Unidade 1,Housekeeping,18,2,16,290
AT0842,2025-06-18,TQ02,Unidade 1,Housekeeping,48,11,37,1125
AT0843,2025-06-18,TQ03,Unidade 1,Housekeeping,25,8,17,678
AT0844,2025-06-18,TQ04,Unidade 1,Housekeeping,3,1,2,125
AT0845,2025-06-18,TQ05,Unidade 1,Housekeeping,0,0,0,0
AT0846,2025-06-19,TQ01,Unidade 1,Housekeeping,30,9,21,540
AT0847,2025-06-19,TQ02,Unidade 1,Housekeeping,50,19,31,1285
AT0848,2025-06-19,TQ03,Unidade 1,Housekeeping,15,4,11,394
AT0849,2025-06-19,TQ04,Unidade 1,Housekeeping,6,2,4,250
AT0850,2025-06-19,TQ05,Unidade 1,Housekeeping,3,1,2,180
AT0851,2025-06-20,TQ01,Unidade 1,Housekeeping,30,10,20,550
AT0852,2025-06-20,TQ02,Unidade 1,Housekeeping,50,20,30,1300
AT0853,2025-06-20,TQ03,Unidade 1,Housekeeping,15,4,11,394
AT0854,2025-06-20,TQ04,Unidade 1,Housekeeping,1,1,0,55
AT0855,2025-06-20,TQ05,Unidade 1,Housekeeping,1,0,1,50
AT0856,2025-06-21,TQ01,Unidade 1,Housekeeping,30,13,17,580
AT0857,2025-06-21,TQ02,Unidade 1,Housekeeping,50,12,38,1180
AT0858,2025-06-21,TQ03,Unidade 1,Housekeeping,20,3,17,488
AT0859,2025-06-21,TQ04,Unidade 1,Housekeeping,3,1,2,125
AT0860,2025-06-21,TQ05,Unidade 1,Housekeeping,1,0,1,50
AT0861,2025-06-22,TQ01,Unidade 1,Housekeeping,30,7,23,520
AT0862,2025-06-22,TQ02,Unidade 1,Housekeeping,50,15,35,1225
AT0863,2025-06-22,TQ03,Unidade 1,Housekeeping,23,5,18,586
AT0864,2025-06-22,TQ04,Unidade 1,Housekeeping,3,1,2,125
AT0865,2025-06-22,TQ05,Unidade 1,Housekeeping,2,1,1,130
AT0866,2025-06-23,TQ01,Unidade 1,Housekeeping,28,10,18,520
AT0867,2025-06-23,TQ02,Unidade 1,Housekeeping,50,20,30,1300
AT0868,2025-06-23,TQ03,Unidade 1,Housekeeping,14,5,9,388
AT0869,2025-06-23,TQ04,Unidade 1,Housekeeping,2,1,1,90
AT0870,2025-06-23,TQ05,Unidade 1,Housekeeping,3,1,2,180
AT0871,2025-06-24,TQ01,Unidade 1,Housekeeping,24,4,20,400
AT0872,2025-06-24,TQ02,Unidade 1,Housekeeping,50,11,39,1165
AT0873,2025-06-24,TQ03,Unidade 1,Housekeeping,12,3,9,312
AT0874,2025-06-24,TQ04,Unidade 1,Housekeeping,6,1,5,230
AT0875,2025-06-24,TQ05,Unidade 1,Housekeeping,5,2,3,310
AT0876,2025-06-25,TQ01,Unidade 1,Housekeeping,30,8,22,530
AT0877,2025-06-25,TQ02,Unidade 1,Housekeeping,33,10,23,810
AT0878,2025-06-25,TQ03,Unidade 1,Housekeeping,25,8,17,678
AT0879,2025-06-25,TQ04,Unidade 1,Housekeeping,10,6,4,470
AT0880,2025-06-25,TQ05,Unidade 1,Housekeeping,1,0,1,50
AT0881,2025-06-26,TQ01,Unidade 1,Housekeeping,30,7,23,520
AT0882,2025-06-26,TQ02,Unidade 1,Housekeeping,35,4,31,760
AT0883,2025-06-26,TQ03,Unidade 1,Housekeeping,25,9,16,694
AT0884,2025-06-26,TQ04,Unidade 1,Housekeeping,6,1,5,230
AT0885,2025-06-26,TQ05,Unidade 1,Housekeeping,0,0,0,0
AT0886,2025-06-27,TQ01,Unidade 1,Housekeeping,30,10,20,550
AT0887,2025-06-27,TQ02,Unidade 1,Housekeeping,49,10,39,1130
AT0888,2025-06-27,TQ03,Unidade 1,Housekeeping,18,5,13,476
AT0889,2025-06-27,TQ04,Unidade 1,Housekeeping,10,4,6,430
AT0890,2025-06-27,TQ05,Unidade 1,Housekeeping,2,1,1,130
AT0891,2025-06-28,TQ01,Unidade 1,Housekeeping,28,9,19,510
AT0892,2025-06-28,TQ02,Unidade 1,Housekeeping,45,14,31,1110
AT0893,2025-06-28,TQ03,Unidade 1,Housekeeping,25,8,17,678
AT0894,2025-06-28,TQ04,Unidade 1,Housekeeping,3,1,2,125
AT0895,2025-06-28,TQ05,Unidade 1,Housekeeping,5,2,3,310
AT0896,2025-06-29,TQ01,Unidade 1,Housekeeping,30,7,23,520
AT0897,2025-06-29,TQ02,Unidade 1,Housekeeping,49,13,36,1175
AT0898,2025-06-29,TQ03,Unidade 1,Housekeeping,25,7,18,662
AT0899,2025-06-29,TQ04,Unidade 1,Housekeeping,10,4,6,430
AT0900,2025-06-29,TQ05,Unidade 1,Housekeeping,4,1,3,230
AT0901,2025-06-30,TQ01,Unidade 1,Housekeeping,29,4,25,475
AT0902,2025-06-30,TQ02,Unidade 1,Housekeeping,42,9,33,975
AT0903,2025-06-30,TQ03,Unidade 1,Housekeeping,19,4,15,482
AT0904,2025-06-30,TQ04,Unidade 1,Housekeeping,4,1,3,160
AT0905,2025-06-30,TQ05,Unidade 1,Housekeeping,5,4,1,370
AT0906,2025-07-01,TQ01,Unidade 1,Housekeeping,21,6,15,375
AT0907,2025-07-01,TQ02,Unidade 1,Housekeeping,42,13,29,1035
AT0908,2025-07-01,TQ03,Unidade 1,Housekeeping,20,6,14,536
AT0909,2025-07-01,TQ04,Unidade 1,Housekeeping,8,3,5,340
AT0910,2025-07-01,TQ05,Unidade 1,Housekeeping,1,0,1,50
AT0911,2025-07-02,TQ01,Unidade 1,Housekeeping,30,7,23,520
AT0912,2025-07-02,TQ02,Unidade 1,Housekeeping,32,7,25,745
AT0913,2025-07-02,TQ03,Unidade 1,Housekeeping,15,4,11,394
AT0914,2025-07-02,TQ04,Unidade 1,Housekeeping,10,2,8,390
AT0915,2025-07-02,TQ05,Unidade 1,Housekeeping,4,1,3,230
AT0916,2025-07-03,TQ01,Unidade 1,Housekeeping,16,3,13,270
AT0917,2025-07-03,TQ02,Unidade 1,Housekeeping,50,18,32,1270
AT0918,2025-07-03,TQ03,Unidade 1,Housekeeping,18,6,12,492
AT0919,2025-07-03,TQ04,Unidade 1,Housekeeping,10,5,5,450
AT0920,2025-07-03,TQ05,Unidade 1,Housekeeping,4,1,3,230
AT0921,2025-07-04,TQ01,Unidade 1,Housekeeping,19,4,15,325
AT0922,2025-07-04,TQ02,Unidade 1,Housekeeping,47,15,32,1165
AT0923,2025-07-04,TQ03,Unidade 1,Housekeeping,19,6,13,514
AT0924,2025-07-04,TQ04,Unidade 1,Housekeeping,10,5,5,450
AT0925,2025-07-04,TQ05,Unidade 1,Housekeeping,5,2,3,310
AT0926,2025-07-05,TQ01,Unidade 1,Housekeeping,29,4,25,475
AT0927,2025-07-05,TQ02,Unidade 1,Housekeeping,50,19,31,1285
AT0928,2025-07-05,TQ03,Unidade 1,Housekeeping,22,7,15,596
AT0929,2025-07-05,TQ04,Unidade 1,Housekeeping,10,3,7,410
AT0930,2025-07-05,TQ05,Unidade 1,Housekeeping,0,0,0,0
AT0931,2025-07-06,TQ01,Unidade 1,Housekeeping,26,5,21,440
AT0932,2025-07-06,TQ02,Unidade 1,Housekeeping,50,19,31,1285
AT0933,2025-07-06,TQ03,Unidade 1,Housekeeping,25,9,16,694
AT0934,2025-07-06,TQ04,Unidade 1,Housekeeping,4,1,3,160
AT0935,2025-07-06,TQ05,Unidade 1,Housekeeping,5,3,2,340
AT0936,2025-07-07,TQ01,Unidade 1,Housekeeping,26,4,22,430
AT0937,2025-07-07,TQ02,Unidade 1,Housekeeping,41,10,31,970
AT0938,2025-07-07,TQ03,Unidade 1,Housekeeping,15,3,12,378
AT0939,2025-07-07,TQ04,Unidade 1,Housekeeping,10,5,5,450
AT0940,2025-07-07,TQ05,Unidade 1,Housekeeping,4,1,3,230
AT0941,2025-07-08,TQ01,Unidade 1,Housekeeping,30,10,20,550
AT0942,2025-07-08,TQ02,Unidade 1,Housekeeping,37,10,27,890
AT0943,2025-07-08,TQ03,Unidade 1,Housekeeping,11,3,8,290
AT0944,2025-07-08,TQ04,Unidade 1,Housekeeping,10,5,5,450
AT0945,2025-07-08,TQ05,Unidade 1,Housekeeping,4,1,3,230
AT0946,2025-07-09,TQ01,Unidade 1,Housekeeping,30,12,18,570
AT0947,2025-07-09,TQ02,Unidade 1,Housekeeping,43,16,27,1100
AT0948,2025-07-09,TQ03,Unidade 1,Housekeeping,9,3,6,246
AT0949,2025-07-09,TQ04,Unidade 1,Housekeeping,6,2,4,250
AT0950,2025-07-09,TQ05,Unidade 1,Housekeeping,0,0,0,0
AT0951,2025-07-10,TQ01,Unidade 1,Housekeeping,30,7,23,520
AT0952,2025-07-10,TQ02,Unidade 1,Housekeeping,38,6,32,850
AT0953,2025-07-10,TQ03,Unidade 1,Housekeeping,12,3,9,312
AT0954,2025-07-10,TQ04,Unidade 1,Housekeeping,10,5,5,450
AT0955,2025-07-10,TQ05,Unidade 1,Housekeeping,3,1,2,180
AT0956,2025-07-11,TQ01,Unidade 1,Housekeeping,30,4,26,490
AT0957,2025-07-11,TQ02,Unidade 1,Housekeeping,47,9,38,1075
AT0958,2025-07-11,TQ03,Unidade 1,Housekeeping,25,8,17,678
AT0959,2025-07-11,TQ04,Unidade 1,Housekeeping,2,0,2,70
AT0960,2025-07-11,TQ05,Unidade 1,Housekeeping,1,0,1,50
AT0961,2025-07-12,TQ01,Unidade 1,Housekeeping,30,8,22,530
AT0962,2025-07-12,TQ02,Unidade 1,Housekeeping,50,12,38,1180
AT0963,2025-07-12,TQ03,Unidade 1,Housekeeping,15,4,11,394
AT0964,2025-07-12,TQ04,Unidade 1,Housekeeping,10,4,6,430
AT0965,2025-07-12,TQ05,Unidade 1,Housekeeping,4,1,3,230
AT0966,2025-07-13,TQ01,Unidade 1,Housekeeping,30,14,16,590
AT0967,2025-07-13,TQ02,Unidade 1,Housekeeping,32,8,24,760
AT0968,2025-07-13,TQ03,Unidade 1,Housekeeping,25,12,13,742
AT0969,2025-07-13,TQ04,Unidade 1,Housekeeping,10,4,6,430
AT0970,2025-07-13,TQ05,Unidade 1,Housekeeping,5,2,3,310
AT0971,2025-07-14,TQ01,Unidade 1,Housekeeping,30,13,17,580
AT0972,2025-07-14,TQ02,Unidade 1,Housekeeping,40,10,30,950
AT0973,2025-07-14,TQ03,Unidade 1,Housekeeping,18,6,12,492
AT0974,2025-07-14,TQ04,Unidade 1,Housekeeping,8,3,5,340
AT0975,2025-07-14,TQ05,Unidade 1,Housekeeping,1,0,1,50
AT0976,2025-07-15,TQ01,Unidade 1,Housekeeping,21,2,19,335
AT0977,2025-07-15,TQ02,Unidade 1,Housekeeping,50,10,40,1150
AT0978,2025-07-15,TQ03,Unidade 1,Housekeeping,25,7,18,662
AT0979,2025-07-15,TQ04,Unidade 1,Housekeeping,2,0,2,70
AT0980,2025-07-15,TQ05,Unidade 1,Housekeeping,0,0,0,0
AT0981,2025-07-16,TQ01,Unidade 1,Housekeeping,27,9,18,495
AT0982,2025-07-16,TQ02,Unidade 1,Housekeeping,44,15,29,1105
AT0983,2025-07-16,TQ03,Unidade 1,Housekeeping,13,4,9,350
AT0984,2025-07-16,TQ04,Unidade 1,Housekeeping,5,2,3,215
AT0985,2025-07-16,TQ05,Unidade 1,Housekeeping,2,1,1,130
AT0986,2025-07-17,TQ01,Unidade 1,Housekeeping,20,6,14,360
AT0987,2025-07-17,TQ02,Unidade 1,Housekeeping,43,15,28,1085
AT0988,2025-07-17,TQ03,Unidade 1,Housekeeping,25,10,15,710
AT0989,2025-07-17,TQ04,Unidade 1,Housekeeping,8,3,5,340
AT0990,2025-07-17,TQ05,Unidade 1,Housekeeping,1,0,1,50
AT0991,2025-07-18,TQ01,Unidade 1,Housekeeping,30,13,17,580
AT0992,2025-07-18,TQ02,Unidade 1,Housekeeping,36,13,23,915
AT0993,2025-07-18,TQ03,Unidade 1,Housekeeping,25,10,15,710
AT0994,2025-07-18,TQ04,Unidade 1,Housekeeping,6,2,4,250
AT0995,2025-07-18,TQ05,Unidade 1,Housekeeping,5,2,3,310
AT0996,2025-07-19,TQ01,Unidade 1,Housekeeping,30,12,18,570
AT0997,2025-07-19,TQ02,Unidade 1,Housekeeping,39,14,25,990
AT0998,2025-07-19,TQ03,Unidade 1,Housekeeping,23,8,15,634
AT0999,2025-07-19,TQ04,Unidade 1,Housekeeping,10,4,6,430
AT1000,2025-07-19,TQ05,Unidade 1,Housekeeping,0,0,0,0
AT1001,2025-07-20,TQ01,Unidade 1,Housekeeping,30,6,24,510
AT1002,2025-07-20,TQ02,Unidade 1,Housekeeping,50,17,33,1255
AT1003,2025-07-20,TQ03,Unidade 1,Housekeeping,25,9,16,694
AT1004,2025-07-20,TQ04,Unidade 1,Housekeeping,2,0,2,70
AT1005,2025-07-20,TQ05,Unidade 1,Housekeeping,2,1,1,130
AT1006,2025-07-21,TQ01,Unidade 1,Housekeeping,30,14,16,590
AT1007,2025-07-21,TQ02,Unidade 1,Housekeeping,44,5,39,955
AT1008,2025-07-21,TQ03,Unidade 1,Housekeeping,17,4,13,438
AT1009,2025-07-21,TQ04,Unidade 1,Housekeeping,2,1,1,90
AT1010,2025-07-21,TQ05,Unidade 1,Housekeeping,5,2,3,310
AT1011,2025-07-22,TQ01,Unidade 1,Housekeeping,27,5,22,455
AT1012,2025-07-22,TQ02,Unidade 1,Housekeeping,43,8,35,980
AT1013,2025-07-22,TQ03,Unidade 1,Housekeeping,19,4,15,482
AT1014,2025-07-22,TQ04,Unidade 1,Housekeeping,8,2,6,320
AT1015,2025-07-22,TQ05,Unidade 1,Housekeeping,3,1,2,180
AT1016,2025-07-23,TQ01,Unidade 1,Housekeeping,27,6,21,465
AT1017,2025-07-23,TQ02,Unidade 1,Housekeeping,42,9,33,975
AT1018,2025-07-23,TQ03,Unidade 1,Housekeeping,20,5,15,520
AT1019,2025-07-23,TQ04,Unidade 1,Housekeeping,10,2,8,390
AT1020,2025-07-23,TQ05,Unidade 1,Housekeeping,1,0,1,50
AT1021,2025-07-24,TQ01,Unidade 1,Housekeeping,15,3,12,255
AT1022,2025-07-24,TQ02,Unidade 1,Housekeeping,50,11,39,1165
AT1023,2025-07-24,TQ03,Unidade 1,Housekeeping,21,5,16,542
AT1024,2025-07-24,TQ04,Unidade 1,Housekeeping,2,0,2,70
AT1025,2025-07-24,TQ05,Unidade 1,Housekeeping,0,0,0,0
AT1026,2025-07-25,TQ01,Unidade 1,Housekeeping,30,9,21,540
AT1027,2025-07-25,TQ02,Unidade 1,Housekeeping,49,11,38,1145
AT1028,2025-07-25,TQ03,Unidade 1,Housekeeping,15,4,11,394
AT1029,2025-07-25,TQ04,Unidade 1,Housekeeping,3,0,3,105
AT1030,2025-07-25,TQ05,Unidade 1,Housekeeping,0,0,0,0
AT1031,2025-07-26,TQ01,Unidade 1,Housekeeping,30,9,21,540
AT1032,2025-07-26,TQ02,Unidade 1,Housekeeping,50,14,36,1210
AT1033,2025-07-26,TQ03,Unidade 1,Housekeeping,23,5,18,586
AT1034,2025-07-26,TQ04,Unidade 1,Housekeeping,2,1,1,90
AT1035,2025-07-26,TQ05,Unidade 1,Housekeeping,5,5,0,400
AT1036,2025-07-27,TQ01,Unidade 1,Housekeeping,30,4,26,490
AT1037,2025-07-27,TQ02,Unidade 1,Housekeeping,50,20,30,1300
AT1038,2025-07-27,TQ03,Unidade 1,Housekeeping,19,5,14,498
AT1039,2025-07-27,TQ04,Unidade 1,Housekeeping,10,6,4,470
AT1040,2025-07-27,TQ05,Unidade 1,Housekeeping,1,0,1,50
AT1041,2025-07-28,TQ01,Unidade 1,Housekeeping,30,4,26,490
AT1042,2025-07-28,TQ02,Unidade 1,Housekeeping,28,7,21,665
AT1043,2025-07-28,TQ03,Unidade 1,Housekeeping,25,6,19,646
AT1044,2025-07-28,TQ04,Unidade 1,Housekeeping,10,3,7,410
AT1045,2025-07-28,TQ05,Unidade 1,Housekeeping,5,5,0,400
AT1046,2025-07-29,TQ01,Unidade 1,Housekeeping,30,4,26,490
AT1047,2025-07-29,TQ02,Unidade 1,Housekeeping,45,10,35,1050
AT1048,2025-07-29,TQ03,Unidade 1,Housekeeping,25,12,13,742
AT1049,2025-07-29,TQ04,Unidade 1,Housekeeping,9,2,7,355
AT1050,2025-07-29,TQ05,Unidade 1,Housekeeping,5,2,3,310
AT1051,2025-07-30,TQ01,Unidade 1,Housekeeping,28,8,20,500
AT1052,2025-07-30,TQ02,Unidade 1,Housekeeping,48,14,34,1170
AT1053,2025-07-30,TQ03,Unidade 1,Housekeeping,19,5,14,498
AT1054,2025-07-30,TQ04,Unidade 1,Housekeeping,3,1,2,125
AT1055,2025-07-30,TQ05,Unidade 1,Housekeeping,0,0,0,0
AT1056,2025-07-31,TQ01,Unidade 1,Housekeeping,25,4,21,415
AT1057,2025-07-31,TQ02,Unidade 1,Housekeeping,49,10,39,1130
AT1058,2025-07-31,TQ03,Unidade 1,Housekeeping,14,3,11,356
AT1059,2025-07-31,TQ04,Unidade 1,Housekeeping,10,3,7,410
AT1060,2025-07-31,TQ05,Unidade 1,Housekeeping,4,1,3,230
AT1061,2025-08-01,TQ01,Unidade 1,Housekeeping,24,4,20,400
AT1062,2025-08-01,TQ02,Unidade 1,Housekeeping,50,10,40,1150
AT1063,2025-08-01,TQ03,Unidade 1,Housekeeping,24,5,19,608
AT1064,2025-08-01,TQ04,Unidade 1,Housekeeping,3,1,2,125
AT1065,2025-08-01,TQ05,Unidade 1,Housekeeping,5,1,4,280
AT1066,2025-08-02,TQ01,Unidade 1,Housekeeping,29,3,26,465
AT1067,2025-08-02,TQ02,Unidade 1,Housekeeping,50,12,38,1180
AT1068,2025-08-02,TQ03,Unidade 1,Housekeeping,25,6,19,646
AT1069,2025-08-02,TQ04,Unidade 1,Housekeeping,2,0,2,70
AT1070,2025-08-02,TQ05,Unidade 1,Housekeeping,5,1,4,280
AT1071,2025-08-03,TQ01,Unidade 1,Housekeeping,30,3,27,480
AT1072,2025-08-03,TQ02,Unidade 1,Housekeeping,50,18,32,1270
AT1073,2025-08-03,TQ03,Unidade 1,Housekeeping,11,2,9,274
AT1074,2025-08-03,TQ04,Unidade 1,Housekeeping,10,6,4,470
AT1075,2025-08-03,TQ05,Unidade 1,Housekeeping,5,2,3,310
AT1076,2025-08-04,TQ01,Unidade 1,Housekeeping,30,8,22,530
AT1077,2025-08-04,TQ02,Unidade 1,Housekeeping,34,6,28,770
AT1078,2025-08-04,TQ03,Unidade 1,Housekeeping,25,8,17,678
AT1079,2025-08-04,TQ04,Unidade 1,Housekeeping,8,2,6,320
AT1080,2025-08-04,TQ05,Unidade 1,Housekeeping,2,0,2,100
AT1081,2025-08-05,TQ01,Unidade 1,Housekeeping,13,4,9,235
AT1082,2025-08-05,TQ02,Unidade 1,Housekeeping,44,15,29,1105
AT1083,2025-08-05,TQ03,Unidade 1,Housekeeping,24,8,16,656
AT1084,2025-08-05,TQ04,Unidade 1,Housekeeping,10,4,6,430
AT1085,2025-08-05,TQ05,Unidade 1,Housekeeping,1,0,1,50
AT1086,2025-08-06,TQ01,Unidade 1,Housekeeping,30,11,19,560
AT1087,2025-08-06,TQ02,Unidade 1,Housekeeping,40,8,32,920
AT1088,2025-08-06,TQ03,Unidade 1,Housekeeping,9,3,6,246
AT1089,2025-08-06,TQ04,Unidade 1,Housekeeping,10,5,5,450
AT1090,2025-08-06,TQ05,Unidade 1,Housekeeping,5,5,0,400
AT1091,2025-08-07,TQ01,Unidade 1,Housekeeping,30,10,20,550
AT1092,2025-08-07,TQ02,Unidade 1,Housekeeping,40,14,26,1010
AT1093,2025-08-07,TQ03,Unidade 1,Housekeeping,12,4,8,328
AT1094,2025-08-07,TQ04,Unidade 1,Housekeeping,6,2,4,250
AT1095,2025-08-07,TQ05,Unidade 1,Housekeeping,5,2,3,310
AT1096,2025-08-08,TQ01,Unidade 1,Housekeeping,30,5,25,500
AT1097,2025-08-08,TQ02,Unidade 1,Housekeeping,50,14,36,1210
AT1098,2025-08-08,TQ03,Unidade 1,Housekeeping,16,4,12,416
AT1099,2025-08-08,TQ04,Unidade 1,Housekeeping,6,2,4,250
AT1100,2025-08-08,TQ05,Unidade 1,Housekeeping,0,0,0,0
AT1101,2025-08-09,TQ01,Unidade 1,Housekeeping,30,16,14,610
AT1102,2025-08-09,TQ02,Unidade 1,Housekeeping,50,10,40,1150
AT1103,2025-08-09,TQ03,Unidade 1,Housekeeping,25,4,21,614
AT1104,2025-08-09,TQ04,Unidade 1,Housekeeping,8,2,6,320
AT1105,2025-08-09,TQ05,Unidade 1,Housekeeping,5,1,4,280
AT1106,2025-08-10,TQ01,Unidade 1,Housekeeping,30,9,21,540
AT1107,2025-08-10,TQ02,Unidade 1,Housekeeping,42,11,31,1005
AT1108,2025-08-10,TQ03,Unidade 1,Housekeeping,12,4,8,328
AT1109,2025-08-10,TQ04,Unidade 1,Housekeeping,10,5,5,450
AT1110,2025-08-10,TQ05,Unidade 1,Housekeeping,5,2,3,310
AT1111,2025-08-11,TQ01,Unidade 1,Housekeeping,30,4,26,490
AT1112,2025-08-11,TQ02,Unidade 1,Housekeeping,34,10,24,830
AT1113,2025-08-11,TQ03,Unidade 1,Housekeeping,25,10,15,710
AT1114,2025-08-11,TQ04,Unidade 1,Housekeeping,5,1,4,195
AT1115,2025-08-11,TQ05,Unidade 1,Housekeeping,5,5,0,400
AT1116,2025-08-12,TQ01,Unidade 1,Housekeeping,27,8,19,485
AT1117,2025-08-12,TQ02,Unidade 1,Housekeeping,28,10,18,710
AT1118,2025-08-12,TQ03,Unidade 1,Housekeeping,25,9,16,694
AT1119,2025-08-12,TQ04,Unidade 1,Housekeeping,6,2,4,250
AT1120,2025-08-12,TQ05,Unidade 1,Housekeeping,2,1,1,130
AT1121,2025-08-13,TQ01,Unidade 1,Housekeeping,30,7,23,520
AT1122,2025-08-13,TQ02,Unidade 1,Housekeeping,29,10,19,730
AT1123,2025-08-13,TQ03,Unidade 1,Housekeeping,22,8,14,612
AT1124,2025-08-13,TQ04,Unidade 1,Housekeeping,10,8,2,510
AT1125,2025-08-13,TQ05,Unidade 1,Housekeeping,2,1,1,130
AT1126,2025-08-14,TQ01,Unidade 1,Housekeeping,30,8,22,530
AT1127,2025-08-14,TQ02,Unidade 1,Housekeeping,38,14,24,970
AT1128,2025-08-14,TQ03,Unidade 1,Housekeeping,17,7,10,486
AT1129,2025-08-14,TQ04,Unidade 1,Housekeeping,10,7,3,490
AT1130,2025-08-14,TQ05,Unidade 1,Housekeeping,5,2,3,310
AT1131,2025-08-15,TQ01,Unidade 1,Housekeeping,27,5,22,455
AT1132,2025-08-15,TQ02,Unidade 1,Housekeeping,46,17,29,1175
AT1133,2025-08-15,TQ03,Unidade 1,Housekeeping,25,9,16,694
AT1134,2025-08-15,TQ04,Unidade 1,Housekeeping,10,9,1,530
AT1135,2025-08-15,TQ05,Unidade 1,Housekeeping,0,0,0,0
AT1136,2025-08-16,TQ01,Unidade 1,Housekeeping,29,8,21,515
AT1137,2025-08-16,TQ02,Unidade 1,Housekeeping,43,13,30,1055
AT1138,2025-08-16,TQ03,Unidade 1,Housekeeping,23,7,16,618
AT1139,2025-08-16,TQ04,Unidade 1,Housekeeping,8,2,6,320
AT1140,2025-08-16,TQ05,Unidade 1,Housekeeping,0,0,0,0
AT1141,2025-08-17,TQ01,Unidade 1,Housekeeping,20,5,15,350
AT1142,2025-08-17,TQ02,Unidade 1,Housekeeping,50,20,30,1300
AT1143,2025-08-17,TQ03,Unidade 1,Housekeeping,25,12,13,742
AT1144,2025-08-17,TQ04,Unidade 1,Housekeeping,4,1,3,160
AT1145,2025-08-17,TQ05,Unidade 1,Housekeeping,5,2,3,310
AT1146,2025-08-18,TQ01,Unidade 1,Housekeeping,30,13,17,580
AT1147,2025-08-18,TQ02,Unidade 1,Housekeeping,43,11,32,1025
AT1148,2025-08-18,TQ03,Unidade 1,Housekeeping,19,7,12,530
AT1149,2025-08-18,TQ04,Unidade 1,Housekeeping,2,1,1,90
AT1150,2025-08-18,TQ05,Unidade 1,Housekeeping,5,3,2,340
AT1151,2025-08-19,TQ01,Unidade 1,Housekeeping,19,3,16,315
AT1152,2025-08-19,TQ02,Unidade 1,Housekeeping,48,9,39,1095
AT1153,2025-08-19,TQ03,Unidade 1,Housekeeping,11,2,9,274
AT1154,2025-08-19,TQ04,Unidade 1,Housekeeping,10,3,7,410
AT1155,2025-08-19,TQ05,Unidade 1,Housekeeping,4,1,3,230
AT1156,2025-08-20,TQ01,Unidade 1,Housekeeping,30,9,21,540
AT1157,2025-08-20,TQ02,Unidade 1,Housekeeping,42,11,31,1005
AT1158,2025-08-20,TQ03,Unidade 1,Housekeeping,22,6,16,580
AT1159,2025-08-20,TQ04,Unidade 1,Housekeeping,3,1,2,125
AT1160,2025-08-20,TQ05,Unidade 1,Housekeeping,0,0,0,0
AT1161,2025-08-21,TQ01,Unidade 1,Housekeeping,15,4,11,265
AT1162,2025-08-21,TQ02,Unidade 1,Housekeeping,48,15,33,1185
AT1163,2025-08-21,TQ03,Unidade 1,Housekeeping,22,7,15,596
AT1164,2025-08-21,TQ04,Unidade 1,Housekeeping,6,2,4,250
AT1165,2025-08-21,TQ05,Unidade 1,Housekeeping,5,3,2,340
AT1166,2025-08-22,TQ01,Unidade 1,Housekeeping,22,5,17,380
AT1167,2025-08-22,TQ02,Unidade 1,Housekeeping,49,10,39,1130
AT1168,2025-08-22,TQ03,Unidade 1,Housekeeping,20,4,16,504
AT1169,2025-08-22,TQ04,Unidade 1,Housekeeping,4,1,3,160
AT1170,2025-08-22,TQ05,Unidade 1,Housekeeping,3,1,2,180
AT1171,2025-08-23,TQ01,Unidade 1,Housekeeping,30,6,24,510
AT1172,2025-08-23,TQ02,Unidade 1,Housekeeping,50,18,32,1270
AT1173,2025-08-23,TQ03,Unidade 1,Housekeeping,23,6,17,602
AT1174,2025-08-23,TQ04,Unidade 1,Housekeeping,10,10,0,550
AT1175,2025-08-23,TQ05,Unidade 1,Housekeeping,5,2,3,310
AT1176,2025-08-24,TQ01,Unidade 1,Housekeeping,30,8,22,530
AT1177,2025-08-24,TQ02,Unidade 1,Housekeeping,50,23,27,1345
AT1178,2025-08-24,TQ03,Unidade 1,Housekeeping,25,10,15,710
AT1179,2025-08-24,TQ04,Unidade 1,Housekeeping,5,2,3,215
AT1180,2025-08-24,TQ05,Unidade 1,Housekeeping,1,0,1,50
AT1181,2025-08-25,TQ01,Unidade 1,Housekeeping,16,2,14,260
AT1182,2025-08-25,TQ02,Unidade 1,Housekeeping,43,13,30,1055
AT1183,2025-08-25,TQ03,Unidade 1,Housekeeping,16,5,11,432
AT1184,2025-08-25,TQ04,Unidade 1,Housekeeping,10,5,5,450
AT1185,2025-08-25,TQ05,Unidade 1,Housekeeping,1,0,1,50
AT1186,2025-08-26,TQ01,Unidade 1,Housekeeping,28,4,24,460
AT1187,2025-08-26,TQ02,Unidade 1,Housekeeping,50,14,36,1210
AT1188,2025-08-26,TQ03,Unidade 1,Housekeeping,13,3,10,334
AT1189,2025-08-26,TQ04,Unidade 1,Housekeeping,4,1,3,160
AT1190,2025-08-26,TQ05,Unidade 1,Housekeeping,2,1,1,130
AT1191,2025-08-27,TQ01,Unidade 1,Housekeeping,30,6,24,510
AT1192,2025-08-27,TQ02,Unidade 1,Housekeeping,28,4,24,620
AT1193,2025-08-27,TQ03,Unidade 1,Housekeeping,25,5,20,630
AT1194,2025-08-27,TQ04,Unidade 1,Housekeeping,4,1,3,160
AT1195,2025-08-27,TQ05,Unidade 1,Housekeeping,5,3,2,340
AT1196,2025-08-28,TQ01,Unidade 1,Housekeeping,30,10,20,550
AT1197,2025-08-28,TQ02,Unidade 1,Housekeeping,42,14,28,1050
AT1198,2025-08-28,TQ03,Unidade 1,Housekeeping,16,5,11,432
AT1199,2025-08-28,TQ04,Unidade 1,Housekeeping,10,4,6,430
AT1200,2025-08-28,TQ05,Unidade 1,Housekeeping,1,0,1,50
AT1201,2025-08-29,TQ01,Unidade 1,Housekeeping,19,2,17,305
AT1202,2025-08-29,TQ02,Unidade 1,Housekeeping,50,12,38,1180
AT1203,2025-08-29,TQ03,Unidade 1,Housekeeping,25,6,19,646
AT1204,2025-08-29,TQ04,Unidade 1,Housekeeping,3,0,3,105
AT1205,2025-08-29,TQ05,Unidade 1,Housekeeping,1,0,1,50
AT1206,2025-08-30,TQ01,Unidade 1,Housekeeping,30,10,20,550
AT1207,2025-08-30,TQ02,Unidade 1,Housekeeping,48,14,34,1170
AT1208,2025-08-30,TQ03,Unidade 1,Housekeeping,25,15,10,790
AT1209,2025-08-30,TQ04,Unidade 1,Housekeeping,5,2,3,215
AT1210,2025-08-30,TQ05,Unidade 1,Housekeeping,0,0,0,0
AT1211,2025-08-31,TQ01,Unidade 1,Housekeeping,30,11,19,560
AT1212,2025-08-31,TQ02,Unidade 1,Housekeeping,46,9,37,1055
AT1213,2025-08-31,TQ03,Unidade 1,Housekeeping,25,10,15,710
AT1214,2025-08-31,TQ04,Unidade 1,Housekeeping,4,1,3,160
AT1215,2025-08-31,TQ05,Unidade 1,Housekeeping,5,2,3,310
AT1216,2025-09-01,TQ01,Unidade 1,Housekeeping,30,5,25,500
AT1217,2025-09-01,TQ02,Unidade 1,Housekeeping,50,17,33,1255
AT1218,2025-09-01,TQ03,Unidade 1,Housekeeping,7,1,6,170
AT1219,2025-09-01,TQ04,Unidade 1,Housekeeping,7,2,5,285
AT1220,2025-09-01,TQ05,Unidade 1,Housekeeping,5,3,2,340
AT1221,2025-09-02,TQ01,Unidade 1,Housekeeping,15,4,11,265
AT1222,2025-09-02,TQ02,Unidade 1,Housekeeping,50,15,35,1225
AT1223,2025-09-02,TQ03,Unidade 1,Housekeeping,13,4,9,350
AT1224,2025-09-02,TQ04,Unidade 1,Housekeeping,10,3,7,410
AT1225,2025-09-02,TQ05,Unidade 1,Housekeeping,2,1,1,130
AT1226,2025-09-03,TQ01,Unidade 1,Housekeeping,30,6,24,510
AT1227,2025-09-03,TQ02,Unidade 1,Housekeeping,24,5,19,555
AT1228,2025-09-03,TQ03,Unidade 1,Housekeeping,25,8,17,678
AT1229,2025-09-03,TQ04,Unidade 1,Housekeeping,10,2,8,390
AT1230,2025-09-03,TQ05,Unidade 1,Housekeeping,5,2,3,310
AT1231,2025-09-04,TQ01,Unidade 1,Housekeeping,18,5,13,320
AT1232,2025-09-04,TQ02,Unidade 1,Housekeeping,50,19,31,1285
AT1233,2025-09-04,TQ03,Unidade 1,Housekeeping,19,7,12,530
AT1234,2025-09-04,TQ04,Unidade 1,Housekeeping,5,2,3,215
AT1235,2025-09-04,TQ05,Unidade 1,Housekeeping,1,0,1,50
AT1236,2025-09-05,TQ01,Unidade 1,Housekeeping,23,6,17,405
AT1237,2025-09-05,TQ02,Unidade 1,Housekeeping,50,15,35,1225
AT1238,2025-09-05,TQ03,Unidade 1,Housekeeping,15,4,11,394
AT1239,2025-09-05,TQ04,Unidade 1,Housekeeping,10,4,6,430
AT1240,2025-09-05,TQ05,Unidade 1,Housekeeping,0,0,0,0
AT1241,2025-09-06,TQ01,Unidade 1,Housekeeping,30,8,22,530
AT1242,2025-09-06,TQ02,Unidade 1,Housekeeping,50,11,39,1165
AT1243,2025-09-06,TQ03,Unidade 1,Housekeeping,25,4,21,614
AT1244,2025-09-06,TQ04,Unidade 1,Housekeeping,10,1,9,370
AT1245,2025-09-06,TQ05,Unidade 1,Housekeeping,1,0,1,50
AT1246,2025-09-07,TQ01,Unidade 1,Housekeeping,30,12,18,570
AT1247,2025-09-07,TQ02,Unidade 1,Housekeeping,50,9,41,1135
AT1248,2025-09-07,TQ03,Unidade 1,Housekeeping,15,4,11,394
AT1249,2025-09-07,TQ04,Unidade 1,Housekeeping,10,7,3,490
AT1250,2025-09-07,TQ05,Unidade 1,Housekeeping,5,2,3,310
AT1251,2025-09-08,TQ01,Unidade 1,Housekeeping,30,9,21,540
AT1252,2025-09-08,TQ02,Unidade 1,Housekeeping,41,10,31,970
AT1253,2025-09-08,TQ03,Unidade 1,Housekeeping,8,2,6,208
AT1254,2025-09-08,TQ04,Unidade 1,Housekeeping,6,1,5,230
AT1255,2025-09-08,TQ05,Unidade 1,Housekeeping,5,1,4,280
AT1256,2025-09-09,TQ01,Unidade 1,Housekeeping,30,5,25,500
AT1257,2025-09-09,TQ02,Unidade 1,Housekeeping,35,8,27,820
AT1258,2025-09-09,TQ03,Unidade 1,Housekeeping,22,5,17,564
AT1259,2025-09-09,TQ04,Unidade 1,Housekeeping,10,4,6,430
AT1260,2025-09-09,TQ05,Unidade 1,Housekeeping,3,1,2,180
AT1261,2025-09-10,TQ01,Unidade 1,Housekeeping,30,13,17,580
AT1262,2025-09-10,TQ02,Unidade 1,Housekeeping,46,15,31,1145
AT1263,2025-09-10,TQ03,Unidade 1,Housekeeping,22,8,14,612
AT1264,2025-09-10,TQ04,Unidade 1,Housekeeping,4,2,2,180
AT1265,2025-09-10,TQ05,Unidade 1,Housekeeping,3,1,2,180
AT1266,2025-09-11,TQ01,Unidade 1,Housekeeping,24,4,20,400
AT1267,2025-09-11,TQ02,Unidade 1,Housekeeping,45,14,31,1110
AT1268,2025-09-11,TQ03,Unidade 1,Housekeeping,25,11,14,726
AT1269,2025-09-11,TQ04,Unidade 1,Housekeeping,5,2,3,215
AT1270,2025-09-11,TQ05,Unidade 1,Housekeeping,1,0,1,50
AT1271,2025-09-12,TQ01,Unidade 1,Housekeeping,28,10,18,520
AT1272,2025-09-12,TQ02,Unidade 1,Housekeeping,44,16,28,1120
AT1273,2025-09-12,TQ03,Unidade 1,Housekeeping,14,5,9,388
AT1274,2025-09-12,TQ04,Unidade 1,Housekeeping,4,2,2,180
AT1275,2025-09-12,TQ05,Unidade 1,Housekeeping,4,1,3,230
AT1276,2025-09-13,TQ01,Unidade 1,Housekeeping,30,11,19,560
AT1277,2025-09-13,TQ02,Unidade 1,Housekeeping,50,15,35,1225
AT1278,2025-09-13,TQ03,Unidade 1,Housekeeping,10,3,7,268
AT1279,2025-09-13,TQ04,Unidade 1,Housekeeping,10,6,4,470
AT1280,2025-09-13,TQ05,Unidade 1,Housekeeping,5,3,2,340
AT1281,2025-09-14,TQ01,Unidade 1,Housekeeping,30,6,24,510
AT1282,2025-09-14,TQ02,Unidade 1,Housekeeping,48,14,34,1170
AT1283,2025-09-14,TQ03,Unidade 1,Housekeeping,25,9,16,694
AT1284,2025-09-14,TQ04,Unidade 1,Housekeeping,6,2,4,250
AT1285,2025-09-14,TQ05,Unidade 1,Housekeeping,5,3,2,340
AT1286,2025-09-15,TQ01,Unidade 1,Housekeeping,23,4,19,385
AT1287,2025-09-15,TQ02,Unidade 1,Housekeeping,41,11,30,985
AT1288,2025-09-15,TQ03,Unidade 1,Housekeeping,25,8,17,678
AT1289,2025-09-15,TQ04,Unidade 1,Housekeeping,3,1,2,125
AT1290,2025-09-15,TQ05,Unidade 1,Housekeeping,0,0,0,0
AT1291,2025-09-16,TQ01,Unidade 1,Housekeeping,30,8,22,530
AT1292,2025-09-16,TQ02,Unidade 1,Housekeeping,44,6,38,970
AT1293,2025-09-16,TQ03,Unidade 1,Housekeeping,10,2,8,252
AT1294,2025-09-16,TQ04,Unidade 1,Housekeeping,10,2,8,390
AT1295,2025-09-16,TQ05,Unidade 1,Housekeeping,4,1,3,230
AT1296,2025-09-17,TQ01,Unidade 1,Housekeeping,23,5,18,395
AT1297,2025-09-17,TQ02,Unidade 1,Housekeeping,42,10,32,990
AT1298,2025-09-17,TQ03,Unidade 1,Housekeeping,23,5,18,586
AT1299,2025-09-17,TQ04,Unidade 1,Housekeeping,10,3,7,410
AT1300,2025-09-17,TQ05,Unidade 1,Housekeeping,1,0,1,50
AT1301,2025-09-18,TQ01,Unidade 1,Housekeeping,21,5,16,365
AT1302,2025-09-18,TQ02,Unidade 1,Housekeeping,34,10,24,830
AT1303,2025-09-18,TQ03,Unidade 1,Housekeeping,23,6,17,602
AT1304,2025-09-18,TQ04,Unidade 1,Housekeeping,10,4,6,430
AT1305,2025-09-18,TQ05,Unidade 1,Housekeeping,3,1,2,180
AT1306,2025-09-19,TQ01,Unidade 1,Housekeeping,23,7,16,415
AT1307,2025-09-19,TQ02,Unidade 1,Housekeeping,45,15,30,1125
AT1308,2025-09-19,TQ03,Unidade 1,Housekeeping,25,8,17,678
AT1309,2025-09-19,TQ04,Unidade 1,Housekeeping,5,2,3,215
AT1310,2025-09-19,TQ05,Unidade 1,Housekeeping,4,1,3,230
AT1311,2025-09-20,TQ01,Unidade 1,Housekeeping,20,3,17,330
AT1312,2025-09-20,TQ02,Unidade 1,Housekeeping,50,12,38,1180
AT1313,2025-09-20,TQ03,Unidade 1,Housekeeping,12,3,9,312
AT1314,2025-09-20,TQ04,Unidade 1,Housekeeping,5,1,4,195
AT1315,2025-09-20,TQ05,Unidade 1,Housekeeping,5,2,3,310
AT1316,2025-09-21,TQ01,Unidade 1,Housekeeping,30,15,15,600
AT1317,2025-09-21,TQ02,Unidade 1,Housekeeping,46,14,32,1130
AT1318,2025-09-21,TQ03,Unidade 1,Housekeeping,25,10,15,710
AT1319,2025-09-21,TQ04,Unidade 1,Housekeeping,2,1,1,90
AT1320,2025-09-21,TQ05,Unidade 1,Housekeeping,0,0,0,0
AT1321,2025-09-22,TQ01,Unidade 1,Housekeeping,30,15,15,600
AT1322,2025-09-22,TQ02,Unidade 1,Housekeeping,40,8,32,920
AT1323,2025-09-22,TQ03,Unidade 1,Housekeeping,17,5,12,454
AT1324,2025-09-22,TQ04,Unidade 1,Housekeeping,2,1,1,90
AT1325,2025-09-22,TQ05,Unidade 1,Housekeeping,5,2,3,310
AT1326,2025-09-23,TQ01,Unidade 1,Housekeeping,25,6,19,435
AT1327,2025-09-23,TQ02,Unidade 1,Housekeeping,43,13,30,1055
AT1328,2025-09-23,TQ03,Unidade 1,Housekeeping,15,4,11,394
AT1329,2025-09-23,TQ04,Unidade 1,Housekeeping,2,1,1,90
AT1330,2025-09-23,TQ05,Unidade 1,Housekeeping,5,3,2,340
AT1331,2025-09-24,TQ01,Unidade 1,Housekeeping,30,12,18,570
AT1332,2025-09-24,TQ02,Unidade 1,Housekeeping,50,19,31,1285
AT1333,2025-09-24,TQ03,Unidade 1,Housekeeping,16,6,10,448
AT1334,2025-09-24,TQ04,Unidade 1,Housekeeping,8,3,5,340
AT1335,2025-09-24,TQ05,Unidade 1,Housekeeping,0,0,0,0
AT1336,2025-09-25,TQ01,Unidade 1,Housekeeping,30,10,20,550
AT1337,2025-09-25,TQ02,Unidade 1,Housekeeping,39,12,27,960
AT1338,2025-09-25,TQ03,Unidade 1,Housekeeping,16,5,11,432
AT1339,2025-09-25,TQ04,Unidade 1,Housekeeping,1,0,1,35
AT1340,2025-09-25,TQ05,Unidade 1,Housekeeping,2,1,1,130
AT1341,2025-09-26,TQ01,Unidade 1,Housekeeping,29,5,24,485
AT1342,2025-09-26,TQ02,Unidade 1,Housekeeping,42,9,33,975
AT1343,2025-09-26,TQ03,Unidade 1,Housekeeping,17,4,13,438
AT1344,2025-09-26,TQ04,Unidade 1,Housekeeping,6,1,5,230
AT1345,2025-09-26,TQ05,Unidade 1,Housekeeping,5,3,2,340
AT1346,2025-09-27,TQ01,Unidade 1,Housekeeping,30,10,20,550
AT1347,2025-09-27,TQ02,Unidade 1,Housekeeping,43,7,36,965
AT1348,2025-09-27,TQ03,Unidade 1,Housekeeping,25,6,19,646
AT1349,2025-09-27,TQ04,Unidade 1,Housekeeping,10,3,7,410
AT1350,2025-09-27,TQ05,Unidade 1,Housekeeping,1,0,1,50
AT1351,2025-09-28,TQ01,Unidade 1,Housekeeping,30,8,22,530
AT1352,2025-09-28,TQ02,Unidade 1,Housekeeping,50,17,33,1255
AT1353,2025-09-28,TQ03,Unidade 1,Housekeeping,25,11,14,726
AT1354,2025-09-28,TQ04,Unidade 1,Housekeeping,5,1,4,195
AT1355,2025-09-28,TQ05,Unidade 1,Housekeeping,5,2,3,310
AT1356,2025-09-29,TQ01,Unidade 1,Housekeeping,16,3,13,270
AT1357,2025-09-29,TQ02,Unidade 1,Housekeeping,40,14,26,1010
AT1358,2025-09-29,TQ03,Unidade 1,Housekeeping,25,11,14,726
AT1359,2025-09-29,TQ04,Unidade 1,Housekeeping,2,1,1,90
AT1360,2025-09-29,TQ05,Unidade 1,Housekeeping,5,2,3,310
AT1361,2025-09-30,TQ01,Unidade 1,Housekeeping,30,4,26,490
AT1362,2025-09-30,TQ02,Unidade 1,Housekeeping,42,8,34,960
AT1363,2025-09-30,TQ03,Unidade 1,Housekeeping,25,7,18,662
AT1364,2025-09-30,TQ04,Unidade 1,Housekeeping,5,1,4,195
AT1365,2025-09-30,TQ05,Unidade 1,Housekeeping,0,0,0,0
AT1366,2025-10-01,TQ01,Unidade 1,Housekeeping,9,2,7,155
AT1367,2025-10-01,TQ02,Unidade 1,Housekeeping,49,13,36,1175
AT1368,2025-10-01,TQ03,Unidade 1,Housekeeping,10,3,7,268
AT1369,2025-10-01,TQ04,Unidade 1,Housekeeping,2,1,1,90
AT1370,2025-10-01,TQ05,Unidade 1,Housekeeping,2,0,2,100
AT1371,2025-10-02,TQ01,Unidade 1,Housekeeping,25,6,19,435
AT1372,2025-10-02,TQ02,Unidade 1,Housekeeping,16,5,11,395
AT1373,2025-10-02,TQ03,Unidade 1,Housekeeping,15,4,11,394
AT1374,2025-10-02,TQ04,Unidade 1,Housekeeping,6,2,4,250
AT1375,2025-10-02,TQ05,Unidade 1,Housekeeping,5,3,2,340
AT1376,2025-10-03,TQ01,Unidade 1,Housekeeping,21,4,17,355
AT1377,2025-10-03,TQ02,Unidade 1,Housekeeping,36,7,29,825
AT1378,2025-10-03,TQ03,Unidade 1,Housekeeping,11,2,9,274
AT1379,2025-10-03,TQ04,Unidade 1,Housekeeping,7,2,5,285
AT1380,2025-10-03,TQ05,Unidade 1,Housekeeping,5,1,4,280
AT1381,2025-10-04,TQ01,Unidade 1,Housekeeping,19,5,14,335
AT1382,2025-10-04,TQ02,Unidade 1,Housekeeping,36,9,27,855
AT1383,2025-10-04,TQ03,Unidade 1,Housekeeping,15,4,11,394
AT1384,2025-10-04,TQ04,Unidade 1,Housekeeping,10,3,7,410
AT1385,2025-10-04,TQ05,Unidade 1,Housekeeping,5,2,3,310
AT1386,2025-10-05,TQ01,Unidade 1,Housekeeping,28,6,22,480
AT1387,2025-10-05,TQ02,Unidade 1,Housekeeping,31,6,25,710
AT1388,2025-10-05,TQ03,Unidade 1,Housekeeping,17,4,13,438
AT1389,2025-10-05,TQ04,Unidade 1,Housekeeping,3,1,2,125
AT1390,2025-10-05,TQ05,Unidade 1,Housekeeping,2,0,2,100
AT1391,2025-10-06,TQ01,Unidade 1,Housekeeping,18,5,13,320
AT1392,2025-10-06,TQ02,Unidade 1,Housekeeping,35,12,23,880
AT1393,2025-10-06,TQ03,Unidade 1,Housekeeping,9,3,6,246
AT1394,2025-10-06,TQ04,Unidade 1,Housekeeping,10,5,5,450
AT1395,2025-10-06,TQ05,Unidade 1,Housekeeping,0,0,0,0
AT1396,2025-10-07,TQ01,Unidade 1,Housekeeping,10,3,7,180
AT1397,2025-10-07,TQ02,Unidade 1,Housekeeping,44,11,33,1045
AT1398,2025-10-07,TQ03,Unidade 1,Housekeeping,11,3,8,290
AT1399,2025-10-07,TQ04,Unidade 1,Housekeeping,2,0,2,70
AT1400,2025-10-07,TQ05,Unidade 1,Housekeeping,2,0,2,100
AT1401,2025-10-08,TQ01,Unidade 1,Housekeeping,24,6,18,420
AT1402,2025-10-08,TQ02,Unidade 1,Housekeeping,22,5,17,515
AT1403,2025-10-08,TQ03,Unidade 1,Housekeeping,17,4,13,438
AT1404,2025-10-08,TQ04,Unidade 1,Housekeeping,8,2,6,320
AT1405,2025-10-08,TQ05,Unidade 1,Housekeeping,1,0,1,50
AT1406,2025-10-09,TQ01,Unidade 1,Housekeeping,12,3,9,210
AT1407,2025-10-09,TQ02,Unidade 1,Housekeeping,41,11,30,985
AT1408,2025-10-09,TQ03,Unidade 1,Housekeeping,9,2,7,230
AT1409,2025-10-09,TQ04,Unidade 1,Housekeeping,8,2,6,320
AT1410,2025-10-09,TQ05,Unidade 1,Housekeeping,5,2,3,310
AT1411,2025-10-10,TQ01,Unidade 1,Housekeeping,10,3,7,180
AT1412,2025-10-10,TQ02,Unidade 1,Housekeeping,49,15,34,1205
AT1413,2025-10-10,TQ03,Unidade 1,Housekeeping,15,5,10,410
AT1414,2025-10-10,TQ04,Unidade 1,Housekeeping,8,2,6,320
AT1415,2025-10-10,TQ05,Unidade 1,Housekeeping,3,1,2,180
AT1416,2025-10-11,TQ01,Unidade 1,Housekeeping,18,6,12,330
AT1417,2025-10-11,TQ02,Unidade 1,Housekeeping,32,10,22,790
AT1418,2025-10-11,TQ03,Unidade 1,Housekeeping,17,5,12,454
AT1419,2025-10-11,TQ04,Unidade 1,Housekeeping,10,3,7,410
AT1420,2025-10-11,TQ05,Unidade 1,Housekeeping,1,0,1,50
AT1421,2025-10-12,TQ01,Unidade 1,Housekeeping,30,13,17,580
AT1422,2025-10-12,TQ02,Unidade 1,Housekeeping,48,10,38,1110
AT1423,2025-10-12,TQ03,Unidade 1,Housekeeping,11,3,8,290
AT1424,2025-10-12,TQ04,Unidade 1,Housekeeping,5,2,3,215
AT1425,2025-10-12,TQ05,Unidade 1,Housekeeping,0,0,0,0
AT1426,2025-10-13,TQ01,Unidade 1,Housekeeping,12,4,8,220
AT1427,2025-10-13,TQ02,Unidade 1,Housekeeping,24,8,16,600
AT1428,2025-10-13,TQ03,Unidade 1,Housekeeping,21,7,14,574
AT1429,2025-10-13,TQ04,Unidade 1,Housekeeping,1,0,1,35
AT1430,2025-10-13,TQ05,Unidade 1,Housekeeping,4,1,3,230
AT1431,2025-10-14,TQ01,Unidade 1,Housekeeping,15,3,12,255
AT1432,2025-10-14,TQ02,Unidade 1,Housekeeping,34,7,27,785
AT1433,2025-10-14,TQ03,Unidade 1,Housekeeping,13,3,10,334
AT1434,2025-10-14,TQ04,Unidade 1,Housekeeping,7,1,6,265
AT1435,2025-10-14,TQ05,Unidade 1,Housekeeping,1,0,1,50
AT1436,2025-10-15,TQ01,Unidade 1,Housekeeping,12,4,8,220
AT1437,2025-10-15,TQ02,Unidade 1,Housekeeping,33,10,23,810
AT1438,2025-10-15,TQ03,Unidade 1,Housekeeping,23,7,16,618
AT1439,2025-10-15,TQ04,Unidade 1,Housekeeping,4,1,3,160
AT1440,2025-10-15,TQ05,Unidade 1,Housekeeping,2,1,1,130
AT1441,2025-10-16,TQ01,Unidade 1,Housekeeping,13,4,9,235
AT1442,2025-10-16,TQ02,Unidade 1,Housekeeping,27,10,17,690
AT1443,2025-10-16,TQ03,Unidade 1,Housekeeping,25,9,16,694
AT1444,2025-10-16,TQ04,Unidade 1,Housekeeping,8,3,5,340
AT1445,2025-10-16,TQ05,Unidade 1,Housekeeping,0,0,0,0
AT1446,2025-10-17,TQ01,Unidade 1,Housekeeping,16,2,14,260
AT1447,2025-10-17,TQ02,Unidade 1,Housekeeping,27,9,18,675
AT1448,2025-10-17,TQ03,Unidade 1,Housekeeping,20,7,13,552
AT1449,2025-10-17,TQ04,Unidade 1,Housekeeping,10,6,4,470
AT1450,2025-10-17,TQ05,Unidade 1,Housekeeping,2,1,1,130
AT1451,2025-10-18,TQ01,Unidade 1,Housekeeping,24,7,17,430
AT1452,2025-10-18,TQ02,Unidade 1,Housekeeping,35,9,26,835
AT1453,2025-10-18,TQ03,Unidade 1,Housekeeping,18,5,13,476
AT1454,2025-10-18,TQ04,Unidade 1,Housekeeping,2,0,2,70
AT1455,2025-10-18,TQ05,Unidade 1,Housekeeping,3,1,2,180
AT1456,2025-10-19,TQ01,Unidade 1,Housekeeping,19,3,16,315
AT1457,2025-10-19,TQ02,Unidade 1,Housekeeping,26,5,21,595
AT1458,2025-10-19,TQ03,Unidade 1,Housekeeping,25,6,19,646
AT1459,2025-10-19,TQ04,Unidade 1,Housekeeping,6,1,5,230
AT1460,2025-10-19,TQ05,Unidade 1,Housekeeping,5,2,3,310
AT1461,2025-10-20,TQ01,Unidade 1,Housekeeping,18,5,13,320
AT1462,2025-10-20,TQ02,Unidade 1,Housekeeping,36,11,25,885
AT1463,2025-10-20,TQ03,Unidade 1,Housekeeping,7,2,5,186
AT1464,2025-10-20,TQ04,Unidade 1,Housekeeping,5,2,3,215
AT1465,2025-10-20,TQ05,Unidade 1,Housekeeping,3,1,2,180
AT1466,2025-10-21,TQ01,Unidade 1,Housekeeping,19,6,13,345
AT1467,2025-10-21,TQ02,Unidade 1,Housekeeping,31,11,20,785
AT1468,2025-10-21,TQ03,Unidade 1,Housekeeping,22,8,14,612
AT1469,2025-10-21,TQ04,Unidade 1,Housekeeping,3,1,2,125
AT1470,2025-10-21,TQ05,Unidade 1,Housekeeping,0,0,0,0
AT1471,2025-10-22,TQ01,Unidade 1,Housekeeping,25,10,15,475
AT1472,2025-10-22,TQ02,Unidade 1,Housekeeping,25,10,15,650
AT1473,2025-10-22,TQ03,Unidade 1,Housekeeping,16,6,10,448
AT1474,2025-10-22,TQ04,Unidade 1,Housekeeping,6,2,4,250
AT1475,2025-10-22,TQ05,Unidade 1,Housekeeping,1,0,1,50
AT1476,2025-10-23,TQ01,Unidade 1,Housekeeping,15,6,9,285
AT1477,2025-10-23,TQ02,Unidade 1,Housekeeping,42,15,27,1065
AT1478,2025-10-23,TQ03,Unidade 1,Housekeeping,6,2,4,164
AT1479,2025-10-23,TQ04,Unidade 1,Housekeeping,3,1,2,125
AT1480,2025-10-23,TQ05,Unidade 1,Housekeeping,2,1,1,130
AT1481,2025-10-24,TQ01,Unidade 1,Housekeeping,21,4,17,355
AT1482,2025-10-24,TQ02,Unidade 1,Housekeeping,29,6,23,670
AT1483,2025-10-24,TQ03,Unidade 1,Housekeeping,20,4,16,504
AT1484,2025-10-24,TQ04,Unidade 1,Housekeeping,9,2,7,355
AT1485,2025-10-24,TQ05,Unidade 1,Housekeeping,3,1,2,180
AT1486,2025-10-25,TQ01,Unidade 1,Housekeeping,24,9,15,450
AT1487,2025-10-25,TQ02,Unidade 1,Housekeeping,40,14,26,1010
AT1488,2025-10-25,TQ03,Unidade 1,Housekeeping,13,5,8,366
AT1489,2025-10-25,TQ04,Unidade 1,Housekeeping,4,2,2,180
AT1490,2025-10-25,TQ05,Unidade 1,Housekeeping,4,1,3,230
AT1491,2025-10-26,TQ01,Unidade 1,Housekeeping,27,8,19,485
AT1492,2025-10-26,TQ02,Unidade 1,Housekeeping,40,12,28,980
AT1493,2025-10-26,TQ03,Unidade 1,Housekeeping,12,4,8,328
AT1494,2025-10-26,TQ04,Unidade 1,Housekeeping,7,2,5,285
AT1495,2025-10-26,TQ05,Unidade 1,Housekeeping,1,0,1,50
AT1496,2025-10-27,TQ01,Unidade 1,Housekeeping,19,4,15,325
AT1497,2025-10-27,TQ02,Unidade 1,Housekeeping,22,5,17,515
AT1498,2025-10-27,TQ03,Unidade 1,Housekeeping,22,5,17,564
AT1499,2025-10-27,TQ04,Unidade 1,Housekeeping,10,3,7,410
AT1500,2025-10-27,TQ05,Unidade 1,Housekeeping,2,0,2,100
AT1501,2025-10-28,TQ01,Unidade 1,Housekeeping,26,7,19,460
AT1502,2025-10-28,TQ02,Unidade 1,Housekeeping,19,5,14,455
AT1503,2025-10-28,TQ03,Unidade 1,Housekeeping,12,3,9,312
AT1504,2025-10-28,TQ04,Unidade 1,Housekeeping,10,3,7,410
AT1505,2025-10-28,TQ05,Unidade 1,Housekeeping,1,0,1,50
AT1506,2025-10-29,TQ01,Unidade 1,Housekeeping,26,7,19,460
AT1507,2025-10-29,TQ02,Unidade 1,Housekeeping,21,8,13,540
AT1508,2025-10-29,TQ03,Unidade 1,Housekeeping,16,6,10,448
AT1509,2025-10-29,TQ04,Unidade 1,Housekeeping,1,0,1,35
AT1510,2025-10-29,TQ05,Unidade 1,Housekeeping,5,5,0,400
AT1511,2025-10-30,TQ01,Unidade 1,Housekeeping,29,10,19,535
AT1512,2025-10-30,TQ02,Unidade 1,Housekeeping,20,7,13,505
AT1513,2025-10-30,TQ03,Unidade 1,Housekeeping,23,8,15,634
AT1514,2025-10-30,TQ04,Unidade 1,Housekeeping,3,1,2,125
AT1515,2025-10-30,TQ05,Unidade 1,Housekeeping,0,0,0,0
AT1516,2025-10-31,TQ01,Unidade 1,Housekeeping,26,8,18,470
AT1517,2025-10-31,TQ02,Unidade 1,Housekeeping,36,12,24,900
AT1518,2025-10-31,TQ03,Unidade 1,Housekeeping,15,5,10,410
AT1519,2025-10-31,TQ04,Unidade 1,Housekeeping,1,0,1,35
AT1520,2025-10-31,TQ05,Unidade 1,Housekeeping,2,1,1,130
AT1521,2025-11-01,TQ01,Unidade 1,Housekeeping,22,7,15,400
AT1522,2025-11-01,TQ02,Unidade 1,Housekeeping,39,12,27,960
AT1523,2025-11-01,TQ03,Unidade 1,Housekeeping,13,4,9,350
AT1524,2025-11-01,TQ04,Unidade 1,Housekeeping,6,2,4,250
AT1525,2025-11-01,TQ05,Unidade 1,Housekeeping,4,1,3,230
AT1526,2025-11-02,TQ01,Unidade 1,Housekeeping,21,6,15,375
AT1527,2025-11-02,TQ02,Unidade 1,Housekeeping,37,11,26,905
AT1528,2025-11-02,TQ03,Unidade 1,Housekeeping,15,4,11,394
AT1529,2025-11-02,TQ04,Unidade 1,Housekeeping,7,2,5,285
AT1530,2025-11-02,TQ05,Unidade 1,Housekeeping,4,1,3,230
AT1531,2025-11-03,TQ01,Unidade 1,Housekeeping,12,3,9,210
AT1532,2025-11-03,TQ02,Unidade 1,Housekeeping,41,9,32,955
AT1533,2025-11-03,TQ03,Unidade 1,Housekeeping,17,3,14,422
AT1534,2025-11-03,TQ04,Unidade 1,Housekeeping,4,1,3,160
AT1535,2025-11-03,TQ05,Unidade 1,Housekeeping,4,1,3,230
AT1536,2025-11-04,TQ01,Unidade 1,Housekeeping,13,4,9,235
AT1537,2025-11-04,TQ02,Unidade 1,Housekeeping,32,10,22,790
AT1538,2025-11-04,TQ03,Unidade 1,Housekeeping,21,7,14,574
AT1539,2025-11-04,TQ04,Unidade 1,Housekeeping,3,1,2,125
AT1540,2025-11-04,TQ05,Unidade 1,Housekeeping,0,0,0,0
AT1541,2025-11-05,TQ01,Unidade 1,Housekeeping,11,2,9,185
AT1542,2025-11-05,TQ02,Unidade 1,Housekeeping,33,11,22,825
AT1543,2025-11-05,TQ03,Unidade 1,Housekeeping,25,9,16,694
AT1544,2025-11-05,TQ04,Unidade 1,Housekeeping,3,1,2,125
AT1545,2025-11-05,TQ05,Unidade 1,Housekeeping,2,1,1,130
AT1546,2025-11-06,TQ01,Unidade 1,Housekeeping,26,9,17,480
AT1547,2025-11-06,TQ02,Unidade 1,Housekeeping,12,4,8,300
AT1548,2025-11-06,TQ03,Unidade 1,Housekeeping,21,7,14,574
AT1549,2025-11-06,TQ04,Unidade 1,Housekeeping,10,3,7,410
AT1550,2025-11-06,TQ05,Unidade 1,Housekeeping,1,0,1,50
AT1551,2025-11-07,TQ01,Unidade 1,Housekeeping,30,11,19,560
AT1552,2025-11-07,TQ02,Unidade 1,Housekeeping,18,7,11,465
AT1553,2025-11-07,TQ03,Unidade 1,Housekeeping,25,9,16,694
AT1554,2025-11-07,TQ04,Unidade 1,Housekeeping,2,1,1,90
AT1555,2025-11-07,TQ05,Unidade 1,Housekeeping,1,0,1,50
AT1556,2025-11-08,TQ01,Unidade 1,Housekeeping,18,4,14,310
AT1557,2025-11-08,TQ02,Unidade 1,Housekeeping,40,9,31,935
AT1558,2025-11-08,TQ03,Unidade 1,Housekeeping,23,5,18,586
AT1559,2025-11-08,TQ04,Unidade 1,Housekeeping,2,0,2,70
AT1560,2025-11-08,TQ05,Unidade 1,Housekeeping,5,2,3,310
AT1561,2025-11-09,TQ01,Unidade 1,Housekeeping,30,7,23,520
AT1562,2025-11-09,TQ02,Unidade 1,Housekeeping,34,8,26,800
AT1563,2025-11-09,TQ03,Unidade 1,Housekeeping,13,4,9,350
AT1564,2025-11-09,TQ04,Unidade 1,Housekeeping,5,1,4,195
AT1565,2025-11-09,TQ05,Unidade 1,Housekeeping,5,5,0,400
AT1566,2025-11-10,TQ01,Unidade 1,Housekeeping,21,5,16,365
AT1567,2025-11-10,TQ02,Unidade 1,Housekeeping,40,9,31,935
AT1568,2025-11-10,TQ03,Unidade 1,Housekeeping,12,3,9,312
AT1569,2025-11-10,TQ04,Unidade 1,Housekeeping,1,0,1,35
AT1570,2025-11-10,TQ05,Unidade 1,Housekeeping,1,0,1,50
AT1571,2025-11-11,TQ01,Unidade 1,Housekeeping,24,5,19,410
AT1572,2025-11-11,TQ02,Unidade 1,Housekeeping,28,6,22,650
AT1573,2025-11-11,TQ03,Unidade 1,Housekeeping,19,4,15,482
AT1574,2025-11-11,TQ04,Unidade 1,Housekeeping,7,2,5,285
AT1575,2025-11-11,TQ05,Unidade 1,Housekeeping,0,0,0,0
AT1576,2025-11-12,TQ01,Unidade 1,Housekeeping,24,8,16,440
AT1577,2025-11-12,TQ02,Unidade 1,Housekeeping,23,7,16,565
AT1578,2025-11-12,TQ03,Unidade 1,Housekeeping,12,4,8,328
AT1579,2025-11-12,TQ04,Unidade 1,Housekeeping,10,3,7,410
AT1580,2025-11-12,TQ05,Unidade 1,Housekeeping,3,1,2,180
AT1581,2025-11-13,TQ01,Unidade 1,Housekeeping,6,2,4,110
AT1582,2025-11-13,TQ02,Unidade 1,Housekeeping,46,15,31,1145
AT1583,2025-11-13,TQ03,Unidade 1,Housekeeping,18,6,12,492
AT1584,2025-11-13,TQ04,Unidade 1,Housekeeping,1,1,0,55
AT1585,2025-11-13,TQ05,Unidade 1,Housekeeping,4,1,3,230
AT1586,2025-11-14,TQ01,Unidade 1,Housekeeping,28,10,18,520
AT1587,2025-11-14,TQ02,Unidade 1,Housekeeping,35,13,22,895
AT1588,2025-11-14,TQ03,Unidade 1,Housekeeping,13,5,8,366
AT1589,2025-11-14,TQ04,Unidade 1,Housekeeping,0,0,0,0
AT1590,2025-11-14,TQ05,Unidade 1,Housekeeping,0,0,0,0
AT1591,2025-11-15,TQ01,Unidade 1,Housekeeping,26,8,18,470
AT1592,2025-11-15,TQ02,Unidade 1,Housekeeping,40,13,27,995
AT1593,2025-11-15,TQ03,Unidade 1,Housekeeping,16,5,11,432
AT1594,2025-11-15,TQ04,Unidade 1,Housekeeping,3,1,2,125
AT1595,2025-11-15,TQ05,Unidade 1,Housekeeping,0,0,0,0
AT1596,2025-11-16,TQ01,Unidade 1,Housekeeping,25,8,17,455
AT1597,2025-11-16,TQ02,Unidade 1,Housekeeping,42,13,29,1035
AT1598,2025-11-16,TQ03,Unidade 1,Housekeeping,12,4,8,328
AT1599,2025-11-16,TQ04,Unidade 1,Housekeeping,2,0,2,70
AT1600,2025-11-16,TQ05,Unidade 1,Housekeeping,1,0,1,50
AT1601,2025-11-17,TQ01,Unidade 1,Housekeeping,13,2,11,215
AT1602,2025-11-17,TQ02,Unidade 1,Housekeeping,36,10,26,870
AT1603,2025-11-17,TQ03,Unidade 1,Housekeeping,13,3,10,334
AT1604,2025-11-17,TQ04,Unidade 1,Housekeeping,5,1,4,195
AT1605,2025-11-17,TQ05,Unidade 1,Housekeeping,5,3,2,340
AT1606,2025-11-18,TQ01,Unidade 1,Housekeeping,27,5,22,455
AT1607,2025-11-18,TQ02,Unidade 1,Housekeeping,21,4,17,480
AT1608,2025-11-18,TQ03,Unidade 1,Housekeeping,25,6,19,646
AT1609,2025-11-18,TQ04,Unidade 1,Housekeeping,1,0,1,35
AT1610,2025-11-18,TQ05,Unidade 1,Housekeeping,0,0,0,0
AT1611,2025-11-19,TQ01,Unidade 1,Housekeeping,13,4,9,235
AT1612,2025-11-19,TQ02,Unidade 1,Housekeeping,35,10,25,850
AT1613,2025-11-19,TQ03,Unidade 1,Housekeeping,12,4,8,328
AT1614,2025-11-19,TQ04,Unidade 1,Housekeeping,7,2,5,285
AT1615,2025-11-19,TQ05,Unidade 1,Housekeeping,1,0,1,50
AT1616,2025-11-20,TQ01,Unidade 1,Housekeeping,30,3,27,480
AT1617,2025-11-20,TQ02,Unidade 1,Housekeeping,23,5,18,535
AT1618,2025-11-20,TQ03,Unidade 1,Housekeeping,17,4,13,438
AT1619,2025-11-20,TQ04,Unidade 1,Housekeeping,10,5,5,450
AT1620,2025-11-20,TQ05,Unidade 1,Housekeeping,1,0,1,50
AT1621,2025-11-21,TQ01,Unidade 1,Housekeeping,12,2,10,200
AT1622,2025-11-21,TQ02,Unidade 1,Housekeeping,30,6,24,690
AT1623,2025-11-21,TQ03,Unidade 1,Housekeeping,18,3,15,444
AT1624,2025-11-21,TQ04,Unidade 1,Housekeeping,8,2,6,320
AT1625,2025-11-21,TQ05,Unidade 1,Housekeeping,5,1,4,280
AT1626,2025-11-22,TQ01,Unidade 1,Housekeeping,21,6,15,375
AT1627,2025-11-22,TQ02,Unidade 1,Housekeeping,29,8,21,700
AT1628,2025-11-22,TQ03,Unidade 1,Housekeeping,17,4,13,438
AT1629,2025-11-22,TQ04,Unidade 1,Housekeeping,6,2,4,250
AT1630,2025-11-22,TQ05,Unidade 1,Housekeeping,5,1,4,280
AT1631,2025-11-23,TQ01,Unidade 1,Housekeeping,26,5,21,440
AT1632,2025-11-23,TQ02,Unidade 1,Housekeeping,35,7,28,805
AT1633,2025-11-23,TQ03,Unidade 1,Housekeeping,18,4,14,460
AT1634,2025-11-23,TQ04,Unidade 1,Housekeeping,10,3,7,410
AT1635,2025-11-23,TQ05,Unidade 1,Housekeeping,1,0,1,50
AT1636,2025-11-24,TQ01,Unidade 1,Housekeeping,24,5,19,410
AT1637,2025-11-24,TQ02,Unidade 1,Housekeeping,24,6,18,570
AT1638,2025-11-24,TQ03,Unidade 1,Housekeeping,25,7,18,662
AT1639,2025-11-24,TQ04,Unidade 1,Housekeeping,2,0,2,70
AT1640,2025-11-24,TQ05,Unidade 1,Housekeeping,0,0,0,0
AT1641,2025-11-25,TQ01,Unidade 1,Housekeeping,16,4,12,280
AT1642,2025-11-25,TQ02,Unidade 1,Housekeeping,34,8,26,800
AT1643,2025-11-25,TQ03,Unidade 1,Housekeeping,19,5,14,498
AT1644,2025-11-25,TQ04,Unidade 1,Housekeeping,3,1,2,125
AT1645,2025-11-25,TQ05,Unidade 1,Housekeeping,2,0,2,100
AT1646,2025-11-26,TQ01,Unidade 1,Housekeeping,21,4,17,355
AT1647,2025-11-26,TQ02,Unidade 1,Housekeeping,34,9,25,815
AT1648,2025-11-26,TQ03,Unidade 1,Housekeeping,8,2,6,208
AT1649,2025-11-26,TQ04,Unidade 1,Housekeeping,10,4,6,430
AT1650,2025-11-26,TQ05,Unidade 1,Housekeeping,2,0,2,100
AT1651,2025-11-27,TQ01,Unidade 1,Housekeeping,15,4,11,265
AT1652,2025-11-27,TQ02,Unidade 1,Housekeeping,29,8,21,700
AT1653,2025-11-27,TQ03,Unidade 1,Housekeeping,25,7,18,662
AT1654,2025-11-27,TQ04,Unidade 1,Housekeeping,1,0,1,35
AT1655,2025-11-27,TQ05,Unidade 1,Housekeeping,2,1,1,130
AT1656,2025-11-28,TQ01,Unidade 1,Housekeeping,24,8,16,440
AT1657,2025-11-28,TQ02,Unidade 1,Housekeeping,25,9,16,635
AT1658,2025-11-28,TQ03,Unidade 1,Housekeeping,16,6,10,448
AT1659,2025-11-28,TQ04,Unidade 1,Housekeeping,4,1,3,160
AT1660,2025-11-28,TQ05,Unidade 1,Housekeeping,4,1,3,230
AT1661,2025-11-29,TQ01,Unidade 1,Housekeeping,15,2,13,245
AT1662,2025-11-29,TQ02,Unidade 1,Housekeeping,36,7,29,825
AT1663,2025-11-29,TQ03,Unidade 1,Housekeeping,20,4,16,504
AT1664,2025-11-29,TQ04,Unidade 1,Housekeeping,10,3,7,410
AT1665,2025-11-29,TQ05,Unidade 1,Housekeeping,3,1,2,180
AT1666,2025-11-30,TQ01,Unidade 1,Housekeeping,23,4,19,385
AT1667,2025-11-30,TQ02,Unidade 1,Housekeeping,29,8,21,700
AT1668,2025-11-30,TQ03,Unidade 1,Housekeeping,25,10,15,710
AT1669,2025-11-30,TQ04,Unidade 1,Housekeeping,2,1,1,90
AT1670,2025-11-30,TQ05,Unidade 1,Housekeeping,1,0,1,50
AT1671,2025-12-01,TQ01,Unidade 1,Housekeeping,11,3,8,195
AT1672,2025-12-01,TQ02,Unidade 1,Housekeeping,30,9,21,735
AT1673,2025-12-01,TQ03,Unidade 1,Housekeeping,17,5,12,454
AT1674,2025-12-01,TQ04,Unidade 1,Housekeeping,3,1,2,125
AT1675,2025-12-01,TQ05,Unidade 1,Housekeeping,3,1,2,180
AT1676,2025-12-02,TQ01,Unidade 1,Housekeeping,10,4,6,190
AT1677,2025-12-02,TQ02,Unidade 1,Housekeeping,24,9,15,615
AT1678,2025-12-02,TQ03,Unidade 1,Housekeeping,7,2,5,186
AT1679,2025-12-02,TQ04,Unidade 1,Housekeeping,5,2,3,215
AT1680,2025-12-02,TQ05,Unidade 1,Housekeeping,0,0,0,0
AT1681,2025-12-03,TQ01,Unidade 1,Housekeeping,7,2,5,125
AT1682,2025-12-03,TQ02,Unidade 1,Housekeeping,18,5,13,435
AT1683,2025-12-03,TQ03,Unidade 1,Housekeeping,14,4,10,372
AT1684,2025-12-03,TQ04,Unidade 1,Housekeeping,3,1,2,125
AT1685,2025-12-03,TQ05,Unidade 1,Housekeeping,2,1,1,130
AT1686,2025-12-04,TQ01,Unidade 1,Housekeeping,8,2,6,140
AT1687,2025-12-04,TQ02,Unidade 1,Housekeeping,25,5,20,575
AT1688,2025-12-04,TQ03,Unidade 1,Housekeeping,11,2,9,274
AT1689,2025-12-04,TQ04,Unidade 1,Housekeeping,1,0,1,35
AT1690,2025-12-04,TQ05,Unidade 1,Housekeeping,1,0,1,50
AT1691,2025-12-05,TQ01,Unidade 1,Housekeeping,14,3,11,240
AT1692,2025-12-05,TQ02,Unidade 1,Housekeeping,25,5,20,575
AT1693,2025-12-05,TQ03,Unidade 1,Housekeeping,8,2,6,208
AT1694,2025-12-05,TQ04,Unidade 1,Housekeeping,7,1,6,265
AT1695,2025-12-05,TQ05,Unidade 1,Housekeeping,2,0,2,100
AT1696,2025-12-06,TQ01,Unidade 1,Housekeeping,18,6,12,330
AT1697,2025-12-06,TQ02,Unidade 1,Housekeeping,22,8,14,560
AT1698,2025-12-06,TQ03,Unidade 1,Housekeeping,11,4,7,306
AT1699,2025-12-06,TQ04,Unidade 1,Housekeeping,1,1,0,55
AT1700,2025-12-06,TQ05,Unidade 1,Housekeeping,5,2,3,310
AT1701,2025-12-07,TQ01,Unidade 1,Housekeeping,18,4,14,310
AT1702,2025-12-07,TQ02,Unidade 1,Housekeeping,14,3,11,325
AT1703,2025-12-07,TQ03,Unidade 1,Housekeeping,15,3,12,378
AT1704,2025-12-07,TQ04,Unidade 1,Housekeeping,4,1,3,160
AT1705,2025-12-07,TQ05,Unidade 1,Housekeeping,5,2,3,310
AT1706,2025-12-08,TQ01,Unidade 1,Housekeeping,6,2,4,110
AT1707,2025-12-08,TQ02,Unidade 1,Housekeeping,26,8,18,640
AT1708,2025-12-08,TQ03,Unidade 1,Housekeeping,20,6,14,536
AT1709,2025-12-08,TQ04,Unidade 1,Housekeeping,6,2,4,250
AT1710,2025-12-08,TQ05,Unidade 1,Housekeeping,3,1,2,180
AT1711,2025-12-09,TQ01,Unidade 1,Housekeeping,8,2,6,140
AT1712,2025-12-09,TQ02,Unidade 1,Housekeeping,25,7,18,605
AT1713,2025-12-09,TQ03,Unidade 1,Housekeeping,10,3,7,268
AT1714,2025-12-09,TQ04,Unidade 1,Housekeeping,4,1,3,160
AT1715,2025-12-09,TQ05,Unidade 1,Housekeeping,2,0,2,100
AT1716,2025-12-10,TQ01,Unidade 1,Housekeeping,10,3,7,180
AT1717,2025-12-10,TQ02,Unidade 1,Housekeeping,21,6,15,510
AT1718,2025-12-10,TQ03,Unidade 1,Housekeeping,10,3,7,268
AT1719,2025-12-10,TQ04,Unidade 1,Housekeeping,2,0,2,70
AT1720,2025-12-10,TQ05,Unidade 1,Housekeeping,2,0,2,100
AT1721,2025-12-11,TQ01,Unidade 1,Housekeeping,19,7,12,355
AT1722,2025-12-11,TQ02,Unidade 1,Housekeeping,17,6,11,430
AT1723,2025-12-11,TQ03,Unidade 1,Housekeeping,5,2,3,142
AT1724,2025-12-11,TQ04,Unidade 1,Housekeeping,4,1,3,160
AT1725,2025-12-11,TQ05,Unidade 1,Housekeeping,0,0,0,0
AT1726,2025-12-12,TQ01,Unidade 1,Housekeeping,6,2,4,110
AT1727,2025-12-12,TQ02,Unidade 1,Housekeeping,27,10,17,690
AT1728,2025-12-12,TQ03,Unidade 1,Housekeeping,15,6,9,426
AT1729,2025-12-12,TQ04,Unidade 1,Housekeeping,5,2,3,215
AT1730,2025-12-12,TQ05,Unidade 1,Housekeeping,2,1,1,130
AT1731,2025-12-13,TQ01,Unidade 1,Housekeeping,6,2,4,110
AT1732,2025-12-13,TQ02,Unidade 1,Housekeeping,32,8,24,760
AT1733,2025-12-13,TQ03,Unidade 1,Housekeeping,9,2,7,230
AT1734,2025-12-13,TQ04,Unidade 1,Housekeeping,4,1,3,160
AT1735,2025-12-13,TQ05,Unidade 1,Housekeeping,1,0,1,50
AT1736,2025-12-14,TQ01,Unidade 1,Housekeeping,15,4,11,265
AT1737,2025-12-14,TQ02,Unidade 1,Housekeeping,27,7,20,645
AT1738,2025-12-14,TQ03,Unidade 1,Housekeeping,5,1,4,126
AT1739,2025-12-14,TQ04,Unidade 1,Housekeeping,5,1,4,195
AT1740,2025-12-14,TQ05,Unidade 1,Housekeeping,0,0,0,0
AT1741,2025-12-15,TQ01,Unidade 1,Housekeeping,8,3,5,150
AT1742,2025-12-15,TQ02,Unidade 1,Housekeeping,13,5,8,335
AT1743,2025-12-15,TQ03,Unidade 1,Housekeeping,13,4,9,350
AT1744,2025-12-15,TQ04,Unidade 1,Housekeeping,6,2,4,250
AT1745,2025-12-15,TQ05,Unidade 1,Housekeeping,4,1,3,230
AT1746,2025-12-16,TQ01,Unidade 1,Housekeeping,14,5,9,260
AT1747,2025-12-16,TQ02,Unidade 1,Housekeeping,20,7,13,505
AT1748,2025-12-16,TQ03,Unidade 1,Housekeeping,6,2,4,164
AT1749,2025-12-16,TQ04,Unidade 1,Housekeeping,4,1,3,160
AT1750,2025-12-16,TQ05,Unidade 1,Housekeeping,2,1,1,130
AT1751,2025-12-17,TQ01,Unidade 1,Housekeeping,10,4,6,190
AT1752,2025-12-17,TQ02,Unidade 1,Housekeeping,28,10,18,710
AT1753,2025-12-17,TQ03,Unidade 1,Housekeeping,4,1,3,104
AT1754,2025-12-17,TQ04,Unidade 1,Housekeeping,7,2,5,285
AT1755,2025-12-17,TQ05,Unidade 1,Housekeeping,0,0,0,0
AT1756,2025-12-18,TQ01,Unidade 1,Housekeeping,9,2,7,155
AT1757,2025-12-18,TQ02,Unidade 1,Housekeeping,18,5,13,435
AT1758,2025-12-18,TQ03,Unidade 1,Housekeeping,17,5,12,454
AT1759,2025-12-18,TQ04,Unidade 1,Housekeeping,10,4,6,430
AT1760,2025-12-18,TQ05,Unidade 1,Housekeeping,1,0,1,50
AT1761,2025-12-19,TQ01,Unidade 1,Housekeeping,9,2,7,155
AT1762,2025-12-19,TQ02,Unidade 1,Housekeeping,27,7,20,645
AT1763,2025-12-19,TQ03,Unidade 1,Housekeeping,16,4,12,416
AT1764,2025-12-19,TQ04,Unidade 1,Housekeeping,3,1,2,125
AT1765,2025-12-19,TQ05,Unidade 1,Housekeeping,2,0,2,100
AT1766,2025-12-20,TQ01,Unidade 1,Housekeeping,12,5,7,230
AT1767,2025-12-20,TQ02,Unidade 1,Housekeeping,28,11,17,725
AT1768,2025-12-20,TQ03,Unidade 1,Housekeeping,12,4,8,328
AT1769,2025-12-20,TQ04,Unidade 1,Housekeeping,5,2,3,215
AT1770,2025-12-20,TQ05,Unidade 1,Housekeeping,1,0,1,50
AT1771,2025-12-21,TQ01,Unidade 1,Housekeeping,9,3,6,165
AT1772,2025-12-21,TQ02,Unidade 1,Housekeeping,23,7,16,565
AT1773,2025-12-21,TQ03,Unidade 1,Housekeeping,21,7,14,574
AT1774,2025-12-21,TQ04,Unidade 1,Housekeeping,3,1,2,125
AT1775,2025-12-21,TQ05,Unidade 1,Housekeeping,4,1,3,230
AT1776,2025-12-22,TQ01,Unidade 1,Housekeeping,9,3,6,165
AT1777,2025-12-22,TQ02,Unidade 1,Housekeeping,22,7,15,545
AT1778,2025-12-22,TQ03,Unidade 1,Housekeeping,9,3,6,246
AT1779,2025-12-22,TQ04,Unidade 1,Housekeeping,3,1,2,125
AT1780,2025-12-22,TQ05,Unidade 1,Housekeeping,0,0,0,0
AT1781,2025-12-23,TQ01,Unidade 1,Housekeeping,18,4,14,310
AT1782,2025-12-23,TQ02,Unidade 1,Housekeeping,25,6,19,590
AT1783,2025-12-23,TQ03,Unidade 1,Housekeeping,3,1,2,82
AT1784,2025-12-23,TQ04,Unidade 1,Housekeeping,2,0,2,70
AT1785,2025-12-23,TQ05,Unidade 1,Housekeeping,0,0,0,0
AT1786,2025-12-24,TQ01,Unidade 1,Housekeeping,15,5,10,275
AT1787,2025-12-24,TQ02,Unidade 1,Housekeeping,17,6,11,430
AT1788,2025-12-24,TQ03,Unidade 1,Housekeeping,4,1,3,104
AT1789,2025-12-24,TQ04,Unidade 1,Housekeeping,10,3,7,410
AT1790,2025-12-24,TQ05,Unidade 1,Housekeeping,0,0,0,0
AT1791,2025-12-25,TQ01,Unidade 1,Housekeeping,16,4,12,280
AT1792,2025-12-25,TQ02,Unidade 1,Housekeeping,30,8,22,720
AT1793,2025-12-25,TQ03,Unidade 1,Housekeeping,11,3,8,290
AT1794,2025-12-25,TQ04,Unidade 1,Housekeeping,4,1,3,160
AT1795,2025-12-25,TQ05,Unidade 1,Housekeeping,0,0,0,0
AT1796,2025-12-26,TQ01,Unidade 1,Housekeeping,13,3,10,225
AT1797,2025-12-26,TQ02,Unidade 1,Housekeeping,22,5,17,515
AT1798,2025-12-26,TQ03,Unidade 1,Housekeeping,10,3,7,268
AT1799,2025-12-26,TQ04,Unidade 1,Housekeeping,1,0,1,35
AT1800,2025-12-26,TQ05,Unidade 1,Housekeeping,4,1,3,230
AT1801,2025-12-27,TQ01,Unidade 1,Housekeeping,17,4,13,295
AT1802,2025-12-27,TQ02,Unidade 1,Housekeeping,26,6,20,610
AT1803,2025-12-27,TQ03,Unidade 1,Housekeeping,11,3,8,290
AT1804,2025-12-27,TQ04,Unidade 1,Housekeeping,7,1,6,265
AT1805,2025-12-27,TQ05,Unidade 1,Housekeeping,1,0,1,50
AT1806,2025-12-28,TQ01,Unidade 1,Housekeeping,18,4,14,310
AT1807,2025-12-28,TQ02,Unidade 1,Housekeeping,24,5,19,555
AT1808,2025-12-28,TQ03,Unidade 1,Housekeeping,20,5,15,520
AT1809,2025-12-28,TQ04,Unidade 1,Housekeeping,2,0,2,70
AT1810,2025-12-28,TQ05,Unidade 1,Housekeeping,3,1,2,180
AT1811,2025-12-29,TQ01,Unidade 1,Housekeeping,7,1,6,115
AT1812,2025-12-29,TQ02,Unidade 1,Housekeeping,18,3,15,405
AT1813,2025-12-29,TQ03,Unidade 1,Housekeeping,8,2,6,208
AT1814,2025-12-29,TQ04,Unidade 1,Housekeeping,10,2,8,390
AT1815,2025-12-29,TQ05,Unidade 1,Housekeeping,5,1,4,280
AT1816,2025-12-30,TQ01,Unidade 1,Housekeeping,15,4,11,265
AT1817,2025-12-30,TQ02,Unidade 1,Housekeeping,18,6,12,450
AT1818,2025-12-30,TQ03,Unidade 1,Housekeeping,8,2,6,208
AT1819,2025-12-30,TQ04,Unidade 1,Housekeeping,4,1,3,160
AT1820,2025-12-30,TQ05,Unidade 1,Housekeeping,5,2,3,310
AT1821,2025-12-31,TQ01,Unidade 1,Housekeeping,12,4,8,220
AT1822,2025-12-31,TQ02,Unidade 1,Housekeeping,20,8,12,520
AT1823,2025-12-31,TQ03,Unidade 1,Housekeeping,15,6,9,426
AT1824,2025-12-31,TQ04,Unidade 1,Housekeeping,1,0,1,35
AT1825,2025-12-31,TQ05,Unidade 1,Housekeeping,3,1,2,180
