data,dia_semana,departamento,funcao,turno_id,colaboradores_minimos,colaboradores_ideais,origem_necessidade
2025-01-01,Quarta,Housekeeping,Empregada de andares,T1,4,5,histórico
2025-01-01,Quarta,Housekeeping,Supervisora,T1,2,2,histórico
2025-01-01,Quarta,Housekeeping,Auxiliar de limpeza,T1,1,1,histórico
2025-01-01,Quarta,Housekeeping,Empregada de andares,T2,2,3,histórico
2025-01-01,Quarta,Housekeeping,Supervisora,T2,1,1,histórico
2025-01-01,Quarta,Housekeeping,Auxiliar de limpeza,T2,1,1,histórico
2025-01-01,Quarta,Housekeeping,Empregada de andares,T3,2,2,manual
2025-01-01,Quarta,Housekeeping,Supervisora,T3,1,1,manual
2025-01-01,Quarta,Housekeeping,Auxiliar de limpeza,T3,1,1,manual
2025-01-02,Quinta,Housekeeping,Empregada de andares,T1,4,5,histórico
2025-01-02,Quinta,Housekeeping,Supervisora,T1,2,2,histórico
2025-01-02,Quinta,Housekeeping,Auxiliar de limpeza,T1,1,1,histórico
2025-01-02,Quinta,Housekeeping,Empregada de andares,T2,2,2,manual
2025-01-02,Quinta,Housekeeping,Supervisora,T2,1,1,manual
2025-01-02,Quinta,Housekeeping,Auxiliar de limpeza,T2,1,1,manual
2025-01-02,Quinta,Housekeeping,Empregada de andares,T3,2,2,previsão
2025-01-02,Quinta,Housekeeping,Supervisora,T3,1,1,previsão
2025-01-02,Quinta,Housekeeping,Auxiliar de limpeza,T3,1,1,previsão
2025-01-03,Sexta,Housekeeping,Empregada de andares,T1,3,4,previsão
2025-01-03,Sexta,Housekeeping,Supervisora,T1,1,2,previsão
2025-01-03,Sexta,Housekeeping,Auxiliar de limpeza,T1,1,1,previsão
2025-01-03,Sexta,Housekeeping,Empregada de andares,T2,2,2,histórico
2025-01-03,Sexta,Housekeeping,Supervisora,T2,1,1,histórico
2025-01-03,Sexta,Housekeeping,Auxiliar de limpeza,T2,1,1,histórico
2025-01-03,Sexta,Housekeeping,Empregada de andares,T3,1,1,histórico
2025-01-03,Sexta,Housekeeping,Supervisora,T3,1,1,histórico
2025-01-03,Sexta,Housekeeping,Auxiliar de limpeza,T3,1,1,histórico
2025-01-04,Sábado,Housekeeping,Empregada de andares,T1,5,5,histórico
2025-01-04,Sábado,Housekeeping,Supervisora,T1,2,2,histórico
2025-01-04,Sábado,Housekeeping,Auxiliar de limpeza,T1,1,1,histórico
2025-01-04,Sábado,Housekeeping,Empregada de andares,T2,2,2,histórico
2025-01-04,Sábado,Housekeeping,Supervisora,T2,1,1,histórico
2025-01-04,Sábado,Housekeeping,Auxiliar de limpeza,T2,1,1,histórico
2025-01-04,Sábado,Housekeeping,Empregada de andares,T3,2,2,manual
2025-01-04,Sábado,Housekeeping,Supervisora,T3,1,1,manual
2025-01-04,Sábado,Housekeeping,Auxiliar de limpeza,T3,1,1,manual
2025-01-05,Domingo,Housekeeping,Empregada de andares,T1,5,6,histórico
2025-01-05,Domingo,Housekeeping,Supervisora,T1,2,2,histórico
2025-01-05,Domingo,Housekeeping,Auxiliar de limpeza,T1,1,2,histórico
2025-01-05,Domingo,Housekeeping,Empregada de andares,T2,2,2,histórico
2025-01-05,Domingo,Housekeeping,Supervisora,T2,1,1,histórico
2025-01-05,Domingo,Housekeeping,Auxiliar de limpeza,T2,1,1,histórico
2025-01-05,Domingo,Housekeeping,Empregada de andares,T3,1,1,previsão
2025-01-05,Domingo,Housekeeping,Supervisora,T3,1,1,previsão
2025-01-05,Domingo,Housekeeping,Auxiliar de limpeza,T3,1,1,previsão
2025-01-06,Segunda,Housekeeping,Empregada de andares,T1,4,4,histórico
2025-01-06,Segunda,Housekeeping,Supervisora,T1,2,2,histórico
2025-01-06,Segunda,Housekeeping,Auxiliar de limpeza,T1,1,1,histórico
2025-01-06,Segunda,Housekeeping,Empregada de andares,T2,2,3,histórico
2025-01-06,Segunda,Housekeeping,Supervisora,T2,1,1,histórico
2025-01-06,Segunda,Housekeeping,Auxiliar de limpeza,T2,1,1,histórico
2025-01-06,Segunda,Housekeeping,Empregada de andares,T3,1,1,histórico
2025-01-06,Segunda,Housekeeping,Supervisora,T3,1,1,histórico
2025-01-06,Segunda,Housekeeping,Auxiliar de limpeza,T3,1,1,histórico
2025-01-07,Terça,Housekeeping,Empregada de andares,T1,4,4,previsão
2025-01-07,Terça,Housekeeping,Supervisora,T1,2,2,previsão
2025-01-07,Terça,Housekeeping,Auxiliar de limpeza,T1,1,1,previsão
2025-01-07,Terça,Housekeeping,Empregada de andares,T2,2,3,previsão
2025-01-07,Terça,Housekeeping,Supervisora,T2,1,1,previsão
2025-01-07,Terça,Housekeeping,Auxiliar de limpeza,T2,1,1,previsão
2025-01-07,Terça,Housekeeping,Empregada de andares,T3,2,2,histórico
2025-01-07,Terça,Housekeeping,Supervisora,T3,1,1,histórico
2025-01-07,Terça,Housekeeping,Auxiliar de limpeza,T3,1,1,histórico
2025-01-08,Quarta,Housekeeping,Empregada de andares,T1,4,5,histórico
2025-01-08,Quarta,Housekeeping,Supervisora,T1,2,2,histórico
2025-01-08,Quarta,Housekeeping,Auxiliar de limpeza,T1,1,1,histórico
2025-01-08,Quarta,Housekeeping,Empregada de andares,T2,2,3,previsão
2025-01-08,Quarta,Housekeeping,Supervisora,T2,1,1,previsão
2025-01-08,Quarta,Housekeeping,Auxiliar de limpeza,T2,1,1,previsão
2025-01-08,Quarta,Housekeeping,Empregada de andares,T3,1,2,previsão
2025-01-08,Quarta,Housekeeping,Supervisora,T3,1,1,previsão
2025-01-08,Quarta,Housekeeping,Auxiliar de limpeza,T3,1,1,previsão
2025-01-09,Quinta,Housekeeping,Empregada de andares,T1,3,4,histórico
2025-01-09,Quinta,Housekeeping,Supervisora,T1,1,2,histórico
2025-01-09,Quinta,Housekeeping,Auxiliar de limpeza,T1,1,1,histórico
2025-01-09,Quinta,Housekeeping,Empregada de andares,T2,3,3,manual
2025-01-09,Quinta,Housekeeping,Supervisora,T2,1,2,manual
2025-01-09,Quinta,Housekeeping,Auxiliar de limpeza,T2,1,1,manual
2025-01-09,Quinta,Housekeeping,Empregada de andares,T3,1,2,manual
2025-01-09,Quinta,Housekeeping,Supervisora,T3,1,1,manual
2025-01-09,Quinta,Housekeeping,Auxiliar de limpeza,T3,1,1,manual
2025-01-10,Sexta,Housekeeping,Empregada de andares,T1,4,5,histórico
2025-01-10,Sexta,Housekeeping,Supervisora,T1,2,2,histórico
2025-01-10,Sexta,Housekeeping,Auxiliar de limpeza,T1,1,1,histórico
2025-01-10,Sexta,Housekeeping,Empregada de andares,T2,3,3,previsão
2025-01-10,Sexta,Housekeeping,Supervisora,T2,1,2,previsão
2025-01-10,Sexta,Housekeeping,Auxiliar de limpeza,T2,1,1,previsão
2025-01-10,Sexta,Housekeeping,Empregada de andares,T3,2,2,manual
2025-01-10,Sexta,Housekeeping,Supervisora,T3,1,1,manual
2025-01-10,Sexta,Housekeeping,Auxiliar de limpeza,T3,1,1,manual
2025-01-11,Sábado,Housekeeping,Empregada de andares,T1,4,5,manual
2025-01-11,Sábado,Housekeeping,Supervisora,T1,2,2,manual
2025-01-11,Sábado,Housekeeping,Auxiliar de limpeza,T1,1,1,manual
2025-01-11,Sábado,Housekeeping,Empregada de andares,T2,2,2,histórico
2025-01-11,Sábado,Housekeeping,Supervisora,T2,1,1,histórico
2025-01-11,Sábado,Housekeeping,Auxiliar de limpeza,T2,1,1,histórico
2025-01-11,Sábado,Housekeeping,Empregada de andares,T3,1,1,histórico
2025-01-11,Sábado,Housekeeping,Supervisora,T3,1,1,histórico
2025-01-11,Sábado,Housekeeping,Auxiliar de limpeza,T3,1,1,histórico
2025-01-12,Domingo,Housekeeping,Empregada de andares,T1,5,6,previsão
2025-01-12,Domingo,Housekeeping,Supervisora,T1,2,2,previsão
2025-01-12,Domingo,Housekeeping,Auxiliar de limpeza,T1,1,2,previsão
2025-01-12,Domingo,Housekeeping,Empregada de andares,T2,3,3,manual
2025-01-12,Domingo,Housekeeping,Supervisora,T2,1,2,manual
2025-01-12,Domingo,Housekeeping,Auxiliar de limpeza,T2,1,1,manual
2025-01-12,Domingo,Housekeeping,Empregada de andares,T3,1,1,histórico
2025-01-12,Domingo,Housekeeping,Supervisora,T3,1,1,histórico
2025-01-12,Domingo,Housekeeping,Auxiliar de limpeza,T3,1,1,histórico
2025-01-13,Segunda,Housekeeping,Empregada de andares,T1,4,5,histórico
2025-01-13,Segunda,Housekeeping,Supervisora,T1,2,2,histórico
2025-01-13,Segunda,Housekeeping,Auxiliar de limpeza,T1,1,1,histórico
2025-01-13,Segunda,Housekeeping,Empregada de andares,T2,2,3,histórico
2025-01-13,Segunda,Housekeeping,Supervisora,T2,1,1,histórico
2025-01-13,Segunda,Housekeeping,Auxiliar de limpeza,T2,1,1,histórico
2025-01-13,Segunda,Housekeeping,Empregada de andares,T3,1,1,histórico
2025-01-13,Segunda,Housekeeping,Supervisora,T3,1,1,histórico
2025-01-13,Segunda,Housekeeping,Auxiliar de limpeza,T3,1,1,histórico
2025-01-14,Terça,Housekeeping,Empregada de andares,T1,4,4,previsão
2025-01-14,Terça,Housekeeping,Supervisora,T1,2,2,previsão
2025-01-14,Terça,Housekeeping,Auxiliar de limpeza,T1,1,1,previsão
2025-01-14,Terça,Housekeeping,Empregada de andares,T2,2,3,previsão
2025-01-14,Terça,Housekeeping,Supervisora,T2,1,1,previsão
2025-01-14,Terça,Housekeeping,Auxiliar de limpeza,T2,1,1,previsão
2025-01-14,Terça,Housekeeping,Empregada de andares,T3,2,2,previsão
2025-01-14,Terça,Housekeeping,Supervisora,T3,1,1,previsão
2025-01-14,Terça,Housekeeping,Auxiliar de limpeza,T3,1,1,previsão
2025-01-15,Quarta,Housekeeping,Empregada de andares,T1,4,4,histórico
2025-01-15,Quarta,Housekeeping,Supervisora,T1,2,2,histórico
2025-01-15,Quarta,Housekeeping,Auxiliar de limpeza,T1,1,1,histórico
2025-01-15,Quarta,Housekeeping,Empregada de andares,T2,2,2,manual
2025-01-15,Quarta,Housekeeping,Supervisora,T2,1,1,manual
2025-01-15,Quarta,Housekeeping,Auxiliar de limpeza,T2,1,1,manual
2025-01-15,Quarta,Housekeeping,Empregada de andares,T3,2,2,histórico
2025-01-15,Quarta,Housekeeping,Supervisora,T3,1,1,histórico
2025-01-15,Quarta,Housekeeping,Auxiliar de limpeza,T3,1,1,histórico
2025-01-16,Quinta,Housekeeping,Empregada de andares,T1,3,4,manual
2025-01-16,Quinta,Housekeeping,Supervisora,T1,1,2,manual
2025-01-16,Quinta,Housekeeping,Auxiliar de limpeza,T1,1,1,manual
2025-01-16,Quinta,Housekeeping,Empregada de andares,T2,2,2,histórico
2025-01-16,Quinta,Housekeeping,Supervisora,T2,1,1,histórico
2025-01-16,Quinta,Housekeeping,Auxiliar de limpeza,T2,1,1,histórico
2025-01-16,Quinta,Housekeeping,Empregada de andares,T3,1,1,histórico
2025-01-16,Quinta,Housekeeping,Supervisora,T3,1,1,histórico
2025-01-16,Quinta,Housekeeping,Auxiliar de limpeza,T3,1,1,histórico
2025-01-17,Sexta,Housekeeping,Empregada de andares,T1,3,4,histórico
2025-01-17,Sexta,Housekeeping,Supervisora,T1,1,2,histórico
2025-01-17,Sexta,Housekeeping,Auxiliar de limpeza,T1,1,1,histórico
2025-01-17,Sexta,Housekeeping,Empregada de andares,T2,2,3,previsão
2025-01-17,Sexta,Housekeeping,Supervisora,T2,1,1,previsão
2025-01-17,Sexta,Housekeeping,Auxiliar de limpeza,T2,1,1,previsão
2025-01-17,Sexta,Housekeeping,Empregada de andares,T3,1,2,histórico
2025-01-17,Sexta,Housekeeping,Supervisora,T3,1,1,histórico
2025-01-17,Sexta,Housekeeping,Auxiliar de limpeza,T3,1,1,histórico
2025-01-18,Sábado,Housekeeping,Empregada de andares,T1,5,6,previsão
2025-01-18,Sábado,Housekeeping,Supervisora,T1,2,2,previsão
2025-01-18,Sábado,Housekeeping,Auxiliar de limpeza,T1,1,2,previsão
2025-01-18,Sábado,Housekeeping,Empregada de andares,T2,3,3,histórico
2025-01-18,Sábado,Housekeeping,Supervisora,T2,1,2,histórico
2025-01-18,Sábado,Housekeeping,Auxiliar de limpeza,T2,1,1,histórico
2025-01-18,Sábado,Housekeeping,Empregada de andares,T3,2,2,histórico
2025-01-18,Sábado,Housekeeping,Supervisora,T3,1,1,histórico
2025-01-18,Sábado,Housekeeping,Auxiliar de limpeza,T3,1,1,histórico
2025-01-19,Domingo,Housekeeping,Empregada de andares,T1,5,5,histórico
2025-01-19,Domingo,Housekeeping,Supervisora,T1,2,2,histórico
2025-01-19,Domingo,Housekeeping,Auxiliar de limpeza,T1,1,1,histórico
2025-01-19,Domingo,Housekeeping,Empregada de andares,T2,2,2,histórico
2025-01-19,Domingo,Housekeeping,Supervisora,T2,1,1,histórico
2025-01-19,Domingo,Housekeeping,Auxiliar de limpeza,T2,1,1,histórico
2025-01-19,Domingo,Housekeeping,Empregada de andares,T3,1,1,previsão
2025-01-19,Domingo,Housekeeping,Supervisora,T3,1,1,previsão
2025-01-19,Domingo,Housekeeping,Auxiliar de limpeza,T3,1,1,previsão
2025-01-20,Segunda,Housekeeping,Empregada de andares,T1,3,4,histórico
2025-01-20,Segunda,Housekeeping,Supervisora,T1,1,2,histórico
2025-01-20,Segunda,Housekeeping,Auxiliar de limpeza,T1,1,1,histórico
2025-01-20,Segunda,Housekeeping,Empregada de andares,T2,2,2,previsão
2025-01-20,Segunda,Housekeeping,Supervisora,T2,1,1,previsão
2025-01-20,Segunda,Housekeeping,Auxiliar de limpeza,T2,1,1,previsão
2025-01-20,Segunda,Housekeeping,Empregada de andares,T3,2,2,previsão
2025-01-20,Segunda,Housekeeping,Supervisora,T3,1,1,previsão
2025-01-20,Segunda,Housekeeping,Auxiliar de limpeza,T3,1,1,previsão
2025-01-21,Terça,Housekeeping,Empregada de andares,T1,4,4,previsão
2025-01-21,Terça,Housekeeping,Supervisora,T1,2,2,previsão
2025-01-21,Terça,Housekeeping,Auxiliar de limpeza,T1,1,1,previsão
2025-01-21,Terça,Housekeeping,Empregada de andares,T2,3,3,histórico
2025-01-21,Terça,Housekeeping,Supervisora,T2,1,2,histórico
2025-01-21,Terça,Housekeeping,Auxiliar de limpeza,T2,1,1,histórico
2025-01-21,Terça,Housekeeping,Empregada de andares,T3,2,2,histórico
2025-01-21,Terça,Housekeeping,Supervisora,T3,1,1,histórico
2025-01-21,Terça,Housekeeping,Auxiliar de limpeza,T3,1,1,histórico
2025-01-22,Quarta,Housekeeping,Empregada de andares,T1,3,4,manual
2025-01-22,Quarta,Housekeeping,Supervisora,T1,1,2,manual
2025-01-22,Quarta,Housekeeping,Auxiliar de limpeza,T1,1,1,manual
2025-01-22,Quarta,Housekeeping,Empregada de andares,T2,2,3,histórico
2025-01-22,Quarta,Housekeeping,Supervisora,T2,1,1,histórico
2025-01-22,Quarta,Housekeeping,Auxiliar de limpeza,T2,1,1,histórico
2025-01-22,Quarta,Housekeeping,Empregada de andares,T3,1,1,manual
2025-01-22,Quarta,Housekeeping,Supervisora,T3,1,1,manual
2025-01-22,Quarta,Housekeeping,Auxiliar de limpeza,T3,1,1,manual
2025-01-23,Quinta,Housekeeping,Empregada de andares,T1,3,4,histórico
2025-01-23,Quinta,Housekeeping,Supervisora,T1,1,2,histórico
2025-01-23,Quinta,Housekeeping,Auxiliar de limpeza,T1,1,1,histórico
2025-01-23,Quinta,Housekeeping,Empregada de andares,T2,2,3,previsão
2025-01-23,Quinta,Housekeeping,Supervisora,T2,1,1,previsão
2025-01-23,Quinta,Housekeeping,Auxiliar de limpeza,T2,1,1,previsão
2025-01-23,Quinta,Housekeeping,Empregada de andares,T3,1,2,histórico
2025-01-23,Quinta,Housekeeping,Supervisora,T3,1,1,histórico
2025-01-23,Quinta,Housekeeping,Auxiliar de limpeza,T3,1,1,histórico
2025-01-24,Sexta,Housekeeping,Empregada de andares,T1,4,4,histórico
2025-01-24,Sexta,Housekeeping,Supervisora,T1,2,2,histórico
2025-01-24,Sexta,Housekeeping,Auxiliar de limpeza,T1,1,1,histórico
2025-01-24,Sexta,Housekeeping,Empregada de andares,T2,2,2,manual
2025-01-24,Sexta,Housekeeping,Supervisora,T2,1,1,manual
2025-01-24,Sexta,Housekeeping,Auxiliar de limpeza,T2,1,1,manual
2025-01-24,Sexta,Housekeeping,Empregada de andares,T3,2,2,histórico
2025-01-24,Sexta,Housekeeping,Supervisora,T3,1,1,histórico
2025-01-24,Sexta,Housekeeping,Auxiliar de limpeza,T3,1,1,histórico
2025-01-25,Sábado,Housekeeping,Empregada de andares,T1,5,6,manual
2025-01-25,Sábado,Housekeeping,Supervisora,T1,2,2,manual
2025-01-25,Sábado,Housekeeping,Auxiliar de limpeza,T1,1,2,manual
2025-01-25,Sábado,Housekeeping,Empregada de andares,T2,2,3,histórico
2025-01-25,Sábado,Housekeeping,Supervisora,T2,1,1,histórico
2025-01-25,Sábado,Housekeeping,Auxiliar de limpeza,T2,1,1,histórico
2025-01-25,Sábado,Housekeeping,Empregada de andares,T3,1,1,histórico
2025-01-25,Sábado,Housekeeping,Supervisora,T3,1,1,histórico
2025-01-25,Sábado,Housekeeping,Auxiliar de limpeza,T3,1,1,histórico
2025-01-26,Domingo,Housekeeping,Empregada de andares,T1,4,5,previsão
2025-01-26,Domingo,Housekeeping,Supervisora,T1,2,2,previsão
2025-01-26,Domingo,Housekeeping,Auxiliar de limpeza,T1,1,1,previsão
2025-01-26,Domingo,Housekeeping,Empregada de andares,T2,2,2,histórico
2025-01-26,Domingo,Housekeeping,Supervisora,T2,1,1,histórico
2025-01-26,Domingo,Housekeeping,Auxiliar de limpeza,T2,1,1,histórico
2025-01-26,Domingo,Housekeeping,Empregada de andares,T3,1,1,histórico
2025-01-26,Domingo,Housekeeping,Supervisora,T3,1,1,histórico
2025-01-26,Domingo,Housekeeping,Auxiliar de limpeza,T3,1,1,histórico
2025-01-27,Segunda,Housekeeping,Empregada de andares,T1,4,5,previsão
2025-01-27,Segunda,Housekeeping,Supervisora,T1,2,2,previsão
2025-01-27,Segunda,Housekeeping,Auxiliar de limpeza,T1,1,1,previsão
2025-01-27,Segunda,Housekeeping,Empregada de andares,T2,3,3,histórico
2025-01-27,Segunda,Housekeeping,Supervisora,T2,1,2,histórico
2025-01-27,Segunda,Housekeeping,Auxiliar de limpeza,T2,1,1,histórico
2025-01-27,Segunda,Housekeeping,Empregada de andares,T3,1,2,histórico
2025-01-27,Segunda,Housekeeping,Supervisora,T3,1,1,histórico
2025-01-27,Segunda,Housekeeping,Auxiliar de limpeza,T3,1,1,histórico
2025-01-28,Terça,Housekeeping,Empregada de andares,T1,4,5,previsão
2025-01-28,Terça,Housekeeping,Supervisora,T1,2,2,previsão
2025-01-28,Terça,Housekeeping,Auxiliar de limpeza,T1,1,1,previsão
2025-01-28,Terça,Housekeeping,Empregada de andares,T2,2,2,histórico
2025-01-28,Terça,Housekeeping,Supervisora,T2,1,1,histórico
2025-01-28,Terça,Housekeeping,Auxiliar de limpeza,T2,1,1,histórico
2025-01-28,Terça,Housekeeping,Empregada de andares,T3,1,1,histórico
2025-01-28,Terça,Housekeeping,Supervisora,T3,1,1,histórico
2025-01-28,Terça,Housekeeping,Auxiliar de limpeza,T3,1,1,histórico
2025-01-29,Quarta,Housekeeping,Empregada de andares,T1,3,4,previsão
2025-01-29,Quarta,Housekeeping,Supervisora,T1,1,2,previsão
2025-01-29,Quarta,Housekeeping,Auxiliar de limpeza,T1,1,1,previsão
2025-01-29,Quarta,Housekeeping,Empregada de andares,T2,2,3,histórico
2025-01-29,Quarta,Housekeeping,Supervisora,T2,1,1,histórico
2025-01-29,Quarta,Housekeeping,Auxiliar de limpeza,T2,1,1,histórico
2025-01-29,Quarta,Housekeeping,Empregada de andares,T3,1,2,histórico
2025-01-29,Quarta,Housekeeping,Supervisora,T3,1,1,histórico
2025-01-29,Quarta,Housekeeping,Auxiliar de limpeza,T3,1,1,histórico
2025-01-30,Quinta,Housekeeping,Empregada de andares,T1,4,5,histórico
2025-01-30,Quinta,Housekeeping,Supervisora,T1,2,2,histórico
2025-01-30,Quinta,Housekeeping,Auxiliar de limpeza,T1,1,1,histórico
2025-01-30,Quinta,Housekeeping,Empregada de andares,T2,2,3,previsão
2025-01-30,Quinta,Housekeeping,Supervisora,T2,1,1,previsão
2025-01-30,Quinta,Housekeeping,Auxiliar de limpeza,T2,1,1,previsão
2025-01-30,Quinta,Housekeeping,Empregada de andares,T3,2,2,previsão
2025-01-30,Quinta,Housekeeping,Supervisora,T3,1,1,previsão
2025-01-30,Quinta,Housekeeping,Auxiliar de limpeza,T3,1,1,previsão
2025-01-31,Sexta,Housekeeping,Empregada de andares,T1,3,4,histórico
2025-01-31,Sexta,Housekeeping,Supervisora,T1,1,2,histórico
2025-01-31,Sexta,Housekeeping,Auxiliar de limpeza,T1,1,1,histórico
2025-01-31,Sexta,Housekeeping,Empregada de andares,T2,2,2,previsão
2025-01-31,Sexta,Housekeeping,Supervisora,T2,1,1,previsão
2025-01-31,Sexta,Housekeeping,Auxiliar de limpeza,T2,1,1,previsão
2025-01-31,Sexta,Housekeeping,Empregada de andares,T3,1,2,previsão
2025-01-31,Sexta,Housekeeping,Supervisora,T3,1,1,previsão
2025-01-31,Sexta,Housekeeping,Auxiliar de limpeza,T3,1,1,previsão
2025-02-01,Sábado,Housekeeping,Empregada de andares,T1,4,5,previsão
2025-02-01,Sábado,Housekeeping,Supervisora,T1,2,2,previsão
2025-02-01,Sábado,Housekeeping,Auxiliar de limpeza,T1,1,1,previsão
2025-02-01,Sábado,Housekeeping,Empregada de andares,T2,3,3,previsão
2025-02-01,Sábado,Housekeeping,Supervisora,T2,1,2,previsão
2025-02-01,Sábado,Housekeeping,Auxiliar de limpeza,T2,1,1,previsão
2025-02-01,Sábado,Housekeeping,Empregada de andares,T3,1,2,previsão
2025-02-01,Sábado,Housekeeping,Supervisora,T3,1,1,previsão
2025-02-01,Sábado,Housekeeping,Auxiliar de limpeza,T3,1,1,previsão
2025-02-02,Domingo,Housekeeping,Empregada de andares,T1,4,5,histórico
2025-02-02,Domingo,Housekeeping,Supervisora,T1,2,2,histórico
2025-02-02,Domingo,Housekeeping,Auxiliar de limpeza,T1,1,1,histórico
2025-02-02,Domingo,Housekeeping,Empregada de andares,T2,2,3,histórico
2025-02-02,Domingo,Housekeeping,Supervisora,T2,1,1,histórico
2025-02-02,Domingo,Housekeeping,Auxiliar de limpeza,T2,1,1,histórico
2025-02-02,Domingo,Housekeeping,Empregada de andares,T3,2,2,histórico
2025-02-02,Domingo,Housekeeping,Supervisora,T3,1,1,histórico
2025-02-02,Domingo,Housekeeping,Auxiliar de limpeza,T3,1,1,histórico
2025-02-03,Segunda,Housekeeping,Empregada de andares,T1,4,5,previsão
2025-02-03,Segunda,Housekeeping,Supervisora,T1,2,2,previsão
2025-02-03,Segunda,Housekeeping,Auxiliar de limpeza,T1,1,1,previsão
2025-02-03,Segunda,Housekeeping,Empregada de andares,T2,2,2,previsão
2025-02-03,Segunda,Housekeeping,Supervisora,T2,1,1,previsão
2025-02-03,Segunda,Housekeeping,Auxiliar de limpeza,T2,1,1,previsão
2025-02-03,Segunda,Housekeeping,Empregada de andares,T3,1,2,previsão
2025-02-03,Segunda,Housekeeping,Supervisora,T3,1,1,previsão
2025-02-03,Segunda,Housekeeping,Auxiliar de limpeza,T3,1,1,previsão
2025-02-04,Terça,Housekeeping,Empregada de andares,T1,4,4,manual
2025-02-04,Terça,Housekeeping,Supervisora,T1,2,2,manual
2025-02-04,Terça,Housekeeping,Auxiliar de limpeza,T1,1,1,manual
2025-02-04,Terça,Housekeeping,Empregada de andares,T2,3,3,histórico
2025-02-04,Terça,Housekeeping,Supervisora,T2,1,2,histórico
2025-02-04,Terça,Housekeeping,Auxiliar de limpeza,T2,1,1,histórico
2025-02-04,Terça,Housekeeping,Empregada de andares,T3,2,2,histórico
2025-02-04,Terça,Housekeeping,Supervisora,T3,1,1,histórico
2025-02-04,Terça,Housekeeping,Auxiliar de limpeza,T3,1,1,histórico
2025-02-05,Quarta,Housekeeping,Empregada de andares,T1,4,4,histórico
2025-02-05,Quarta,Housekeeping,Supervisora,T1,2,2,histórico
2025-02-05,Quarta,Housekeeping,Auxiliar de limpeza,T1,1,1,histórico
2025-02-05,Quarta,Housekeeping,Empregada de andares,T2,3,3,previsão
2025-02-05,Quarta,Housekeeping,Supervisora,T2,1,2,previsão
2025-02-05,Quarta,Housekeeping,Auxiliar de limpeza,T2,1,1,previsão
2025-02-05,Quarta,Housekeeping,Empregada de andares,T3,2,2,previsão
2025-02-05,Quarta,Housekeeping,Supervisora,T3,1,1,previsão
2025-02-05,Quarta,Housekeeping,Auxiliar de limpeza,T3,1,1,previsão
2025-02-06,Quinta,Housekeeping,Empregada de andares,T1,3,4,histórico
2025-02-06,Quinta,Housekeeping,Supervisora,T1,1,2,histórico
2025-02-06,Quinta,Housekeeping,Auxiliar de limpeza,T1,1,1,histórico
2025-02-06,Quinta,Housekeeping,Empregada de andares,T2,2,2,histórico
2025-02-06,Quinta,Housekeeping,Supervisora,T2,1,1,histórico
2025-02-06,Quinta,Housekeeping,Auxiliar de limpeza,T2,1,1,histórico
2025-02-06,Quinta,Housekeeping,Empregada de andares,T3,2,2,histórico
2025-02-06,Quinta,Housekeeping,Supervisora,T3,1,1,histórico
2025-02-06,Quinta,Housekeeping,Auxiliar de limpeza,T3,1,1,histórico
2025-02-07,Sexta,Housekeeping,Empregada de andares,T1,4,5,histórico
2025-02-07,Sexta,Housekeeping,Supervisora,T1,2,2,histórico
2025-02-07,Sexta,Housekeeping,Auxiliar de limpeza,T1,1,1,histórico
2025-02-07,Sexta,Housekeeping,Empregada de andares,T2,2,2,histórico
2025-02-07,Sexta,Housekeeping,Supervisora,T2,1,1,histórico
2025-02-07,Sexta,Housekeeping,Auxiliar de limpeza,T2,1,1,histórico
2025-02-07,Sexta,Housekeeping,Empregada de andares,T3,1,1,histórico
2025-02-07,Sexta,Housekeeping,Supervisora,T3,1,1,histórico
2025-02-07,Sexta,Housekeeping,Auxiliar de limpeza,T3,1,1,histórico
2025-02-08,Sábado,Housekeeping,Empregada de andares,T1,5,5,histórico
2025-02-08,Sábado,Housekeeping,Supervisora,T1,2,2,histórico
2025-02-08,Sábado,Housekeeping,Auxiliar de limpeza,T1,1,1,histórico
2025-02-08,Sábado,Housekeeping,Empregada de andares,T2,3,3,histórico
2025-02-08,Sábado,Housekeeping,Supervisora,T2,1,2,histórico
2025-02-08,Sábado,Housekeeping,Auxiliar de limpeza,T2,1,1,histórico
2025-02-08,Sábado,Housekeeping,Empregada de andares,T3,2,2,histórico
2025-02-08,Sábado,Housekeeping,Supervisora,T3,1,1,histórico
2025-02-08,Sábado,Housekeeping,Auxiliar de limpeza,T3,1,1,histórico
2025-02-09,Domingo,Housekeeping,Empregada de andares,T1,5,6,previsão
2025-02-09,Domingo,Housekeeping,Supervisora,T1,2,2,previsão
2025-02-09,Domingo,Housekeeping,Auxiliar de limpeza,T1,1,2,previsão
2025-02-09,Domingo,Housekeeping,Empregada de andares,T2,2,3,previsão
2025-02-09,Domingo,Housekeeping,Supervisora,T2,1,1,previsão
2025-02-09,Domingo,Housekeeping,Auxiliar de limpeza,T2,1,1,previsão
2025-02-09,Domingo,Housekeeping,Empregada de andares,T3,2,2,previsão
2025-02-09,Domingo,Housekeeping,Supervisora,T3,1,1,previsão
2025-02-09,Domingo,Housekeeping,Auxiliar de limpeza,T3,1,1,previsão
2025-02-10,Segunda,Housekeeping,Empregada de andares,T1,3,4,previsão
2025-02-10,Segunda,Housekeeping,Supervisora,T1,1,2,previsão
2025-02-10,Segunda,Housekeeping,Auxiliar de limpeza,T1,1,1,previsão
2025-02-10,Segunda,Housekeeping,Empregada de andares,T2,3,3,histórico
2025-02-10,Segunda,Housekeeping,Supervisora,T2,1,2,histórico
2025-02-10,Segunda,Housekeeping,Auxiliar de limpeza,T2,1,1,histórico
2025-02-10,Segunda,Housekeeping,Empregada de andares,T3,2,2,histórico
2025-02-10,Segunda,Housekeeping,Supervisora,T3,1,1,histórico
2025-02-10,Segunda,Housekeeping,Auxiliar de limpeza,T3,1,1,histórico
2025-02-11,Terça,Housekeeping,Empregada de andares,T1,3,4,histórico
2025-02-11,Terça,Housekeeping,Supervisora,T1,1,2,histórico
2025-02-11,Terça,Housekeeping,Auxiliar de limpeza,T1,1,1,histórico
2025-02-11,Terça,Housekeeping,Empregada de andares,T2,2,3,histórico
2025-02-11,Terça,Housekeeping,Supervisora,T2,1,1,histórico
2025-02-11,Terça,Housekeeping,Auxiliar de limpeza,T2,1,1,histórico
2025-02-11,Terça,Housekeeping,Empregada de andares,T3,1,1,previsão
2025-02-11,Terça,Housekeeping,Supervisora,T3,1,1,previsão
2025-02-11,Terça,Housekeeping,Auxiliar de limpeza,T3,1,1,previsão
2025-02-12,Quarta,Housekeeping,Empregada de andares,T1,3,4,histórico
2025-02-12,Quarta,Housekeeping,Supervisora,T1,1,2,histórico
2025-02-12,Quarta,Housekeeping,Auxiliar de limpeza,T1,1,1,histórico
2025-02-12,Quarta,Housekeeping,Empregada de andares,T2,3,3,histórico
2025-02-12,Quarta,Housekeeping,Supervisora,T2,1,2,histórico
2025-02-12,Quarta,Housekeeping,Auxiliar de limpeza,T2,1,1,histórico
2025-02-12,Quarta,Housekeeping,Empregada de andares,T3,1,2,histórico
2025-02-12,Quarta,Housekeeping,Supervisora,T3,1,1,histórico
2025-02-12,Quarta,Housekeeping,Auxiliar de limpeza,T3,1,1,histórico
2025-02-13,Quinta,Housekeeping,Empregada de andares,T1,4,4,histórico
2025-02-13,Quinta,Housekeeping,Supervisora,T1,2,2,histórico
2025-02-13,Quinta,Housekeeping,Auxiliar de limpeza,T1,1,1,histórico
2025-02-13,Quinta,Housekeeping,Empregada de andares,T2,3,3,histórico
2025-02-13,Quinta,Housekeeping,Supervisora,T2,1,2,histórico
2025-02-13,Quinta,Housekeeping,Auxiliar de limpeza,T2,1,1,histórico
2025-02-13,Quinta,Housekeeping,Empregada de andares,T3,2,2,previsão
2025-02-13,Quinta,Housekeeping,Supervisora,T3,1,1,previsão
2025-02-13,Quinta,Housekeeping,Auxiliar de limpeza,T3,1,1,previsão
2025-02-14,Sexta,Housekeeping,Empregada de andares,T1,3,4,previsão
2025-02-14,Sexta,Housekeeping,Supervisora,T1,1,2,previsão
2025-02-14,Sexta,Housekeeping,Auxiliar de limpeza,T1,1,1,previsão
2025-02-14,Sexta,Housekeeping,Empregada de andares,T2,3,3,histórico
2025-02-14,Sexta,Housekeeping,Supervisora,T2,1,2,histórico
2025-02-14,Sexta,Housekeeping,Auxiliar de limpeza,T2,1,1,histórico
2025-02-14,Sexta,Housekeeping,Empregada de andares,T3,1,2,manual
2025-02-14,Sexta,Housekeeping,Supervisora,T3,1,1,manual
2025-02-14,Sexta,Housekeeping,Auxiliar de limpeza,T3,1,1,manual
2025-02-15,Sábado,Housekeeping,Empregada de andares,T1,4,5,histórico
2025-02-15,Sábado,Housekeeping,Supervisora,T1,2,2,histórico
2025-02-15,Sábado,Housekeeping,Auxiliar de limpeza,T1,1,1,histórico
2025-02-15,Sábado,Housekeeping,Empregada de andares,T2,2,2,histórico
2025-02-15,Sábado,Housekeeping,Supervisora,T2,1,1,histórico
2025-02-15,Sábado,Housekeeping,Auxiliar de limpeza,T2,1,1,histórico
2025-02-15,Sábado,Housekeeping,Empregada de andares,T3,1,1,manual
2025-02-15,Sábado,Housekeeping,Supervisora,T3,1,1,manual
2025-02-15,Sábado,Housekeeping,Auxiliar de limpeza,T3,1,1,manual
2025-02-16,Domingo,Housekeeping,Empregada de andares,T1,4,5,histórico
2025-02-16,Domingo,Housekeeping,Supervisora,T1,2,2,histórico
2025-02-16,Domingo,Housekeeping,Auxiliar de limpeza,T1,1,1,histórico
2025-02-16,Domingo,Housekeeping,Empregada de andares,T2,3,3,histórico
2025-02-16,Domingo,Housekeeping,Supervisora,T2,1,2,histórico
2025-02-16,Domingo,Housekeeping,Auxiliar de limpeza,T2,1,1,histórico
2025-02-16,Domingo,Housekeeping,Empregada de andares,T3,1,1,histórico
2025-02-16,Domingo,Housekeeping,Supervisora,T3,1,1,histórico
2025-02-16,Domingo,Housekeeping,Auxiliar de limpeza,T3,1,1,histórico
2025-02-17,Segunda,Housekeeping,Empregada de andares,T1,4,5,histórico
2025-02-17,Segunda,Housekeeping,Supervisora,T1,2,2,histórico
2025-02-17,Segunda,Housekeeping,Auxiliar de limpeza,T1,1,1,histórico
2025-02-17,Segunda,Housekeeping,Empregada de andares,T2,3,3,histórico
2025-02-17,Segunda,Housekeeping,Supervisora,T2,1,2,histórico
2025-02-17,Segunda,Housekeeping,Auxiliar de limpeza,T2,1,1,histórico
2025-02-17,Segunda,Housekeeping,Empregada de andares,T3,1,2,histórico
2025-02-17,Segunda,Housekeeping,Supervisora,T3,1,1,histórico
2025-02-17,Segunda,Housekeeping,Auxiliar de limpeza,T3,1,1,histórico
2025-02-18,Terça,Housekeeping,Empregada de andares,T1,3,4,histórico
2025-02-18,Terça,Housekeeping,Supervisora,T1,1,2,histórico
2025-02-18,Terça,Housekeeping,Auxiliar de limpeza,T1,1,1,histórico
2025-02-18,Terça,Housekeeping,Empregada de andares,T2,2,2,histórico
2025-02-18,Terça,Housekeeping,Supervisora,T2,1,1,histórico
2025-02-18,Terça,Housekeeping,Auxiliar de limpeza,T2,1,1,histórico
2025-02-18,Terça,Housekeeping,Empregada de andares,T3,1,1,histórico
2025-02-18,Terça,Housekeeping,Supervisora,T3,1,1,histórico
2025-02-18,Terça,Housekeeping,Auxiliar de limpeza,T3,1,1,histórico
2025-02-19,Quarta,Housekeeping,Empregada de andares,T1,3,4,previsão
2025-02-19,Quarta,Housekeeping,Supervisora,T1,1,2,previsão
2025-02-19,Quarta,Housekeeping,Auxiliar de limpeza,T1,1,1,previsão
2025-02-19,Quarta,Housekeeping,Empregada de andares,T2,3,3,histórico
2025-02-19,Quarta,Housekeeping,Supervisora,T2,1,2,histórico
2025-02-19,Quarta,Housekeeping,Auxiliar de limpeza,T2,1,1,histórico
2025-02-19,Quarta,Housekeeping,Empregada de andares,T3,1,1,histórico
2025-02-19,Quarta,Housekeeping,Supervisora,T3,1,1,histórico
2025-02-19,Quarta,Housekeeping,Auxiliar de limpeza,T3,1,1,histórico
2025-02-20,Quinta,Housekeeping,Empregada de andares,T1,3,4,histórico
2025-02-20,Quinta,Housekeeping,Supervisora,T1,1,2,histórico
2025-02-20,Quinta,Housekeeping,Auxiliar de limpeza,T1,1,1,histórico
2025-02-20,Quinta,Housekeeping,Empregada de andares,T2,2,3,histórico
2025-02-20,Quinta,Housekeeping,Supervisora,T2,1,1,histórico
2025-02-20,Quinta,Housekeeping,Auxiliar de limpeza,T2,1,1,histórico
2025-02-20,Quinta,Housekeeping,Empregada de andares,T3,2,2,histórico
2025-02-20,Quinta,Housekeeping,Supervisora,T3,1,1,histórico
2025-02-20,Quinta,Housekeeping,Auxiliar de limpeza,T3,1,1,histórico
2025-02-21,Sexta,Housekeeping,Empregada de andares,T1,4,4,histórico
2025-02-21,Sexta,Housekeeping,Supervisora,T1,2,2,histórico
2025-02-21,Sexta,Housekeeping,Auxiliar de limpeza,T1,1,1,histórico
2025-02-21,Sexta,Housekeeping,Empregada de andares,T2,3,3,histórico
2025-02-21,Sexta,Housekeeping,Supervisora,T2,1,2,histórico
2025-02-21,Sexta,Housekeeping,Auxiliar de limpeza,T2,1,1,histórico
2025-02-21,Sexta,Housekeeping,Empregada de andares,T3,1,2,histórico
2025-02-21,Sexta,Housekeeping,Supervisora,T3,1,1,histórico
2025-02-21,Sexta,Housekeeping,Auxiliar de limpeza,T3,1,1,histórico
2025-02-22,Sábado,Housekeeping,Empregada de andares,T1,5,6,histórico
2025-02-22,Sábado,Housekeeping,Supervisora,T1,2,2,histórico
2025-02-22,Sábado,Housekeeping,Auxiliar de limpeza,T1,1,2,histórico
2025-02-22,Sábado,Housekeeping,Empregada de andares,T2,2,2,histórico
2025-02-22,Sábado,Housekeeping,Supervisora,T2,1,1,histórico
2025-02-22,Sábado,Housekeeping,Auxiliar de limpeza,T2,1,1,histórico
2025-02-22,Sábado,Housekeeping,Empregada de andares,T3,1,2,histórico
2025-02-22,Sábado,Housekeeping,Supervisora,T3,1,1,histórico
2025-02-22,Sábado,Housekeeping,Auxiliar de limpeza,T3,1,1,histórico
2025-02-23,Domingo,Housekeeping,Empregada de andares,T1,4,5,histórico
2025-02-23,Domingo,Housekeeping,Supervisora,T1,2,2,histórico
2025-02-23,Domingo,Housekeeping,Auxiliar de limpeza,T1,1,1,histórico
2025-02-23,Domingo,Housekeeping,Empregada de andares,T2,2,3,histórico
2025-02-23,Domingo,Housekeeping,Supervisora,T2,1,1,histórico
2025-02-23,Domingo,Housekeeping,Auxiliar de limpeza,T2,1,1,histórico
2025-02-23,Domingo,Housekeeping,Empregada de andares,T3,2,2,histórico
2025-02-23,Domingo,Housekeeping,Supervisora,T3,1,1,histórico
2025-02-23,Domingo,Housekeeping,Auxiliar de limpeza,T3,1,1,histórico
2025-02-24,Segunda,Housekeeping,Empregada de andares,T1,3,4,previsão
2025-02-24,Segunda,Housekeeping,Supervisora,T1,1,2,previsão
2025-02-24,Segunda,Housekeeping,Auxiliar de limpeza,T1,1,1,previsão
2025-02-24,Segunda,Housekeeping,Empregada de andares,T2,2,2,histórico
2025-02-24,Segunda,Housekeeping,Supervisora,T2,1,1,histórico
2025-02-24,Segunda,Housekeeping,Auxiliar de limpeza,T2,1,1,histórico
2025-02-24,Segunda,Housekeeping,Empregada de andares,T3,1,1,previsão
2025-02-24,Segunda,Housekeeping,Supervisora,T3,1,1,previsão
2025-02-24,Segunda,Housekeeping,Auxiliar de limpeza,T3,1,1,previsão
2025-02-25,Terça,Housekeeping,Empregada de andares,T1,4,4,histórico
2025-02-25,Terça,Housekeeping,Supervisora,T1,2,2,histórico
2025-02-25,Terça,Housekeeping,Auxiliar de limpeza,T1,1,1,histórico
2025-02-25,Terça,Housekeeping,Empregada de andares,T2,2,2,previsão
2025-02-25,Terça,Housekeeping,Supervisora,T2,1,1,previsão
2025-02-25,Terça,Housekeeping,Auxiliar de limpeza,T2,1,1,previsão
2025-02-25,Terça,Housekeeping,Empregada de andares,T3,1,1,histórico
2025-02-25,Terça,Housekeeping,Supervisora,T3,1,1,histórico
2025-02-25,Terça,Housekeeping,Auxiliar de limpeza,T3,1,1,histórico
2025-02-26,Quarta,Housekeeping,Empregada de andares,T1,3,4,histórico
2025-02-26,Quarta,Housekeeping,Supervisora,T1,1,2,histórico
2025-02-26,Quarta,Housekeeping,Auxiliar de limpeza,T1,1,1,histórico
2025-02-26,Quarta,Housekeeping,Empregada de andares,T2,2,2,histórico
2025-02-26,Quarta,Housekeeping,Supervisora,T2,1,1,histórico
2025-02-26,Quarta,Housekeeping,Auxiliar de limpeza,T2,1,1,histórico
2025-02-26,Quarta,Housekeeping,Empregada de andares,T3,1,2,histórico
2025-02-26,Quarta,Housekeeping,Supervisora,T3,1,1,histórico
2025-02-26,Quarta,Housekeeping,Auxiliar de limpeza,T3,1,1,histórico
2025-02-27,Quinta,Housekeeping,Empregada de andares,T1,4,4,manual
2025-02-27,Quinta,Housekeeping,Supervisora,T1,2,2,manual
2025-02-27,Quinta,Housekeeping,Auxiliar de limpeza,T1,1,1,manual
2025-02-27,Quinta,Housekeeping,Empregada de andares,T2,2,3,histórico
2025-02-27,Quinta,Housekeeping,Supervisora,T2,1,1,histórico
2025-02-27,Quinta,Housekeeping,Auxiliar de limpeza,T2,1,1,histórico
2025-02-27,Quinta,Housekeeping,Empregada de andares,T3,2,2,histórico
2025-02-27,Quinta,Housekeeping,Supervisora,T3,1,1,histórico
2025-02-27,Quinta,Housekeeping,Auxiliar de limpeza,T3,1,1,histórico
2025-02-28,Sexta,Housekeeping,Empregada de andares,T1,3,4,histórico
2025-02-28,Sexta,Housekeeping,Supervisora,T1,1,2,histórico
2025-02-28,Sexta,Housekeeping,Auxiliar de limpeza,T1,1,1,histórico
2025-02-28,Sexta,Housekeeping,Empregada de andares,T2,3,3,histórico
2025-02-28,Sexta,Housekeeping,Supervisora,T2,1,2,histórico
2025-02-28,Sexta,Housekeeping,Auxiliar de limpeza,T2,1,1,histórico
2025-02-28,Sexta,Housekeeping,Empregada de andares,T3,1,1,histórico
2025-02-28,Sexta,Housekeeping,Supervisora,T3,1,1,histórico
2025-02-28,Sexta,Housekeeping,Auxiliar de limpeza,T3,1,1,histórico
2025-03-01,Sábado,Housekeeping,Empregada de andares,T1,5,5,histórico
2025-03-01,Sábado,Housekeeping,Supervisora,T1,2,2,histórico
2025-03-01,Sábado,Housekeeping,Auxiliar de limpeza,T1,1,1,histórico
2025-03-01,Sábado,Housekeeping,Empregada de andares,T2,2,3,histórico
2025-03-01,Sábado,Housekeeping,Supervisora,T2,1,1,histórico
2025-03-01,Sábado,Housekeeping,Auxiliar de limpeza,T2,1,1,histórico
2025-03-01,Sábado,Housekeeping,Empregada de andares,T3,2,2,histórico
2025-03-01,Sábado,Housekeeping,Supervisora,T3,1,1,histórico
2025-03-01,Sábado,Housekeeping,Auxiliar de limpeza,T3,1,1,histórico
2025-03-02,Domingo,Housekeeping,Empregada de andares,T1,5,6,histórico
2025-03-02,Domingo,Housekeeping,Supervisora,T1,2,2,histórico
2025-03-02,Domingo,Housekeeping,Auxiliar de limpeza,T1,1,2,histórico
2025-03-02,Domingo,Housekeeping,Empregada de andares,T2,2,3,previsão
2025-03-02,Domingo,Housekeeping,Supervisora,T2,1,1,previsão
2025-03-02,Domingo,Housekeeping,Auxiliar de limpeza,T2,1,1,previsão
2025-03-02,Domingo,Housekeeping,Empregada de andares,T3,1,2,histórico
2025-03-02,Domingo,Housekeeping,Supervisora,T3,1,1,histórico
2025-03-02,Domingo,Housekeeping,Auxiliar de limpeza,T3,1,1,histórico
2025-03-03,Segunda,Housekeeping,Empregada de andares,T1,4,4,previsão
2025-03-03,Segunda,Housekeeping,Supervisora,T1,2,2,previsão
2025-03-03,Segunda,Housekeeping,Auxiliar de limpeza,T1,1,1,previsão
2025-03-03,Segunda,Housekeeping,Empregada de andares,T2,3,3,histórico
2025-03-03,Segunda,Housekeeping,Supervisora,T2,1,2,histórico
2025-03-03,Segunda,Housekeeping,Auxiliar de limpeza,T2,1,1,histórico
2025-03-03,Segunda,Housekeeping,Empregada de andares,T3,2,2,previsão
2025-03-03,Segunda,Housekeeping,Supervisora,T3,1,1,previsão
2025-03-03,Segunda,Housekeeping,Auxiliar de limpeza,T3,1,1,previsão
2025-03-04,Terça,Housekeeping,Empregada de andares,T1,4,4,histórico
2025-03-04,Terça,Housekeeping,Supervisora,T1,2,2,histórico
2025-03-04,Terça,Housekeeping,Auxiliar de limpeza,T1,1,1,histórico
2025-03-04,Terça,Housekeeping,Empregada de andares,T2,3,3,histórico
2025-03-04,Terça,Housekeeping,Supervisora,T2,1,2,histórico
2025-03-04,Terça,Housekeeping,Auxiliar de limpeza,T2,1,1,histórico
2025-03-04,Terça,Housekeeping,Empregada de andares,T3,1,2,histórico
2025-03-04,Terça,Housekeeping,Supervisora,T3,1,1,histórico
2025-03-04,Terça,Housekeeping,Auxiliar de limpeza,T3,1,1,histórico
2025-03-05,Quarta,Housekeeping,Empregada de andares,T1,4,5,manual
2025-03-05,Quarta,Housekeeping,Supervisora,T1,2,2,manual
2025-03-05,Quarta,Housekeeping,Auxiliar de limpeza,T1,1,1,manual
2025-03-05,Quarta,Housekeeping,Empregada de andares,T2,3,3,histórico
2025-03-05,Quarta,Housekeeping,Supervisora,T2,1,2,histórico
2025-03-05,Quarta,Housekeeping,Auxiliar de limpeza,T2,1,1,histórico
2025-03-05,Quarta,Housekeeping,Empregada de andares,T3,1,2,previsão
2025-03-05,Quarta,Housekeeping,Supervisora,T3,1,1,previsão
2025-03-05,Quarta,Housekeeping,Auxiliar de limpeza,T3,1,1,previsão
2025-03-06,Quinta,Housekeeping,Empregada de andares,T1,4,4,histórico
2025-03-06,Quinta,Housekeeping,Supervisora,T1,2,2,histórico
2025-03-06,Quinta,Housekeeping,Auxiliar de limpeza,T1,1,1,histórico
2025-03-06,Quinta,Housekeeping,Empregada de andares,T2,2,2,histórico
2025-03-06,Quinta,Housekeeping,Supervisora,T2,1,1,histórico
2025-03-06,Quinta,Housekeeping,Auxiliar de limpeza,T2,1,1,histórico
2025-03-06,Quinta,Housekeeping,Empregada de andares,T3,1,2,histórico
2025-03-06,Quinta,Housekeeping,Supervisora,T3,1,1,histórico
2025-03-06,Quinta,Housekeeping,Auxiliar de limpeza,T3,1,1,histórico
2025-03-07,Sexta,Housekeeping,Empregada de andares,T1,4,4,previsão
2025-03-07,Sexta,Housekeeping,Supervisora,T1,2,2,previsão
2025-03-07,Sexta,Housekeeping,Auxiliar de limpeza,T1,1,1,previsão
2025-03-07,Sexta,Housekeeping,Empregada de andares,T2,2,3,previsão
2025-03-07,Sexta,Housekeeping,Supervisora,T2,1,1,previsão
2025-03-07,Sexta,Housekeeping,Auxiliar de limpeza,T2,1,1,previsão
2025-03-07,Sexta,Housekeeping,Empregada de andares,T3,1,1,histórico
2025-03-07,Sexta,Housekeeping,Supervisora,T3,1,1,histórico
2025-03-07,Sexta,Housekeeping,Auxiliar de limpeza,T3,1,1,histórico
2025-03-08,Sábado,Housekeeping,Empregada de andares,T1,5,6,histórico
2025-03-08,Sábado,Housekeeping,Supervisora,T1,2,2,histórico
2025-03-08,Sábado,Housekeeping,Auxiliar de limpeza,T1,1,2,histórico
2025-03-08,Sábado,Housekeeping,Empregada de andares,T2,2,3,previsão
2025-03-08,Sábado,Housekeeping,Supervisora,T2,1,1,previsão
2025-03-08,Sábado,Housekeeping,Auxiliar de limpeza,T2,1,1,previsão
2025-03-08,Sábado,Housekeeping,Empregada de andares,T3,1,1,histórico
2025-03-08,Sábado,Housekeeping,Supervisora,T3,1,1,histórico
2025-03-08,Sábado,Housekeeping,Auxiliar de limpeza,T3,1,1,histórico
2025-03-09,Domingo,Housekeeping,Empregada de andares,T1,5,6,manual
2025-03-09,Domingo,Housekeeping,Supervisora,T1,2,2,manual
2025-03-09,Domingo,Housekeeping,Auxiliar de limpeza,T1,1,2,manual
2025-03-09,Domingo,Housekeeping,Empregada de andares,T2,2,2,histórico
2025-03-09,Domingo,Housekeeping,Supervisora,T2,1,1,histórico
2025-03-09,Domingo,Housekeeping,Auxiliar de limpeza,T2,1,1,histórico
2025-03-09,Domingo,Housekeeping,Empregada de andares,T3,1,1,histórico
2025-03-09,Domingo,Housekeeping,Supervisora,T3,1,1,histórico
2025-03-09,Domingo,Housekeeping,Auxiliar de limpeza,T3,1,1,histórico
2025-03-10,Segunda,Housekeeping,Empregada de andares,T1,4,5,previsão
2025-03-10,Segunda,Housekeeping,Supervisora,T1,2,2,previsão
2025-03-10,Segunda,Housekeeping,Auxiliar de limpeza,T1,1,1,previsão
2025-03-10,Segunda,Housekeeping,Empregada de andares,T2,2,2,histórico
2025-03-10,Segunda,Housekeeping,Supervisora,T2,1,1,histórico
2025-03-10,Segunda,Housekeeping,Auxiliar de limpeza,T2,1,1,histórico
2025-03-10,Segunda,Housekeeping,Empregada de andares,T3,1,1,histórico
2025-03-10,Segunda,Housekeeping,Supervisora,T3,1,1,histórico
2025-03-10,Segunda,Housekeeping,Auxiliar de limpeza,T3,1,1,histórico
2025-03-11,Terça,Housekeeping,Empregada de andares,T1,3,4,histórico
2025-03-11,Terça,Housekeeping,Supervisora,T1,1,2,histórico
2025-03-11,Terça,Housekeeping,Auxiliar de limpeza,T1,1,1,histórico
2025-03-11,Terça,Housekeeping,Empregada de andares,T2,2,3,histórico
2025-03-11,Terça,Housekeeping,Supervisora,T2,1,1,histórico
2025-03-11,Terça,Housekeeping,Auxiliar de limpeza,T2,1,1,histórico
2025-03-11,Terça,Housekeeping,Empregada de andares,T3,1,1,histórico
2025-03-11,Terça,Housekeeping,Supervisora,T3,1,1,histórico
2025-03-11,Terça,Housekeeping,Auxiliar de limpeza,T3,1,1,histórico
2025-03-12,Quarta,Housekeeping,Empregada de andares,T1,4,5,histórico
2025-03-12,Quarta,Housekeeping,Supervisora,T1,2,2,histórico
2025-03-12,Quarta,Housekeeping,Auxiliar de limpeza,T1,1,1,histórico
2025-03-12,Quarta,Housekeeping,Empregada de andares,T2,2,2,histórico
2025-03-12,Quarta,Housekeeping,Supervisora,T2,1,1,histórico
2025-03-12,Quarta,Housekeeping,Auxiliar de limpeza,T2,1,1,histórico
2025-03-12,Quarta,Housekeeping,Empregada de andares,T3,1,1,histórico
2025-03-12,Quarta,Housekeeping,Supervisora,T3,1,1,histórico
2025-03-12,Quarta,Housekeeping,Auxiliar de limpeza,T3,1,1,histórico
2025-03-13,Quinta,Housekeeping,Empregada de andares,T1,4,4,histórico
2025-03-13,Quinta,Housekeeping,Supervisora,T1,2,2,histórico
2025-03-13,Quinta,Housekeeping,Auxiliar de limpeza,T1,1,1,histórico
2025-03-13,Quinta,Housekeeping,Empregada de andares,T2,2,3,histórico
2025-03-13,Quinta,Housekeeping,Supervisora,T2,1,1,histórico
2025-03-13,Quinta,Housekeeping,Auxiliar de limpeza,T2,1,1,histórico
2025-03-13,Quinta,Housekeeping,Empregada de andares,T3,2,2,previsão
2025-03-13,Quinta,Housekeeping,Supervisora,T3,1,1,previsão
2025-03-13,Quinta,Housekeeping,Auxiliar de limpeza,T3,1,1,previsão
2025-03-14,Sexta,Housekeeping,Empregada de andares,T1,4,5,histórico
2025-03-14,Sexta,Housekeeping,Supervisora,T1,2,2,histórico
2025-03-14,Sexta,Housekeeping,Auxiliar de limpeza,T1,1,1,histórico
2025-03-14,Sexta,Housekeeping,Empregada de andares,T2,3,3,previsão
2025-03-14,Sexta,Housekeeping,Supervisora,T2,1,2,previsão
2025-03-14,Sexta,Housekeeping,Auxiliar de limpeza,T2,1,1,previsão
2025-03-14,Sexta,Housekeeping,Empregada de andares,T3,2,2,histórico
2025-03-14,Sexta,Housekeeping,Supervisora,T3,1,1,histórico
2025-03-14,Sexta,Housekeeping,Auxiliar de limpeza,T3,1,1,histórico
2025-03-15,Sábado,Housekeeping,Empregada de andares,T1,5,6,histórico
2025-03-15,Sábado,Housekeeping,Supervisora,T1,2,2,histórico
2025-03-15,Sábado,Housekeeping,Auxiliar de limpeza,T1,1,2,histórico
2025-03-15,Sábado,Housekeeping,Empregada de andares,T2,2,2,histórico
2025-03-15,Sábado,Housekeeping,Supervisora,T2,1,1,histórico
2025-03-15,Sábado,Housekeeping,Auxiliar de limpeza,T2,1,1,histórico
2025-03-15,Sábado,Housekeeping,Empregada de andares,T3,2,2,histórico
2025-03-15,Sábado,Housekeeping,Supervisora,T3,1,1,histórico
2025-03-15,Sábado,Housekeeping,Auxiliar de limpeza,T3,1,1,histórico
2025-03-16,Domingo,Housekeeping,Empregada de andares,T1,5,5,histórico
2025-03-16,Domingo,Housekeeping,Supervisora,T1,2,2,histórico
2025-03-16,Domingo,Housekeeping,Auxiliar de limpeza,T1,1,1,histórico
2025-03-16,Domingo,Housekeeping,Empregada de andares,T2,3,3,histórico
2025-03-16,Domingo,Housekeeping,Supervisora,T2,1,2,histórico
2025-03-16,Domingo,Housekeeping,Auxiliar de limpeza,T2,1,1,histórico
2025-03-16,Domingo,Housekeeping,Empregada de andares,T3,2,2,histórico
2025-03-16,Domingo,Housekeeping,Supervisora,T3,1,1,histórico
2025-03-16,Domingo,Housekeeping,Auxiliar de limpeza,T3,1,1,histórico
2025-03-17,Segunda,Housekeeping,Empregada de andares,T1,3,4,histórico
2025-03-17,Segunda,Housekeeping,Supervisora,T1,1,2,histórico
2025-03-17,Segunda,Housekeeping,Auxiliar de limpeza,T1,1,1,histórico
2025-03-17,Segunda,Housekeeping,Empregada de andares,T2,2,3,previsão
2025-03-17,Segunda,Housekeeping,Supervisora,T2,1,1,previsão
2025-03-17,Segunda,Housekeeping,Auxiliar de limpeza,T2,1,1,previsão
2025-03-17,Segunda,Housekeeping,Empregada de andares,T3,1,2,histórico
2025-03-17,Segunda,Housekeeping,Supervisora,T3,1,1,histórico
2025-03-17,Segunda,Housekeeping,Auxiliar de limpeza,T3,1,1,histórico
2025-03-18,Terça,Housekeeping,Empregada de andares,T1,4,4,histórico
2025-03-18,Terça,Housekeeping,Supervisora,T1,2,2,histórico
2025-03-18,Terça,Housekeeping,Auxiliar de limpeza,T1,1,1,histórico
2025-03-18,Terça,Housekeeping,Empregada de andares,T2,2,3,previsão
2025-03-18,Terça,Housekeeping,Supervisora,T2,1,1,previsão
2025-03-18,Terça,Housekeeping,Auxiliar de limpeza,T2,1,1,previsão
2025-03-18,Terça,Housekeeping,Empregada de andares,T3,2,2,histórico
2025-03-18,Terça,Housekeeping,Supervisora,T3,1,1,histórico
2025-03-18,Terça,Housekeeping,Auxiliar de limpeza,T3,1,1,histórico
2025-03-19,Quarta,Housekeeping,Empregada de andares,T1,4,4,histórico
2025-03-19,Quarta,Housekeeping,Supervisora,T1,2,2,histórico
2025-03-19,Quarta,Housekeeping,Auxiliar de limpeza,T1,1,1,histórico
2025-03-19,Quarta,Housekeeping,Empregada de andares,T2,3,3,histórico
2025-03-19,Quarta,Housekeeping,Supervisora,T2,1,2,histórico
2025-03-19,Quarta,Housekeeping,Auxiliar de limpeza,T2,1,1,histórico
2025-03-19,Quarta,Housekeeping,Empregada de andares,T3,1,2,histórico
2025-03-19,Quarta,Housekeeping,Supervisora,T3,1,1,histórico
2025-03-19,Quarta,Housekeeping,Auxiliar de limpeza,T3,1,1,histórico
2025-03-20,Quinta,Housekeeping,Empregada de andares,T1,4,5,histórico
2025-03-20,Quinta,Housekeeping,Supervisora,T1,2,2,histórico
2025-03-20,Quinta,Housekeeping,Auxiliar de limpeza,T1,1,1,histórico
2025-03-20,Quinta,Housekeeping,Empregada de andares,T2,2,3,histórico
2025-03-20,Quinta,Housekeeping,Supervisora,T2,1,1,histórico
2025-03-20,Quinta,Housekeeping,Auxiliar de limpeza,T2,1,1,histórico
2025-03-20,Quinta,Housekeeping,Empregada de andares,T3,1,1,previsão
2025-03-20,Quinta,Housekeeping,Supervisora,T3,1,1,previsão
2025-03-20,Quinta,Housekeeping,Auxiliar de limpeza,T3,1,1,previsão
2025-03-21,Sexta,Housekeeping,Empregada de andares,T1,4,4,previsão
2025-03-21,Sexta,Housekeeping,Supervisora,T1,2,2,previsão
2025-03-21,Sexta,Housekeeping,Auxiliar de limpeza,T1,1,1,previsão
2025-03-21,Sexta,Housekeeping,Empregada de andares,T2,2,3,histórico
2025-03-21,Sexta,Housekeeping,Supervisora,T2,1,1,histórico
2025-03-21,Sexta,Housekeeping,Auxiliar de limpeza,T2,1,1,histórico
2025-03-21,Sexta,Housekeeping,Empregada de andares,T3,2,2,histórico
2025-03-21,Sexta,Housekeeping,Supervisora,T3,1,1,histórico
2025-03-21,Sexta,Housekeeping,Auxiliar de limpeza,T3,1,1,histórico
2025-03-22,Sábado,Housekeeping,Empregada de andares,T1,4,5,histórico
2025-03-22,Sábado,Housekeeping,Supervisora,T1,2,2,histórico
2025-03-22,Sábado,Housekeeping,Auxiliar de limpeza,T1,1,1,histórico
2025-03-22,Sábado,Housekeeping,Empregada de andares,T2,2,3,previsão
2025-03-22,Sábado,Housekeeping,Supervisora,T2,1,1,previsão
2025-03-22,Sábado,Housekeeping,Auxiliar de limpeza,T2,1,1,previsão
2025-03-22,Sábado,Housekeeping,Empregada de andares,T3,1,1,histórico
2025-03-22,Sábado,Housekeeping,Supervisora,T3,1,1,histórico
2025-03-22,Sábado,Housekeeping,Auxiliar de limpeza,T3,1,1,histórico
2025-03-23,Domingo,Housekeeping,Empregada de andares,T1,5,5,previsão
2025-03-23,Domingo,Housekeeping,Supervisora,T1,2,2,previsão
2025-03-23,Domingo,Housekeeping,Auxiliar de limpeza,T1,1,1,previsão
2025-03-23,Domingo,Housekeeping,Empregada de andares,T2,3,3,histórico
2025-03-23,Domingo,Housekeeping,Supervisora,T2,1,2,histórico
2025-03-23,Domingo,Housekeeping,Auxiliar de limpeza,T2,1,1,histórico
2025-03-23,Domingo,Housekeeping,Empregada de andares,T3,1,2,histórico
2025-03-23,Domingo,Housekeeping,Supervisora,T3,1,1,histórico
2025-03-23,Domingo,Housekeeping,Auxiliar de limpeza,T3,1,1,histórico
2025-03-24,Segunda,Housekeeping,Empregada de andares,T1,4,5,histórico
2025-03-24,Segunda,Housekeeping,Supervisora,T1,2,2,histórico
2025-03-24,Segunda,Housekeeping,Auxiliar de limpeza,T1,1,1,histórico
2025-03-24,Segunda,Housekeeping,Empregada de andares,T2,2,2,previsão
2025-03-24,Segunda,Housekeeping,Supervisora,T2,1,1,previsão
2025-03-24,Segunda,Housekeeping,Auxiliar de limpeza,T2,1,1,previsão
2025-03-24,Segunda,Housekeeping,Empregada de andares,T3,1,2,histórico
2025-03-24,Segunda,Housekeeping,Supervisora,T3,1,1,histórico
2025-03-24,Segunda,Housekeeping,Auxiliar de limpeza,T3,1,1,histórico
2025-03-25,Terça,Housekeeping,Empregada de andares,T1,3,4,histórico
2025-03-25,Terça,Housekeeping,Supervisora,T1,1,2,histórico
2025-03-25,Terça,Housekeeping,Auxiliar de limpeza,T1,1,1,histórico
2025-03-25,Terça,Housekeeping,Empregada de andares,T2,3,3,histórico
2025-03-25,Terça,Housekeeping,Supervisora,T2,1,2,histórico
2025-03-25,Terça,Housekeeping,Auxiliar de limpeza,T2,1,1,histórico
2025-03-25,Terça,Housekeeping,Empregada de andares,T3,1,2,histórico
2025-03-25,Terça,Housekeeping,Supervisora,T3,1,1,histórico
2025-03-25,Terça,Housekeeping,Auxiliar de limpeza,T3,1,1,histórico
2025-03-26,Quarta,Housekeeping,Empregada de andares,T1,3,4,previsão
2025-03-26,Quarta,Housekeeping,Supervisora,T1,1,2,previsão
2025-03-26,Quarta,Housekeeping,Auxiliar de limpeza,T1,1,1,previsão
2025-03-26,Quarta,Housekeeping,Empregada de andares,T2,2,3,histórico
2025-03-26,Quarta,Housekeeping,Supervisora,T2,1,1,histórico
2025-03-26,Quarta,Housekeeping,Auxiliar de limpeza,T2,1,1,histórico
2025-03-26,Quarta,Housekeeping,Empregada de andares,T3,1,2,histórico
2025-03-26,Quarta,Housekeeping,Supervisora,T3,1,1,histórico
2025-03-26,Quarta,Housekeeping,Auxiliar de limpeza,T3,1,1,histórico
2025-03-27,Quinta,Housekeeping,Empregada de andares,T1,4,4,histórico
2025-03-27,Quinta,Housekeeping,Supervisora,T1,2,2,histórico
2025-03-27,Quinta,Housekeeping,Auxiliar de limpeza,T1,1,1,histórico
2025-03-27,Quinta,Housekeeping,Empregada de andares,T2,3,3,previsão
2025-03-27,Quinta,Housekeeping,Supervisora,T2,1,2,previsão
2025-03-27,Quinta,Housekeeping,Auxiliar de limpeza,T2,1,1,previsão
2025-03-27,Quinta,Housekeeping,Empregada de andares,T3,2,2,histórico
2025-03-27,Quinta,Housekeeping,Supervisora,T3,1,1,histórico
2025-03-27,Quinta,Housekeeping,Auxiliar de limpeza,T3,1,1,histórico
2025-03-28,Sexta,Housekeeping,Empregada de andares,T1,4,4,histórico
2025-03-28,Sexta,Housekeeping,Supervisora,T1,2,2,histórico
2025-03-28,Sexta,Housekeeping,Auxiliar de limpeza,T1,1,1,histórico
2025-03-28,Sexta,Housekeeping,Empregada de andares,T2,2,3,previsão
2025-03-28,Sexta,Housekeeping,Supervisora,T2,1,1,previsão
2025-03-28,Sexta,Housekeeping,Auxiliar de limpeza,T2,1,1,previsão
2025-03-28,Sexta,Housekeeping,Empregada de andares,T3,1,1,previsão
2025-03-28,Sexta,Housekeeping,Supervisora,T3,1,1,previsão
2025-03-28,Sexta,Housekeeping,Auxiliar de limpeza,T3,1,1,previsão
2025-03-29,Sábado,Housekeeping,Empregada de andares,T1,4,5,previsão
2025-03-29,Sábado,Housekeeping,Supervisora,T1,2,2,previsão
2025-03-29,Sábado,Housekeeping,Auxiliar de limpeza,T1,1,1,previsão
2025-03-29,Sábado,Housekeeping,Empregada de andares,T2,3,3,histórico
2025-03-29,Sábado,Housekeeping,Supervisora,T2,1,2,histórico
2025-03-29,Sábado,Housekeeping,Auxiliar de limpeza,T2,1,1,histórico
2025-03-29,Sábado,Housekeeping,Empregada de andares,T3,2,2,previsão
2025-03-29,Sábado,Housekeeping,Supervisora,T3,1,1,previsão
2025-03-29,Sábado,Housekeeping,Auxiliar de limpeza,T3,1,1,previsão
2025-03-30,Domingo,Housekeeping,Empregada de andares,T1,4,5,histórico
2025-03-30,Domingo,Housekeeping,Supervisora,T1,2,2,histórico
2025-03-30,Domingo,Housekeeping,Auxiliar de limpeza,T1,1,1,histórico
2025-03-30,Domingo,Housekeeping,Empregada de andares,T2,2,3,histórico
2025-03-30,Domingo,Housekeeping,Supervisora,T2,1,1,histórico
2025-03-30,Domingo,Housekeeping,Auxiliar de limpeza,T2,1,1,histórico
2025-03-30,Domingo,Housekeeping,Empregada de andares,T3,2,2,histórico
2025-03-30,Domingo,Housekeeping,Supervisora,T3,1,1,histórico
2025-03-30,Domingo,Housekeeping,Auxiliar de limpeza,T3,1,1,histórico
2025-03-31,Segunda,Housekeeping,Empregada de andares,T1,3,4,histórico
2025-03-31,Segunda,Housekeeping,Supervisora,T1,1,2,histórico
2025-03-31,Segunda,Housekeeping,Auxiliar de limpeza,T1,1,1,histórico
2025-03-31,Segunda,Housekeeping,Empregada de andares,T2,2,3,previsão
2025-03-31,Segunda,Housekeeping,Supervisora,T2,1,1,previsão
2025-03-31,Segunda,Housekeeping,Auxiliar de limpeza,T2,1,1,previsão
2025-03-31,Segunda,Housekeeping,Empregada de andares,T3,1,1,previsão
2025-03-31,Segunda,Housekeeping,Supervisora,T3,1,1,previsão
2025-03-31,Segunda,Housekeeping,Auxiliar de limpeza,T3,1,1,previsão
2025-04-01,Terça,Housekeeping,Empregada de andares,T1,4,5,histórico
2025-04-01,Terça,Housekeeping,Supervisora,T1,2,2,histórico
2025-04-01,Terça,Housekeeping,Auxiliar de limpeza,T1,1,1,histórico
2025-04-01,Terça,Housekeeping,Empregada de andares,T2,2,3,manual
2025-04-01,Terça,Housekeeping,Supervisora,T2,1,1,manual
2025-04-01,Terça,Housekeeping,Auxiliar de limpeza,T2,1,1,manual
2025-04-01,Terça,Housekeeping,Empregada de andares,T3,1,1,histórico
2025-04-01,Terça,Housekeeping,Supervisora,T3,1,1,histórico
2025-04-01,Terça,Housekeeping,Auxiliar de limpeza,T3,1,1,histórico
2025-04-02,Quarta,Housekeeping,Empregada de andares,T1,4,5,histórico
2025-04-02,Quarta,Housekeeping,Supervisora,T1,2,2,histórico
2025-04-02,Quarta,Housekeeping,Auxiliar de limpeza,T1,1,1,histórico
2025-04-02,Quarta,Housekeeping,Empregada de andares,T2,3,3,histórico
2025-04-02,Quarta,Housekeeping,Supervisora,T2,1,2,histórico
2025-04-02,Quarta,Housekeeping,Auxiliar de limpeza,T2,1,1,histórico
2025-04-02,Quarta,Housekeeping,Empregada de andares,T3,1,2,previsão
2025-04-02,Quarta,Housekeeping,Supervisora,T3,1,1,previsão
2025-04-02,Quarta,Housekeeping,Auxiliar de limpeza,T3,1,1,previsão
2025-04-03,Quinta,Housekeeping,Empregada de andares,T1,3,4,histórico
2025-04-03,Quinta,Housekeeping,Supervisora,T1,1,2,histórico
2025-04-03,Quinta,Housekeeping,Auxiliar de limpeza,T1,1,1,histórico
2025-04-03,Quinta,Housekeeping,Empregada de andares,T2,2,3,histórico
2025-04-03,Quinta,Housekeeping,Supervisora,T2,1,1,histórico
2025-04-03,Quinta,Housekeeping,Auxiliar de limpeza,T2,1,1,histórico
2025-04-03,Quinta,Housekeeping,Empregada de andares,T3,1,2,previsão
2025-04-03,Quinta,Housekeeping,Supervisora,T3,1,1,previsão
2025-04-03,Quinta,Housekeeping,Auxiliar de limpeza,T3,1,1,previsão
2025-04-04,Sexta,Housekeeping,Empregada de andares,T1,3,4,previsão
2025-04-04,Sexta,Housekeeping,Supervisora,T1,1,2,previsão
2025-04-04,Sexta,Housekeeping,Auxiliar de limpeza,T1,1,1,previsão
2025-04-04,Sexta,Housekeeping,Empregada de andares,T2,2,3,previsão
2025-04-04,Sexta,Housekeeping,Supervisora,T2,1,1,previsão
2025-04-04,Sexta,Housekeeping,Auxiliar de limpeza,T2,1,1,previsão
2025-04-04,Sexta,Housekeeping,Empregada de andares,T3,1,1,histórico
2025-04-04,Sexta,Housekeeping,Supervisora,T3,1,1,histórico
2025-04-04,Sexta,Housekeeping,Auxiliar de limpeza,T3,1,1,histórico
2025-04-05,Sábado,Housekeeping,Empregada de andares,T1,4,5,histórico
2025-04-05,Sábado,Housekeeping,Supervisora,T1,2,2,histórico
2025-04-05,Sábado,Housekeeping,Auxiliar de limpeza,T1,1,1,histórico
2025-04-05,Sábado,Housekeeping,Empregada de andares,T2,3,3,manual
2025-04-05,Sábado,Housekeeping,Supervisora,T2,1,2,manual
2025-04-05,Sábado,Housekeeping,Auxiliar de limpeza,T2,1,1,manual
2025-04-05,Sábado,Housekeeping,Empregada de andares,T3,1,1,histórico
2025-04-05,Sábado,Housekeeping,Supervisora,T3,1,1,histórico
2025-04-05,Sábado,Housekeeping,Auxiliar de limpeza,T3,1,1,histórico
2025-04-06,Domingo,Housekeeping,Empregada de andares,T1,5,5,manual
2025-04-06,Domingo,Housekeeping,Supervisora,T1,2,2,manual
2025-04-06,Domingo,Housekeeping,Auxiliar de limpeza,T1,1,1,manual
2025-04-06,Domingo,Housekeeping,Empregada de andares,T2,2,2,previsão
2025-04-06,Domingo,Housekeeping,Supervisora,T2,1,1,previsão
2025-04-06,Domingo,Housekeeping,Auxiliar de limpeza,T2,1,1,previsão
2025-04-06,Domingo,Housekeeping,Empregada de andares,T3,1,2,histórico
2025-04-06,Domingo,Housekeeping,Supervisora,T3,1,1,histórico
2025-04-06,Domingo,Housekeeping,Auxiliar de limpeza,T3,1,1,histórico
2025-04-07,Segunda,Housekeeping,Empregada de andares,T1,4,5,previsão
2025-04-07,Segunda,Housekeeping,Supervisora,T1,2,2,previsão
2025-04-07,Segunda,Housekeeping,Auxiliar de limpeza,T1,1,1,previsão
2025-04-07,Segunda,Housekeeping,Empregada de andares,T2,3,3,histórico
2025-04-07,Segunda,Housekeeping,Supervisora,T2,1,2,histórico
2025-04-07,Segunda,Housekeeping,Auxiliar de limpeza,T2,1,1,histórico
2025-04-07,Segunda,Housekeeping,Empregada de andares,T3,1,2,previsão
2025-04-07,Segunda,Housekeeping,Supervisora,T3,1,1,previsão
2025-04-07,Segunda,Housekeeping,Auxiliar de limpeza,T3,1,1,previsão
2025-04-08,Terça,Housekeeping,Empregada de andares,T1,4,5,histórico
2025-04-08,Terça,Housekeeping,Supervisora,T1,2,2,histórico
2025-04-08,Terça,Housekeeping,Auxiliar de limpeza,T1,1,1,histórico
2025-04-08,Terça,Housekeeping,Empregada de andares,T2,2,3,histórico
2025-04-08,Terça,Housekeeping,Supervisora,T2,1,1,histórico
2025-04-08,Terça,Housekeeping,Auxiliar de limpeza,T2,1,1,histórico
2025-04-08,Terça,Housekeeping,Empregada de andares,T3,1,1,histórico
2025-04-08,Terça,Housekeeping,Supervisora,T3,1,1,histórico
2025-04-08,Terça,Housekeeping,Auxiliar de limpeza,T3,1,1,histórico
2025-04-09,Quarta,Housekeeping,Empregada de andares,T1,4,5,manual
2025-04-09,Quarta,Housekeeping,Supervisora,T1,2,2,manual
2025-04-09,Quarta,Housekeeping,Auxiliar de limpeza,T1,1,1,manual
2025-04-09,Quarta,Housekeeping,Empregada de andares,T2,2,2,histórico
2025-04-09,Quarta,Housekeeping,Supervisora,T2,1,1,histórico
2025-04-09,Quarta,Housekeeping,Auxiliar de limpeza,T2,1,1,histórico
2025-04-09,Quarta,Housekeeping,Empregada de andares,T3,1,2,histórico
2025-04-09,Quarta,Housekeeping,Supervisora,T3,1,1,histórico
2025-04-09,Quarta,Housekeeping,Auxiliar de limpeza,T3,1,1,histórico
2025-04-10,Quinta,Housekeeping,Empregada de andares,T1,3,4,previsão
2025-04-10,Quinta,Housekeeping,Supervisora,T1,1,2,previsão
2025-04-10,Quinta,Housekeeping,Auxiliar de limpeza,T1,1,1,previsão
2025-04-10,Quinta,Housekeeping,Empregada de andares,T2,3,3,manual
2025-04-10,Quinta,Housekeeping,Supervisora,T2,1,2,manual
2025-04-10,Quinta,Housekeeping,Auxiliar de limpeza,T2,1,1,manual
2025-04-10,Quinta,Housekeeping,Empregada de andares,T3,1,1,histórico
2025-04-10,Quinta,Housekeeping,Supervisora,T3,1,1,histórico
2025-04-10,Quinta,Housekeeping,Auxiliar de limpeza,T3,1,1,histórico
2025-04-11,Sexta,Housekeeping,Empregada de andares,T1,4,5,histórico
2025-04-11,Sexta,Housekeeping,Supervisora,T1,2,2,histórico
2025-04-11,Sexta,Housekeeping,Auxiliar de limpeza,T1,1,1,histórico
2025-04-11,Sexta,Housekeeping,Empregada de andares,T2,2,3,manual
2025-04-11,Sexta,Housekeeping,Supervisora,T2,1,1,manual
2025-04-11,Sexta,Housekeeping,Auxiliar de limpeza,T2,1,1,manual
2025-04-11,Sexta,Housekeeping,Empregada de andares,T3,1,2,histórico
2025-04-11,Sexta,Housekeeping,Supervisora,T3,1,1,histórico
2025-04-11,Sexta,Housekeeping,Auxiliar de limpeza,T3,1,1,histórico
2025-04-12,Sábado,Housekeeping,Empregada de andares,T1,5,6,histórico
2025-04-12,Sábado,Housekeeping,Supervisora,T1,2,2,histórico
2025-04-12,Sábado,Housekeeping,Auxiliar de limpeza,T1,1,2,histórico
2025-04-12,Sábado,Housekeeping,Empregada de andares,T2,2,2,histórico
2025-04-12,Sábado,Housekeeping,Supervisora,T2,1,1,histórico
2025-04-12,Sábado,Housekeeping,Auxiliar de limpeza,T2,1,1,histórico
2025-04-12,Sábado,Housekeeping,Empregada de andares,T3,1,2,histórico
2025-04-12,Sábado,Housekeeping,Supervisora,T3,1,1,histórico
2025-04-12,Sábado,Housekeeping,Auxiliar de limpeza,T3,1,1,histórico
2025-04-13,Domingo,Housekeeping,Empregada de andares,T1,5,6,histórico
2025-04-13,Domingo,Housekeeping,Supervisora,T1,2,2,histórico
2025-04-13,Domingo,Housekeeping,Auxiliar de limpeza,T1,1,2,histórico
2025-04-13,Domingo,Housekeeping,Empregada de andares,T2,2,2,histórico
2025-04-13,Domingo,Housekeeping,Supervisora,T2,1,1,histórico
2025-04-13,Domingo,Housekeeping,Auxiliar de limpeza,T2,1,1,histórico
2025-04-13,Domingo,Housekeeping,Empregada de andares,T3,2,2,previsão
2025-04-13,Domingo,Housekeeping,Supervisora,T3,1,1,previsão
2025-04-13,Domingo,Housekeeping,Auxiliar de limpeza,T3,1,1,previsão
2025-04-14,Segunda,Housekeeping,Empregada de andares,T1,3,4,histórico
2025-04-14,Segunda,Housekeeping,Supervisora,T1,1,2,histórico
2025-04-14,Segunda,Housekeeping,Auxiliar de limpeza,T1,1,1,histórico
2025-04-14,Segunda,Housekeeping,Empregada de andares,T2,2,2,manual
2025-04-14,Segunda,Housekeeping,Supervisora,T2,1,1,manual
2025-04-14,Segunda,Housekeeping,Auxiliar de limpeza,T2,1,1,manual
2025-04-14,Segunda,Housekeeping,Empregada de andares,T3,1,1,histórico
2025-04-14,Segunda,Housekeeping,Supervisora,T3,1,1,histórico
2025-04-14,Segunda,Housekeeping,Auxiliar de limpeza,T3,1,1,histórico
2025-04-15,Terça,Housekeeping,Empregada de andares,T1,4,5,histórico
2025-04-15,Terça,Housekeeping,Supervisora,T1,2,2,histórico
2025-04-15,Terça,Housekeeping,Auxiliar de limpeza,T1,1,1,histórico
2025-04-15,Terça,Housekeeping,Empregada de andares,T2,3,3,histórico
2025-04-15,Terça,Housekeeping,Supervisora,T2,1,2,histórico
2025-04-15,Terça,Housekeeping,Auxiliar de limpeza,T2,1,1,histórico
2025-04-15,Terça,Housekeeping,Empregada de andares,T3,1,2,previsão
2025-04-15,Terça,Housekeeping,Supervisora,T3,1,1,previsão
2025-04-15,Terça,Housekeeping,Auxiliar de limpeza,T3,1,1,previsão
2025-04-16,Quarta,Housekeeping,Empregada de andares,T1,4,5,previsão
2025-04-16,Quarta,Housekeeping,Supervisora,T1,2,2,previsão
2025-04-16,Quarta,Housekeeping,Auxiliar de limpeza,T1,1,1,previsão
2025-04-16,Quarta,Housekeeping,Empregada de andares,T2,2,3,histórico
2025-04-16,Quarta,Housekeeping,Supervisora,T2,1,1,histórico
2025-04-16,Quarta,Housekeeping,Auxiliar de limpeza,T2,1,1,histórico
2025-04-16,Quarta,Housekeeping,Empregada de andares,T3,2,2,histórico
2025-04-16,Quarta,Housekeeping,Supervisora,T3,1,1,histórico
2025-04-16,Quarta,Housekeeping,Auxiliar de limpeza,T3,1,1,histórico
2025-04-17,Quinta,Housekeeping,Empregada de andares,T1,4,4,manual
2025-04-17,Quinta,Housekeeping,Supervisora,T1,2,2,manual
2025-04-17,Quinta,Housekeeping,Auxiliar de limpeza,T1,1,1,manual
2025-04-17,Quinta,Housekeeping,Empregada de andares,T2,2,2,histórico
2025-04-17,Quinta,Housekeeping,Supervisora,T2,1,1,histórico
2025-04-17,Quinta,Housekeeping,Auxiliar de limpeza,T2,1,1,histórico
2025-04-17,Quinta,Housekeeping,Empregada de andares,T3,2,2,previsão
2025-04-17,Quinta,Housekeeping,Supervisora,T3,1,1,previsão
2025-04-17,Quinta,Housekeeping,Auxiliar de limpeza,T3,1,1,previsão
2025-04-18,Sexta,Housekeeping,Empregada de andares,T1,4,4,manual
2025-04-18,Sexta,Housekeeping,Supervisora,T1,2,2,manual
2025-04-18,Sexta,Housekeeping,Auxiliar de limpeza,T1,1,1,manual
2025-04-18,Sexta,Housekeeping,Empregada de andares,T2,2,2,histórico
2025-04-18,Sexta,Housekeeping,Supervisora,T2,1,1,histórico
2025-04-18,Sexta,Housekeeping,Auxiliar de limpeza,T2,1,1,histórico
2025-04-18,Sexta,Housekeeping,Empregada de andares,T3,2,2,histórico
2025-04-18,Sexta,Housekeeping,Supervisora,T3,1,1,histórico
2025-04-18,Sexta,Housekeeping,Auxiliar de limpeza,T3,1,1,histórico
2025-04-19,Sábado,Housekeeping,Empregada de andares,T1,4,5,histórico
2025-04-19,Sábado,Housekeeping,Supervisora,T1,2,2,histórico
2025-04-19,Sábado,Housekeeping,Auxiliar de limpeza,T1,1,1,histórico
2025-04-19,Sábado,Housekeeping,Empregada de andares,T2,3,3,histórico
2025-04-19,Sábado,Housekeeping,Supervisora,T2,1,2,histórico
2025-04-19,Sábado,Housekeeping,Auxiliar de limpeza,T2,1,1,histórico
2025-04-19,Sábado,Housekeeping,Empregada de andares,T3,2,2,manual
2025-04-19,Sábado,Housekeeping,Supervisora,T3,1,1,manual
2025-04-19,Sábado,Housekeeping,Auxiliar de limpeza,T3,1,1,manual
2025-04-20,Domingo,Housekeeping,Empregada de andares,T1,4,5,histórico
2025-04-20,Domingo,Housekeeping,Supervisora,T1,2,2,histórico
2025-04-20,Domingo,Housekeeping,Auxiliar de limpeza,T1,1,1,histórico
2025-04-20,Domingo,Housekeeping,Empregada de andares,T2,3,3,histórico
2025-04-20,Domingo,Housekeeping,Supervisora,T2,1,2,histórico
2025-04-20,Domingo,Housekeeping,Auxiliar de limpeza,T2,1,1,histórico
2025-04-20,Domingo,Housekeeping,Empregada de andares,T3,1,2,previsão
2025-04-20,Domingo,Housekeeping,Supervisora,T3,1,1,previsão
2025-04-20,Domingo,Housekeeping,Auxiliar de limpeza,T3,1,1,previsão
2025-04-21,Segunda,Housekeeping,Empregada de andares,T1,4,5,histórico
2025-04-21,Segunda,Housekeeping,Supervisora,T1,2,2,histórico
2025-04-21,Segunda,Housekeeping,Auxiliar de limpeza,T1,1,1,histórico
2025-04-21,Segunda,Housekeeping,Empregada de andares,T2,2,3,histórico
2025-04-21,Segunda,Housekeeping,Supervisora,T2,1,1,histórico
2025-04-21,Segunda,Housekeeping,Auxiliar de limpeza,T2,1,1,histórico
2025-04-21,Segunda,Housekeeping,Empregada de andares,T3,1,2,previsão
2025-04-21,Segunda,Housekeeping,Supervisora,T3,1,1,previsão
2025-04-21,Segunda,Housekeeping,Auxiliar de limpeza,T3,1,1,previsão
2025-04-22,Terça,Housekeeping,Empregada de andares,T1,4,4,previsão
2025-04-22,Terça,Housekeeping,Supervisora,T1,2,2,previsão
2025-04-22,Terça,Housekeeping,Auxiliar de limpeza,T1,1,1,previsão
2025-04-22,Terça,Housekeeping,Empregada de andares,T2,2,2,histórico
2025-04-22,Terça,Housekeeping,Supervisora,T2,1,1,histórico
2025-04-22,Terça,Housekeeping,Auxiliar de limpeza,T2,1,1,histórico
2025-04-22,Terça,Housekeeping,Empregada de andares,T3,1,2,histórico
2025-04-22,Terça,Housekeeping,Supervisora,T3,1,1,histórico
2025-04-22,Terça,Housekeeping,Auxiliar de limpeza,T3,1,1,histórico
2025-04-23,Quarta,Housekeeping,Empregada de andares,T1,4,4,previsão
2025-04-23,Quarta,Housekeeping,Supervisora,T1,2,2,previsão
2025-04-23,Quarta,Housekeeping,Auxiliar de limpeza,T1,1,1,previsão
2025-04-23,Quarta,Housekeeping,Empregada de andares,T2,2,3,histórico
2025-04-23,Quarta,Housekeeping,Supervisora,T2,1,1,histórico
2025-04-23,Quarta,Housekeeping,Auxiliar de limpeza,T2,1,1,histórico
2025-04-23,Quarta,Housekeeping,Empregada de andares,T3,2,2,manual
2025-04-23,Quarta,Housekeeping,Supervisora,T3,1,1,manual
2025-04-23,Quarta,Housekeeping,Auxiliar de limpeza,T3,1,1,manual
2025-04-24,Quinta,Housekeeping,Empregada de andares,T1,3,4,previsão
2025-04-24,Quinta,Housekeeping,Supervisora,T1,1,2,previsão
2025-04-24,Quinta,Housekeeping,Auxiliar de limpeza,T1,1,1,previsão
2025-04-24,Quinta,Housekeeping,Empregada de andares,T2,2,3,previsão
2025-04-24,Quinta,Housekeeping,Supervisora,T2,1,1,previsão
2025-04-24,Quinta,Housekeeping,Auxiliar de limpeza,T2,1,1,previsão
2025-04-24,Quinta,Housekeeping,Empregada de andares,T3,1,2,histórico
2025-04-24,Quinta,Housekeeping,Supervisora,T3,1,1,histórico
2025-04-24,Quinta,Housekeeping,Auxiliar de limpeza,T3,1,1,histórico
2025-04-25,Sexta,Housekeeping,Empregada de andares,T1,3,4,histórico
2025-04-25,Sexta,Housekeeping,Supervisora,T1,1,2,histórico
2025-04-25,Sexta,Housekeeping,Auxiliar de limpeza,T1,1,1,histórico
2025-04-25,Sexta,Housekeeping,Empregada de andares,T2,3,3,histórico
2025-04-25,Sexta,Housekeeping,Supervisora,T2,1,2,histórico
2025-04-25,Sexta,Housekeeping,Auxiliar de limpeza,T2,1,1,histórico
2025-04-25,Sexta,Housekeeping,Empregada de andares,T3,1,1,previsão
2025-04-25,Sexta,Housekeeping,Supervisora,T3,1,1,previsão
2025-04-25,Sexta,Housekeeping,Auxiliar de limpeza,T3,1,1,previsão
2025-04-26,Sábado,Housekeeping,Empregada de andares,T1,5,5,histórico
2025-04-26,Sábado,Housekeeping,Supervisora,T1,2,2,histórico
2025-04-26,Sábado,Housekeeping,Auxiliar de limpeza,T1,1,1,histórico
2025-04-26,Sábado,Housekeeping,Empregada de andares,T2,2,3,histórico
2025-04-26,Sábado,Housekeeping,Supervisora,T2,1,1,histórico
2025-04-26,Sábado,Housekeeping,Auxiliar de limpeza,T2,1,1,histórico
2025-04-26,Sábado,Housekeeping,Empregada de andares,T3,1,1,previsão
2025-04-26,Sábado,Housekeeping,Supervisora,T3,1,1,previsão
2025-04-26,Sábado,Housekeeping,Auxiliar de limpeza,T3,1,1,previsão
2025-04-27,Domingo,Housekeeping,Empregada de andares,T1,5,6,previsão
2025-04-27,Domingo,Housekeeping,Supervisora,T1,2,2,previsão
2025-04-27,Domingo,Housekeeping,Auxiliar de limpeza,T1,1,2,previsão
2025-04-27,Domingo,Housekeeping,Empregada de andares,T2,2,3,histórico
2025-04-27,Domingo,Housekeeping,Supervisora,T2,1,1,histórico
2025-04-27,Domingo,Housekeeping,Auxiliar de limpeza,T2,1,1,histórico
2025-04-27,Domingo,Housekeeping,Empregada de andares,T3,2,2,histórico
2025-04-27,Domingo,Housekeeping,Supervisora,T3,1,1,histórico
2025-04-27,Domingo,Housekeeping,Auxiliar de limpeza,T3,1,1,histórico
2025-04-28,Segunda,Housekeeping,Empregada de andares,T1,3,4,histórico
2025-04-28,Segunda,Housekeeping,Supervisora,T1,1,2,histórico
2025-04-28,Segunda,Housekeeping,Auxiliar de limpeza,T1,1,1,histórico
2025-04-28,Segunda,Housekeeping,Empregada de andares,T2,3,3,histórico
2025-04-28,Segunda,Housekeeping,Supervisora,T2,1,2,histórico
2025-04-28,Segunda,Housekeeping,Auxiliar de limpeza,T2,1,1,histórico
2025-04-28,Segunda,Housekeeping,Empregada de andares,T3,2,2,previsão
2025-04-28,Segunda,Housekeeping,Supervisora,T3,1,1,previsão
2025-04-28,Segunda,Housekeeping,Auxiliar de limpeza,T3,1,1,previsão
2025-04-29,Terça,Housekeeping,Empregada de andares,T1,4,5,manual
2025-04-29,Terça,Housekeeping,Supervisora,T1,2,2,manual
2025-04-29,Terça,Housekeeping,Auxiliar de limpeza,T1,1,1,manual
2025-04-29,Terça,Housekeeping,Empregada de andares,T2,2,3,manual
2025-04-29,Terça,Housekeeping,Supervisora,T2,1,1,manual
2025-04-29,Terça,Housekeeping,Auxiliar de limpeza,T2,1,1,manual
2025-04-29,Terça,Housekeeping,Empregada de andares,T3,1,1,histórico
2025-04-29,Terça,Housekeeping,Supervisora,T3,1,1,histórico
2025-04-29,Terça,Housekeeping,Auxiliar de limpeza,T3,1,1,histórico
2025-04-30,Quarta,Housekeeping,Empregada de andares,T1,3,4,histórico
2025-04-30,Quarta,Housekeeping,Supervisora,T1,1,2,histórico
2025-04-30,Quarta,Housekeeping,Auxiliar de limpeza,T1,1,1,histórico
2025-04-30,Quarta,Housekeeping,Empregada de andares,T2,2,2,histórico
2025-04-30,Quarta,Housekeeping,Supervisora,T2,1,1,histórico
2025-04-30,Quarta,Housekeeping,Auxiliar de limpeza,T2,1,1,histórico
2025-04-30,Quarta,Housekeeping,Empregada de andares,T3,2,2,previsão
2025-04-30,Quarta,Housekeeping,Supervisora,T3,1,1,previsão
2025-04-30,Quarta,Housekeeping,Auxiliar de limpeza,T3,1,1,previsão
2025-05-01,Quinta,Housekeeping,Empregada de andares,T1,4,5,previsão
2025-05-01,Quinta,Housekeeping,Supervisora,T1,2,2,previsão
2025-05-01,Quinta,Housekeeping,Auxiliar de limpeza,T1,1,1,previsão
2025-05-01,Quinta,Housekeeping,Empregada de andares,T2,2,3,histórico
2025-05-01,Quinta,Housekeeping,Supervisora,T2,1,1,histórico
2025-05-01,Quinta,Housekeeping,Auxiliar de limpeza,T2,1,1,histórico
2025-05-01,Quinta,Housekeeping,Empregada de andares,T3,1,1,histórico
2025-05-01,Quinta,Housekeeping,Supervisora,T3,1,1,histórico
2025-05-01,Quinta,Housekeeping,Auxiliar de limpeza,T3,1,1,histórico
2025-05-02,Sexta,Housekeeping,Empregada de andares,T1,3,4,histórico
2025-05-02,Sexta,Housekeeping,Supervisora,T1,1,2,histórico
2025-05-02,Sexta,Housekeeping,Auxiliar de limpeza,T1,1,1,histórico
2025-05-02,Sexta,Housekeeping,Empregada de andares,T2,3,3,histórico
2025-05-02,Sexta,Housekeeping,Supervisora,T2,1,2,histórico
2025-05-02,Sexta,Housekeeping,Auxiliar de limpeza,T2,1,1,histórico
2025-05-02,Sexta,Housekeeping,Empregada de andares,T3,1,1,histórico
2025-05-02,Sexta,Housekeeping,Supervisora,T3,1,1,histórico
2025-05-02,Sexta,Housekeeping,Auxiliar de limpeza,T3,1,1,histórico
2025-05-03,Sábado,Housekeeping,Empregada de andares,T1,5,5,histórico
2025-05-03,Sábado,Housekeeping,Supervisora,T1,2,2,histórico
2025-05-03,Sábado,Housekeeping,Auxiliar de limpeza,T1,1,1,histórico
2025-05-03,Sábado,Housekeeping,Empregada de andares,T2,2,3,previsão
2025-05-03,Sábado,Housekeeping,Supervisora,T2,1,1,previsão
2025-05-03,Sábado,Housekeeping,Auxiliar de limpeza,T2,1,1,previsão
2025-05-03,Sábado,Housekeeping,Empregada de andares,T3,2,2,previsão
2025-05-03,Sábado,Housekeeping,Supervisora,T3,1,1,previsão
2025-05-03,Sábado,Housekeeping,Auxiliar de limpeza,T3,1,1,previsão
2025-05-04,Domingo,Housekeeping,Empregada de andares,T1,4,5,previsão
2025-05-04,Domingo,Housekeeping,Supervisora,T1,2,2,previsão
2025-05-04,Domingo,Housekeeping,Auxiliar de limpeza,T1,1,1,previsão
2025-05-04,Domingo,Housekeeping,Empregada de andares,T2,2,3,histórico
2025-05-04,Domingo,Housekeeping,Supervisora,T2,1,1,histórico
2025-05-04,Domingo,Housekeeping,Auxiliar de limpeza,T2,1,1,histórico
2025-05-04,Domingo,Housekeeping,Empregada de andares,T3,2,2,histórico
2025-05-04,Domingo,Housekeeping,Supervisora,T3,1,1,histórico
2025-05-04,Domingo,Housekeeping,Auxiliar de limpeza,T3,1,1,histórico
2025-05-05,Segunda,Housekeeping,Empregada de andares,T1,4,4,histórico
2025-05-05,Segunda,Housekeeping,Supervisora,T1,2,2,histórico
2025-05-05,Segunda,Housekeeping,Auxiliar de limpeza,T1,1,1,histórico
2025-05-05,Segunda,Housekeeping,Empregada de andares,T2,2,3,histórico
2025-05-05,Segunda,Housekeeping,Supervisora,T2,1,1,histórico
2025-05-05,Segunda,Housekeeping,Auxiliar de limpeza,T2,1,1,histórico
2025-05-05,Segunda,Housekeeping,Empregada de andares,T3,1,2,previsão
2025-05-05,Segunda,Housekeeping,Supervisora,T3,1,1,previsão
2025-05-05,Segunda,Housekeeping,Auxiliar de limpeza,T3,1,1,previsão
2025-05-06,Terça,Housekeeping,Empregada de andares,T1,4,5,histórico
2025-05-06,Terça,Housekeeping,Supervisora,T1,2,2,histórico
2025-05-06,Terça,Housekeeping,Auxiliar de limpeza,T1,1,1,histórico
2025-05-06,Terça,Housekeeping,Empregada de andares,T2,2,3,histórico
2025-05-06,Terça,Housekeeping,Supervisora,T2,1,1,histórico
2025-05-06,Terça,Housekeeping,Auxiliar de limpeza,T2,1,1,histórico
2025-05-06,Terça,Housekeeping,Empregada de andares,T3,2,2,previsão
2025-05-06,Terça,Housekeeping,Supervisora,T3,1,1,previsão
2025-05-06,Terça,Housekeeping,Auxiliar de limpeza,T3,1,1,previsão
2025-05-07,Quarta,Housekeeping,Empregada de andares,T1,4,4,previsão
2025-05-07,Quarta,Housekeeping,Supervisora,T1,2,2,previsão
2025-05-07,Quarta,Housekeeping,Auxiliar de limpeza,T1,1,1,previsão
2025-05-07,Quarta,Housekeeping,Empregada de andares,T2,2,3,manual
2025-05-07,Quarta,Housekeeping,Supervisora,T2,1,1,manual
2025-05-07,Quarta,Housekeeping,Auxiliar de limpeza,T2,1,1,manual
2025-05-07,Quarta,Housekeeping,Empregada de andares,T3,2,2,histórico
2025-05-07,Quarta,Housekeeping,Supervisora,T3,1,1,histórico
2025-05-07,Quarta,Housekeeping,Auxiliar de limpeza,T3,1,1,histórico
2025-05-08,Quinta,Housekeeping,Empregada de andares,T1,4,4,histórico
2025-05-08,Quinta,Housekeeping,Supervisora,T1,2,2,histórico
2025-05-08,Quinta,Housekeeping,Auxiliar de limpeza,T1,1,1,histórico
2025-05-08,Quinta,Housekeeping,Empregada de andares,T2,3,3,histórico
2025-05-08,Quinta,Housekeeping,Supervisora,T2,1,2,histórico
2025-05-08,Quinta,Housekeeping,Auxiliar de limpeza,T2,1,1,histórico
2025-05-08,Quinta,Housekeeping,Empregada de andares,T3,2,2,histórico
2025-05-08,Quinta,Housekeeping,Supervisora,T3,1,1,histórico
2025-05-08,Quinta,Housekeeping,Auxiliar de limpeza,T3,1,1,histórico
2025-05-09,Sexta,Housekeeping,Empregada de andares,T1,4,4,histórico
2025-05-09,Sexta,Housekeeping,Supervisora,T1,2,2,histórico
2025-05-09,Sexta,Housekeeping,Auxiliar de limpeza,T1,1,1,histórico
2025-05-09,Sexta,Housekeeping,Empregada de andares,T2,2,2,histórico
2025-05-09,Sexta,Housekeeping,Supervisora,T2,1,1,histórico
2025-05-09,Sexta,Housekeeping,Auxiliar de limpeza,T2,1,1,histórico
2025-05-09,Sexta,Housekeeping,Empregada de andares,T3,2,2,previsão
2025-05-09,Sexta,Housekeeping,Supervisora,T3,1,1,previsão
2025-05-09,Sexta,Housekeeping,Auxiliar de limpeza,T3,1,1,previsão
2025-05-10,Sábado,Housekeeping,Empregada de andares,T1,4,5,histórico
2025-05-10,Sábado,Housekeeping,Supervisora,T1,2,2,histórico
2025-05-10,Sábado,Housekeeping,Auxiliar de limpeza,T1,1,1,histórico
2025-05-10,Sábado,Housekeeping,Empregada de andares,T2,2,3,manual
2025-05-10,Sábado,Housekeeping,Supervisora,T2,1,1,manual
2025-05-10,Sábado,Housekeeping,Auxiliar de limpeza,T2,1,1,manual
2025-05-10,Sábado,Housekeeping,Empregada de andares,T3,1,2,manual
2025-05-10,Sábado,Housekeeping,Supervisora,T3,1,1,manual
2025-05-10,Sábado,Housekeeping,Auxiliar de limpeza,T3,1,1,manual
2025-05-11,Domingo,Housekeeping,Empregada de andares,T1,4,5,histórico
2025-05-11,Domingo,Housekeeping,Supervisora,T1,2,2,histórico
2025-05-11,Domingo,Housekeeping,Auxiliar de limpeza,T1,1,1,histórico
2025-05-11,Domingo,Housekeeping,Empregada de andares,T2,3,3,histórico
2025-05-11,Domingo,Housekeeping,Supervisora,T2,1,2,histórico
2025-05-11,Domingo,Housekeeping,Auxiliar de limpeza,T2,1,1,histórico
2025-05-11,Domingo,Housekeeping,Empregada de andares,T3,1,1,histórico
2025-05-11,Domingo,Housekeeping,Supervisora,T3,1,1,histórico
2025-05-11,Domingo,Housekeeping,Auxiliar de limpeza,T3,1,1,histórico
2025-05-12,Segunda,Housekeeping,Empregada de andares,T1,4,4,previsão
2025-05-12,Segunda,Housekeeping,Supervisora,T1,2,2,previsão
2025-05-12,Segunda,Housekeeping,Auxiliar de limpeza,T1,1,1,previsão
2025-05-12,Segunda,Housekeeping,Empregada de andares,T2,3,3,histórico
2025-05-12,Segunda,Housekeeping,Supervisora,T2,1,2,histórico
2025-05-12,Segunda,Housekeeping,Auxiliar de limpeza,T2,1,1,histórico
2025-05-12,Segunda,Housekeeping,Empregada de andares,T3,1,1,histórico
2025-05-12,Segunda,Housekeeping,Supervisora,T3,1,1,histórico
2025-05-12,Segunda,Housekeeping,Auxiliar de limpeza,T3,1,1,histórico
2025-05-13,Terça,Housekeeping,Empregada de andares,T1,4,5,histórico
2025-05-13,Terça,Housekeeping,Supervisora,T1,2,2,histórico
2025-05-13,Terça,Housekeeping,Auxiliar de limpeza,T1,1,1,histórico
2025-05-13,Terça,Housekeeping,Empregada de andares,T2,2,3,histórico
2025-05-13,Terça,Housekeeping,Supervisora,T2,1,1,histórico
2025-05-13,Terça,Housekeeping,Auxiliar de limpeza,T2,1,1,histórico
2025-05-13,Terça,Housekeeping,Empregada de andares,T3,2,2,histórico
2025-05-13,Terça,Housekeeping,Supervisora,T3,1,1,histórico
2025-05-13,Terça,Housekeeping,Auxiliar de limpeza,T3,1,1,histórico
2025-05-14,Quarta,Housekeeping,Empregada de andares,T1,4,4,histórico
2025-05-14,Quarta,Housekeeping,Supervisora,T1,2,2,histórico
2025-05-14,Quarta,Housekeeping,Auxiliar de limpeza,T1,1,1,histórico
2025-05-14,Quarta,Housekeeping,Empregada de andares,T2,2,2,histórico
2025-05-14,Quarta,Housekeeping,Supervisora,T2,1,1,histórico
2025-05-14,Quarta,Housekeeping,Auxiliar de limpeza,T2,1,1,histórico
2025-05-14,Quarta,Housekeeping,Empregada de andares,T3,1,1,histórico
2025-05-14,Quarta,Housekeeping,Supervisora,T3,1,1,histórico
2025-05-14,Quarta,Housekeeping,Auxiliar de limpeza,T3,1,1,histórico
2025-05-15,Quinta,Housekeeping,Empregada de andares,T1,4,4,histórico
2025-05-15,Quinta,Housekeeping,Supervisora,T1,2,2,histórico
2025-05-15,Quinta,Housekeeping,Auxiliar de limpeza,T1,1,1,histórico
2025-05-15,Quinta,Housekeeping,Empregada de andares,T2,3,3,manual
2025-05-15,Quinta,Housekeeping,Supervisora,T2,1,2,manual
2025-05-15,Quinta,Housekeeping,Auxiliar de limpeza,T2,1,1,manual
2025-05-15,Quinta,Housekeeping,Empregada de andares,T3,1,1,histórico
2025-05-15,Quinta,Housekeeping,Supervisora,T3,1,1,histórico
2025-05-15,Quinta,Housekeeping,Auxiliar de limpeza,T3,1,1,histórico
2025-05-16,Sexta,Housekeeping,Empregada de andares,T1,4,5,histórico
2025-05-16,Sexta,Housekeeping,Supervisora,T1,2,2,histórico
2025-05-16,Sexta,Housekeeping,Auxiliar de limpeza,T1,1,1,histórico
2025-05-16,Sexta,Housekeeping,Empregada de andares,T2,2,3,previsão
2025-05-16,Sexta,Housekeeping,Supervisora,T2,1,1,previsão
2025-05-16,Sexta,Housekeeping,Auxiliar de limpeza,T2,1,1,previsão
2025-05-16,Sexta,Housekeeping,Empregada de andares,T3,1,2,histórico
2025-05-16,Sexta,Housekeeping,Supervisora,T3,1,1,histórico
2025-05-16,Sexta,Housekeeping,Auxiliar de limpeza,T3,1,1,histórico
2025-05-17,Sábado,Housekeeping,Empregada de andares,T1,4,5,previsão
2025-05-17,Sábado,Housekeeping,Supervisora,T1,2,2,previsão
2025-05-17,Sábado,Housekeeping,Auxiliar de limpeza,T1,1,1,previsão
2025-05-17,Sábado,Housekeeping,Empregada de andares,T2,2,2,previsão
2025-05-17,Sábado,Housekeeping,Supervisora,T2,1,1,previsão
2025-05-17,Sábado,Housekeeping,Auxiliar de limpeza,T2,1,1,previsão
2025-05-17,Sábado,Housekeeping,Empregada de andares,T3,1,2,histórico
2025-05-17,Sábado,Housekeeping,Supervisora,T3,1,1,histórico
2025-05-17,Sábado,Housekeeping,Auxiliar de limpeza,T3,1,1,histórico
2025-05-18,Domingo,Housekeeping,Empregada de andares,T1,4,5,histórico
2025-05-18,Domingo,Housekeeping,Supervisora,T1,2,2,histórico
2025-05-18,Domingo,Housekeeping,Auxiliar de limpeza,T1,1,1,histórico
2025-05-18,Domingo,Housekeeping,Empregada de andares,T2,3,3,histórico
2025-05-18,Domingo,Housekeeping,Supervisora,T2,1,2,histórico
2025-05-18,Domingo,Housekeeping,Auxiliar de limpeza,T2,1,1,histórico
2025-05-18,Domingo,Housekeeping,Empregada de andares,T3,1,1,previsão
2025-05-18,Domingo,Housekeeping,Supervisora,T3,1,1,previsão
2025-05-18,Domingo,Housekeeping,Auxiliar de limpeza,T3,1,1,previsão
2025-05-19,Segunda,Housekeeping,Empregada de andares,T1,3,4,histórico
2025-05-19,Segunda,Housekeeping,Supervisora,T1,1,2,histórico
2025-05-19,Segunda,Housekeeping,Auxiliar de limpeza,T1,1,1,histórico
2025-05-19,Segunda,Housekeeping,Empregada de andares,T2,2,3,histórico
2025-05-19,Segunda,Housekeeping,Supervisora,T2,1,1,histórico
2025-05-19,Segunda,Housekeeping,Auxiliar de limpeza,T2,1,1,histórico
2025-05-19,Segunda,Housekeeping,Empregada de andares,T3,1,1,histórico
2025-05-19,Segunda,Housekeeping,Supervisora,T3,1,1,histórico
2025-05-19,Segunda,Housekeeping,Auxiliar de limpeza,T3,1,1,histórico
2025-05-20,Terça,Housekeeping,Empregada de andares,T1,4,5,previsão
2025-05-20,Terça,Housekeeping,Supervisora,T1,2,2,previsão
2025-05-20,Terça,Housekeeping,Auxiliar de limpeza,T1,1,1,previsão
2025-05-20,Terça,Housekeeping,Empregada de andares,T2,2,3,histórico
2025-05-20,Terça,Housekeeping,Supervisora,T2,1,1,histórico
2025-05-20,Terça,Housekeeping,Auxiliar de limpeza,T2,1,1,histórico
2025-05-20,Terça,Housekeeping,Empregada de andares,T3,1,2,previsão
2025-05-20,Terça,Housekeeping,Supervisora,T3,1,1,previsão
2025-05-20,Terça,Housekeeping,Auxiliar de limpeza,T3,1,1,previsão
2025-05-21,Quarta,Housekeeping,Empregada de andares,T1,3,4,histórico
2025-05-21,Quarta,Housekeeping,Supervisora,T1,1,2,histórico
2025-05-21,Quarta,Housekeeping,Auxiliar de limpeza,T1,1,1,histórico
2025-05-21,Quarta,Housekeeping,Empregada de andares,T2,2,3,histórico
2025-05-21,Quarta,Housekeeping,Supervisora,T2,1,1,histórico
2025-05-21,Quarta,Housekeeping,Auxiliar de limpeza,T2,1,1,histórico
2025-05-21,Quarta,Housekeeping,Empregada de andares,T3,2,2,histórico
2025-05-21,Quarta,Housekeeping,Supervisora,T3,1,1,histórico
2025-05-21,Quarta,Housekeeping,Auxiliar de limpeza,T3,1,1,histórico
2025-05-22,Quinta,Housekeeping,Empregada de andares,T1,3,4,histórico
2025-05-22,Quinta,Housekeeping,Supervisora,T1,1,2,histórico
2025-05-22,Quinta,Housekeeping,Auxiliar de limpeza,T1,1,1,histórico
2025-05-22,Quinta,Housekeeping,Empregada de andares,T2,2,3,histórico
2025-05-22,Quinta,Housekeeping,Supervisora,T2,1,1,histórico
2025-05-22,Quinta,Housekeeping,Auxiliar de limpeza,T2,1,1,histórico
2025-05-22,Quinta,Housekeeping,Empregada de andares,T3,1,2,histórico
2025-05-22,Quinta,Housekeeping,Supervisora,T3,1,1,histórico
2025-05-22,Quinta,Housekeeping,Auxiliar de limpeza,T3,1,1,histórico
2025-05-23,Sexta,Housekeeping,Empregada de andares,T1,4,4,histórico
2025-05-23,Sexta,Housekeeping,Supervisora,T1,2,2,histórico
2025-05-23,Sexta,Housekeeping,Auxiliar de limpeza,T1,1,1,histórico
2025-05-23,Sexta,Housekeeping,Empregada de andares,T2,2,3,histórico
2025-05-23,Sexta,Housekeeping,Supervisora,T2,1,1,histórico
2025-05-23,Sexta,Housekeeping,Auxiliar de limpeza,T2,1,1,histórico
2025-05-23,Sexta,Housekeeping,Empregada de andares,T3,1,1,histórico
2025-05-23,Sexta,Housekeeping,Supervisora,T3,1,1,histórico
2025-05-23,Sexta,Housekeeping,Auxiliar de limpeza,T3,1,1,histórico
2025-05-24,Sábado,Housekeeping,Empregada de andares,T1,5,5,previsão
2025-05-24,Sábado,Housekeeping,Supervisora,T1,2,2,previsão
2025-05-24,Sábado,Housekeeping,Auxiliar de limpeza,T1,1,1,previsão
2025-05-24,Sábado,Housekeeping,Empregada de andares,T2,2,3,histórico
2025-05-24,Sábado,Housekeeping,Supervisora,T2,1,1,histórico
2025-05-24,Sábado,Housekeeping,Auxiliar de limpeza,T2,1,1,histórico
2025-05-24,Sábado,Housekeeping,Empregada de andares,T3,2,2,previsão
2025-05-24,Sábado,Housekeeping,Supervisora,T3,1,1,previsão
2025-05-24,Sábado,Housekeeping,Auxiliar de limpeza,T3,1,1,previsão
2025-05-25,Domingo,Housekeeping,Empregada de andares,T1,5,6,previsão
2025-05-25,Domingo,Housekeeping,Supervisora,T1,2,2,previsão
2025-05-25,Domingo,Housekeeping,Auxiliar de limpeza,T1,1,2,previsão
2025-05-25,Domingo,Housekeeping,Empregada de andares,T2,3,3,histórico
2025-05-25,Domingo,Housekeeping,Supervisora,T2,1,2,histórico
2025-05-25,Domingo,Housekeeping,Auxiliar de limpeza,T2,1,1,histórico
2025-05-25,Domingo,Housekeeping,Empregada de andares,T3,1,1,histórico
2025-05-25,Domingo,Housekeeping,Supervisora,T3,1,1,histórico
2025-05-25,Domingo,Housekeeping,Auxiliar de limpeza,T3,1,1,histórico
2025-05-26,Segunda,Housekeeping,Empregada de andares,T1,4,5,histórico
2025-05-26,Segunda,Housekeeping,Supervisora,T1,2,2,histórico
2025-05-26,Segunda,Housekeeping,Auxiliar de limpeza,T1,1,1,histórico
2025-05-26,Segunda,Housekeeping,Empregada de andares,T2,2,2,histórico
2025-05-26,Segunda,Housekeeping,Supervisora,T2,1,1,histórico
2025-05-26,Segunda,Housekeeping,Auxiliar de limpeza,T2,1,1,histórico
2025-05-26,Segunda,Housekeeping,Empregada de andares,T3,2,2,histórico
2025-05-26,Segunda,Housekeeping,Supervisora,T3,1,1,histórico
2025-05-26,Segunda,Housekeeping,Auxiliar de limpeza,T3,1,1,histórico
2025-05-27,Terça,Housekeeping,Empregada de andares,T1,4,4,histórico
2025-05-27,Terça,Housekeeping,Supervisora,T1,2,2,histórico
2025-05-27,Terça,Housekeeping,Auxiliar de limpeza,T1,1,1,histórico
2025-05-27,Terça,Housekeeping,Empregada de andares,T2,2,2,histórico
2025-05-27,Terça,Housekeeping,Supervisora,T2,1,1,histórico
2025-05-27,Terça,Housekeeping,Auxiliar de limpeza,T2,1,1,histórico
2025-05-27,Terça,Housekeeping,Empregada de andares,T3,1,2,previsão
2025-05-27,Terça,Housekeeping,Supervisora,T3,1,1,previsão
2025-05-27,Terça,Housekeeping,Auxiliar de limpeza,T3,1,1,previsão
2025-05-28,Quarta,Housekeeping,Empregada de andares,T1,3,4,histórico
2025-05-28,Quarta,Housekeeping,Supervisora,T1,1,2,histórico
2025-05-28,Quarta,Housekeeping,Auxiliar de limpeza,T1,1,1,histórico
2025-05-28,Quarta,Housekeeping,Empregada de andares,T2,3,3,histórico
2025-05-28,Quarta,Housekeeping,Supervisora,T2,1,2,histórico
2025-05-28,Quarta,Housekeeping,Auxiliar de limpeza,T2,1,1,histórico
2025-05-28,Quarta,Housekeeping,Empregada de andares,T3,2,2,histórico
2025-05-28,Quarta,Housekeeping,Supervisora,T3,1,1,histórico
2025-05-28,Quarta,Housekeeping,Auxiliar de limpeza,T3,1,1,histórico
2025-05-29,Quinta,Housekeeping,Empregada de andares,T1,3,4,histórico
2025-05-29,Quinta,Housekeeping,Supervisora,T1,1,2,histórico
2025-05-29,Quinta,Housekeeping,Auxiliar de limpeza,T1,1,1,histórico
2025-05-29,Quinta,Housekeeping,Empregada de andares,T2,3,3,histórico
2025-05-29,Quinta,Housekeeping,Supervisora,T2,1,2,histórico
2025-05-29,Quinta,Housekeeping,Auxiliar de limpeza,T2,1,1,histórico
2025-05-29,Quinta,Housekeeping,Empregada de andares,T3,1,2,histórico
2025-05-29,Quinta,Housekeeping,Supervisora,T3,1,1,histórico
2025-05-29,Quinta,Housekeeping,Auxiliar de limpeza,T3,1,1,histórico
2025-05-30,Sexta,Housekeeping,Empregada de andares,T1,3,4,histórico
2025-05-30,Sexta,Housekeeping,Supervisora,T1,1,2,histórico
2025-05-30,Sexta,Housekeeping,Auxiliar de limpeza,T1,1,1,histórico
2025-05-30,Sexta,Housekeeping,Empregada de andares,T2,3,3,previsão
2025-05-30,Sexta,Housekeeping,Supervisora,T2,1,2,previsão
2025-05-30,Sexta,Housekeeping,Auxiliar de limpeza,T2,1,1,previsão
2025-05-30,Sexta,Housekeeping,Empregada de andares,T3,1,2,previsão
2025-05-30,Sexta,Housekeeping,Supervisora,T3,1,1,previsão
2025-05-30,Sexta,Housekeeping,Auxiliar de limpeza,T3,1,1,previsão
2025-05-31,Sábado,Housekeeping,Empregada de andares,T1,5,5,previsão
2025-05-31,Sábado,Housekeeping,Supervisora,T1,2,2,previsão
2025-05-31,Sábado,Housekeeping,Auxiliar de limpeza,T1,1,1,previsão
2025-05-31,Sábado,Housekeeping,Empregada de andares,T2,2,2,histórico
2025-05-31,Sábado,Housekeeping,Supervisora,T2,1,1,histórico
2025-05-31,Sábado,Housekeeping,Auxiliar de limpeza,T2,1,1,histórico
2025-05-31,Sábado,Housekeeping,Empregada de andares,T3,1,2,histórico
2025-05-31,Sábado,Housekeeping,Supervisora,T3,1,1,histórico
2025-05-31,Sábado,Housekeeping,Auxiliar de limpeza,T3,1,1,histórico
2025-06-01,Domingo,Housekeeping,Empregada de andares,T1,5,5,histórico
2025-06-01,Domingo,Housekeeping,Supervisora,T1,2,2,histórico
2025-06-01,Domingo,Housekeeping,Auxiliar de limpeza,T1,1,1,histórico
2025-06-01,Domingo,Housekeeping,Empregada de andares,T2,2,3,histórico
2025-06-01,Domingo,Housekeeping,Supervisora,T2,1,1,histórico
2025-06-01,Domingo,Housekeeping,Auxiliar de limpeza,T2,1,1,histórico
2025-06-01,Domingo,Housekeeping,Empregada de andares,T3,1,2,histórico
2025-06-01,Domingo,Housekeeping,Supervisora,T3,1,1,histórico
2025-06-01,Domingo,Housekeeping,Auxiliar de limpeza,T3,1,1,histórico
2025-06-02,Segunda,Housekeeping,Empregada de andares,T1,4,4,histórico
2025-06-02,Segunda,Housekeeping,Supervisora,T1,2,2,histórico
2025-06-02,Segunda,Housekeeping,Auxiliar de limpeza,T1,1,1,histórico
2025-06-02,Segunda,Housekeeping,Empregada de andares,T2,2,3,histórico
2025-06-02,Segunda,Housekeeping,Supervisora,T2,1,1,histórico
2025-06-02,Segunda,Housekeeping,Auxiliar de limpeza,T2,1,1,histórico
2025-06-02,Segunda,Housekeeping,Empregada de andares,T3,1,2,histórico
2025-06-02,Segunda,Housekeeping,Supervisora,T3,1,1,histórico
2025-06-02,Segunda,Housekeeping,Auxiliar de limpeza,T3,1,1,histórico
2025-06-03,Terça,Housekeeping,Empregada de andares,T1,3,4,histórico
2025-06-03,Terça,Housekeeping,Supervisora,T1,1,2,histórico
2025-06-03,Terça,Housekeeping,Auxiliar de limpeza,T1,1,1,histórico
2025-06-03,Terça,Housekeeping,Empregada de andares,T2,2,2,histórico
2025-06-03,Terça,Housekeeping,Supervisora,T2,1,1,histórico
2025-06-03,Terça,Housekeeping,Auxiliar de limpeza,T2,1,1,histórico
2025-06-03,Terça,Housekeeping,Empregada de andares,T3,2,2,histórico
2025-06-03,Terça,Housekeeping,Supervisora,T3,1,1,histórico
2025-06-03,Terça,Housekeeping,Auxiliar de limpeza,T3,1,1,histórico
2025-06-04,Quarta,Housekeeping,Empregada de andares,T1,4,4,histórico
2025-06-04,Quarta,Housekeeping,Supervisora,T1,2,2,histórico
2025-06-04,Quarta,Housekeeping,Auxiliar de limpeza,T1,1,1,histórico
2025-06-04,Quarta,Housekeeping,Empregada de andares,T2,3,3,histórico
2025-06-04,Quarta,Housekeeping,Supervisora,T2,1,2,histórico
2025-06-04,Quarta,Housekeeping,Auxiliar de limpeza,T2,1,1,histórico
2025-06-04,Quarta,Housekeeping,Empregada de andares,T3,1,2,manual
2025-06-04,Quarta,Housekeeping,Supervisora,T3,1,1,manual
2025-06-04,Quarta,Housekeeping,Auxiliar de limpeza,T3,1,1,manual
2025-06-05,Quinta,Housekeeping,Empregada de andares,T1,4,5,previsão
2025-06-05,Quinta,Housekeeping,Supervisora,T1,2,2,previsão
2025-06-05,Quinta,Housekeeping,Auxiliar de limpeza,T1,1,1,previsão
2025-06-05,Quinta,Housekeeping,Empregada de andares,T2,2,3,histórico
2025-06-05,Quinta,Housekeeping,Supervisora,T2,1,1,histórico
2025-06-05,Quinta,Housekeeping,Auxiliar de limpeza,T2,1,1,histórico
2025-06-05,Quinta,Housekeeping,Empregada de andares,T3,2,2,previsão
2025-06-05,Quinta,Housekeeping,Supervisora,T3,1,1,previsão
2025-06-05,Quinta,Housekeeping,Auxiliar de limpeza,T3,1,1,previsão
2025-06-06,Sexta,Housekeeping,Empregada de andares,T1,4,4,histórico
2025-06-06,Sexta,Housekeeping,Supervisora,T1,2,2,histórico
2025-06-06,Sexta,Housekeeping,Auxiliar de limpeza,T1,1,1,histórico
2025-06-06,Sexta,Housekeeping,Empregada de andares,T2,2,3,previsão
2025-06-06,Sexta,Housekeeping,Supervisora,T2,1,1,previsão
2025-06-06,Sexta,Housekeeping,Auxiliar de limpeza,T2,1,1,previsão
2025-06-06,Sexta,Housekeeping,Empregada de andares,T3,1,1,histórico
2025-06-06,Sexta,Housekeeping,Supervisora,T3,1,1,histórico
2025-06-06,Sexta,Housekeeping,Auxiliar de limpeza,T3,1,1,histórico
2025-06-07,Sábado,Housekeeping,Empregada de andares,T1,5,6,histórico
2025-06-07,Sábado,Housekeeping,Supervisora,T1,2,2,histórico
2025-06-07,Sábado,Housekeeping,Auxiliar de limpeza,T1,1,2,histórico
2025-06-07,Sábado,Housekeeping,Empregada de andares,T2,3,3,previsão
2025-06-07,Sábado,Housekeeping,Supervisora,T2,1,2,previsão
2025-06-07,Sábado,Housekeeping,Auxiliar de limpeza,T2,1,1,previsão
2025-06-07,Sábado,Housekeeping,Empregada de andares,T3,2,2,previsão
2025-06-07,Sábado,Housekeeping,Supervisora,T3,1,1,previsão
2025-06-07,Sábado,Housekeeping,Auxiliar de limpeza,T3,1,1,previsão
2025-06-08,Domingo,Housekeeping,Empregada de andares,T1,4,5,histórico
2025-06-08,Domingo,Housekeeping,Supervisora,T1,2,2,histórico
2025-06-08,Domingo,Housekeeping,Auxiliar de limpeza,T1,1,1,histórico
2025-06-08,Domingo,Housekeeping,Empregada de andares,T2,2,3,histórico
2025-06-08,Domingo,Housekeeping,Supervisora,T2,1,1,histórico
2025-06-08,Domingo,Housekeeping,Auxiliar de limpeza,T2,1,1,histórico
2025-06-08,Domingo,Housekeeping,Empregada de andares,T3,1,2,histórico
2025-06-08,Domingo,Housekeeping,Supervisora,T3,1,1,histórico
2025-06-08,Domingo,Housekeeping,Auxiliar de limpeza,T3,1,1,histórico
2025-06-09,Segunda,Housekeeping,Empregada de andares,T1,3,4,previsão
2025-06-09,Segunda,Housekeeping,Supervisora,T1,1,2,previsão
2025-06-09,Segunda,Housekeeping,Auxiliar de limpeza,T1,1,1,previsão
2025-06-09,Segunda,Housekeeping,Empregada de andares,T2,2,2,previsão
2025-06-09,Segunda,Housekeeping,Supervisora,T2,1,1,previsão
2025-06-09,Segunda,Housekeeping,Auxiliar de limpeza,T2,1,1,previsão
2025-06-09,Segunda,Housekeeping,Empregada de andares,T3,1,2,previsão
2025-06-09,Segunda,Housekeeping,Supervisora,T3,1,1,previsão
2025-06-09,Segunda,Housekeeping,Auxiliar de limpeza,T3,1,1,previsão
2025-06-10,Terça,Housekeeping,Empregada de andares,T1,3,4,histórico
2025-06-10,Terça,Housekeeping,Supervisora,T1,1,2,histórico
2025-06-10,Terça,Housekeeping,Auxiliar de limpeza,T1,1,1,histórico
2025-06-10,Terça,Housekeeping,Empregada de andares,T2,2,2,histórico
2025-06-10,Terça,Housekeeping,Supervisora,T2,1,1,histórico
2025-06-10,Terça,Housekeeping,Auxiliar de limpeza,T2,1,1,histórico
2025-06-10,Terça,Housekeeping,Empregada de andares,T3,1,2,histórico
2025-06-10,Terça,Housekeeping,Supervisora,T3,1,1,histórico
2025-06-10,Terça,Housekeeping,Auxiliar de limpeza,T3,1,1,histórico
2025-06-11,Quarta,Housekeeping,Empregada de andares,T1,4,5,histórico
2025-06-11,Quarta,Housekeeping,Supervisora,T1,2,2,histórico
2025-06-11,Quarta,Housekeeping,Auxiliar de limpeza,T1,1,1,histórico
2025-06-11,Quarta,Housekeeping,Empregada de andares,T2,3,3,histórico
2025-06-11,Quarta,Housekeeping,Supervisora,T2,1,2,histórico
2025-06-11,Quarta,Housekeeping,Auxiliar de limpeza,T2,1,1,histórico
2025-06-11,Quarta,Housekeeping,Empregada de andares,T3,2,2,histórico
2025-06-11,Quarta,Housekeeping,Supervisora,T3,1,1,histórico
2025-06-11,Quarta,Housekeeping,Auxiliar de limpeza,T3,1,1,histórico
2025-06-12,Quinta,Housekeeping,Empregada de andares,T1,4,4,histórico
2025-06-12,Quinta,Housekeeping,Supervisora,T1,2,2,histórico
2025-06-12,Quinta,Housekeeping,Auxiliar de limpeza,T1,1,1,histórico
2025-06-12,Quinta,Housekeeping,Empregada de andares,T2,2,3,histórico
2025-06-12,Quinta,Housekeeping,Supervisora,T2,1,1,histórico
2025-06-12,Quinta,Housekeeping,Auxiliar de limpeza,T2,1,1,histórico
2025-06-12,Quinta,Housekeeping,Empregada de andares,T3,1,2,manual
2025-06-12,Quinta,Housekeeping,Supervisora,T3,1,1,manual
2025-06-12,Quinta,Housekeeping,Auxiliar de limpeza,T3,1,1,manual
2025-06-13,Sexta,Housekeeping,Empregada de andares,T1,4,4,previsão
2025-06-13,Sexta,Housekeeping,Supervisora,T1,2,2,previsão
2025-06-13,Sexta,Housekeeping,Auxiliar de limpeza,T1,1,1,previsão
2025-06-13,Sexta,Housekeeping,Empregada de andares,T2,2,3,histórico
2025-06-13,Sexta,Housekeeping,Supervisora,T2,1,1,histórico
2025-06-13,Sexta,Housekeeping,Auxiliar de limpeza,T2,1,1,histórico
2025-06-13,Sexta,Housekeeping,Empregada de andares,T3,1,2,manual
2025-06-13,Sexta,Housekeeping,Supervisora,T3,1,1,manual
2025-06-13,Sexta,Housekeeping,Auxiliar de limpeza,T3,1,1,manual
2025-06-14,Sábado,Housekeeping,Empregada de andares,T1,5,6,histórico
2025-06-14,Sábado,Housekeeping,Supervisora,T1,2,2,histórico
2025-06-14,Sábado,Housekeeping,Auxiliar de limpeza,T1,1,2,histórico
2025-06-14,Sábado,Housekeeping,Empregada de andares,T2,3,3,histórico
2025-06-14,Sábado,Housekeeping,Supervisora,T2,1,2,histórico
2025-06-14,Sábado,Housekeeping,Auxiliar de limpeza,T2,1,1,histórico
2025-06-14,Sábado,Housekeeping,Empregada de andares,T3,1,2,previsão
2025-06-14,Sábado,Housekeeping,Supervisora,T3,1,1,previsão
2025-06-14,Sábado,Housekeeping,Auxiliar de limpeza,T3,1,1,previsão
2025-06-15,Domingo,Housekeeping,Empregada de andares,T1,4,5,histórico
2025-06-15,Domingo,Housekeeping,Supervisora,T1,2,2,histórico
2025-06-15,Domingo,Housekeeping,Auxiliar de limpeza,T1,1,1,histórico
2025-06-15,Domingo,Housekeeping,Empregada de andares,T2,2,3,manual
2025-06-15,Domingo,Housekeeping,Supervisora,T2,1,1,manual
2025-06-15,Domingo,Housekeeping,Auxiliar de limpeza,T2,1,1,manual
2025-06-15,Domingo,Housekeeping,Empregada de andares,T3,1,1,histórico
2025-06-15,Domingo,Housekeeping,Supervisora,T3,1,1,histórico
2025-06-15,Domingo,Housekeeping,Auxiliar de limpeza,T3,1,1,histórico
2025-06-16,Segunda,Housekeeping,Empregada de andares,T1,4,5,histórico
2025-06-16,Segunda,Housekeeping,Supervisora,T1,2,2,histórico
2025-06-16,Segunda,Housekeeping,Auxiliar de limpeza,T1,1,1,histórico
2025-06-16,Segunda,Housekeeping,Empregada de andares,T2,2,2,histórico
2025-06-16,Segunda,Housekeeping,Supervisora,T2,1,1,histórico
2025-06-16,Segunda,Housekeeping,Auxiliar de limpeza,T2,1,1,histórico
2025-06-16,Segunda,Housekeeping,Empregada de andares,T3,1,1,histórico
2025-06-16,Segunda,Housekeeping,Supervisora,T3,1,1,histórico
2025-06-16,Segunda,Housekeeping,Auxiliar de limpeza,T3,1,1,histórico
2025-06-17,Terça,Housekeeping,Empregada de andares,T1,4,5,previsão
2025-06-17,Terça,Housekeeping,Supervisora,T1,2,2,previsão
2025-06-17,Terça,Housekeeping,Auxiliar de limpeza,T1,1,1,previsão
2025-06-17,Terça,Housekeeping,Empregada de andares,T2,3,3,previsão
2025-06-17,Terça,Housekeeping,Supervisora,T2,1,2,previsão
2025-06-17,Terça,Housekeeping,Auxiliar de limpeza,T2,1,1,previsão
2025-06-17,Terça,Housekeeping,Empregada de andares,T3,1,1,histórico
2025-06-17,Terça,Housekeeping,Supervisora,T3,1,1,histórico
2025-06-17,Terça,Housekeeping,Auxiliar de limpeza,T3,1,1,histórico
2025-06-18,Quarta,Housekeeping,Empregada de andares,T1,3,4,previsão
2025-06-18,Quarta,Housekeeping,Supervisora,T1,1,2,previsão
2025-06-18,Quarta,Housekeeping,Auxiliar de limpeza,T1,1,1,previsão
2025-06-18,Quarta,Housekeeping,Empregada de andares,T2,2,2,histórico
2025-06-18,Quarta,Housekeeping,Supervisora,T2,1,1,histórico
2025-06-18,Quarta,Housekeeping,Auxiliar de limpeza,T2,1,1,histórico
2025-06-18,Quarta,Housekeeping,Empregada de andares,T3,2,2,manual
2025-06-18,Quarta,Housekeeping,Supervisora,T3,1,1,manual
2025-06-18,Quarta,Housekeeping,Auxiliar de limpeza,T3,1,1,manual
2025-06-19,Quinta,Housekeeping,Empregada de andares,T1,3,4,histórico
2025-06-19,Quinta,Housekeeping,Supervisora,T1,1,2,histórico
2025-06-19,Quinta,Housekeeping,Auxiliar de limpeza,T1,1,1,histórico
2025-06-19,Quinta,Housekeeping,Empregada de andares,T2,3,3,previsão
2025-06-19,Quinta,Housekeeping,Supervisora,T2,1,2,previsão
2025-06-19,Quinta,Housekeeping,Auxiliar de limpeza,T2,1,1,previsão
2025-06-19,Quinta,Housekeeping,Empregada de andares,T3,1,1,previsão
2025-06-19,Quinta,Housekeeping,Supervisora,T3,1,1,previsão
2025-06-19,Quinta,Housekeeping,Auxiliar de limpeza,T3,1,1,previsão
2025-06-20,Sexta,Housekeeping,Empregada de andares,T1,3,4,previsão
2025-06-20,Sexta,Housekeeping,Supervisora,T1,1,2,previsão
2025-06-20,Sexta,Housekeeping,Auxiliar de limpeza,T1,1,1,previsão
2025-06-20,Sexta,Housekeeping,Empregada de andares,T2,2,3,histórico
2025-06-20,Sexta,Housekeeping,Supervisora,T2,1,1,histórico
2025-06-20,Sexta,Housekeeping,Auxiliar de limpeza,T2,1,1,histórico
2025-06-20,Sexta,Housekeeping,Empregada de andares,T3,1,1,histórico
2025-06-20,Sexta,Housekeeping,Supervisora,T3,1,1,histórico
2025-06-20,Sexta,Housekeeping,Auxiliar de limpeza,T3,1,1,histórico
2025-06-21,Sábado,Housekeeping,Empregada de andares,T1,4,5,previsão
2025-06-21,Sábado,Housekeeping,Supervisora,T1,2,2,previsão
2025-06-21,Sábado,Housekeeping,Auxiliar de limpeza,T1,1,1,previsão
2025-06-21,Sábado,Housekeeping,Empregada de andares,T2,2,2,previsão
2025-06-21,Sábado,Housekeeping,Supervisora,T2,1,1,previsão
2025-06-21,Sábado,Housekeeping,Auxiliar de limpeza,T2,1,1,previsão
2025-06-21,Sábado,Housekeeping,Empregada de andares,T3,1,2,histórico
2025-06-21,Sábado,Housekeeping,Supervisora,T3,1,1,histórico
2025-06-21,Sábado,Housekeeping,Auxiliar de limpeza,T3,1,1,histórico
2025-06-22,Domingo,Housekeeping,Empregada de andares,T1,5,6,manual
2025-06-22,Domingo,Housekeeping,Supervisora,T1,2,2,manual
2025-06-22,Domingo,Housekeeping,Auxiliar de limpeza,T1,1,2,manual
2025-06-22,Domingo,Housekeeping,Empregada de andares,T2,2,3,histórico
2025-06-22,Domingo,Housekeeping,Supervisora,T2,1,1,histórico
2025-06-22,Domingo,Housekeeping,Auxiliar de limpeza,T2,1,1,histórico
2025-06-22,Domingo,Housekeeping,Empregada de andares,T3,2,2,histórico
2025-06-22,Domingo,Housekeeping,Supervisora,T3,1,1,histórico
2025-06-22,Domingo,Housekeeping,Auxiliar de limpeza,T3,1,1,histórico
2025-06-23,Segunda,Housekeeping,Empregada de andares,T1,4,4,histórico
2025-06-23,Segunda,Housekeeping,Supervisora,T1,2,2,histórico
2025-06-23,Segunda,Housekeeping,Auxiliar de limpeza,T1,1,1,histórico
2025-06-23,Segunda,Housekeeping,Empregada de andares,T2,3,3,manual
2025-06-23,Segunda,Housekeeping,Supervisora,T2,1,2,manual
2025-06-23,Segunda,Housekeeping,Auxiliar de limpeza,T2,1,1,manual
2025-06-23,Segunda,Housekeeping,Empregada de andares,T3,2,2,histórico
2025-06-23,Segunda,Housekeeping,Supervisora,T3,1,1,histórico
2025-06-23,Segunda,Housekeeping,Auxiliar de limpeza,T3,1,1,histórico
2025-06-24,Terça,Housekeeping,Empregada de andares,T1,4,4,histórico
2025-06-24,Terça,Housekeeping,Supervisora,T1,2,2,histórico
2025-06-24,Terça,Housekeeping,Auxiliar de limpeza,T1,1,1,histórico
2025-06-24,Terça,Housekeeping,Empregada de andares,T2,2,2,manual
2025-06-24,Terça,Housekeeping,Supervisora,T2,1,1,manual
2025-06-24,Terça,Housekeeping,Auxiliar de limpeza,T2,1,1,manual
2025-06-24,Terça,Housekeeping,Empregada de andares,T3,1,2,histórico
2025-06-24,Terça,Housekeeping,Supervisora,T3,1,1,histórico
2025-06-24,Terça,Housekeeping,Auxiliar de limpeza,T3,1,1,histórico
2025-06-25,Quarta,Housekeeping,Empregada de andares,T1,4,4,histórico
2025-06-25,Quarta,Housekeeping,Supervisora,T1,2,2,histórico
2025-06-25,Quarta,Housekeeping,Auxiliar de limpeza,T1,1,1,histórico
2025-06-25,Quarta,Housekeeping,Empregada de andares,T2,2,3,histórico
2025-06-25,Quarta,Housekeeping,Supervisora,T2,1,1,histórico
2025-06-25,Quarta,Housekeeping,Auxiliar de limpeza,T2,1,1,histórico
2025-06-25,Quarta,Housekeeping,Empregada de andares,T3,1,2,manual
2025-06-25,Quarta,Housekeeping,Supervisora,T3,1,1,manual
2025-06-25,Quarta,Housekeeping,Auxiliar de limpeza,T3,1,1,manual
2025-06-26,Quinta,Housekeeping,Empregada de andares,T1,3,4,previsão
2025-06-26,Quinta,Housekeeping,Supervisora,T1,1,2,previsão
2025-06-26,Quinta,Housekeeping,Auxiliar de limpeza,T1,1,1,previsão
2025-06-26,Quinta,Housekeeping,Empregada de andares,T2,2,2,manual
2025-06-26,Quinta,Housekeeping,Supervisora,T2,1,1,manual
2025-06-26,Quinta,Housekeeping,Auxiliar de limpeza,T2,1,1,manual
2025-06-26,Quinta,Housekeeping,Empregada de andares,T3,1,2,histórico
2025-06-26,Quinta,Housekeeping,Supervisora,T3,1,1,histórico
2025-06-26,Quinta,Housekeeping,Auxiliar de limpeza,T3,1,1,histórico
2025-06-27,Sexta,Housekeeping,Empregada de andares,T1,4,5,histórico
2025-06-27,Sexta,Housekeeping,Supervisora,T1,2,2,histórico
2025-06-27,Sexta,Housekeeping,Auxiliar de limpeza,T1,1,1,histórico
2025-06-27,Sexta,Housekeeping,Empregada de andares,T2,2,3,histórico
2025-06-27,Sexta,Housekeeping,Supervisora,T2,1,1,histórico
2025-06-27,Sexta,Housekeeping,Auxiliar de limpeza,T2,1,1,histórico
2025-06-27,Sexta,Housekeeping,Empregada de andares,T3,2,2,histórico
2025-06-27,Sexta,Housekeeping,Supervisora,T3,1,1,histórico
2025-06-27,Sexta,Housekeeping,Auxiliar de limpeza,T3,1,1,histórico
2025-06-28,Sábado,Housekeeping,Empregada de andares,T1,5,5,histórico
2025-06-28,Sábado,Housekeeping,Supervisora,T1,2,2,histórico
2025-06-28,Sábado,Housekeeping,Auxiliar de limpeza,T1,1,1,histórico
2025-06-28,Sábado,Housekeeping,Empregada de andares,T2,2,3,manual
2025-06-28,Sábado,Housekeeping,Supervisora,T2,1,1,manual
2025-06-28,Sábado,Housekeeping,Auxiliar de limpeza,T2,1,1,manual
2025-06-28,Sábado,Housekeeping,Empregada de andares,T3,2,2,previsão
2025-06-28,Sábado,Housekeeping,Supervisora,T3,1,1,previsão
2025-06-28,Sábado,Housekeeping,Auxiliar de limpeza,T3,1,1,previsão
2025-06-29,Domingo,Housekeeping,Empregada de andares,T1,5,6,histórico
2025-06-29,Domingo,Housekeeping,Supervisora,T1,2,2,histórico
2025-06-29,Domingo,Housekeeping,Auxiliar de limpeza,T1,1,2,histórico
2025-06-29,Domingo,Housekeeping,Empregada de andares,T2,3,3,histórico
2025-06-29,Domingo,Housekeeping,Supervisora,T2,1,2,histórico
2025-06-29,Domingo,Housekeeping,Auxiliar de limpeza,T2,1,1,histórico
2025-06-29,Domingo,Housekeeping,Empregada de andares,T3,1,1,histórico
2025-06-29,Domingo,Housekeeping,Supervisora,T3,1,1,histórico
2025-06-29,Domingo,Housekeeping,Auxiliar de limpeza,T3,1,1,histórico
2025-06-30,Segunda,Housekeeping,Empregada de andares,T1,3,4,histórico
2025-06-30,Segunda,Housekeeping,Supervisora,T1,1,2,histórico
2025-06-30,Segunda,Housekeeping,Auxiliar de limpeza,T1,1,1,histórico
2025-06-30,Segunda,Housekeeping,Empregada de andares,T2,2,3,histórico
2025-06-30,Segunda,Housekeeping,Supervisora,T2,1,1,histórico
2025-06-30,Segunda,Housekeeping,Auxiliar de limpeza,T2,1,1,histórico
2025-06-30,Segunda,Housekeeping,Empregada de andares,T3,2,2,manual
2025-06-30,Segunda,Housekeeping,Supervisora,T3,1,1,manual
2025-06-30,Segunda,Housekeeping,Auxiliar de limpeza,T3,1,1,manual
2025-07-01,Terça,Housekeeping,Empregada de andares,T1,5,5,previsão
2025-07-01,Terça,Housekeeping,Supervisora,T1,2,2,previsão
2025-07-01,Terça,Housekeeping,Auxiliar de limpeza,T1,1,1,previsão
2025-07-01,Terça,Housekeeping,Empregada de andares,T2,3,3,histórico
2025-07-01,Terça,Housekeeping,Supervisora,T2,1,2,histórico
2025-07-01,Terça,Housekeeping,Auxiliar de limpeza,T2,1,1,histórico
2025-07-01,Terça,Housekeeping,Empregada de andares,T3,1,1,histórico
2025-07-01,Terça,Housekeeping,Supervisora,T3,1,1,histórico
2025-07-01,Terça,Housekeeping,Auxiliar de limpeza,T3,1,1,histórico
2025-07-02,Quarta,Housekeeping,Empregada de andares,T1,5,5,manual
2025-07-02,Quarta,Housekeeping,Supervisora,T1,2,2,manual
2025-07-02,Quarta,Housekeeping,Auxiliar de limpeza,T1,1,1,manual
2025-07-02,Quarta,Housekeeping,Empregada de andares,T2,2,3,manual
2025-07-02,Quarta,Housekeeping,Supervisora,T2,1,1,manual
2025-07-02,Quarta,Housekeeping,Auxiliar de limpeza,T2,1,1,manual
2025-07-02,Quarta,Housekeeping,Empregada de andares,T3,1,1,histórico
2025-07-02,Quarta,Housekeeping,Supervisora,T3,1,1,histórico
2025-07-02,Quarta,Housekeeping,Auxiliar de limpeza,T3,1,1,histórico
2025-07-03,Quinta,Housekeeping,Empregada de andares,T1,5,5,histórico
2025-07-03,Quinta,Housekeeping,Supervisora,T1,2,2,histórico
2025-07-03,Quinta,Housekeeping,Auxiliar de limpeza,T1,1,1,histórico
2025-07-03,Quinta,Housekeeping,Empregada de andares,T2,3,4,manual
2025-07-03,Quinta,Housekeeping,Supervisora,T2,2,2,manual
2025-07-03,Quinta,Housekeeping,Auxiliar de limpeza,T2,1,1,manual
2025-07-03,Quinta,Housekeeping,Empregada de andares,T3,2,2,histórico
2025-07-03,Quinta,Housekeeping,Supervisora,T3,1,1,histórico
2025-07-03,Quinta,Housekeeping,Auxiliar de limpeza,T3,1,1,histórico
2025-07-04,Sexta,Housekeeping,Empregada de andares,T1,5,6,previsão
2025-07-04,Sexta,Housekeeping,Supervisora,T1,2,2,previsão
2025-07-04,Sexta,Housekeeping,Auxiliar de limpeza,T1,1,2,previsão
2025-07-04,Sexta,Housekeeping,Empregada de andares,T2,3,3,histórico
2025-07-04,Sexta,Housekeeping,Supervisora,T2,1,2,histórico
2025-07-04,Sexta,Housekeeping,Auxiliar de limpeza,T2,1,1,histórico
2025-07-04,Sexta,Housekeeping,Empregada de andares,T3,1,2,histórico
2025-07-04,Sexta,Housekeeping,Supervisora,T3,1,1,histórico
2025-07-04,Sexta,Housekeeping,Auxiliar de limpeza,T3,1,1,histórico
2025-07-05,Sábado,Housekeeping,Empregada de andares,T1,7,7,manual
2025-07-05,Sábado,Housekeeping,Supervisora,T1,3,3,manual
2025-07-05,Sábado,Housekeeping,Auxiliar de limpeza,T1,2,2,manual
2025-07-05,Sábado,Housekeeping,Empregada de andares,T2,3,3,histórico
2025-07-05,Sábado,Housekeeping,Supervisora,T2,1,2,histórico
2025-07-05,Sábado,Housekeeping,Auxiliar de limpeza,T2,1,1,histórico
2025-07-05,Sábado,Housekeeping,Empregada de andares,T3,1,2,previsão
2025-07-05,Sábado,Housekeeping,Supervisora,T3,1,1,previsão
2025-07-05,Sábado,Housekeeping,Auxiliar de limpeza,T3,1,1,previsão
2025-07-06,Domingo,Housekeeping,Empregada de andares,T1,7,7,previsão
2025-07-06,Domingo,Housekeeping,Supervisora,T1,3,3,previsão
2025-07-06,Domingo,Housekeeping,Auxiliar de limpeza,T1,2,2,previsão
2025-07-06,Domingo,Housekeeping,Empregada de andares,T2,3,4,histórico
2025-07-06,Domingo,Housekeeping,Supervisora,T2,2,2,histórico
2025-07-06,Domingo,Housekeeping,Auxiliar de limpeza,T2,1,1,histórico
2025-07-06,Domingo,Housekeeping,Empregada de andares,T3,1,1,histórico
2025-07-06,Domingo,Housekeeping,Supervisora,T3,1,1,histórico
2025-07-06,Domingo,Housekeeping,Auxiliar de limpeza,T3,1,1,histórico
2025-07-07,Segunda,Housekeeping,Empregada de andares,T1,5,6,histórico
2025-07-07,Segunda,Housekeeping,Supervisora,T1,2,2,histórico
2025-07-07,Segunda,Housekeeping,Auxiliar de limpeza,T1,1,2,histórico
2025-07-07,Segunda,Housekeeping,Empregada de andares,T2,3,3,histórico
2025-07-07,Segunda,Housekeeping,Supervisora,T2,1,2,histórico
2025-07-07,Segunda,Housekeeping,Auxiliar de limpeza,T2,1,1,histórico
2025-07-07,Segunda,Housekeeping,Empregada de andares,T3,1,2,histórico
2025-07-07,Segunda,Housekeeping,Supervisora,T3,1,1,histórico
2025-07-07,Segunda,Housekeeping,Auxiliar de limpeza,T3,1,1,histórico
2025-07-08,Terça,Housekeeping,Empregada de andares,T1,5,6,histórico
2025-07-08,Terça,Housekeeping,Supervisora,T1,2,2,histórico
2025-07-08,Terça,Housekeeping,Auxiliar de limpeza,T1,1,2,histórico
2025-07-08,Terça,Housekeeping,Empregada de andares,T2,3,4,histórico
2025-07-08,Terça,Housekeeping,Supervisora,T2,2,2,histórico
2025-07-08,Terça,Housekeeping,Auxiliar de limpeza,T2,1,1,histórico
2025-07-08,Terça,Housekeeping,Empregada de andares,T3,2,2,histórico
2025-07-08,Terça,Housekeeping,Supervisora,T3,1,1,histórico
2025-07-08,Terça,Housekeeping,Auxiliar de limpeza,T3,1,1,histórico
2025-07-09,Quarta,Housekeeping,Empregada de andares,T1,5,6,previsão
2025-07-09,Quarta,Housekeeping,Supervisora,T1,2,2,previsão
2025-07-09,Quarta,Housekeeping,Auxiliar de limpeza,T1,1,2,previsão
2025-07-09,Quarta,Housekeeping,Empregada de andares,T2,2,3,previsão
2025-07-09,Quarta,Housekeeping,Supervisora,T2,1,1,previsão
2025-07-09,Quarta,Housekeeping,Auxiliar de limpeza,T2,1,1,previsão
2025-07-09,Quarta,Housekeeping,Empregada de andares,T3,1,2,histórico
2025-07-09,Quarta,Housekeeping,Supervisora,T3,1,1,histórico
2025-07-09,Quarta,Housekeeping,Auxiliar de limpeza,T3,1,1,histórico
2025-07-10,Quinta,Housekeeping,Empregada de andares,T1,5,5,manual
2025-07-10,Quinta,Housekeeping,Supervisora,T1,2,2,manual
2025-07-10,Quinta,Housekeeping,Auxiliar de limpeza,T1,1,1,manual
2025-07-10,Quinta,Housekeeping,Empregada de andares,T2,2,3,histórico
2025-07-10,Quinta,Housekeeping,Supervisora,T2,1,1,histórico
2025-07-10,Quinta,Housekeeping,Auxiliar de limpeza,T2,1,1,histórico
2025-07-10,Quinta,Housekeeping,Empregada de andares,T3,1,2,manual
2025-07-10,Quinta,Housekeeping,Supervisora,T3,1,1,manual
2025-07-10,Quinta,Housekeeping,Auxiliar de limpeza,T3,1,1,manual
2025-07-11,Sexta,Housekeeping,Empregada de andares,T1,5,6,histórico
2025-07-11,Sexta,Housekeeping,Supervisora,T1,2,2,histórico
2025-07-11,Sexta,Housekeeping,Auxiliar de limpeza,T1,1,2,histórico
2025-07-11,Sexta,Housekeeping,Empregada de andares,T2,2,3,manual
2025-07-11,Sexta,Housekeeping,Supervisora,T2,1,1,manual
2025-07-11,Sexta,Housekeeping,Auxiliar de limpeza,T2,1,1,manual
2025-07-11,Sexta,Housekeeping,Empregada de andares,T3,2,2,previsão
2025-07-11,Sexta,Housekeeping,Supervisora,T3,1,1,previsão
2025-07-11,Sexta,Housekeeping,Auxiliar de limpeza,T3,1,1,previsão
2025-07-12,Sábado,Housekeeping,Empregada de andares,T1,6,7,histórico
2025-07-12,Sábado,Housekeeping,Supervisora,T1,2,3,histórico
2025-07-12,Sábado,Housekeeping,Auxiliar de limpeza,T1,2,2,histórico
2025-07-12,Sábado,Housekeeping,Empregada de andares,T2,2,3,histórico
2025-07-12,Sábado,Housekeeping,Supervisora,T2,1,1,histórico
2025-07-12,Sábado,Housekeeping,Auxiliar de limpeza,T2,1,1,histórico
2025-07-12,Sábado,Housekeeping,Empregada de andares,T3,2,2,previsão
2025-07-12,Sábado,Housekeeping,Supervisora,T3,1,1,previsão
2025-07-12,Sábado,Housekeeping,Auxiliar de limpeza,T3,1,1,previsão
2025-07-13,Domingo,Housekeeping,Empregada de andares,T1,7,7,histórico
2025-07-13,Domingo,Housekeeping,Supervisora,T1,3,3,histórico
2025-07-13,Domingo,Housekeeping,Auxiliar de limpeza,T1,2,2,histórico
2025-07-13,Domingo,Housekeeping,Empregada de andares,T2,2,3,previsão
2025-07-13,Domingo,Housekeeping,Supervisora,T2,1,1,previsão
2025-07-13,Domingo,Housekeeping,Auxiliar de limpeza,T2,1,1,previsão
2025-07-13,Domingo,Housekeeping,Empregada de andares,T3,2,2,manual
2025-07-13,Domingo,Housekeeping,Supervisora,T3,1,1,manual
2025-07-13,Domingo,Housekeeping,Auxiliar de limpeza,T3,1,1,manual
2025-07-14,Segunda,Housekeeping,Empregada de andares,T1,4,5,previsão
2025-07-14,Segunda,Housekeeping,Supervisora,T1,2,2,previsão
2025-07-14,Segunda,Housekeeping,Auxiliar de limpeza,T1,1,1,previsão
2025-07-14,Segunda,Housekeeping,Empregada de andares,T2,3,4,histórico
2025-07-14,Segunda,Housekeeping,Supervisora,T2,2,2,histórico
2025-07-14,Segunda,Housekeeping,Auxiliar de limpeza,T2,1,1,histórico
2025-07-14,Segunda,Housekeeping,Empregada de andares,T3,2,2,histórico
2025-07-14,Segunda,Housekeeping,Supervisora,T3,1,1,histórico
2025-07-14,Segunda,Housekeeping,Auxiliar de limpeza,T3,1,1,histórico
2025-07-15,Terça,Housekeeping,Empregada de andares,T1,5,5,previsão
2025-07-15,Terça,Housekeeping,Supervisora,T1,2,2,previsão
2025-07-15,Terça,Housekeeping,Auxiliar de limpeza,T1,1,1,previsão
2025-07-15,Terça,Housekeeping,Empregada de andares,T2,3,4,previsão
2025-07-15,Terça,Housekeeping,Supervisora,T2,2,2,previsão
2025-07-15,Terça,Housekeeping,Auxiliar de limpeza,T2,1,1,previsão
2025-07-15,Terça,Housekeeping,Empregada de andares,T3,1,2,previsão
2025-07-15,Terça,Housekeeping,Supervisora,T3,1,1,previsão
2025-07-15,Terça,Housekeeping,Auxiliar de limpeza,T3,1,1,previsão
2025-07-16,Quarta,Housekeeping,Empregada de andares,T1,5,6,histórico
2025-07-16,Quarta,Housekeeping,Supervisora,T1,2,2,histórico
2025-07-16,Quarta,Housekeeping,Auxiliar de limpeza,T1,1,2,histórico
2025-07-16,Quarta,Housekeeping,Empregada de andares,T2,3,3,histórico
2025-07-16,Quarta,Housekeeping,Supervisora,T2,1,2,histórico
2025-07-16,Quarta,Housekeeping,Auxiliar de limpeza,T2,1,1,histórico
2025-07-16,Quarta,Housekeeping,Empregada de andares,T3,1,2,manual
2025-07-16,Quarta,Housekeeping,Supervisora,T3,1,1,manual
2025-07-16,Quarta,Housekeeping,Auxiliar de limpeza,T3,1,1,manual
2025-07-17,Quinta,Housekeeping,Empregada de andares,T1,5,5,histórico
2025-07-17,Quinta,Housekeeping,Supervisora,T1,2,2,histórico
2025-07-17,Quinta,Housekeeping,Auxiliar de limpeza,T1,1,1,histórico
2025-07-17,Quinta,Housekeeping,Empregada de andares,T2,2,3,manual
2025-07-17,Quinta,Housekeeping,Supervisora,T2,1,1,manual
2025-07-17,Quinta,Housekeeping,Auxiliar de limpeza,T2,1,1,manual
2025-07-17,Quinta,Housekeeping,Empregada de andares,T3,1,2,histórico
2025-07-17,Quinta,Housekeeping,Supervisora,T3,1,1,histórico
2025-07-17,Quinta,Housekeeping,Auxiliar de limpeza,T3,1,1,histórico
2025-07-18,Sexta,Housekeeping,Empregada de andares,T1,4,5,histórico
2025-07-18,Sexta,Housekeeping,Supervisora,T1,2,2,histórico
2025-07-18,Sexta,Housekeeping,Auxiliar de limpeza,T1,1,1,histórico
2025-07-18,Sexta,Housekeeping,Empregada de andares,T2,3,3,previsão
2025-07-18,Sexta,Housekeeping,Supervisora,T2,1,2,previsão
2025-07-18,Sexta,Housekeeping,Auxiliar de limpeza,T2,1,1,previsão
2025-07-18,Sexta,Housekeeping,Empregada de andares,T3,1,1,histórico
2025-07-18,Sexta,Housekeeping,Supervisora,T3,1,1,histórico
2025-07-18,Sexta,Housekeeping,Auxiliar de limpeza,T3,1,1,histórico
2025-07-19,Sábado,Housekeeping,Empregada de andares,T1,6,7,previsão
2025-07-19,Sábado,Housekeeping,Supervisora,T1,2,3,previsão
2025-07-19,Sábado,Housekeeping,Auxiliar de limpeza,T1,2,2,previsão
2025-07-19,Sábado,Housekeeping,Empregada de andares,T2,3,3,histórico
2025-07-19,Sábado,Housekeeping,Supervisora,T2,1,2,histórico
2025-07-19,Sábado,Housekeeping,Auxiliar de limpeza,T2,1,1,histórico
2025-07-19,Sábado,Housekeeping,Empregada de andares,T3,1,1,histórico
2025-07-19,Sábado,Housekeeping,Supervisora,T3,1,1,histórico
2025-07-19,Sábado,Housekeeping,Auxiliar de limpeza,T3,1,1,histórico
2025-07-20,Domingo,Housekeeping,Empregada de andares,T1,7,7,histórico
2025-07-20,Domingo,Housekeeping,Supervisora,T1,3,3,histórico
2025-07-20,Domingo,Housekeeping,Auxiliar de limpeza,T1,2,2,histórico
2025-07-20,Domingo,Housekeeping,Empregada de andares,T2,2,3,histórico
2025-07-20,Domingo,Housekeeping,Supervisora,T2,1,1,histórico
2025-07-20,Domingo,Housekeeping,Auxiliar de limpeza,T2,1,1,histórico
2025-07-20,Domingo,Housekeeping,Empregada de andares,T3,2,2,manual
2025-07-20,Domingo,Housekeeping,Supervisora,T3,1,1,manual
2025-07-20,Domingo,Housekeeping,Auxiliar de limpeza,T3,1,1,manual
2025-07-21,Segunda,Housekeeping,Empregada de andares,T1,4,5,histórico
2025-07-21,Segunda,Housekeeping,Supervisora,T1,2,2,histórico
2025-07-21,Segunda,Housekeeping,Auxiliar de limpeza,T1,1,1,histórico
2025-07-21,Segunda,Housekeeping,Empregada de andares,T2,2,3,histórico
2025-07-21,Segunda,Housekeeping,Supervisora,T2,1,1,histórico
2025-07-21,Segunda,Housekeeping,Auxiliar de limpeza,T2,1,1,histórico
2025-07-21,Segunda,Housekeeping,Empregada de andares,T3,2,2,histórico
2025-07-21,Segunda,Housekeeping,Supervisora,T3,1,1,histórico
2025-07-21,Segunda,Housekeeping,Auxiliar de limpeza,T3,1,1,histórico
2025-07-22,Terça,Housekeeping,Empregada de andares,T1,5,5,histórico
2025-07-22,Terça,Housekeeping,Supervisora,T1,2,2,histórico
2025-07-22,Terça,Housekeeping,Auxiliar de limpeza,T1,1,1,histórico
2025-07-22,Terça,Housekeeping,Empregada de andares,T2,3,3,previsão
2025-07-22,Terça,Housekeeping,Supervisora,T2,1,2,previsão
2025-07-22,Terça,Housekeeping,Auxiliar de limpeza,T2,1,1,previsão
2025-07-22,Terça,Housekeeping,Empregada de andares,T3,1,2,manual
2025-07-22,Terça,Housekeeping,Supervisora,T3,1,1,manual
2025-07-22,Terça,Housekeeping,Auxiliar de limpeza,T3,1,1,manual
2025-07-23,Quarta,Housekeeping,Empregada de andares,T1,5,5,previsão
2025-07-23,Quarta,Housekeeping,Supervisora,T1,2,2,previsão
2025-07-23,Quarta,Housekeeping,Auxiliar de limpeza,T1,1,1,previsão
2025-07-23,Quarta,Housekeeping,Empregada de andares,T2,3,4,histórico
2025-07-23,Quarta,Housekeeping,Supervisora,T2,2,2,histórico
2025-07-23,Quarta,Housekeeping,Auxiliar de limpeza,T2,1,1,histórico
2025-07-23,Quarta,Housekeeping,Empregada de andares,T3,2,2,histórico
2025-07-23,Quarta,Housekeeping,Supervisora,T3,1,1,histórico
2025-07-23,Quarta,Housekeeping,Auxiliar de limpeza,T3,1,1,histórico
2025-07-24,Quinta,Housekeeping,Empregada de andares,T1,4,5,histórico
2025-07-24,Quinta,Housekeeping,Supervisora,T1,2,2,histórico
2025-07-24,Quinta,Housekeeping,Auxiliar de limpeza,T1,1,1,histórico
2025-07-24,Quinta,Housekeeping,Empregada de andares,T2,2,3,previsão
2025-07-24,Quinta,Housekeeping,Supervisora,T2,1,1,previsão
2025-07-24,Quinta,Housekeeping,Auxiliar de limpeza,T2,1,1,previsão
2025-07-24,Quinta,Housekeeping,Empregada de andares,T3,2,2,histórico
2025-07-24,Quinta,Housekeeping,Supervisora,T3,1,1,histórico
2025-07-24,Quinta,Housekeeping,Auxiliar de limpeza,T3,1,1,histórico
2025-07-25,Sexta,Housekeeping,Empregada de andares,T1,4,5,histórico
2025-07-25,Sexta,Housekeeping,Supervisora,T1,2,2,histórico
2025-07-25,Sexta,Housekeeping,Auxiliar de limpeza,T1,1,1,histórico
2025-07-25,Sexta,Housekeeping,Empregada de andares,T2,3,3,histórico
2025-07-25,Sexta,Housekeeping,Supervisora,T2,1,2,histórico
2025-07-25,Sexta,Housekeeping,Auxiliar de limpeza,T2,1,1,histórico
2025-07-25,Sexta,Housekeeping,Empregada de andares,T3,1,1,previsão
2025-07-25,Sexta,Housekeeping,Supervisora,T3,1,1,previsão
2025-07-25,Sexta,Housekeeping,Auxiliar de limpeza,T3,1,1,previsão
2025-07-26,Sábado,Housekeeping,Empregada de andares,T1,5,6,manual
2025-07-26,Sábado,Housekeeping,Supervisora,T1,2,2,manual
2025-07-26,Sábado,Housekeeping,Auxiliar de limpeza,T1,1,2,manual
2025-07-26,Sábado,Housekeeping,Empregada de andares,T2,3,4,previsão
2025-07-26,Sábado,Housekeeping,Supervisora,T2,2,2,previsão
2025-07-26,Sábado,Housekeeping,Auxiliar de limpeza,T2,1,1,previsão
2025-07-26,Sábado,Housekeeping,Empregada de andares,T3,2,2,previsão
2025-07-26,Sábado,Housekeeping,Supervisora,T3,1,1,previsão
2025-07-26,Sábado,Housekeeping,Auxiliar de limpeza,T3,1,1,previsão
2025-07-27,Domingo,Housekeeping,Empregada de andares,T1,6,7,histórico
2025-07-27,Domingo,Housekeeping,Supervisora,T1,2,3,histórico
2025-07-27,Domingo,Housekeeping,Auxiliar de limpeza,T1,2,2,histórico
2025-07-27,Domingo,Housekeeping,Empregada de andares,T2,3,4,histórico
2025-07-27,Domingo,Housekeeping,Supervisora,T2,2,2,histórico
2025-07-27,Domingo,Housekeeping,Auxiliar de limpeza,T2,1,1,histórico
2025-07-27,Domingo,Housekeeping,Empregada de andares,T3,1,1,previsão
2025-07-27,Domingo,Housekeeping,Supervisora,T3,1,1,previsão
2025-07-27,Domingo,Housekeeping,Auxiliar de limpeza,T3,1,1,previsão
2025-07-28,Segunda,Housekeeping,Empregada de andares,T1,5,5,previsão
2025-07-28,Segunda,Housekeeping,Supervisora,T1,2,2,previsão
2025-07-28,Segunda,Housekeeping,Auxiliar de limpeza,T1,1,1,previsão
2025-07-28,Segunda,Housekeeping,Empregada de andares,T2,3,4,previsão
2025-07-28,Segunda,Housekeeping,Supervisora,T2,2,2,previsão
2025-07-28,Segunda,Housekeeping,Auxiliar de limpeza,T2,1,1,previsão
2025-07-28,Segunda,Housekeeping,Empregada de andares,T3,2,2,manual
2025-07-28,Segunda,Housekeeping,Supervisora,T3,1,1,manual
2025-07-28,Segunda,Housekeeping,Auxiliar de limpeza,T3,1,1,manual
2025-07-29,Terça,Housekeeping,Empregada de andares,T1,5,6,histórico
2025-07-29,Terça,Housekeeping,Supervisora,T1,2,2,histórico
2025-07-29,Terça,Housekeeping,Auxiliar de limpeza,T1,1,2,histórico
2025-07-29,Terça,Housekeeping,Empregada de andares,T2,3,4,histórico
2025-07-29,Terça,Housekeeping,Supervisora,T2,2,2,histórico
2025-07-29,Terça,Housekeeping,Auxiliar de limpeza,T2,1,1,histórico
2025-07-29,Terça,Housekeeping,Empregada de andares,T3,1,2,histórico
2025-07-29,Terça,Housekeeping,Supervisora,T3,1,1,histórico
2025-07-29,Terça,Housekeeping,Auxiliar de limpeza,T3,1,1,histórico
2025-07-30,Quarta,Housekeeping,Empregada de andares,T1,5,6,histórico
2025-07-30,Quarta,Housekeeping,Supervisora,T1,2,2,histórico
2025-07-30,Quarta,Housekeeping,Auxiliar de limpeza,T1,1,2,histórico
2025-07-30,Quarta,Housekeeping,Empregada de andares,T2,3,4,previsão
2025-07-30,Quarta,Housekeeping,Supervisora,T2,2,2,previsão
2025-07-30,Quarta,Housekeeping,Auxiliar de limpeza,T2,1,1,previsão
2025-07-30,Quarta,Housekeeping,Empregada de andares,T3,2,2,previsão
2025-07-30,Quarta,Housekeeping,Supervisora,T3,1,1,previsão
2025-07-30,Quarta,Housekeeping,Auxiliar de limpeza,T3,1,1,previsão
2025-07-31,Quinta,Housekeeping,Empregada de andares,T1,5,5,manual
2025-07-31,Quinta,Housekeeping,Supervisora,T1,2,2,manual
2025-07-31,Quinta,Housekeeping,Auxiliar de limpeza,T1,1,1,manual
2025-07-31,Quinta,Housekeeping,Empregada de andares,T2,3,3,histórico
2025-07-31,Quinta,Housekeeping,Supervisora,T2,1,2,histórico
2025-07-31,Quinta,Housekeeping,Auxiliar de limpeza,T2,1,1,histórico
2025-07-31,Quinta,Housekeeping,Empregada de andares,T3,1,2,histórico
2025-07-31,Quinta,Housekeeping,Supervisora,T3,1,1,histórico
2025-07-31,Quinta,Housekeeping,Auxiliar de limpeza,T3,1,1,histórico
2025-08-01,Sexta,Housekeeping,Empregada de andares,T1,5,5,histórico
2025-08-01,Sexta,Housekeeping,Supervisora,T1,2,2,histórico
2025-08-01,Sexta,Housekeeping,Auxiliar de limpeza,T1,1,1,histórico
2025-08-01,Sexta,Housekeeping,Empregada de andares,T2,3,3,histórico
2025-08-01,Sexta,Housekeeping,Supervisora,T2,1,2,histórico
2025-08-01,Sexta,Housekeeping,Auxiliar de limpeza,T2,1,1,histórico
2025-08-01,Sexta,Housekeeping,Empregada de andares,T3,1,1,manual
2025-08-01,Sexta,Housekeeping,Supervisora,T3,1,1,manual
2025-08-01,Sexta,Housekeeping,Auxiliar de limpeza,T3,1,1,manual
2025-08-02,Sábado,Housekeeping,Empregada de andares,T1,6,7,manual
2025-08-02,Sábado,Housekeeping,Supervisora,T1,2,3,manual
2025-08-02,Sábado,Housekeeping,Auxiliar de limpeza,T1,2,2,manual
2025-08-02,Sábado,Housekeeping,Empregada de andares,T2,2,3,histórico
2025-08-02,Sábado,Housekeeping,Supervisora,T2,1,1,histórico
2025-08-02,Sábado,Housekeeping,Auxiliar de limpeza,T2,1,1,histórico
2025-08-02,Sábado,Housekeeping,Empregada de andares,T3,2,2,histórico
2025-08-02,Sábado,Housekeeping,Supervisora,T3,1,1,histórico
2025-08-02,Sábado,Housekeeping,Auxiliar de limpeza,T3,1,1,histórico
2025-08-03,Domingo,Housekeeping,Empregada de andares,T1,7,7,histórico
2025-08-03,Domingo,Housekeeping,Supervisora,T1,3,3,histórico
2025-08-03,Domingo,Housekeeping,Auxiliar de limpeza,T1,2,2,histórico
2025-08-03,Domingo,Housekeeping,Empregada de andares,T2,3,4,histórico
2025-08-03,Domingo,Housekeeping,Supervisora,T2,2,2,histórico
2025-08-03,Domingo,Housekeeping,Auxiliar de limpeza,T2,1,1,histórico
2025-08-03,Domingo,Housekeeping,Empregada de andares,T3,1,2,histórico
2025-08-03,Domingo,Housekeeping,Supervisora,T3,1,1,histórico
2025-08-03,Domingo,Housekeeping,Auxiliar de limpeza,T3,1,1,histórico
2025-08-04,Segunda,Housekeeping,Empregada de andares,T1,5,6,histórico
2025-08-04,Segunda,Housekeeping,Supervisora,T1,2,2,histórico
2025-08-04,Segunda,Housekeeping,Auxiliar de limpeza,T1,1,2,histórico
2025-08-04,Segunda,Housekeeping,Empregada de andares,T2,3,3,histórico
2025-08-04,Segunda,Housekeeping,Supervisora,T2,1,2,histórico
2025-08-04,Segunda,Housekeeping,Auxiliar de limpeza,T2,1,1,histórico
2025-08-04,Segunda,Housekeeping,Empregada de andares,T3,2,2,previsão
2025-08-04,Segunda,Housekeeping,Supervisora,T3,1,1,previsão
2025-08-04,Segunda,Housekeeping,Auxiliar de limpeza,T3,1,1,previsão
2025-08-05,Terça,Housekeeping,Empregada de andares,T1,4,5,histórico
2025-08-05,Terça,Housekeeping,Supervisora,T1,2,2,histórico
2025-08-05,Terça,Housekeeping,Auxiliar de limpeza,T1,1,1,histórico
2025-08-05,Terça,Housekeeping,Empregada de andares,T2,3,3,histórico
2025-08-05,Terça,Housekeeping,Supervisora,T2,1,2,histórico
2025-08-05,Terça,Housekeeping,Auxiliar de limpeza,T2,1,1,histórico
2025-08-05,Terça,Housekeeping,Empregada de andares,T3,1,1,histórico
2025-08-05,Terça,Housekeeping,Supervisora,T3,1,1,histórico
2025-08-05,Terça,Housekeeping,Auxiliar de limpeza,T3,1,1,histórico
2025-08-06,Quarta,Housekeeping,Empregada de andares,T1,4,5,manual
2025-08-06,Quarta,Housekeeping,Supervisora,T1,2,2,manual
2025-08-06,Quarta,Housekeeping,Auxiliar de limpeza,T1,1,1,manual
2025-08-06,Quarta,Housekeeping,Empregada de andares,T2,3,4,histórico
2025-08-06,Quarta,Housekeeping,Supervisora,T2,2,2,histórico
2025-08-06,Quarta,Housekeeping,Auxiliar de limpeza,T2,1,1,histórico
2025-08-06,Quarta,Housekeeping,Empregada de andares,T3,1,2,histórico
2025-08-06,Quarta,Housekeeping,Supervisora,T3,1,1,histórico
2025-08-06,Quarta,Housekeeping,Auxiliar de limpeza,T3,1,1,histórico
2025-08-07,Quinta,Housekeeping,Empregada de andares,T1,5,6,previsão
2025-08-07,Quinta,Housekeeping,Supervisora,T1,2,2,previsão
2025-08-07,Quinta,Housekeeping,Auxiliar de limpeza,T1,1,2,previsão
2025-08-07,Quinta,Housekeeping,Empregada de andares,T2,3,3,histórico
2025-08-07,Quinta,Housekeeping,Supervisora,T2,1,2,histórico
2025-08-07,Quinta,Housekeeping,Auxiliar de limpeza,T2,1,1,histórico
2025-08-07,Quinta,Housekeeping,Empregada de andares,T3,1,2,histórico
2025-08-07,Quinta,Housekeeping,Supervisora,T3,1,1,histórico
2025-08-07,Quinta,Housekeeping,Auxiliar de limpeza,T3,1,1,histórico
2025-08-08,Sexta,Housekeeping,Empregada de andares,T1,5,5,histórico
2025-08-08,Sexta,Housekeeping,Supervisora,T1,2,2,histórico
2025-08-08,Sexta,Housekeeping,Auxiliar de limpeza,T1,1,1,histórico
2025-08-08,Sexta,Housekeeping,Empregada de andares,T2,2,3,histórico
2025-08-08,Sexta,Housekeeping,Supervisora,T2,1,1,histórico
2025-08-08,Sexta,Housekeeping,Auxiliar de limpeza,T2,1,1,histórico
2025-08-08,Sexta,Housekeeping,Empregada de andares,T3,2,2,previsão
2025-08-08,Sexta,Housekeeping,Supervisora,T3,1,1,previsão
2025-08-08,Sexta,Housekeeping,Auxiliar de limpeza,T3,1,1,previsão
2025-08-09,Sábado,Housekeeping,Empregada de andares,T1,6,7,manual
2025-08-09,Sábado,Housekeeping,Supervisora,T1,2,3,manual
2025-08-09,Sábado,Housekeeping,Auxiliar de limpeza,T1,2,2,manual
2025-08-09,Sábado,Housekeeping,Empregada de andares,T2,3,4,histórico
2025-08-09,Sábado,Housekeeping,Supervisora,T2,2,2,histórico
2025-08-09,Sábado,Housekeeping,Auxiliar de limpeza,T2,1,1,histórico
2025-08-09,Sábado,Housekeeping,Empregada de andares,T3,1,2,histórico
2025-08-09,Sábado,Housekeeping,Supervisora,T3,1,1,histórico
2025-08-09,Sábado,Housekeeping,Auxiliar de limpeza,T3,1,1,histórico
2025-08-10,Domingo,Housekeeping,Empregada de andares,T1,7,7,histórico
2025-08-10,Domingo,Housekeeping,Supervisora,T1,3,3,histórico
2025-08-10,Domingo,Housekeeping,Auxiliar de limpeza,T1,2,2,histórico
2025-08-10,Domingo,Housekeeping,Empregada de andares,T2,3,4,histórico
2025-08-10,Domingo,Housekeeping,Supervisora,T2,2,2,histórico
2025-08-10,Domingo,Housekeeping,Auxiliar de limpeza,T2,1,1,histórico
2025-08-10,Domingo,Housekeeping,Empregada de andares,T3,1,2,manual
2025-08-10,Domingo,Housekeeping,Supervisora,T3,1,1,manual
2025-08-10,Domingo,Housekeeping,Auxiliar de limpeza,T3,1,1,manual
2025-08-11,Segunda,Housekeeping,Empregada de andares,T1,5,6,previsão
2025-08-11,Segunda,Housekeeping,Supervisora,T1,2,2,previsão
2025-08-11,Segunda,Housekeeping,Auxiliar de limpeza,T1,1,2,previsão
2025-08-11,Segunda,Housekeeping,Empregada de andares,T2,3,3,previsão
2025-08-11,Segunda,Housekeeping,Supervisora,T2,1,2,previsão
2025-08-11,Segunda,Housekeeping,Auxiliar de limpeza,T2,1,1,previsão
2025-08-11,Segunda,Housekeeping,Empregada de andares,T3,2,2,histórico
2025-08-11,Segunda,Housekeeping,Supervisora,T3,1,1,histórico
2025-08-11,Segunda,Housekeeping,Auxiliar de limpeza,T3,1,1,histórico
2025-08-12,Terça,Housekeeping,Empregada de andares,T1,5,5,previsão
2025-08-12,Terça,Housekeeping,Supervisora,T1,2,2,previsão
2025-08-12,Terça,Housekeeping,Auxiliar de limpeza,T1,1,1,previsão
2025-08-12,Terça,Housekeeping,Empregada de andares,T2,3,4,histórico
2025-08-12,Terça,Housekeeping,Supervisora,T2,2,2,histórico
2025-08-12,Terça,Housekeeping,Auxiliar de limpeza,T2,1,1,histórico
2025-08-12,Terça,Housekeeping,Empregada de andares,T3,1,2,histórico
2025-08-12,Terça,Housekeeping,Supervisora,T3,1,1,histórico
2025-08-12,Terça,Housekeeping,Auxiliar de limpeza,T3,1,1,histórico
2025-08-13,Quarta,Housekeeping,Empregada de andares,T1,5,6,histórico
2025-08-13,Quarta,Housekeeping,Supervisora,T1,2,2,histórico
2025-08-13,Quarta,Housekeeping,Auxiliar de limpeza,T1,1,2,histórico
2025-08-13,Quarta,Housekeeping,Empregada de andares,T2,2,3,histórico
2025-08-13,Quarta,Housekeeping,Supervisora,T2,1,1,histórico
2025-08-13,Quarta,Housekeeping,Auxiliar de limpeza,T2,1,1,histórico
2025-08-13,Quarta,Housekeeping,Empregada de andares,T3,2,2,histórico
2025-08-13,Quarta,Housekeeping,Supervisora,T3,1,1,histórico
2025-08-13,Quarta,Housekeeping,Auxiliar de limpeza,T3,1,1,histórico
2025-08-14,Quinta,Housekeeping,Empregada de andares,T1,5,6,manual
2025-08-14,Quinta,Housekeeping,Supervisora,T1,2,2,manual
2025-08-14,Quinta,Housekeeping,Auxiliar de limpeza,T1,1,2,manual
2025-08-14,Quinta,Housekeeping,Empregada de andares,T2,3,4,histórico
2025-08-14,Quinta,Housekeeping,Supervisora,T2,2,2,histórico
2025-08-14,Quinta,Housekeeping,Auxiliar de limpeza,T2,1,1,histórico
2025-08-14,Quinta,Housekeeping,Empregada de andares,T3,1,2,manual
2025-08-14,Quinta,Housekeeping,Supervisora,T3,1,1,manual
2025-08-14,Quinta,Housekeeping,Auxiliar de limpeza,T3,1,1,manual
2025-08-15,Sexta,Housekeeping,Empregada de andares,T1,5,5,previsão
2025-08-15,Sexta,Housekeeping,Supervisora,T1,2,2,previsão
2025-08-15,Sexta,Housekeeping,Auxiliar de limpeza,T1,1,1,previsão
2025-08-15,Sexta,Housekeeping,Empregada de andares,T2,2,3,previsão
2025-08-15,Sexta,Housekeeping,Supervisora,T2,1,1,previsão
2025-08-15,Sexta,Housekeeping,Auxiliar de limpeza,T2,1,1,previsão
2025-08-15,Sexta,Housekeeping,Empregada de andares,T3,1,2,previsão
2025-08-15,Sexta,Housekeeping,Supervisora,T3,1,1,previsão
2025-08-15,Sexta,Housekeeping,Auxiliar de limpeza,T3,1,1,previsão
2025-08-16,Sábado,Housekeeping,Empregada de andares,T1,5,6,previsão
2025-08-16,Sábado,Housekeeping,Supervisora,T1,2,2,previsão
2025-08-16,Sábado,Housekeeping,Auxiliar de limpeza,T1,1,2,previsão
2025-08-16,Sábado,Housekeeping,Empregada de andares,T2,3,3,histórico
2025-08-16,Sábado,Housekeeping,Supervisora,T2,1,2,histórico
2025-08-16,Sábado,Housekeeping,Auxiliar de limpeza,T2,1,1,histórico
2025-08-16,Sábado,Housekeeping,Empregada de andares,T3,1,1,histórico
2025-08-16,Sábado,Housekeeping,Supervisora,T3,1,1,histórico
2025-08-16,Sábado,Housekeeping,Auxiliar de limpeza,T3,1,1,histórico
2025-08-17,Domingo,Housekeeping,Empregada de andares,T1,7,7,histórico
2025-08-17,Domingo,Housekeeping,Supervisora,T1,3,3,histórico
2025-08-17,Domingo,Housekeeping,Auxiliar de limpeza,T1,2,2,histórico
2025-08-17,Domingo,Housekeeping,Empregada de andares,T2,3,4,manual
2025-08-17,Domingo,Housekeeping,Supervisora,T2,2,2,manual
2025-08-17,Domingo,Housekeeping,Auxiliar de limpeza,T2,1,1,manual
2025-08-17,Domingo,Housekeeping,Empregada de andares,T3,1,2,histórico
2025-08-17,Domingo,Housekeeping,Supervisora,T3,1,1,histórico
2025-08-17,Domingo,Housekeeping,Auxiliar de limpeza,T3,1,1,histórico
2025-08-18,Segunda,Housekeeping,Empregada de andares,T1,5,6,previsão
2025-08-18,Segunda,Housekeeping,Supervisora,T1,2,2,previsão
2025-08-18,Segunda,Housekeeping,Auxiliar de limpeza,T1,1,2,previsão
2025-08-18,Segunda,Housekeeping,Empregada de andares,T2,3,3,previsão
2025-08-18,Segunda,Housekeeping,Supervisora,T2,1,2,previsão
2025-08-18,Segunda,Housekeeping,Auxiliar de limpeza,T2,1,1,previsão
2025-08-18,Segunda,Housekeeping,Empregada de andares,T3,1,1,histórico
2025-08-18,Segunda,Housekeeping,Supervisora,T3,1,1,histórico
2025-08-18,Segunda,Housekeeping,Auxiliar de limpeza,T3,1,1,histórico
2025-08-19,Terça,Housekeeping,Empregada de andares,T1,5,6,histórico
2025-08-19,Terça,Housekeeping,Supervisora,T1,2,2,histórico
2025-08-19,Terça,Housekeeping,Auxiliar de limpeza,T1,1,2,histórico
2025-08-19,Terça,Housekeeping,Empregada de andares,T2,2,3,histórico
2025-08-19,Terça,Housekeeping,Supervisora,T2,1,1,histórico
2025-08-19,Terça,Housekeeping,Auxiliar de limpeza,T2,1,1,histórico
2025-08-19,Terça,Housekeeping,Empregada de andares,T3,1,1,histórico
2025-08-19,Terça,Housekeeping,Supervisora,T3,1,1,histórico
2025-08-19,Terça,Housekeeping,Auxiliar de limpeza,T3,1,1,histórico
2025-08-20,Quarta,Housekeeping,Empregada de andares,T1,5,6,histórico
2025-08-20,Quarta,Housekeeping,Supervisora,T1,2,2,histórico
2025-08-20,Quarta,Housekeeping,Auxiliar de limpeza,T1,1,2,histórico
2025-08-20,Quarta,Housekeeping,Empregada de andares,T2,3,3,histórico
2025-08-20,Quarta,Housekeeping,Supervisora,T2,1,2,histórico
2025-08-20,Quarta,Housekeeping,Auxiliar de limpeza,T2,1,1,histórico
2025-08-20,Quarta,Housekeeping,Empregada de andares,T3,2,2,histórico
2025-08-20,Quarta,Housekeeping,Supervisora,T3,1,1,histórico
2025-08-20,Quarta,Housekeeping,Auxiliar de limpeza,T3,1,1,histórico
2025-08-21,Quinta,Housekeeping,Empregada de andares,T1,4,5,histórico
2025-08-21,Quinta,Housekeeping,Supervisora,T1,2,2,histórico
2025-08-21,Quinta,Housekeeping,Auxiliar de limpeza,T1,1,1,histórico
2025-08-21,Quinta,Housekeeping,Empregada de andares,T2,3,3,histórico
2025-08-21,Quinta,Housekeeping,Supervisora,T2,1,2,histórico
2025-08-21,Quinta,Housekeeping,Auxiliar de limpeza,T2,1,1,histórico
2025-08-21,Quinta,Housekeeping,Empregada de andares,T3,1,2,histórico
2025-08-21,Quinta,Housekeeping,Supervisora,T3,1,1,histórico
2025-08-21,Quinta,Housekeeping,Auxiliar de limpeza,T3,1,1,histórico
2025-08-22,Sexta,Housekeeping,Empregada de andares,T1,4,5,histórico
2025-08-22,Sexta,Housekeeping,Supervisora,T1,2,2,histórico
2025-08-22,Sexta,Housekeeping,Auxiliar de limpeza,T1,1,1,histórico
2025-08-22,Sexta,Housekeeping,Empregada de andares,T2,3,4,histórico
2025-08-22,Sexta,Housekeeping,Supervisora,T2,2,2,histórico
2025-08-22,Sexta,Housekeeping,Auxiliar de limpeza,T2,1,1,histórico
2025-08-22,Sexta,Housekeeping,Empregada de andares,T3,1,2,histórico
2025-08-22,Sexta,Housekeeping,Supervisora,T3,1,1,histórico
2025-08-22,Sexta,Housekeeping,Auxiliar de limpeza,T3,1,1,histórico
2025-08-23,Sábado,Housekeeping,Empregada de andares,T1,6,7,histórico
2025-08-23,Sábado,Housekeeping,Supervisora,T1,2,3,histórico
2025-08-23,Sábado,Housekeeping,Auxiliar de limpeza,T1,2,2,histórico
2025-08-23,Sábado,Housekeeping,Empregada de andares,T2,3,3,histórico
2025-08-23,Sábado,Housekeeping,Supervisora,T2,1,2,histórico
2025-08-23,Sábado,Housekeeping,Auxiliar de limpeza,T2,1,1,histórico
2025-08-23,Sábado,Housekeeping,Empregada de andares,T3,1,1,histórico
2025-08-23,Sábado,Housekeeping,Supervisora,T3,1,1,histórico
2025-08-23,Sábado,Housekeeping,Auxiliar de limpeza,T3,1,1,histórico
2025-08-24,Domingo,Housekeeping,Empregada de andares,T1,5,6,histórico
2025-08-24,Domingo,Housekeeping,Supervisora,T1,2,2,histórico
2025-08-24,Domingo,Housekeeping,Auxiliar de limpeza,T1,1,2,histórico
2025-08-24,Domingo,Housekeeping,Empregada de andares,T2,2,3,histórico
2025-08-24,Domingo,Housekeeping,Supervisora,T2,1,1,histórico
2025-08-24,Domingo,Housekeeping,Auxiliar de limpeza,T2,1,1,histórico
2025-08-24,Domingo,Housekeeping,Empregada de andares,T3,1,2,histórico
2025-08-24,Domingo,Housekeeping,Supervisora,T3,1,1,histórico
2025-08-24,Domingo,Housekeeping,Auxiliar de limpeza,T3,1,1,histórico
2025-08-25,Segunda,Housekeeping,Empregada de andares,T1,4,5,histórico
2025-08-25,Segunda,Housekeeping,Supervisora,T1,2,2,histórico
2025-08-25,Segunda,Housekeeping,Auxiliar de limpeza,T1,1,1,histórico
2025-08-25,Segunda,Housekeeping,Empregada de andares,T2,3,4,histórico
2025-08-25,Segunda,Housekeeping,Supervisora,T2,2,2,histórico
2025-08-25,Segunda,Housekeeping,Auxiliar de limpeza,T2,1,1,histórico
2025-08-25,Segunda,Housekeeping,Empregada de andares,T3,1,2,manual
2025-08-25,Segunda,Housekeeping,Supervisora,T3,1,1,manual
2025-08-25,Segunda,Housekeeping,Auxiliar de limpeza,T3,1,1,manual
2025-08-26,Terça,Housekeeping,Empregada de andares,T1,4,5,previsão
2025-08-26,Terça,Housekeeping,Supervisora,T1,2,2,previsão
2025-08-26,Terça,Housekeeping,Auxiliar de limpeza,T1,1,1,previsão
2025-08-26,Terça,Housekeeping,Empregada de andares,T2,3,4,previsão
2025-08-26,Terça,Housekeeping,Supervisora,T2,2,2,previsão
2025-08-26,Terça,Housekeeping,Auxiliar de limpeza,T2,1,1,previsão
2025-08-26,Terça,Housekeeping,Empregada de andares,T3,1,2,manual
2025-08-26,Terça,Housekeeping,Supervisora,T3,1,1,manual
2025-08-26,Terça,Housekeeping,Auxiliar de limpeza,T3,1,1,manual
2025-08-27,Quarta,Housekeeping,Empregada de andares,T1,4,5,histórico
2025-08-27,Quarta,Housekeeping,Supervisora,T1,2,2,histórico
2025-08-27,Quarta,Housekeeping,Auxiliar de limpeza,T1,1,1,histórico
2025-08-27,Quarta,Housekeeping,Empregada de andares,T2,3,3,histórico
2025-08-27,Quarta,Housekeeping,Supervisora,T2,1,2,histórico
2025-08-27,Quarta,Housekeeping,Auxiliar de limpeza,T2,1,1,histórico
2025-08-27,Quarta,Housekeeping,Empregada de andares,T3,1,2,manual
2025-08-27,Quarta,Housekeeping,Supervisora,T3,1,1,manual
2025-08-27,Quarta,Housekeeping,Auxiliar de limpeza,T3,1,1,manual
2025-08-28,Quinta,Housekeeping,Empregada de andares,T1,5,6,histórico
2025-08-28,Quinta,Housekeeping,Supervisora,T1,2,2,histórico
2025-08-28,Quinta,Housekeeping,Auxiliar de limpeza,T1,1,2,histórico
2025-08-28,Quinta,Housekeeping,Empregada de andares,T2,3,3,histórico
2025-08-28,Quinta,Housekeeping,Supervisora,T2,1,2,histórico
2025-08-28,Quinta,Housekeeping,Auxiliar de limpeza,T2,1,1,histórico
2025-08-28,Quinta,Housekeeping,Empregada de andares,T3,1,2,previsão
2025-08-28,Quinta,Housekeeping,Supervisora,T3,1,1,previsão
2025-08-28,Quinta,Housekeeping,Auxiliar de limpeza,T3,1,1,previsão
2025-08-29,Sexta,Housekeeping,Empregada de andares,T1,5,5,histórico
2025-08-29,Sexta,Housekeeping,Supervisora,T1,2,2,histórico
2025-08-29,Sexta,Housekeeping,Auxiliar de limpeza,T1,1,1,histórico
2025-08-29,Sexta,Housekeeping,Empregada de andares,T2,3,4,histórico
2025-08-29,Sexta,Housekeeping,Supervisora,T2,2,2,histórico
2025-08-29,Sexta,Housekeeping,Auxiliar de limpeza,T2,1,1,histórico
2025-08-29,Sexta,Housekeeping,Empregada de andares,T3,1,1,previsão
2025-08-29,Sexta,Housekeeping,Supervisora,T3,1,1,previsão
2025-08-29,Sexta,Housekeeping,Auxiliar de limpeza,T3,1,1,previsão
2025-08-30,Sábado,Housekeeping,Empregada de andares,T1,6,7,histórico
2025-08-30,Sábado,Housekeeping,Supervisora,T1,2,3,histórico
2025-08-30,Sábado,Housekeeping,Auxiliar de limpeza,T1,2,2,histórico
2025-08-30,Sábado,Housekeeping,Empregada de andares,T2,3,3,histórico
2025-08-30,Sábado,Housekeeping,Supervisora,T2,1,2,histórico
2025-08-30,Sábado,Housekeeping,Auxiliar de limpeza,T2,1,1,histórico
2025-08-30,Sábado,Housekeeping,Empregada de andares,T3,1,1,histórico
2025-08-30,Sábado,Housekeeping,Supervisora,T3,1,1,histórico
2025-08-30,Sábado,Housekeeping,Auxiliar de limpeza,T3,1,1,histórico
2025-08-31,Domingo,Housekeeping,Empregada de andares,T1,6,7,histórico
2025-08-31,Domingo,Housekeeping,Supervisora,T1,2,3,histórico
2025-08-31,Domingo,Housekeeping,Auxiliar de limpeza,T1,2,2,histórico
2025-08-31,Domingo,Housekeeping,Empregada de andares,T2,2,3,histórico
2025-08-31,Domingo,Housekeeping,Supervisora,T2,1,1,histórico
2025-08-31,Domingo,Housekeeping,Auxiliar de limpeza,T2,1,1,histórico
2025-08-31,Domingo,Housekeeping,Empregada de andares,T3,1,1,previsão
2025-08-31,Domingo,Housekeeping,Supervisora,T3,1,1,previsão
2025-08-31,Domingo,Housekeeping,Auxiliar de limpeza,T3,1,1,previsão
2025-09-01,Segunda,Housekeeping,Empregada de andares,T1,3,4,histórico
2025-09-01,Segunda,Housekeeping,Supervisora,T1,1,2,histórico
2025-09-01,Segunda,Housekeeping,Auxiliar de limpeza,T1,1,1,histórico
2025-09-01,Segunda,Housekeeping,Empregada de andares,T2,3,3,histórico
2025-09-01,Segunda,Housekeeping,Supervisora,T2,1,2,histórico
2025-09-01,Segunda,Housekeeping,Auxiliar de limpeza,T2,1,1,histórico
2025-09-01,Segunda,Housekeeping,Empregada de andares,T3,1,2,previsão
2025-09-01,Segunda,Housekeeping,Supervisora,T3,1,1,previsão
2025-09-01,Segunda,Housekeeping,Auxiliar de limpeza,T3,1,1,previsão
2025-09-02,Terça,Housekeeping,Empregada de andares,T1,4,4,previsão
2025-09-02,Terça,Housekeeping,Supervisora,T1,2,2,previsão
2025-09-02,Terça,Housekeeping,Auxiliar de limpeza,T1,1,1,previsão
2025-09-02,Terça,Housekeeping,Empregada de andares,T2,2,2,manual
2025-09-02,Terça,Housekeeping,Supervisora,T2,1,1,manual
2025-09-02,Terça,Housekeeping,Auxiliar de limpeza,T2,1,1,manual
2025-09-02,Terça,Housekeeping,Empregada de andares,T3,1,2,histórico
2025-09-02,Terça,Housekeeping,Supervisora,T3,1,1,histórico
2025-09-02,Terça,Housekeeping,Auxiliar de limpeza,T3,1,1,histórico
2025-09-03,Quarta,Housekeeping,Empregada de andares,T1,4,5,histórico
2025-09-03,Quarta,Housekeeping,Supervisora,T1,2,2,histórico
2025-09-03,Quarta,Housekeeping,Auxiliar de limpeza,T1,1,1,histórico
2025-09-03,Quarta,Housekeeping,Empregada de andares,T2,2,2,histórico
2025-09-03,Quarta,Housekeeping,Supervisora,T2,1,1,histórico
2025-09-03,Quarta,Housekeeping,Auxiliar de limpeza,T2,1,1,histórico
2025-09-03,Quarta,Housekeeping,Empregada de andares,T3,1,2,histórico
2025-09-03,Quarta,Housekeeping,Supervisora,T3,1,1,histórico
2025-09-03,Quarta,Housekeeping,Auxiliar de limpeza,T3,1,1,histórico
2025-09-04,Quinta,Housekeeping,Empregada de andares,T1,3,4,histórico
2025-09-04,Quinta,Housekeeping,Supervisora,T1,1,2,histórico
2025-09-04,Quinta,Housekeeping,Auxiliar de limpeza,T1,1,1,histórico
2025-09-04,Quinta,Housekeeping,Empregada de andares,T2,3,3,previsão
2025-09-04,Quinta,Housekeeping,Supervisora,T2,1,2,previsão
2025-09-04,Quinta,Housekeeping,Auxiliar de limpeza,T2,1,1,previsão
2025-09-04,Quinta,Housekeeping,Empregada de andares,T3,1,1,previsão
2025-09-04,Quinta,Housekeeping,Supervisora,T3,1,1,previsão
2025-09-04,Quinta,Housekeeping,Auxiliar de limpeza,T3,1,1,previsão
2025-09-05,Sexta,Housekeeping,Empregada de andares,T1,3,4,histórico
2025-09-05,Sexta,Housekeeping,Supervisora,T1,1,2,histórico
2025-09-05,Sexta,Housekeeping,Auxiliar de limpeza,T1,1,1,histórico
2025-09-05,Sexta,Housekeeping,Empregada de andares,T2,2,2,histórico
2025-09-05,Sexta,Housekeeping,Supervisora,T2,1,1,histórico
2025-09-05,Sexta,Housekeeping,Auxiliar de limpeza,T2,1,1,histórico
2025-09-05,Sexta,Housekeeping,Empregada de andares,T3,1,1,histórico
2025-09-05,Sexta,Housekeeping,Supervisora,T3,1,1,histórico
2025-09-05,Sexta,Housekeeping,Auxiliar de limpeza,T3,1,1,histórico
2025-09-06,Sábado,Housekeeping,Empregada de andares,T1,4,5,histórico
2025-09-06,Sábado,Housekeeping,Supervisora,T1,2,2,histórico
2025-09-06,Sábado,Housekeeping,Auxiliar de limpeza,T1,1,1,histórico
2025-09-06,Sábado,Housekeeping,Empregada de andares,T2,2,3,manual
2025-09-06,Sábado,Housekeeping,Supervisora,T2,1,1,manual
2025-09-06,Sábado,Housekeeping,Auxiliar de limpeza,T2,1,1,manual
2025-09-06,Sábado,Housekeeping,Empregada de andares,T3,2,2,histórico
2025-09-06,Sábado,Housekeeping,Supervisora,T3,1,1,histórico
2025-09-06,Sábado,Housekeeping,Auxiliar de limpeza,T3,1,1,histórico
2025-09-07,Domingo,Housekeeping,Empregada de andares,T1,5,6,histórico
2025-09-07,Domingo,Housekeeping,Supervisora,T1,2,2,histórico
2025-09-07,Domingo,Housekeeping,Auxiliar de limpeza,T1,1,2,histórico
2025-09-07,Domingo,Housekeeping,Empregada de andares,T2,2,3,histórico
2025-09-07,Domingo,Housekeeping,Supervisora,T2,1,1,histórico
2025-09-07,Domingo,Housekeeping,Auxiliar de limpeza,T2,1,1,histórico
2025-09-07,Domingo,Housekeeping,Empregada de andares,T3,1,1,histórico
2025-09-07,Domingo,Housekeeping,Supervisora,T3,1,1,histórico
2025-09-07,Domingo,Housekeeping,Auxiliar de limpeza,T3,1,1,histórico
2025-09-08,Segunda,Housekeeping,Empregada de andares,T1,4,4,previsão
2025-09-08,Segunda,Housekeeping,Supervisora,T1,2,2,previsão
2025-09-08,Segunda,Housekeeping,Auxiliar de limpeza,T1,1,1,previsão
2025-09-08,Segunda,Housekeeping,Empregada de andares,T2,2,2,histórico
2025-09-08,Segunda,Housekeeping,Supervisora,T2,1,1,histórico
2025-09-08,Segunda,Housekeeping,Auxiliar de limpeza,T2,1,1,histórico
2025-09-08,Segunda,Housekeeping,Empregada de andares,T3,1,1,previsão
2025-09-08,Segunda,Housekeeping,Supervisora,T3,1,1,previsão
2025-09-08,Segunda,Housekeeping,Auxiliar de limpeza,T3,1,1,previsão
2025-09-09,Terça,Housekeeping,Empregada de andares,T1,4,5,histórico
2025-09-09,Terça,Housekeeping,Supervisora,T1,2,2,histórico
2025-09-09,Terça,Housekeeping,Auxiliar de limpeza,T1,1,1,histórico
2025-09-09,Terça,Housekeeping,Empregada de andares,T2,2,2,histórico
2025-09-09,Terça,Housekeeping,Supervisora,T2,1,1,histórico
2025-09-09,Terça,Housekeeping,Auxiliar de limpeza,T2,1,1,histórico
2025-09-09,Terça,Housekeeping,Empregada de andares,T3,2,2,histórico
2025-09-09,Terça,Housekeeping,Supervisora,T3,1,1,histórico
2025-09-09,Terça,Housekeeping,Auxiliar de limpeza,T3,1,1,histórico
2025-09-10,Quarta,Housekeeping,Empregada de andares,T1,3,4,manual
2025-09-10,Quarta,Housekeeping,Supervisora,T1,1,2,manual
2025-09-10,Quarta,Housekeeping,Auxiliar de limpeza,T1,1,1,manual
2025-09-10,Quarta,Housekeeping,Empregada de andares,T2,3,3,previsão
2025-09-10,Quarta,Housekeeping,Supervisora,T2,1,2,previsão
2025-09-10,Quarta,Housekeeping,Auxiliar de limpeza,T2,1,1,previsão
2025-09-10,Quarta,Housekeeping,Empregada de andares,T3,2,2,previsão
2025-09-10,Quarta,Housekeeping,Supervisora,T3,1,1,previsão
2025-09-10,Quarta,Housekeeping,Auxiliar de limpeza,T3,1,1,previsão
2025-09-11,Quinta,Housekeeping,Empregada de andares,T1,4,5,histórico
2025-09-11,Quinta,Housekeeping,Supervisora,T1,2,2,histórico
2025-09-11,Quinta,Housekeeping,Auxiliar de limpeza,T1,1,1,histórico
2025-09-11,Quinta,Housekeeping,Empregada de andares,T2,3,3,histórico
2025-09-11,Quinta,Housekeeping,Supervisora,T2,1,2,histórico
2025-09-11,Quinta,Housekeeping,Auxiliar de limpeza,T2,1,1,histórico
2025-09-11,Quinta,Housekeeping,Empregada de andares,T3,1,1,histórico
2025-09-11,Quinta,Housekeeping,Supervisora,T3,1,1,histórico
2025-09-11,Quinta,Housekeeping,Auxiliar de limpeza,T3,1,1,histórico
2025-09-12,Sexta,Housekeeping,Empregada de andares,T1,3,4,histórico
2025-09-12,Sexta,Housekeeping,Supervisora,T1,1,2,histórico
2025-09-12,Sexta,Housekeeping,Auxiliar de limpeza,T1,1,1,histórico
2025-09-12,Sexta,Housekeeping,Empregada de andares,T2,2,3,manual
2025-09-12,Sexta,Housekeeping,Supervisora,T2,1,1,manual
2025-09-12,Sexta,Housekeeping,Auxiliar de limpeza,T2,1,1,manual
2025-09-12,Sexta,Housekeeping,Empregada de andares,T3,1,1,manual
2025-09-12,Sexta,Housekeeping,Supervisora,T3,1,1,manual
2025-09-12,Sexta,Housekeeping,Auxiliar de limpeza,T3,1,1,manual
2025-09-13,Sábado,Housekeeping,Empregada de andares,T1,4,5,histórico
2025-09-13,Sábado,Housekeeping,Supervisora,T1,2,2,histórico
2025-09-13,Sábado,Housekeeping,Auxiliar de limpeza,T1,1,1,histórico
2025-09-13,Sábado,Housekeeping,Empregada de andares,T2,2,3,histórico
2025-09-13,Sábado,Housekeeping,Supervisora,T2,1,1,histórico
2025-09-13,Sábado,Housekeeping,Auxiliar de limpeza,T2,1,1,histórico
2025-09-13,Sábado,Housekeeping,Empregada de andares,T3,2,2,histórico
2025-09-13,Sábado,Housekeeping,Supervisora,T3,1,1,histórico
2025-09-13,Sábado,Housekeeping,Auxiliar de limpeza,T3,1,1,histórico
2025-09-14,Domingo,Housekeeping,Empregada de andares,T1,5,6,histórico
2025-09-14,Domingo,Housekeeping,Supervisora,T1,2,2,histórico
2025-09-14,Domingo,Housekeeping,Auxiliar de limpeza,T1,1,2,histórico
2025-09-14,Domingo,Housekeeping,Empregada de andares,T2,2,2,histórico
2025-09-14,Domingo,Housekeeping,Supervisora,T2,1,1,histórico
2025-09-14,Domingo,Housekeeping,Auxiliar de limpeza,T2,1,1,histórico
2025-09-14,Domingo,Housekeeping,Empregada de andares,T3,1,1,previsão
2025-09-14,Domingo,Housekeeping,Supervisora,T3,1,1,previsão
2025-09-14,Domingo,Housekeeping,Auxiliar de limpeza,T3,1,1,previsão
2025-09-15,Segunda,Housekeeping,Empregada de andares,T1,3,4,histórico
2025-09-15,Segunda,Housekeeping,Supervisora,T1,1,2,histórico
2025-09-15,Segunda,Housekeeping,Auxiliar de limpeza,T1,1,1,histórico
2025-09-15,Segunda,Housekeeping,Empregada de andares,T2,2,3,previsão
2025-09-15,Segunda,Housekeeping,Supervisora,T2,1,1,previsão
2025-09-15,Segunda,Housekeeping,Auxiliar de limpeza,T2,1,1,previsão
2025-09-15,Segunda,Housekeeping,Empregada de andares,T3,1,2,histórico
2025-09-15,Segunda,Housekeeping,Supervisora,T3,1,1,histórico
2025-09-15,Segunda,Housekeeping,Auxiliar de limpeza,T3,1,1,histórico
2025-09-16,Terça,Housekeeping,Empregada de andares,T1,4,4,histórico
2025-09-16,Terça,Housekeeping,Supervisora,T1,2,2,histórico
2025-09-16,Terça,Housekeeping,Auxiliar de limpeza,T1,1,1,histórico
2025-09-16,Terça,Housekeeping,Empregada de andares,T2,2,3,previsão
2025-09-16,Terça,Housekeeping,Supervisora,T2,1,1,previsão
2025-09-16,Terça,Housekeeping,Auxiliar de limpeza,T2,1,1,previsão
2025-09-16,Terça,Housekeeping,Empregada de andares,T3,1,1,histórico
2025-09-16,Terça,Housekeeping,Supervisora,T3,1,1,histórico
2025-09-16,Terça,Housekeeping,Auxiliar de limpeza,T3,1,1,histórico
2025-09-17,Quarta,Housekeeping,Empregada de andares,T1,4,4,histórico
2025-09-17,Quarta,Housekeeping,Supervisora,T1,2,2,histórico
2025-09-17,Quarta,Housekeeping,Auxiliar de limpeza,T1,1,1,histórico
2025-09-17,Quarta,Housekeeping,Empregada de andares,T2,3,3,previsão
2025-09-17,Quarta,Housekeeping,Supervisora,T2,1,2,previsão
2025-09-17,Quarta,Housekeeping,Auxiliar de limpeza,T2,1,1,previsão
2025-09-17,Quarta,Housekeeping,Empregada de andares,T3,1,1,histórico
2025-09-17,Quarta,Housekeeping,Supervisora,T3,1,1,histórico
2025-09-17,Quarta,Housekeeping,Auxiliar de limpeza,T3,1,1,histórico
2025-09-18,Quinta,Housekeeping,Empregada de andares,T1,3,4,histórico
2025-09-18,Quinta,Housekeeping,Supervisora,T1,1,2,histórico
2025-09-18,Quinta,Housekeeping,Auxiliar de limpeza,T1,1,1,histórico
2025-09-18,Quinta,Housekeeping,Empregada de andares,T2,2,2,histórico
2025-09-18,Quinta,Housekeeping,Supervisora,T2,1,1,histórico
2025-09-18,Quinta,Housekeeping,Auxiliar de limpeza,T2,1,1,histórico
2025-09-18,Quinta,Housekeeping,Empregada de andares,T3,1,2,previsão
2025-09-18,Quinta,Housekeeping,Supervisora,T3,1,1,previsão
2025-09-18,Quinta,Housekeeping,Auxiliar de limpeza,T3,1,1,previsão
2025-09-19,Sexta,Housekeeping,Empregada de andares,T1,4,4,histórico
2025-09-19,Sexta,Housekeeping,Supervisora,T1,2,2,histórico
2025-09-19,Sexta,Housekeeping,Auxiliar de limpeza,T1,1,1,histórico
2025-09-19,Sexta,Housekeeping,Empregada de andares,T2,2,3,histórico
2025-09-19,Sexta,Housekeeping,Supervisora,T2,1,1,histórico
2025-09-19,Sexta,Housekeeping,Auxiliar de limpeza,T2,1,1,histórico
2025-09-19,Sexta,Housekeeping,Empregada de andares,T3,2,2,histórico
2025-09-19,Sexta,Housekeeping,Supervisora,T3,1,1,histórico
2025-09-19,Sexta,Housekeeping,Auxiliar de limpeza,T3,1,1,histórico
2025-09-20,Sábado,Housekeeping,Empregada de andares,T1,5,6,histórico
2025-09-20,Sábado,Housekeeping,Supervisora,T1,2,2,histórico
2025-09-20,Sábado,Housekeeping,Auxiliar de limpeza,T1,1,2,histórico
2025-09-20,Sábado,Housekeeping,Empregada de andares,T2,2,3,manual
2025-09-20,Sábado,Housekeeping,Supervisora,T2,1,1,manual
2025-09-20,Sábado,Housekeeping,Auxiliar de limpeza,T2,1,1,manual
2025-09-20,Sábado,Housekeeping,Empregada de andares,T3,1,2,histórico
2025-09-20,Sábado,Housekeeping,Supervisora,T3,1,1,histórico
2025-09-20,Sábado,Housekeeping,Auxiliar de limpeza,T3,1,1,histórico
2025-09-21,Domingo,Housekeeping,Empregada de andares,T1,5,5,previsão
2025-09-21,Domingo,Housekeeping,Supervisora,T1,2,2,previsão
2025-09-21,Domingo,Housekeeping,Auxiliar de limpeza,T1,1,1,previsão
2025-09-21,Domingo,Housekeeping,Empregada de andares,T2,2,2,manual
2025-09-21,Domingo,Housekeeping,Supervisora,T2,1,1,manual
2025-09-21,Domingo,Housekeeping,Auxiliar de limpeza,T2,1,1,manual
2025-09-21,Domingo,Housekeeping,Empregada de andares,T3,2,2,histórico
2025-09-21,Domingo,Housekeeping,Supervisora,T3,1,1,histórico
2025-09-21,Domingo,Housekeeping,Auxiliar de limpeza,T3,1,1,histórico
2025-09-22,Segunda,Housekeeping,Empregada de andares,T1,4,5,histórico
2025-09-22,Segunda,Housekeeping,Supervisora,T1,2,2,histórico
2025-09-22,Segunda,Housekeeping,Auxiliar de limpeza,T1,1,1,histórico
2025-09-22,Segunda,Housekeeping,Empregada de andares,T2,3,3,previsão
2025-09-22,Segunda,Housekeeping,Supervisora,T2,1,2,previsão
2025-09-22,Segunda,Housekeeping,Auxiliar de limpeza,T2,1,1,previsão
2025-09-22,Segunda,Housekeeping,Empregada de andares,T3,1,1,previsão
2025-09-22,Segunda,Housekeeping,Supervisora,T3,1,1,previsão
2025-09-22,Segunda,Housekeeping,Auxiliar de limpeza,T3,1,1,previsão
2025-09-23,Terça,Housekeeping,Empregada de andares,T1,4,5,histórico
2025-09-23,Terça,Housekeeping,Supervisora,T1,2,2,histórico
2025-09-23,Terça,Housekeeping,Auxiliar de limpeza,T1,1,1,histórico
2025-09-23,Terça,Housekeeping,Empregada de andares,T2,2,3,manual
2025-09-23,Terça,Housekeeping,Supervisora,T2,1,1,manual
2025-09-23,Terça,Housekeeping,Auxiliar de limpeza,T2,1,1,manual
2025-09-23,Terça,Housekeeping,Empregada de andares,T3,1,1,previsão
2025-09-23,Terça,Housekeeping,Supervisora,T3,1,1,previsão
2025-09-23,Terça,Housekeeping,Auxiliar de limpeza,T3,1,1,previsão
2025-09-24,Quarta,Housekeeping,Empregada de andares,T1,4,5,histórico
2025-09-24,Quarta,Housekeeping,Supervisora,T1,2,2,histórico
2025-09-24,Quarta,Housekeeping,Auxiliar de limpeza,T1,1,1,histórico
2025-09-24,Quarta,Housekeeping,Empregada de andares,T2,2,3,histórico
2025-09-24,Quarta,Housekeeping,Supervisora,T2,1,1,histórico
2025-09-24,Quarta,Housekeeping,Auxiliar de limpeza,T2,1,1,histórico
2025-09-24,Quarta,Housekeeping,Empregada de andares,T3,1,1,histórico
2025-09-24,Quarta,Housekeeping,Supervisora,T3,1,1,histórico
2025-09-24,Quarta,Housekeeping,Auxiliar de limpeza,T3,1,1,histórico
2025-09-25,Quinta,Housekeeping,Empregada de andares,T1,4,5,histórico
2025-09-25,Quinta,Housekeeping,Supervisora,T1,2,2,histórico
2025-09-25,Quinta,Housekeeping,Auxiliar de limpeza,T1,1,1,histórico
2025-09-25,Quinta,Housekeeping,Empregada de andares,T2,2,3,histórico
2025-09-25,Quinta,Housekeeping,Supervisora,T2,1,1,histórico
2025-09-25,Quinta,Housekeeping,Auxiliar de limpeza,T2,1,1,histórico
2025-09-25,Quinta,Housekeeping,Empregada de andares,T3,1,1,histórico
2025-09-25,Quinta,Housekeeping,Supervisora,T3,1,1,histórico
2025-09-25,Quinta,Housekeeping,Auxiliar de limpeza,T3,1,1,histórico
2025-09-26,Sexta,Housekeeping,Empregada de andares,T1,4,5,histórico
2025-09-26,Sexta,Housekeeping,Supervisora,T1,2,2,histórico
2025-09-26,Sexta,Housekeeping,Auxiliar de limpeza,T1,1,1,histórico
2025-09-26,Sexta,Housekeeping,Empregada de andares,T2,2,3,histórico
2025-09-26,Sexta,Housekeeping,Supervisora,T2,1,1,histórico
2025-09-26,Sexta,Housekeeping,Auxiliar de limpeza,T2,1,1,histórico
2025-09-26,Sexta,Housekeeping,Empregada de andares,T3,1,1,histórico
2025-09-26,Sexta,Housekeeping,Supervisora,T3,1,1,histórico
2025-09-26,Sexta,Housekeeping,Auxiliar de limpeza,T3,1,1,histórico
2025-09-27,Sábado,Housekeeping,Empregada de andares,T1,4,5,histórico
2025-09-27,Sábado,Housekeeping,Supervisora,T1,2,2,histórico
2025-09-27,Sábado,Housekeeping,Auxiliar de limpeza,T1,1,1,histórico
2025-09-27,Sábado,Housekeeping,Empregada de andares,T2,2,3,histórico
2025-09-27,Sábado,Housekeeping,Supervisora,T2,1,1,histórico
2025-09-27,Sábado,Housekeeping,Auxiliar de limpeza,T2,1,1,histórico
2025-09-27,Sábado,Housekeeping,Empregada de andares,T3,2,2,previsão
2025-09-27,Sábado,Housekeeping,Supervisora,T3,1,1,previsão
2025-09-27,Sábado,Housekeeping,Auxiliar de limpeza,T3,1,1,previsão
2025-09-28,Domingo,Housekeeping,Empregada de andares,T1,5,5,histórico
2025-09-28,Domingo,Housekeeping,Supervisora,T1,2,2,histórico
2025-09-28,Domingo,Housekeeping,Auxiliar de limpeza,T1,1,1,histórico
2025-09-28,Domingo,Housekeeping,Empregada de andares,T2,2,2,histórico
2025-09-28,Domingo,Housekeeping,Supervisora,T2,1,1,histórico
2025-09-28,Domingo,Housekeeping,Auxiliar de limpeza,T2,1,1,histórico
2025-09-28,Domingo,Housekeeping,Empregada de andares,T3,1,2,histórico
2025-09-28,Domingo,Housekeeping,Supervisora,T3,1,1,histórico
2025-09-28,Domingo,Housekeeping,Auxiliar de limpeza,T3,1,1,histórico
2025-09-29,Segunda,Housekeeping,Empregada de andares,T1,4,4,previsão
2025-09-29,Segunda,Housekeeping,Supervisora,T1,2,2,previsão
2025-09-29,Segunda,Housekeeping,Auxiliar de limpeza,T1,1,1,previsão
2025-09-29,Segunda,Housekeeping,Empregada de andares,T2,2,2,histórico
2025-09-29,Segunda,Housekeeping,Supervisora,T2,1,1,histórico
2025-09-29,Segunda,Housekeeping,Auxiliar de limpeza,T2,1,1,histórico
2025-09-29,Segunda,Housekeeping,Empregada de andares,T3,1,2,previsão
2025-09-29,Segunda,Housekeeping,Supervisora,T3,1,1,previsão
2025-09-29,Segunda,Housekeeping,Auxiliar de limpeza,T3,1,1,previsão
2025-09-30,Terça,Housekeeping,Empregada de andares,T1,4,5,histórico
2025-09-30,Terça,Housekeeping,Supervisora,T1,2,2,histórico
2025-09-30,Terça,Housekeeping,Auxiliar de limpeza,T1,1,1,histórico
2025-09-30,Terça,Housekeeping,Empregada de andares,T2,2,2,histórico
2025-09-30,Terça,Housekeeping,Supervisora,T2,1,1,histórico
2025-09-30,Terça,Housekeeping,Auxiliar de limpeza,T2,1,1,histórico
2025-09-30,Terça,Housekeeping,Empregada de andares,T3,1,2,histórico
2025-09-30,Terça,Housekeeping,Supervisora,T3,1,1,histórico
2025-09-30,Terça,Housekeeping,Auxiliar de limpeza,T3,1,1,histórico
2025-10-01,Quarta,Housekeeping,Empregada de andares,T1,4,5,manual
2025-10-01,Quarta,Housekeeping,Supervisora,T1,2,2,manual
2025-10-01,Quarta,Housekeeping,Auxiliar de limpeza,T1,1,1,manual
2025-10-01,Quarta,Housekeeping,Empregada de andares,T2,3,3,previsão
2025-10-01,Quarta,Housekeeping,Supervisora,T2,1,2,previsão
2025-10-01,Quarta,Housekeeping,Auxiliar de limpeza,T2,1,1,previsão
2025-10-01,Quarta,Housekeeping,Empregada de andares,T3,1,2,histórico
2025-10-01,Quarta,Housekeeping,Supervisora,T3,1,1,histórico
2025-10-01,Quarta,Housekeeping,Auxiliar de limpeza,T3,1,1,histórico
2025-10-02,Quinta,Housekeeping,Empregada de andares,T1,4,5,histórico
2025-10-02,Quinta,Housekeeping,Supervisora,T1,2,2,histórico
2025-10-02,Quinta,Housekeeping,Auxiliar de limpeza,T1,1,1,histórico
2025-10-02,Quinta,Housekeeping,Empregada de andares,T2,3,3,histórico
2025-10-02,Quinta,Housekeeping,Supervisora,T2,1,2,histórico
2025-10-02,Quinta,Housekeeping,Auxiliar de limpeza,T2,1,1,histórico
2025-10-02,Quinta,Housekeeping,Empregada de andares,T3,1,2,histórico
2025-10-02,Quinta,Housekeeping,Supervisora,T3,1,1,histórico
2025-10-02,Quinta,Housekeeping,Auxiliar de limpeza,T3,1,1,histórico
2025-10-03,Sexta,Housekeeping,Empregada de andares,T1,3,4,histórico
2025-10-03,Sexta,Housekeeping,Supervisora,T1,1,2,histórico
2025-10-03,Sexta,Housekeeping,Auxiliar de limpeza,T1,1,1,histórico
2025-10-03,Sexta,Housekeeping,Empregada de andares,T2,2,2,previsão
2025-10-03,Sexta,Housekeeping,Supervisora,T2,1,1,previsão
2025-10-03,Sexta,Housekeeping,Auxiliar de limpeza,T2,1,1,previsão
2025-10-03,Sexta,Housekeeping,Empregada de andares,T3,1,2,manual
2025-10-03,Sexta,Housekeeping,Supervisora,T3,1,1,manual
2025-10-03,Sexta,Housekeeping,Auxiliar de limpeza,T3,1,1,manual
2025-10-04,Sábado,Housekeeping,Empregada de andares,T1,5,6,histórico
2025-10-04,Sábado,Housekeeping,Supervisora,T1,2,2,histórico
2025-10-04,Sábado,Housekeeping,Auxiliar de limpeza,T1,1,2,histórico
2025-10-04,Sábado,Housekeeping,Empregada de andares,T2,2,3,histórico
2025-10-04,Sábado,Housekeeping,Supervisora,T2,1,1,histórico
2025-10-04,Sábado,Housekeeping,Auxiliar de limpeza,T2,1,1,histórico
2025-10-04,Sábado,Housekeeping,Empregada de andares,T3,2,2,previsão
2025-10-04,Sábado,Housekeeping,Supervisora,T3,1,1,previsão
2025-10-04,Sábado,Housekeeping,Auxiliar de limpeza,T3,1,1,previsão
2025-10-05,Domingo,Housekeeping,Empregada de andares,T1,4,5,manual
2025-10-05,Domingo,Housekeeping,Supervisora,T1,2,2,manual
2025-10-05,Domingo,Housekeeping,Auxiliar de limpeza,T1,1,1,manual
2025-10-05,Domingo,Housekeeping,Empregada de andares,T2,2,3,histórico
2025-10-05,Domingo,Housekeeping,Supervisora,T2,1,1,histórico
2025-10-05,Domingo,Housekeeping,Auxiliar de limpeza,T2,1,1,histórico
2025-10-05,Domingo,Housekeeping,Empregada de andares,T3,2,2,histórico
2025-10-05,Domingo,Housekeeping,Supervisora,T3,1,1,histórico
2025-10-05,Domingo,Housekeeping,Auxiliar de limpeza,T3,1,1,histórico
2025-10-06,Segunda,Housekeeping,Empregada de andares,T1,4,4,histórico
2025-10-06,Segunda,Housekeeping,Supervisora,T1,2,2,histórico
2025-10-06,Segunda,Housekeeping,Auxiliar de limpeza,T1,1,1,histórico
2025-10-06,Segunda,Housekeeping,Empregada de andares,T2,3,3,manual
2025-10-06,Segunda,Housekeeping,Supervisora,T2,1,2,manual
2025-10-06,Segunda,Housekeeping,Auxiliar de limpeza,T2,1,1,manual
2025-10-06,Segunda,Housekeeping,Empregada de andares,T3,1,2,histórico
2025-10-06,Segunda,Housekeeping,Supervisora,T3,1,1,histórico
2025-10-06,Segunda,Housekeeping,Auxiliar de limpeza,T3,1,1,histórico
2025-10-07,Terça,Housekeeping,Empregada de andares,T1,4,4,histórico
2025-10-07,Terça,Housekeeping,Supervisora,T1,2,2,histórico
2025-10-07,Terça,Housekeeping,Auxiliar de limpeza,T1,1,1,histórico
2025-10-07,Terça,Housekeeping,Empregada de andares,T2,3,3,previsão
2025-10-07,Terça,Housekeeping,Supervisora,T2,1,2,previsão
2025-10-07,Terça,Housekeeping,Auxiliar de limpeza,T2,1,1,previsão
2025-10-07,Terça,Housekeeping,Empregada de andares,T3,2,2,histórico
2025-10-07,Terça,Housekeeping,Supervisora,T3,1,1,histórico
2025-10-07,Terça,Housekeeping,Auxiliar de limpeza,T3,1,1,histórico
2025-10-08,Quarta,Housekeeping,Empregada de andares,T1,3,4,histórico
2025-10-08,Quarta,Housekeeping,Supervisora,T1,1,2,histórico
2025-10-08,Quarta,Housekeeping,Auxiliar de limpeza,T1,1,1,histórico
2025-10-08,Quarta,Housekeeping,Empregada de andares,T2,2,2,histórico
2025-10-08,Quarta,Housekeeping,Supervisora,T2,1,1,histórico
2025-10-08,Quarta,Housekeeping,Auxiliar de limpeza,T2,1,1,histórico
2025-10-08,Quarta,Housekeeping,Empregada de andares,T3,1,1,histórico
2025-10-08,Quarta,Housekeeping,Supervisora,T3,1,1,histórico
2025-10-08,Quarta,Housekeeping,Auxiliar de limpeza,T3,1,1,histórico
2025-10-09,Quinta,Housekeeping,Empregada de andares,T1,4,5,previsão
2025-10-09,Quinta,Housekeeping,Supervisora,T1,2,2,previsão
2025-10-09,Quinta,Housekeeping,Auxiliar de limpeza,T1,1,1,previsão
2025-10-09,Quinta,Housekeeping,Empregada de andares,T2,2,2,previsão
2025-10-09,Quinta,Housekeeping,Supervisora,T2,1,1,previsão
2025-10-09,Quinta,Housekeeping,Auxiliar de limpeza,T2,1,1,previsão
2025-10-09,Quinta,Housekeeping,Empregada de andares,T3,2,2,previsão
2025-10-09,Quinta,Housekeeping,Supervisora,T3,1,1,previsão
2025-10-09,Quinta,Housekeeping,Auxiliar de limpeza,T3,1,1,previsão
2025-10-10,Sexta,Housekeeping,Empregada de andares,T1,4,5,histórico
2025-10-10,Sexta,Housekeeping,Supervisora,T1,2,2,histórico
2025-10-10,Sexta,Housekeeping,Auxiliar de limpeza,T1,1,1,histórico
2025-10-10,Sexta,Housekeeping,Empregada de andares,T2,2,2,previsão
2025-10-10,Sexta,Housekeeping,Supervisora,T2,1,1,previsão
2025-10-10,Sexta,Housekeeping,Auxiliar de limpeza,T2,1,1,previsão
2025-10-10,Sexta,Housekeeping,Empregada de andares,T3,2,2,histórico
2025-10-10,Sexta,Housekeeping,Supervisora,T3,1,1,histórico
2025-10-10,Sexta,Housekeeping,Auxiliar de limpeza,T3,1,1,histórico
2025-10-11,Sábado,Housekeeping,Empregada de andares,T1,5,5,previsão
2025-10-11,Sábado,Housekeeping,Supervisora,T1,2,2,previsão
2025-10-11,Sábado,Housekeeping,Auxiliar de limpeza,T1,1,1,previsão
2025-10-11,Sábado,Housekeeping,Empregada de andares,T2,2,3,histórico
2025-10-11,Sábado,Housekeeping,Supervisora,T2,1,1,histórico
2025-10-11,Sábado,Housekeeping,Auxiliar de limpeza,T2,1,1,histórico
2025-10-11,Sábado,Housekeeping,Empregada de andares,T3,1,1,histórico
2025-10-11,Sábado,Housekeeping,Supervisora,T3,1,1,histórico
2025-10-11,Sábado,Housekeeping,Auxiliar de limpeza,T3,1,1,histórico
2025-10-12,Domingo,Housekeeping,Empregada de andares,T1,4,5,histórico
2025-10-12,Domingo,Housekeeping,Supervisora,T1,2,2,histórico
2025-10-12,Domingo,Housekeeping,Auxiliar de limpeza,T1,1,1,histórico
2025-10-12,Domingo,Housekeeping,Empregada de andares,T2,3,3,previsão
2025-10-12,Domingo,Housekeeping,Supervisora,T2,1,2,previsão
2025-10-12,Domingo,Housekeeping,Auxiliar de limpeza,T2,1,1,previsão
2025-10-12,Domingo,Housekeeping,Empregada de andares,T3,2,2,histórico
2025-10-12,Domingo,Housekeeping,Supervisora,T3,1,1,histórico
2025-10-12,Domingo,Housekeeping,Auxiliar de limpeza,T3,1,1,histórico
2025-10-13,Segunda,Housekeeping,Empregada de andares,T1,4,5,previsão
2025-10-13,Segunda,Housekeeping,Supervisora,T1,2,2,previsão
2025-10-13,Segunda,Housekeeping,Auxiliar de limpeza,T1,1,1,previsão
2025-10-13,Segunda,Housekeeping,Empregada de andares,T2,3,3,manual
2025-10-13,Segunda,Housekeeping,Supervisora,T2,1,2,manual
2025-10-13,Segunda,Housekeeping,Auxiliar de limpeza,T2,1,1,manual
2025-10-13,Segunda,Housekeeping,Empregada de andares,T3,1,1,manual
2025-10-13,Segunda,Housekeeping,Supervisora,T3,1,1,manual
2025-10-13,Segunda,Housekeeping,Auxiliar de limpeza,T3,1,1,manual
2025-10-14,Terça,Housekeeping,Empregada de andares,T1,4,5,histórico
2025-10-14,Terça,Housekeeping,Supervisora,T1,2,2,histórico
2025-10-14,Terça,Housekeeping,Auxiliar de limpeza,T1,1,1,histórico
2025-10-14,Terça,Housekeeping,Empregada de andares,T2,2,3,histórico
2025-10-14,Terça,Housekeeping,Supervisora,T2,1,1,histórico
2025-10-14,Terça,Housekeeping,Auxiliar de limpeza,T2,1,1,histórico
2025-10-14,Terça,Housekeeping,Empregada de andares,T3,2,2,histórico
2025-10-14,Terça,Housekeeping,Supervisora,T3,1,1,histórico
2025-10-14,Terça,Housekeeping,Auxiliar de limpeza,T3,1,1,histórico
2025-10-15,Quarta,Housekeeping,Empregada de andares,T1,4,5,manual
2025-10-15,Quarta,Housekeeping,Supervisora,T1,2,2,manual
2025-10-15,Quarta,Housekeeping,Auxiliar de limpeza,T1,1,1,manual
2025-10-15,Quarta,Housekeeping,Empregada de andares,T2,3,3,histórico
2025-10-15,Quarta,Housekeeping,Supervisora,T2,1,2,histórico
2025-10-15,Quarta,Housekeeping,Auxiliar de limpeza,T2,1,1,histórico
2025-10-15,Quarta,Housekeeping,Empregada de andares,T3,2,2,histórico
2025-10-15,Quarta,Housekeeping,Supervisora,T3,1,1,histórico
2025-10-15,Quarta,Housekeeping,Auxiliar de limpeza,T3,1,1,histórico
2025-10-16,Quinta,Housekeeping,Empregada de andares,T1,4,4,previsão
2025-10-16,Quinta,Housekeeping,Supervisora,T1,2,2,previsão
2025-10-16,Quinta,Housekeeping,Auxiliar de limpeza,T1,1,1,previsão
2025-10-16,Quinta,Housekeeping,Empregada de andares,T2,3,3,histórico
2025-10-16,Quinta,Housekeeping,Supervisora,T2,1,2,histórico
2025-10-16,Quinta,Housekeeping,Auxiliar de limpeza,T2,1,1,histórico
2025-10-16,Quinta,Housekeeping,Empregada de andares,T3,1,2,manual
2025-10-16,Quinta,Housekeeping,Supervisora,T3,1,1,manual
2025-10-16,Quinta,Housekeeping,Auxiliar de limpeza,T3,1,1,manual
2025-10-17,Sexta,Housekeeping,Empregada de andares,T1,3,4,previsão
2025-10-17,Sexta,Housekeeping,Supervisora,T1,1,2,previsão
2025-10-17,Sexta,Housekeeping,Auxiliar de limpeza,T1,1,1,previsão
2025-10-17,Sexta,Housekeeping,Empregada de andares,T2,2,3,histórico
2025-10-17,Sexta,Housekeeping,Supervisora,T2,1,1,histórico
2025-10-17,Sexta,Housekeeping,Auxiliar de limpeza,T2,1,1,histórico
2025-10-17,Sexta,Housekeeping,Empregada de andares,T3,1,1,previsão
2025-10-17,Sexta,Housekeeping,Supervisora,T3,1,1,previsão
2025-10-17,Sexta,Housekeeping,Auxiliar de limpeza,T3,1,1,previsão
2025-10-18,Sábado,Housekeeping,Empregada de andares,T1,4,5,previsão
2025-10-18,Sábado,Housekeeping,Supervisora,T1,2,2,previsão
2025-10-18,Sábado,Housekeeping,Auxiliar de limpeza,T1,1,1,previsão
2025-10-18,Sábado,Housekeeping,Empregada de andares,T2,3,3,previsão
2025-10-18,Sábado,Housekeeping,Supervisora,T2,1,2,previsão
2025-10-18,Sábado,Housekeeping,Auxiliar de limpeza,T2,1,1,previsão
2025-10-18,Sábado,Housekeeping,Empregada de andares,T3,1,2,histórico
2025-10-18,Sábado,Housekeeping,Supervisora,T3,1,1,histórico
2025-10-18,Sábado,Housekeeping,Auxiliar de limpeza,T3,1,1,histórico
2025-10-19,Domingo,Housekeeping,Empregada de andares,T1,4,5,histórico
2025-10-19,Domingo,Housekeeping,Supervisora,T1,2,2,histórico
2025-10-19,Domingo,Housekeeping,Auxiliar de limpeza,T1,1,1,histórico
2025-10-19,Domingo,Housekeeping,Empregada de andares,T2,3,3,histórico
2025-10-19,Domingo,Housekeeping,Supervisora,T2,1,2,histórico
2025-10-19,Domingo,Housekeeping,Auxiliar de limpeza,T2,1,1,histórico
2025-10-19,Domingo,Housekeeping,Empregada de andares,T3,1,2,previsão
2025-10-19,Domingo,Housekeeping,Supervisora,T3,1,1,previsão
2025-10-19,Domingo,Housekeeping,Auxiliar de limpeza,T3,1,1,previsão
2025-10-20,Segunda,Housekeeping,Empregada de andares,T1,3,4,previsão
2025-10-20,Segunda,Housekeeping,Supervisora,T1,1,2,previsão
2025-10-20,Segunda,Housekeeping,Auxiliar de limpeza,T1,1,1,previsão
2025-10-20,Segunda,Housekeeping,Empregada de andares,T2,2,2,previsão
2025-10-20,Segunda,Housekeeping,Supervisora,T2,1,1,previsão
2025-10-20,Segunda,Housekeeping,Auxiliar de limpeza,T2,1,1,previsão
2025-10-20,Segunda,Housekeeping,Empregada de andares,T3,1,1,previsão
2025-10-20,Segunda,Housekeeping,Supervisora,T3,1,1,previsão
2025-10-20,Segunda,Housekeeping,Auxiliar de limpeza,T3,1,1,previsão
2025-10-21,Terça,Housekeeping,Empregada de andares,T1,4,4,histórico
2025-10-21,Terça,Housekeeping,Supervisora,T1,2,2,histórico
2025-10-21,Terça,Housekeeping,Auxiliar de limpeza,T1,1,1,histórico
2025-10-21,Terça,Housekeeping,Empregada de andares,T2,2,3,previsão
2025-10-21,Terça,Housekeeping,Supervisora,T2,1,1,previsão
2025-10-21,Terça,Housekeeping,Auxiliar de limpeza,T2,1,1,previsão
2025-10-21,Terça,Housekeeping,Empregada de andares,T3,1,1,histórico
2025-10-21,Terça,Housekeeping,Supervisora,T3,1,1,histórico
2025-10-21,Terça,Housekeeping,Auxiliar de limpeza,T3,1,1,histórico
2025-10-22,Quarta,Housekeeping,Empregada de andares,T1,4,5,histórico
2025-10-22,Quarta,Housekeeping,Supervisora,T1,2,2,histórico
2025-10-22,Quarta,Housekeeping,Auxiliar de limpeza,T1,1,1,histórico
2025-10-22,Quarta,Housekeeping,Empregada de andares,T2,2,2,histórico
2025-10-22,Quarta,Housekeeping,Supervisora,T2,1,1,histórico
2025-10-22,Quarta,Housekeeping,Auxiliar de limpeza,T2,1,1,histórico
2025-10-22,Quarta,Housekeeping,Empregada de andares,T3,1,2,histórico
2025-10-22,Quarta,Housekeeping,Supervisora,T3,1,1,histórico
2025-10-22,Quarta,Housekeeping,Auxiliar de limpeza,T3,1,1,histórico
2025-10-23,Quinta,Housekeeping,Empregada de andares,T1,4,4,histórico
2025-10-23,Quinta,Housekeeping,Supervisora,T1,2,2,histórico
2025-10-23,Quinta,Housekeeping,Auxiliar de limpeza,T1,1,1,histórico
2025-10-23,Quinta,Housekeeping,Empregada de andares,T2,2,3,histórico
2025-10-23,Quinta,Housekeeping,Supervisora,T2,1,1,histórico
2025-10-23,Quinta,Housekeeping,Auxiliar de limpeza,T2,1,1,histórico
2025-10-23,Quinta,Housekeeping,Empregada de andares,T3,1,1,histórico
2025-10-23,Quinta,Housekeeping,Supervisora,T3,1,1,histórico
2025-10-23,Quinta,Housekeeping,Auxiliar de limpeza,T3,1,1,histórico
2025-10-24,Sexta,Housekeeping,Empregada de andares,T1,4,5,histórico
2025-10-24,Sexta,Housekeeping,Supervisora,T1,2,2,histórico
2025-10-24,Sexta,Housekeeping,Auxiliar de limpeza,T1,1,1,histórico
2025-10-24,Sexta,Housekeeping,Empregada de andares,T2,2,2,previsão
2025-10-24,Sexta,Housekeeping,Supervisora,T2,1,1,previsão
2025-10-24,Sexta,Housekeeping,Auxiliar de limpeza,T2,1,1,previsão
2025-10-24,Sexta,Housekeeping,Empregada de andares,T3,1,2,manual
2025-10-24,Sexta,Housekeeping,Supervisora,T3,1,1,manual
2025-10-24,Sexta,Housekeeping,Auxiliar de limpeza,T3,1,1,manual
2025-10-25,Sábado,Housekeeping,Empregada de andares,T1,5,5,histórico
2025-10-25,Sábado,Housekeeping,Supervisora,T1,2,2,histórico
2025-10-25,Sábado,Housekeeping,Auxiliar de limpeza,T1,1,1,histórico
2025-10-25,Sábado,Housekeeping,Empregada de andares,T2,3,3,histórico
2025-10-25,Sábado,Housekeeping,Supervisora,T2,1,2,histórico
2025-10-25,Sábado,Housekeeping,Auxiliar de limpeza,T2,1,1,histórico
2025-10-25,Sábado,Housekeeping,Empregada de andares,T3,1,2,histórico
2025-10-25,Sábado,Housekeeping,Supervisora,T3,1,1,histórico
2025-10-25,Sábado,Housekeeping,Auxiliar de limpeza,T3,1,1,histórico
2025-10-26,Domingo,Housekeeping,Empregada de andares,T1,4,5,histórico
2025-10-26,Domingo,Housekeeping,Supervisora,T1,2,2,histórico
2025-10-26,Domingo,Housekeeping,Auxiliar de limpeza,T1,1,1,histórico
2025-10-26,Domingo,Housekeeping,Empregada de andares,T2,2,3,histórico
2025-10-26,Domingo,Housekeeping,Supervisora,T2,1,1,histórico
2025-10-26,Domingo,Housekeeping,Auxiliar de limpeza,T2,1,1,histórico
2025-10-26,Domingo,Housekeeping,Empregada de andares,T3,1,2,histórico
2025-10-26,Domingo,Housekeeping,Supervisora,T3,1,1,histórico
2025-10-26,Domingo,Housekeeping,Auxiliar de limpeza,T3,1,1,histórico
2025-10-27,Segunda,Housekeeping,Empregada de andares,T1,4,4,manual
2025-10-27,Segunda,Housekeeping,Supervisora,T1,2,2,manual
2025-10-27,Segunda,Housekeeping,Auxiliar de limpeza,T1,1,1,manual
2025-10-27,Segunda,Housekeeping,Empregada de andares,T2,3,3,previsão
2025-10-27,Segunda,Housekeeping,Supervisora,T2,1,2,previsão
2025-10-27,Segunda,Housekeeping,Auxiliar de limpeza,T2,1,1,previsão
2025-10-27,Segunda,Housekeeping,Empregada de andares,T3,2,2,previsão
2025-10-27,Segunda,Housekeeping,Supervisora,T3,1,1,previsão
2025-10-27,Segunda,Housekeeping,Auxiliar de limpeza,T3,1,1,previsão
2025-10-28,Terça,Housekeeping,Empregada de andares,T1,4,4,histórico
2025-10-28,Terça,Housekeeping,Supervisora,T1,2,2,histórico
2025-10-28,Terça,Housekeeping,Auxiliar de limpeza,T1,1,1,histórico
2025-10-28,Terça,Housekeeping,Empregada de andares,T2,3,3,previsão
2025-10-28,Terça,Housekeeping,Supervisora,T2,1,2,previsão
2025-10-28,Terça,Housekeeping,Auxiliar de limpeza,T2,1,1,previsão
2025-10-28,Terça,Housekeeping,Empregada de andares,T3,2,2,histórico
2025-10-28,Terça,Housekeeping,Supervisora,T3,1,1,histórico
2025-10-28,Terça,Housekeeping,Auxiliar de limpeza,T3,1,1,histórico
2025-10-29,Quarta,Housekeeping,Empregada de andares,T1,3,4,previsão
2025-10-29,Quarta,Housekeeping,Supervisora,T1,1,2,previsão
2025-10-29,Quarta,Housekeeping,Auxiliar de limpeza,T1,1,1,previsão
2025-10-29,Quarta,Housekeeping,Empregada de andares,T2,2,2,histórico
2025-10-29,Quarta,Housekeeping,Supervisora,T2,1,1,histórico
2025-10-29,Quarta,Housekeeping,Auxiliar de limpeza,T2,1,1,histórico
2025-10-29,Quarta,Housekeeping,Empregada de andares,T3,1,2,histórico
2025-10-29,Quarta,Housekeeping,Supervisora,T3,1,1,histórico
2025-10-29,Quarta,Housekeeping,Auxiliar de limpeza,T3,1,1,histórico
2025-10-30,Quinta,Housekeeping,Empregada de andares,T1,4,4,histórico
2025-10-30,Quinta,Housekeeping,Supervisora,T1,2,2,histórico
2025-10-30,Quinta,Housekeeping,Auxiliar de limpeza,T1,1,1,histórico
2025-10-30,Quinta,Housekeeping,Empregada de andares,T2,2,2,histórico
2025-10-30,Quinta,Housekeeping,Supervisora,T2,1,1,histórico
2025-10-30,Quinta,Housekeeping,Auxiliar de limpeza,T2,1,1,histórico
2025-10-30,Quinta,Housekeeping,Empregada de andares,T3,1,2,histórico
2025-10-30,Quinta,Housekeeping,Supervisora,T3,1,1,histórico
2025-10-30,Quinta,Housekeeping,Auxiliar de limpeza,T3,1,1,histórico
2025-10-31,Sexta,Housekeeping,Empregada de andares,T1,3,4,manual
2025-10-31,Sexta,Housekeeping,Supervisora,T1,1,2,manual
2025-10-31,Sexta,Housekeeping,Auxiliar de limpeza,T1,1,1,manual
2025-10-31,Sexta,Housekeeping,Empregada de andares,T2,3,3,previsão
2025-10-31,Sexta,Housekeeping,Supervisora,T2,1,2,previsão
2025-10-31,Sexta,Housekeeping,Auxiliar de limpeza,T2,1,1,previsão
2025-10-31,Sexta,Housekeeping,Empregada de andares,T3,1,2,histórico
2025-10-31,Sexta,Housekeeping,Supervisora,T3,1,1,histórico
2025-10-31,Sexta,Housekeeping,Auxiliar de limpeza,T3,1,1,histórico
2025-11-01,Sábado,Housekeeping,Empregada de andares,T1,4,5,histórico
2025-11-01,Sábado,Housekeeping,Supervisora,T1,2,2,histórico
2025-11-01,Sábado,Housekeeping,Auxiliar de limpeza,T1,1,1,histórico
2025-11-01,Sábado,Housekeeping,Empregada de andares,T2,3,3,previsão
2025-11-01,Sábado,Housekeeping,Supervisora,T2,1,2,previsão
2025-11-01,Sábado,Housekeeping,Auxiliar de limpeza,T2,1,1,previsão
2025-11-01,Sábado,Housekeeping,Empregada de andares,T3,2,2,previsão
2025-11-01,Sábado,Housekeeping,Supervisora,T3,1,1,previsão
2025-11-01,Sábado,Housekeeping,Auxiliar de limpeza,T3,1,1,previsão
2025-11-02,Domingo,Housekeeping,Empregada de andares,T1,5,5,histórico
2025-11-02,Domingo,Housekeeping,Supervisora,T1,2,2,histórico
2025-11-02,Domingo,Housekeeping,Auxiliar de limpeza,T1,1,1,histórico
2025-11-02,Domingo,Housekeeping,Empregada de andares,T2,3,3,histórico
2025-11-02,Domingo,Housekeeping,Supervisora,T2,1,2,histórico
2025-11-02,Domingo,Housekeeping,Auxiliar de limpeza,T2,1,1,histórico
2025-11-02,Domingo,Housekeeping,Empregada de andares,T3,2,2,previsão
2025-11-02,Domingo,Housekeeping,Supervisora,T3,1,1,previsão
2025-11-02,Domingo,Housekeeping,Auxiliar de limpeza,T3,1,1,previsão
2025-11-03,Segunda,Housekeeping,Empregada de andares,T1,4,5,histórico
2025-11-03,Segunda,Housekeeping,Supervisora,T1,2,2,histórico
2025-11-03,Segunda,Housekeeping,Auxiliar de limpeza,T1,1,1,histórico
2025-11-03,Segunda,Housekeeping,Empregada de andares,T2,3,3,histórico
2025-11-03,Segunda,Housekeeping,Supervisora,T2,1,2,histórico
2025-11-03,Segunda,Housekeeping,Auxiliar de limpeza,T2,1,1,histórico
2025-11-03,Segunda,Housekeeping,Empregada de andares,T3,1,2,histórico
2025-11-03,Segunda,Housekeeping,Supervisora,T3,1,1,histórico
2025-11-03,Segunda,Housekeeping,Auxiliar de limpeza,T3,1,1,histórico
2025-11-04,Terça,Housekeeping,Empregada de andares,T1,4,4,previsão
2025-11-04,Terça,Housekeeping,Supervisora,T1,2,2,previsão
2025-11-04,Terça,Housekeeping,Auxiliar de limpeza,T1,1,1,previsão
2025-11-04,Terça,Housekeeping,Empregada de andares,T2,2,2,histórico
2025-11-04,Terça,Housekeeping,Supervisora,T2,1,1,histórico
2025-11-04,Terça,Housekeeping,Auxiliar de limpeza,T2,1,1,histórico
2025-11-04,Terça,Housekeeping,Empregada de andares,T3,2,2,previsão
2025-11-04,Terça,Housekeeping,Supervisora,T3,1,1,previsão
2025-11-04,Terça,Housekeeping,Auxiliar de limpeza,T3,1,1,previsão
2025-11-05,Quarta,Housekeeping,Empregada de andares,T1,4,5,histórico
2025-11-05,Quarta,Housekeeping,Supervisora,T1,2,2,histórico
2025-11-05,Quarta,Housekeeping,Auxiliar de limpeza,T1,1,1,histórico
2025-11-05,Quarta,Housekeeping,Empregada de andares,T2,3,3,manual
2025-11-05,Quarta,Housekeeping,Supervisora,T2,1,2,manual
2025-11-05,Quarta,Housekeeping,Auxiliar de limpeza,T2,1,1,manual
2025-11-05,Quarta,Housekeeping,Empregada de andares,T3,1,2,previsão
2025-11-05,Quarta,Housekeeping,Supervisora,T3,1,1,previsão
2025-11-05,Quarta,Housekeeping,Auxiliar de limpeza,T3,1,1,previsão
2025-11-06,Quinta,Housekeeping,Empregada de andares,T1,4,5,histórico
2025-11-06,Quinta,Housekeeping,Supervisora,T1,2,2,histórico
2025-11-06,Quinta,Housekeeping,Auxiliar de limpeza,T1,1,1,histórico
2025-11-06,Quinta,Housekeeping,Empregada de andares,T2,3,3,histórico
2025-11-06,Quinta,Housekeeping,Supervisora,T2,1,2,histórico
2025-11-06,Quinta,Housekeeping,Auxiliar de limpeza,T2,1,1,histórico
2025-11-06,Quinta,Housekeeping,Empregada de andares,T3,2,2,manual
2025-11-06,Quinta,Housekeeping,Supervisora,T3,1,1,manual
2025-11-06,Quinta,Housekeeping,Auxiliar de limpeza,T3,1,1,manual
2025-11-07,Sexta,Housekeeping,Empregada de andares,T1,4,4,previsão
2025-11-07,Sexta,Housekeeping,Supervisora,T1,2,2,previsão
2025-11-07,Sexta,Housekeeping,Auxiliar de limpeza,T1,1,1,previsão
2025-11-07,Sexta,Housekeeping,Empregada de andares,T2,3,3,histórico
2025-11-07,Sexta,Housekeeping,Supervisora,T2,1,2,histórico
2025-11-07,Sexta,Housekeeping,Auxiliar de limpeza,T2,1,1,histórico
2025-11-07,Sexta,Housekeeping,Empregada de andares,T3,1,2,previsão
2025-11-07,Sexta,Housekeeping,Supervisora,T3,1,1,previsão
2025-11-07,Sexta,Housekeeping,Auxiliar de limpeza,T3,1,1,previsão
2025-11-08,Sábado,Housekeeping,Empregada de andares,T1,5,6,previsão
2025-11-08,Sábado,Housekeeping,Supervisora,T1,2,2,previsão
2025-11-08,Sábado,Housekeeping,Auxiliar de limpeza,T1,1,2,previsão
2025-11-08,Sábado,Housekeeping,Empregada de andares,T2,3,3,histórico
2025-11-08,Sábado,Housekeeping,Supervisora,T2,1,2,histórico
2025-11-08,Sábado,Housekeeping,Auxiliar de limpeza,T2,1,1,histórico
2025-11-08,Sábado,Housekeeping,Empregada de andares,T3,1,1,previsão
2025-11-08,Sábado,Housekeeping,Supervisora,T3,1,1,previsão
2025-11-08,Sábado,Housekeeping,Auxiliar de limpeza,T3,1,1,previsão
2025-11-09,Domingo,Housekeeping,Empregada de andares,T1,5,5,previsão
2025-11-09,Domingo,Housekeeping,Supervisora,T1,2,2,previsão
2025-11-09,Domingo,Housekeeping,Auxiliar de limpeza,T1,1,1,previsão
2025-11-09,Domingo,Housekeeping,Empregada de andares,T2,2,2,histórico
2025-11-09,Domingo,Housekeeping,Supervisora,T2,1,1,histórico
2025-11-09,Domingo,Housekeeping,Auxiliar de limpeza,T2,1,1,histórico
2025-11-09,Domingo,Housekeeping,Empregada de andares,T3,1,1,histórico
2025-11-09,Domingo,Housekeeping,Supervisora,T3,1,1,histórico
2025-11-09,Domingo,Housekeeping,Auxiliar de limpeza,T3,1,1,histórico
2025-11-10,Segunda,Housekeeping,Empregada de andares,T1,4,5,histórico
2025-11-10,Segunda,Housekeeping,Supervisora,T1,2,2,histórico
2025-11-10,Segunda,Housekeeping,Auxiliar de limpeza,T1,1,1,histórico
2025-11-10,Segunda,Housekeeping,Empregada de andares,T2,3,3,histórico
2025-11-10,Segunda,Housekeeping,Supervisora,T2,1,2,histórico
2025-11-10,Segunda,Housekeeping,Auxiliar de limpeza,T2,1,1,histórico
2025-11-10,Segunda,Housekeeping,Empregada de andares,T3,2,2,previsão
2025-11-10,Segunda,Housekeeping,Supervisora,T3,1,1,previsão
2025-11-10,Segunda,Housekeeping,Auxiliar de limpeza,T3,1,1,previsão
2025-11-11,Terça,Housekeeping,Empregada de andares,T1,3,4,histórico
2025-11-11,Terça,Housekeeping,Supervisora,T1,1,2,histórico
2025-11-11,Terça,Housekeeping,Auxiliar de limpeza,T1,1,1,histórico
2025-11-11,Terça,Housekeeping,Empregada de andares,T2,3,3,histórico
2025-11-11,Terça,Housekeeping,Supervisora,T2,1,2,histórico
2025-11-11,Terça,Housekeeping,Auxiliar de limpeza,T2,1,1,histórico
2025-11-11,Terça,Housekeeping,Empregada de andares,T3,1,2,previsão
2025-11-11,Terça,Housekeeping,Supervisora,T3,1,1,previsão
2025-11-11,Terça,Housekeeping,Auxiliar de limpeza,T3,1,1,previsão
2025-11-12,Quarta,Housekeeping,Empregada de andares,T1,3,4,histórico
2025-11-12,Quarta,Housekeeping,Supervisora,T1,1,2,histórico
2025-11-12,Quarta,Housekeeping,Auxiliar de limpeza,T1,1,1,histórico
2025-11-12,Quarta,Housekeeping,Empregada de andares,T2,3,3,previsão
2025-11-12,Quarta,Housekeeping,Supervisora,T2,1,2,previsão
2025-11-12,Quarta,Housekeeping,Auxiliar de limpeza,T2,1,1,previsão
2025-11-12,Quarta,Housekeeping,Empregada de andares,T3,1,2,histórico
2025-11-12,Quarta,Housekeeping,Supervisora,T3,1,1,histórico
2025-11-12,Quarta,Housekeeping,Auxiliar de limpeza,T3,1,1,histórico
2025-11-13,Quinta,Housekeeping,Empregada de andares,T1,4,5,histórico
2025-11-13,Quinta,Housekeeping,Supervisora,T1,2,2,histórico
2025-11-13,Quinta,Housekeeping,Auxiliar de limpeza,T1,1,1,histórico
2025-11-13,Quinta,Housekeeping,Empregada de andares,T2,3,3,previsão
2025-11-13,Quinta,Housekeeping,Supervisora,T2,1,2,previsão
2025-11-13,Quinta,Housekeeping,Auxiliar de limpeza,T2,1,1,previsão
2025-11-13,Quinta,Housekeeping,Empregada de andares,T3,1,2,previsão
2025-11-13,Quinta,Housekeeping,Supervisora,T3,1,1,previsão
2025-11-13,Quinta,Housekeeping,Auxiliar de limpeza,T3,1,1,previsão
2025-11-14,Sexta,Housekeeping,Empregada de andares,T1,3,4,previsão
2025-11-14,Sexta,Housekeeping,Supervisora,T1,1,2,previsão
2025-11-14,Sexta,Housekeeping,Auxiliar de limpeza,T1,1,1,previsão
2025-11-14,Sexta,Housekeeping,Empregada de andares,T2,2,3,previsão
2025-11-14,Sexta,Housekeeping,Supervisora,T2,1,1,previsão
2025-11-14,Sexta,Housekeeping,Auxiliar de limpeza,T2,1,1,previsão
2025-11-14,Sexta,Housekeeping,Empregada de andares,T3,1,2,histórico
2025-11-14,Sexta,Housekeeping,Supervisora,T3,1,1,histórico
2025-11-14,Sexta,Housekeeping,Auxiliar de limpeza,T3,1,1,histórico
2025-11-15,Sábado,Housekeeping,Empregada de andares,T1,5,6,previsão
2025-11-15,Sábado,Housekeeping,Supervisora,T1,2,2,previsão
2025-11-15,Sábado,Housekeeping,Auxiliar de limpeza,T1,1,2,previsão
2025-11-15,Sábado,Housekeeping,Empregada de andares,T2,3,3,histórico
2025-11-15,Sábado,Housekeeping,Supervisora,T2,1,2,histórico
2025-11-15,Sábado,Housekeeping,Auxiliar de limpeza,T2,1,1,histórico
2025-11-15,Sábado,Housekeeping,Empregada de andares,T3,1,2,previsão
2025-11-15,Sábado,Housekeeping,Supervisora,T3,1,1,previsão
2025-11-15,Sábado,Housekeeping,Auxiliar de limpeza,T3,1,1,previsão
2025-11-16,Domingo,Housekeeping,Empregada de andares,T1,5,6,previsão
2025-11-16,Domingo,Housekeeping,Supervisora,T1,2,2,previsão
2025-11-16,Domingo,Housekeeping,Auxiliar de limpeza,T1,1,2,previsão
2025-11-16,Domingo,Housekeeping,Empregada de andares,T2,2,2,histórico
2025-11-16,Domingo,Housekeeping,Supervisora,T2,1,1,histórico
2025-11-16,Domingo,Housekeeping,Auxiliar de limpeza,T2,1,1,histórico
2025-11-16,Domingo,Housekeeping,Empregada de andares,T3,2,2,histórico
2025-11-16,Domingo,Housekeeping,Supervisora,T3,1,1,histórico
2025-11-16,Domingo,Housekeeping,Auxiliar de limpeza,T3,1,1,histórico
2025-11-17,Segunda,Housekeeping,Empregada de andares,T1,4,4,histórico
2025-11-17,Segunda,Housekeeping,Supervisora,T1,2,2,histórico
2025-11-17,Segunda,Housekeeping,Auxiliar de limpeza,T1,1,1,histórico
2025-11-17,Segunda,Housekeeping,Empregada de andares,T2,2,2,previsão
2025-11-17,Segunda,Housekeeping,Supervisora,T2,1,1,previsão
2025-11-17,Segunda,Housekeeping,Auxiliar de limpeza,T2,1,1,previsão
2025-11-17,Segunda,Housekeeping,Empregada de andares,T3,1,2,histórico
2025-11-17,Segunda,Housekeeping,Supervisora,T3,1,1,histórico
2025-11-17,Segunda,Housekeeping,Auxiliar de limpeza,T3,1,1,histórico
2025-11-18,Terça,Housekeeping,Empregada de andares,T1,3,4,previsão
2025-11-18,Terça,Housekeeping,Supervisora,T1,1,2,previsão
2025-11-18,Terça,Housekeeping,Auxiliar de limpeza,T1,1,1,previsão
2025-11-18,Terça,Housekeeping,Empregada de andares,T2,2,3,histórico
2025-11-18,Terça,Housekeeping,Supervisora,T2,1,1,histórico
2025-11-18,Terça,Housekeeping,Auxiliar de limpeza,T2,1,1,histórico
2025-11-18,Terça,Housekeeping,Empregada de andares,T3,2,2,histórico
2025-11-18,Terça,Housekeeping,Supervisora,T3,1,1,histórico
2025-11-18,Terça,Housekeeping,Auxiliar de limpeza,T3,1,1,histórico
2025-11-19,Quarta,Housekeeping,Empregada de andares,T1,3,4,histórico
2025-11-19,Quarta,Housekeeping,Supervisora,T1,1,2,histórico
2025-11-19,Quarta,Housekeeping,Auxiliar de limpeza,T1,1,1,histórico
2025-11-19,Quarta,Housekeeping,Empregada de andares,T2,2,3,histórico
2025-11-19,Quarta,Housekeeping,Supervisora,T2,1,1,histórico
2025-11-19,Quarta,Housekeeping,Auxiliar de limpeza,T2,1,1,histórico
2025-11-19,Quarta,Housekeeping,Empregada de andares,T3,2,2,previsão
2025-11-19,Quarta,Housekeeping,Supervisora,T3,1,1,previsão
2025-11-19,Quarta,Housekeeping,Auxiliar de limpeza,T3,1,1,previsão
2025-11-20,Quinta,Housekeeping,Empregada de andares,T1,3,4,histórico
2025-11-20,Quinta,Housekeeping,Supervisora,T1,1,2,histórico
2025-11-20,Quinta,Housekeeping,Auxiliar de limpeza,T1,1,1,histórico
2025-11-20,Quinta,Housekeeping,Empregada de andares,T2,3,3,previsão
2025-11-20,Quinta,Housekeeping,Supervisora,T2,1,2,previsão
2025-11-20,Quinta,Housekeeping,Auxiliar de limpeza,T2,1,1,previsão
2025-11-20,Quinta,Housekeeping,Empregada de andares,T3,1,1,histórico
2025-11-20,Quinta,Housekeeping,Supervisora,T3,1,1,histórico
2025-11-20,Quinta,Housekeeping,Auxiliar de limpeza,T3,1,1,histórico
2025-11-21,Sexta,Housekeeping,Empregada de andares,T1,4,5,previsão
2025-11-21,Sexta,Housekeeping,Supervisora,T1,2,2,previsão
2025-11-21,Sexta,Housekeeping,Auxiliar de limpeza,T1,1,1,previsão
2025-11-21,Sexta,Housekeeping,Empregada de andares,T2,2,2,manual
2025-11-21,Sexta,Housekeeping,Supervisora,T2,1,1,manual
2025-11-21,Sexta,Housekeeping,Auxiliar de limpeza,T2,1,1,manual
2025-11-21,Sexta,Housekeeping,Empregada de andares,T3,1,2,previsão
2025-11-21,Sexta,Housekeeping,Supervisora,T3,1,1,previsão
2025-11-21,Sexta,Housekeeping,Auxiliar de limpeza,T3,1,1,previsão
2025-11-22,Sábado,Housekeeping,Empregada de andares,T1,5,5,previsão
2025-11-22,Sábado,Housekeeping,Supervisora,T1,2,2,previsão
2025-11-22,Sábado,Housekeeping,Auxiliar de limpeza,T1,1,1,previsão
2025-11-22,Sábado,Housekeeping,Empregada de andares,T2,2,2,manual
2025-11-22,Sábado,Housekeeping,Supervisora,T2,1,1,manual
2025-11-22,Sábado,Housekeeping,Auxiliar de limpeza,T2,1,1,manual
2025-11-22,Sábado,Housekeeping,Empregada de andares,T3,2,2,histórico
2025-11-22,Sábado,Housekeeping,Supervisora,T3,1,1,histórico
2025-11-22,Sábado,Housekeeping,Auxiliar de limpeza,T3,1,1,histórico
2025-11-23,Domingo,Housekeeping,Empregada de andares,T1,4,5,histórico
2025-11-23,Domingo,Housekeeping,Supervisora,T1,2,2,histórico
2025-11-23,Domingo,Housekeeping,Auxiliar de limpeza,T1,1,1,histórico
2025-11-23,Domingo,Housekeeping,Empregada de andares,T2,2,3,histórico
2025-11-23,Domingo,Housekeeping,Supervisora,T2,1,1,histórico
2025-11-23,Domingo,Housekeeping,Auxiliar de limpeza,T2,1,1,histórico
2025-11-23,Domingo,Housekeeping,Empregada de andares,T3,1,1,histórico
2025-11-23,Domingo,Housekeeping,Supervisora,T3,1,1,histórico
2025-11-23,Domingo,Housekeeping,Auxiliar de limpeza,T3,1,1,histórico
2025-11-24,Segunda,Housekeeping,Empregada de andares,T1,4,4,previsão
2025-11-24,Segunda,Housekeeping,Supervisora,T1,2,2,previsão
2025-11-24,Segunda,Housekeeping,Auxiliar de limpeza,T1,1,1,previsão
2025-11-24,Segunda,Housekeeping,Empregada de andares,T2,3,3,manual
2025-11-24,Segunda,Housekeeping,Supervisora,T2,1,2,manual
2025-11-24,Segunda,Housekeeping,Auxiliar de limpeza,T2,1,1,manual
2025-11-24,Segunda,Housekeeping,Empregada de andares,T3,1,1,histórico
2025-11-24,Segunda,Housekeeping,Supervisora,T3,1,1,histórico
2025-11-24,Segunda,Housekeeping,Auxiliar de limpeza,T3,1,1,histórico
2025-11-25,Terça,Housekeeping,Empregada de andares,T1,3,4,histórico
2025-11-25,Terça,Housekeeping,Supervisora,T1,1,2,histórico
2025-11-25,Terça,Housekeeping,Auxiliar de limpeza,T1,1,1,histórico
2025-11-25,Terça,Housekeeping,Empregada de andares,T2,3,3,histórico
2025-11-25,Terça,Housekeeping,Supervisora,T2,1,2,histórico
2025-11-25,Terça,Housekeeping,Auxiliar de limpeza,T2,1,1,histórico
2025-11-25,Terça,Housekeeping,Empregada de andares,T3,1,1,histórico
2025-11-25,Terça,Housekeeping,Supervisora,T3,1,1,histórico
2025-11-25,Terça,Housekeeping,Auxiliar de limpeza,T3,1,1,histórico
2025-11-26,Quarta,Housekeeping,Empregada de andares,T1,3,4,histórico
2025-11-26,Quarta,Housekeeping,Supervisora,T1,1,2,histórico
2025-11-26,Quarta,Housekeeping,Auxiliar de limpeza,T1,1,1,histórico
2025-11-26,Quarta,Housekeeping,Empregada de andares,T2,2,2,histórico
2025-11-26,Quarta,Housekeeping,Supervisora,T2,1,1,histórico
2025-11-26,Quarta,Housekeeping,Auxiliar de limpeza,T2,1,1,histórico
2025-11-26,Quarta,Housekeeping,Empregada de andares,T3,1,1,histórico
2025-11-26,Quarta,Housekeeping,Supervisora,T3,1,1,histórico
2025-11-26,Quarta,Housekeeping,Auxiliar de limpeza,T3,1,1,histórico
2025-11-27,Quinta,Housekeeping,Empregada de andares,T1,4,4,histórico
2025-11-27,Quinta,Housekeeping,Supervisora,T1,2,2,histórico
2025-11-27,Quinta,Housekeeping,Auxiliar de limpeza,T1,1,1,histórico
2025-11-27,Quinta,Housekeeping,Empregada de andares,T2,2,2,histórico
2025-11-27,Quinta,Housekeeping,Supervisora,T2,1,1,histórico
2025-11-27,Quinta,Housekeeping,Auxiliar de limpeza,T2,1,1,histórico
2025-11-27,Quinta,Housekeeping,Empregada de andares,T3,1,2,histórico
2025-11-27,Quinta,Housekeeping,Supervisora,T3,1,1,histórico
2025-11-27,Quinta,Housekeeping,Auxiliar de limpeza,T3,1,1,histórico
2025-11-28,Sexta,Housekeeping,Empregada de andares,T1,3,4,previsão
2025-11-28,Sexta,Housekeeping,Supervisora,T1,1,2,previsão
2025-11-28,Sexta,Housekeeping,Auxiliar de limpeza,T1,1,1,previsão
2025-11-28,Sexta,Housekeeping,Empregada de andares,T2,3,3,previsão
2025-11-28,Sexta,Housekeeping,Supervisora,T2,1,2,previsão
2025-11-28,Sexta,Housekeeping,Auxiliar de limpeza,T2,1,1,previsão
2025-11-28,Sexta,Housekeeping,Empregada de andares,T3,1,2,previsão
2025-11-28,Sexta,Housekeeping,Supervisora,T3,1,1,previsão
2025-11-28,Sexta,Housekeeping,Auxiliar de limpeza,T3,1,1,previsão
2025-11-29,Sábado,Housekeeping,Empregada de andares,T1,5,6,histórico
2025-11-29,Sábado,Housekeeping,Supervisora,T1,2,2,histórico
2025-11-29,Sábado,Housekeeping,Auxiliar de limpeza,T1,1,2,histórico
2025-11-29,Sábado,Housekeeping,Empregada de andares,T2,2,3,histórico
2025-11-29,Sábado,Housekeeping,Supervisora,T2,1,1,histórico
2025-11-29,Sábado,Housekeeping,Auxiliar de limpeza,T2,1,1,histórico
2025-11-29,Sábado,Housekeeping,Empregada de andares,T3,1,1,histórico
2025-11-29,Sábado,Housekeeping,Supervisora,T3,1,1,histórico
2025-11-29,Sábado,Housekeeping,Auxiliar de limpeza,T3,1,1,histórico
2025-11-30,Domingo,Housekeeping,Empregada de andares,T1,5,5,previsão
2025-11-30,Domingo,Housekeeping,Supervisora,T1,2,2,previsão
2025-11-30,Domingo,Housekeeping,Auxiliar de limpeza,T1,1,1,previsão
2025-11-30,Domingo,Housekeeping,Empregada de andares,T2,2,2,previsão
2025-11-30,Domingo,Housekeeping,Supervisora,T2,1,1,previsão
2025-11-30,Domingo,Housekeeping,Auxiliar de limpeza,T2,1,1,previsão
2025-11-30,Domingo,Housekeeping,Empregada de andares,T3,2,2,histórico
2025-11-30,Domingo,Housekeeping,Supervisora,T3,1,1,histórico
2025-11-30,Domingo,Housekeeping,Auxiliar de limpeza,T3,1,1,histórico
2025-12-01,Segunda,Housekeeping,Empregada de andares,T1,4,4,histórico
2025-12-01,Segunda,Housekeeping,Supervisora,T1,2,2,histórico
2025-12-01,Segunda,Housekeeping,Auxiliar de limpeza,T1,1,1,histórico
2025-12-01,Segunda,Housekeeping,Empregada de andares,T2,2,2,histórico
2025-12-01,Segunda,Housekeeping,Supervisora,T2,1,1,histórico
2025-12-01,Segunda,Housekeeping,Auxiliar de limpeza,T2,1,1,histórico
2025-12-01,Segunda,Housekeeping,Empregada de andares,T3,1,2,histórico
2025-12-01,Segunda,Housekeeping,Supervisora,T3,1,1,histórico
2025-12-01,Segunda,Housekeeping,Auxiliar de limpeza,T3,1,1,histórico
2025-12-02,Terça,Housekeeping,Empregada de andares,T1,3,4,previsão
2025-12-02,Terça,Housekeeping,Supervisora,T1,1,2,previsão
2025-12-02,Terça,Housekeeping,Auxiliar de limpeza,T1,1,1,previsão
2025-12-02,Terça,Housekeeping,Empregada de andares,T2,3,3,histórico
2025-12-02,Terça,Housekeeping,Supervisora,T2,1,2,histórico
2025-12-02,Terça,Housekeeping,Auxiliar de limpeza,T2,1,1,histórico
2025-12-02,Terça,Housekeeping,Empregada de andares,T3,1,2,histórico
2025-12-02,Terça,Housekeeping,Supervisora,T3,1,1,histórico
2025-12-02,Terça,Housekeeping,Auxiliar de limpeza,T3,1,1,histórico
2025-12-03,Quarta,Housekeeping,Empregada de andares,T1,3,4,histórico
2025-12-03,Quarta,Housekeeping,Supervisora,T1,1,2,histórico
2025-12-03,Quarta,Housekeeping,Auxiliar de limpeza,T1,1,1,histórico
2025-12-03,Quarta,Housekeeping,Empregada de andares,T2,2,2,previsão
2025-12-03,Quarta,Housekeeping,Supervisora,T2,1,1,previsão
2025-12-03,Quarta,Housekeeping,Auxiliar de limpeza,T2,1,1,previsão
2025-12-03,Quarta,Housekeeping,Empregada de andares,T3,1,1,histórico
2025-12-03,Quarta,Housekeeping,Supervisora,T3,1,1,histórico
2025-12-03,Quarta,Housekeeping,Auxiliar de limpeza,T3,1,1,histórico
2025-12-04,Quinta,Housekeeping,Empregada de andares,T1,3,4,manual
2025-12-04,Quinta,Housekeeping,Supervisora,T1,1,2,manual
2025-12-04,Quinta,Housekeeping,Auxiliar de limpeza,T1,1,1,manual
2025-12-04,Quinta,Housekeeping,Empregada de andares,T2,2,3,previsão
2025-12-04,Quinta,Housekeeping,Supervisora,T2,1,1,previsão
2025-12-04,Quinta,Housekeeping,Auxiliar de limpeza,T2,1,1,previsão
2025-12-04,Quinta,Housekeeping,Empregada de andares,T3,1,2,histórico
2025-12-04,Quinta,Housekeeping,Supervisora,T3,1,1,histórico
2025-12-04,Quinta,Housekeeping,Auxiliar de limpeza,T3,1,1,histórico
2025-12-05,Sexta,Housekeeping,Empregada de andares,T1,4,4,histórico
2025-12-05,Sexta,Housekeeping,Supervisora,T1,2,2,histórico
2025-12-05,Sexta,Housekeeping,Auxiliar de limpeza,T1,1,1,histórico
2025-12-05,Sexta,Housekeeping,Empregada de andares,T2,3,3,manual
2025-12-05,Sexta,Housekeeping,Supervisora,T2,1,2,manual
2025-12-05,Sexta,Housekeeping,Auxiliar de limpeza,T2,1,1,manual
2025-12-05,Sexta,Housekeeping,Empregada de andares,T3,2,2,histórico
2025-12-05,Sexta,Housekeeping,Supervisora,T3,1,1,histórico
2025-12-05,Sexta,Housekeeping,Auxiliar de limpeza,T3,1,1,histórico
2025-12-06,Sábado,Housekeeping,Empregada de andares,T1,4,5,manual
2025-12-06,Sábado,Housekeeping,Supervisora,T1,2,2,manual
2025-12-06,Sábado,Housekeeping,Auxiliar de limpeza,T1,1,1,manual
2025-12-06,Sábado,Housekeeping,Empregada de andares,T2,2,2,histórico
2025-12-06,Sábado,Housekeeping,Supervisora,T2,1,1,histórico
2025-12-06,Sábado,Housekeeping,Auxiliar de limpeza,T2,1,1,histórico
2025-12-06,Sábado,Housekeeping,Empregada de andares,T3,1,1,histórico
2025-12-06,Sábado,Housekeeping,Supervisora,T3,1,1,histórico
2025-12-06,Sábado,Housekeeping,Auxiliar de limpeza,T3,1,1,histórico
2025-12-07,Domingo,Housekeeping,Empregada de andares,T1,5,6,histórico
2025-12-07,Domingo,Housekeeping,Supervisora,T1,2,2,histórico
2025-12-07,Domingo,Housekeeping,Auxiliar de limpeza,T1,1,2,histórico
2025-12-07,Domingo,Housekeeping,Empregada de andares,T2,3,3,histórico
2025-12-07,Domingo,Housekeeping,Supervisora,T2,1,2,histórico
2025-12-07,Domingo,Housekeeping,Auxiliar de limpeza,T2,1,1,histórico
2025-12-07,Domingo,Housekeeping,Empregada de andares,T3,2,2,previsão
2025-12-07,Domingo,Housekeeping,Supervisora,T3,1,1,previsão
2025-12-07,Domingo,Housekeeping,Auxiliar de limpeza,T3,1,1,previsão
2025-12-08,Segunda,Housekeeping,Empregada de andares,T1,4,4,histórico
2025-12-08,Segunda,Housekeeping,Supervisora,T1,2,2,histórico
2025-12-08,Segunda,Housekeeping,Auxiliar de limpeza,T1,1,1,histórico
2025-12-08,Segunda,Housekeeping,Empregada de andares,T2,2,2,previsão
2025-12-08,Segunda,Housekeeping,Supervisora,T2,1,1,previsão
2025-12-08,Segunda,Housekeeping,Auxiliar de limpeza,T2,1,1,previsão
2025-12-08,Segunda,Housekeeping,Empregada de andares,T3,1,1,histórico
2025-12-08,Segunda,Housekeeping,Supervisora,T3,1,1,histórico
2025-12-08,Segunda,Housekeeping,Auxiliar de limpeza,T3,1,1,histórico
2025-12-09,Terça,Housekeeping,Empregada de andares,T1,4,4,histórico
2025-12-09,Terça,Housekeeping,Supervisora,T1,2,2,histórico
2025-12-09,Terça,Housekeeping,Auxiliar de limpeza,T1,1,1,histórico
2025-12-09,Terça,Housekeeping,Empregada de andares,T2,3,3,histórico
2025-12-09,Terça,Housekeeping,Supervisora,T2,1,2,histórico
2025-12-09,Terça,Housekeeping,Auxiliar de limpeza,T2,1,1,histórico
2025-12-09,Terça,Housekeeping,Empregada de andares,T3,2,2,histórico
2025-12-09,Terça,Housekeeping,Supervisora,T3,1,1,histórico
2025-12-09,Terça,Housekeeping,Auxiliar de limpeza,T3,1,1,histórico
2025-12-10,Quarta,Housekeeping,Empregada de andares,T1,4,4,histórico
2025-12-10,Quarta,Housekeeping,Supervisora,T1,2,2,histórico
2025-12-10,Quarta,Housekeeping,Auxiliar de limpeza,T1,1,1,histórico
2025-12-10,Quarta,Housekeeping,Empregada de andares,T2,3,3,histórico
2025-12-10,Quarta,Housekeeping,Supervisora,T2,1,2,histórico
2025-12-10,Quarta,Housekeeping,Auxiliar de limpeza,T2,1,1,histórico
2025-12-10,Quarta,Housekeeping,Empregada de andares,T3,1,1,histórico
2025-12-10,Quarta,Housekeeping,Supervisora,T3,1,1,histórico
2025-12-10,Quarta,Housekeeping,Auxiliar de limpeza,T3,1,1,histórico
2025-12-11,Quinta,Housekeeping,Empregada de andares,T1,4,5,histórico
2025-12-11,Quinta,Housekeeping,Supervisora,T1,2,2,histórico
2025-12-11,Quinta,Housekeeping,Auxiliar de limpeza,T1,1,1,histórico
2025-12-11,Quinta,Housekeeping,Empregada de andares,T2,2,2,histórico
2025-12-11,Quinta,Housekeeping,Supervisora,T2,1,1,histórico
2025-12-11,Quinta,Housekeeping,Auxiliar de limpeza,T2,1,1,histórico
2025-12-11,Quinta,Housekeeping,Empregada de andares,T3,2,2,histórico
2025-12-11,Quinta,Housekeeping,Supervisora,T3,1,1,histórico
2025-12-11,Quinta,Housekeeping,Auxiliar de limpeza,T3,1,1,histórico
2025-12-12,Sexta,Housekeeping,Empregada de andares,T1,3,4,histórico
2025-12-12,Sexta,Housekeeping,Supervisora,T1,1,2,histórico
2025-12-12,Sexta,Housekeeping,Auxiliar de limpeza,T1,1,1,histórico
2025-12-12,Sexta,Housekeeping,Empregada de andares,T2,2,2,manual
2025-12-12,Sexta,Housekeeping,Supervisora,T2,1,1,manual
2025-12-12,Sexta,Housekeeping,Auxiliar de limpeza,T2,1,1,manual
2025-12-12,Sexta,Housekeeping,Empregada de andares,T3,2,2,histórico
2025-12-12,Sexta,Housekeeping,Supervisora,T3,1,1,histórico
2025-12-12,Sexta,Housekeeping,Auxiliar de limpeza,T3,1,1,histórico
2025-12-13,Sábado,Housekeeping,Empregada de andares,T1,4,5,histórico
2025-12-13,Sábado,Housekeeping,Supervisora,T1,2,2,histórico
2025-12-13,Sábado,Housekeeping,Auxiliar de limpeza,T1,1,1,histórico
2025-12-13,Sábado,Housekeeping,Empregada de andares,T2,2,2,previsão
2025-12-13,Sábado,Housekeeping,Supervisora,T2,1,1,previsão
2025-12-13,Sábado,Housekeeping,Auxiliar de limpeza,T2,1,1,previsão
2025-12-13,Sábado,Housekeeping,Empregada de andares,T3,2,2,histórico
2025-12-13,Sábado,Housekeeping,Supervisora,T3,1,1,histórico
2025-12-13,Sábado,Housekeeping,Auxiliar de limpeza,T3,1,1,histórico
2025-12-14,Domingo,Housekeeping,Empregada de andares,T1,5,6,previsão
2025-12-14,Domingo,Housekeeping,Supervisora,T1,2,2,previsão
2025-12-14,Domingo,Housekeeping,Auxiliar de limpeza,T1,1,2,previsão
2025-12-14,Domingo,Housekeeping,Empregada de andares,T2,3,3,histórico
2025-12-14,Domingo,Housekeeping,Supervisora,T2,1,2,histórico
2025-12-14,Domingo,Housekeeping,Auxiliar de limpeza,T2,1,1,histórico
2025-12-14,Domingo,Housekeeping,Empregada de andares,T3,2,2,histórico
2025-12-14,Domingo,Housekeeping,Supervisora,T3,1,1,histórico
2025-12-14,Domingo,Housekeeping,Auxiliar de limpeza,T3,1,1,histórico
2025-12-15,Segunda,Housekeeping,Empregada de andares,T1,3,4,histórico
2025-12-15,Segunda,Housekeeping,Supervisora,T1,1,2,histórico
2025-12-15,Segunda,Housekeeping,Auxiliar de limpeza,T1,1,1,histórico
2025-12-15,Segunda,Housekeeping,Empregada de andares,T2,3,3,histórico
2025-12-15,Segunda,Housekeeping,Supervisora,T2,1,2,histórico
2025-12-15,Segunda,Housekeeping,Auxiliar de limpeza,T2,1,1,histórico
2025-12-15,Segunda,Housekeeping,Empregada de andares,T3,2,2,manual
2025-12-15,Segunda,Housekeeping,Supervisora,T3,1,1,manual
2025-12-15,Segunda,Housekeeping,Auxiliar de limpeza,T3,1,1,manual
2025-12-16,Terça,Housekeeping,Empregada de andares,T1,4,4,histórico
2025-12-16,Terça,Housekeeping,Supervisora,T1,2,2,histórico
2025-12-16,Terça,Housekeeping,Auxiliar de limpeza,T1,1,1,histórico
2025-12-16,Terça,Housekeeping,Empregada de andares,T2,2,3,histórico
2025-12-16,Terça,Housekeeping,Supervisora,T2,1,1,histórico
2025-12-16,Terça,Housekeeping,Auxiliar de limpeza,T2,1,1,histórico
2025-12-16,Terça,Housekeeping,Empregada de andares,T3,1,2,previsão
2025-12-16,Terça,Housekeeping,Supervisora,T3,1,1,previsão
2025-12-16,Terça,Housekeeping,Auxiliar de limpeza,T3,1,1,previsão
2025-12-17,Quarta,Housekeeping,Empregada de andares,T1,3,4,histórico
2025-12-17,Quarta,Housekeeping,Supervisora,T1,1,2,histórico
2025-12-17,Quarta,Housekeeping,Auxiliar de limpeza,T1,1,1,histórico
2025-12-17,Quarta,Housekeeping,Empregada de andares,T2,3,3,manual
2025-12-17,Quarta,Housekeeping,Supervisora,T2,1,2,manual
2025-12-17,Quarta,Housekeeping,Auxiliar de limpeza,T2,1,1,manual
2025-12-17,Quarta,Housekeeping,Empregada de andares,T3,1,2,previsão
2025-12-17,Quarta,Housekeeping,Supervisora,T3,1,1,previsão
2025-12-17,Quarta,Housekeeping,Auxiliar de limpeza,T3,1,1,previsão
2025-12-18,Quinta,Housekeeping,Empregada de andares,T1,3,4,histórico
2025-12-18,Quinta,Housekeeping,Supervisora,T1,1,2,histórico
2025-12-18,Quinta,Housekeeping,Auxiliar de limpeza,T1,1,1,histórico
2025-12-18,Quinta,Housekeeping,Empregada de andares,T2,2,2,histórico
2025-12-18,Quinta,Housekeeping,Supervisora,T2,1,1,histórico
2025-12-18,Quinta,Housekeeping,Auxiliar de limpeza,T2,1,1,histórico
2025-12-18,Quinta,Housekeeping,Empregada de andares,T3,1,1,histórico
2025-12-18,Quinta,Housekeeping,Supervisora,T3,1,1,histórico
2025-12-18,Quinta,Housekeeping,Auxiliar de limpeza,T3,1,1,histórico
2025-12-19,Sexta,Housekeeping,Empregada de andares,T1,4,4,manual
2025-12-19,Sexta,Housekeeping,Supervisora,T1,2,2,manual
2025-12-19,Sexta,Housekeeping,Auxiliar de limpeza,T1,1,1,manual
2025-12-19,Sexta,Housekeeping,Empregada de andares,T2,2,3,previsão
2025-12-19,Sexta,Housekeeping,Supervisora,T2,1,1,previsão
2025-12-19,Sexta,Housekeeping,Auxiliar de limpeza,T2,1,1,previsão
2025-12-19,Sexta,Housekeeping,Empregada de andares,T3,1,1,histórico
2025-12-19,Sexta,Housekeeping,Supervisora,T3,1,1,histórico
2025-12-19,Sexta,Housekeeping,Auxiliar de limpeza,T3,1,1,histórico
2025-12-20,Sábado,Housekeeping,Empregada de andares,T1,5,6,histórico
2025-12-20,Sábado,Housekeeping,Supervisora,T1,2,2,histórico
2025-12-20,Sábado,Housekeeping,Auxiliar de limpeza,T1,1,2,histórico
2025-12-20,Sábado,Housekeeping,Empregada de andares,T2,2,3,histórico
2025-12-20,Sábado,Housekeeping,Supervisora,T2,1,1,histórico
2025-12-20,Sábado,Housekeeping,Auxiliar de limpeza,T2,1,1,histórico
2025-12-20,Sábado,Housekeeping,Empregada de andares,T3,1,2,histórico
2025-12-20,Sábado,Housekeeping,Supervisora,T3,1,1,histórico
2025-12-20,Sábado,Housekeeping,Auxiliar de limpeza,T3,1,1,histórico
2025-12-21,Domingo,Housekeeping,Empregada de andares,T1,5,5,histórico
2025-12-21,Domingo,Housekeeping,Supervisora,T1,2,2,histórico
2025-12-21,Domingo,Housekeeping,Auxiliar de limpeza,T1,1,1,histórico
2025-12-21,Domingo,Housekeeping,Empregada de andares,T2,3,3,histórico
2025-12-21,Domingo,Housekeeping,Supervisora,T2,1,2,histórico
2025-12-21,Domingo,Housekeeping,Auxiliar de limpeza,T2,1,1,histórico
2025-12-21,Domingo,Housekeeping,Empregada de andares,T3,2,2,previsão
2025-12-21,Domingo,Housekeeping,Supervisora,T3,1,1,previsão
2025-12-21,Domingo,Housekeeping,Auxiliar de limpeza,T3,1,1,previsão
2025-12-22,Segunda,Housekeeping,Empregada de andares,T1,4,4,previsão
2025-12-22,Segunda,Housekeeping,Supervisora,T1,2,2,previsão
2025-12-22,Segunda,Housekeeping,Auxiliar de limpeza,T1,1,1,previsão
2025-12-22,Segunda,Housekeeping,Empregada de andares,T2,3,3,histórico
2025-12-22,Segunda,Housekeeping,Supervisora,T2,1,2,histórico
2025-12-22,Segunda,Housekeeping,Auxiliar de limpeza,T2,1,1,histórico
2025-12-22,Segunda,Housekeeping,Empregada de andares,T3,1,1,histórico
2025-12-22,Segunda,Housekeeping,Supervisora,T3,1,1,histórico
2025-12-22,Segunda,Housekeeping,Auxiliar de limpeza,T3,1,1,histórico
2025-12-23,Terça,Housekeeping,Empregada de andares,T1,3,4,histórico
2025-12-23,Terça,Housekeeping,Supervisora,T1,1,2,histórico
2025-12-23,Terça,Housekeeping,Auxiliar de limpeza,T1,1,1,histórico
2025-12-23,Terça,Housekeeping,Empregada de andares,T2,2,2,histórico
2025-12-23,Terça,Housekeeping,Supervisora,T2,1,1,histórico
2025-12-23,Terça,Housekeeping,Auxiliar de limpeza,T2,1,1,histórico
2025-12-23,Terça,Housekeeping,Empregada de andares,T3,1,2,histórico
2025-12-23,Terça,Housekeeping,Supervisora,T3,1,1,histórico
2025-12-23,Terça,Housekeeping,Auxiliar de limpeza,T3,1,1,histórico
2025-12-24,Quarta,Housekeeping,Empregada de andares,T1,4,5,histórico
2025-12-24,Quarta,Housekeeping,Supervisora,T1,2,2,histórico
2025-12-24,Quarta,Housekeeping,Auxiliar de limpeza,T1,1,1,histórico
2025-12-24,Quarta,Housekeeping,Empregada de andares,T2,2,3,histórico
2025-12-24,Quarta,Housekeeping,Supervisora,T2,1,1,histórico
2025-12-24,Quarta,Housekeeping,Auxiliar de limpeza,T2,1,1,histórico
2025-12-24,Quarta,Housekeeping,Empregada de andares,T3,1,1,histórico
2025-12-24,Quarta,Housekeeping,Supervisora,T3,1,1,histórico
2025-12-24,Quarta,Housekeeping,Auxiliar de limpeza,T3,1,1,histórico
2025-12-25,Quinta,Housekeeping,Empregada de andares,T1,3,4,previsão
2025-12-25,Quinta,Housekeeping,Supervisora,T1,1,2,previsão
2025-12-25,Quinta,Housekeeping,Auxiliar de limpeza,T1,1,1,previsão
2025-12-25,Quinta,Housekeeping,Empregada de andares,T2,3,3,histórico
2025-12-25,Quinta,Housekeeping,Supervisora,T2,1,2,histórico
2025-12-25,Quinta,Housekeeping,Auxiliar de limpeza,T2,1,1,histórico
2025-12-25,Quinta,Housekeeping,Empregada de andares,T3,1,1,histórico
2025-12-25,Quinta,Housekeeping,Supervisora,T3,1,1,histórico
2025-12-25,Quinta,Housekeeping,Auxiliar de limpeza,T3,1,1,histórico
2025-12-26,Sexta,Housekeeping,Empregada de andares,T1,4,4,histórico
2025-12-26,Sexta,Housekeeping,Supervisora,T1,2,2,histórico
2025-12-26,Sexta,Housekeeping,Auxiliar de limpeza,T1,1,1,histórico
2025-12-26,Sexta,Housekeeping,Empregada de andares,T2,2,2,previsão
2025-12-26,Sexta,Housekeeping,Supervisora,T2,1,1,previsão
2025-12-26,Sexta,Housekeeping,Auxiliar de limpeza,T2,1,1,previsão
2025-12-26,Sexta,Housekeeping,Empregada de andares,T3,1,1,previsão
2025-12-26,Sexta,Housekeeping,Supervisora,T3,1,1,previsão
2025-12-26,Sexta,Housekeeping,Auxiliar de limpeza,T3,1,1,previsão
2025-12-27,Sábado,Housekeeping,Empregada de andares,T1,4,5,histórico
2025-12-27,Sábado,Housekeeping,Supervisora,T1,2,2,histórico
2025-12-27,Sábado,Housekeeping,Auxiliar de limpeza,T1,1,1,histórico
2025-12-27,Sábado,Housekeeping,Empregada de andares,T2,3,3,histórico
2025-12-27,Sábado,Housekeeping,Supervisora,T2,1,2,histórico
2025-12-27,Sábado,Housekeeping,Auxiliar de limpeza,T2,1,1,histórico
2025-12-27,Sábado,Housekeeping,Empregada de andares,T3,1,1,previsão
2025-12-27,Sábado,Housekeeping,Supervisora,T3,1,1,previsão
2025-12-27,Sábado,Housekeeping,Auxiliar de limpeza,T3,1,1,previsão
2025-12-28,Domingo,Housekeeping,Empregada de andares,T1,4,5,histórico
2025-12-28,Domingo,Housekeeping,Supervisora,T1,2,2,histórico
2025-12-28,Domingo,Housekeeping,Auxiliar de limpeza,T1,1,1,histórico
2025-12-28,Domingo,Housekeeping,Empregada de andares,T2,2,2,histórico
2025-12-28,Domingo,Housekeeping,Supervisora,T2,1,1,histórico
2025-12-28,Domingo,Housekeeping,Auxiliar de limpeza,T2,1,1,histórico
2025-12-28,Domingo,Housekeeping,Empregada de andares,T3,1,1,previsão
2025-12-28,Domingo,Housekeeping,Supervisora,T3,1,1,previsão
2025-12-28,Domingo,Housekeeping,Auxiliar de limpeza,T3,1,1,previsão
2025-12-29,Segunda,Housekeeping,Empregada de andares,T1,4,4,previsão
2025-12-29,Segunda,Housekeeping,Supervisora,T1,2,2,previsão
2025-12-29,Segunda,Housekeeping,Auxiliar de limpeza,T1,1,1,previsão
2025-12-29,Segunda,Housekeeping,Empregada de andares,T2,3,3,histórico
2025-12-29,Segunda,Housekeeping,Supervisora,T2,1,2,histórico
2025-12-29,Segunda,Housekeeping,Auxiliar de limpeza,T2,1,1,histórico
2025-12-29,Segunda,Housekeeping,Empregada de andares,T3,2,2,histórico
2025-12-29,Segunda,Housekeeping,Supervisora,T3,1,1,histórico
2025-12-29,Segunda,Housekeeping,Auxiliar de limpeza,T3,1,1,histórico
2025-12-30,Terça,Housekeeping,Empregada de andares,T1,4,5,histórico
2025-12-30,Terça,Housekeeping,Supervisora,T1,2,2,histórico
2025-12-30,Terça,Housekeeping,Auxiliar de limpeza,T1,1,1,histórico
2025-12-30,Terça,Housekeeping,Empregada de andares,T2,2,2,previsão
2025-12-30,Terça,Housekeeping,Supervisora,T2,1,1,previsão
2025-12-30,Terça,Housekeeping,Auxiliar de limpeza,T2,1,1,previsão
2025-12-30,Terça,Housekeeping,Empregada de andares,T3,1,1,histórico
2025-12-30,Terça,Housekeeping,Supervisora,T3,1,1,histórico
2025-12-30,Terça,Housekeeping,Auxiliar de limpeza,T3,1,1,histórico
2025-12-31,Quarta,Housekeeping,Empregada de andares,T1,4,5,previsão
2025-12-31,Quarta,Housekeeping,Supervisora,T1,2,2,previsão
2025-12-31,Quarta,Housekeeping,Auxiliar de limpeza,T1,1,1,previsão
2025-12-31,Quarta,Housekeeping,Empregada de andares,T2,2,3,previsão
2025-12-31,Quarta,Housekeeping,Supervisora,T2,1,1,previsão
2025-12-31,Quarta,Housekeeping,Auxiliar de limpeza,T2,1,1,previsão
2025-12-31,Quarta,Housekeeping,Empregada de andares,T3,2,2,histórico
2025-12-31,Quarta,Housekeeping,Supervisora,T3,1,1,histórico
2025-12-31,Quarta,Housekeeping,Auxiliar de limpeza,T3,1,1,histórico
