disponibilidade_id,colaborador_id,data,turno_id,disponivel,tipo_disponibilidade,horas_disponiveis,motivo_indisponibilidade,tipo_indisponibilidade,comunicado_em,horas_antecedencia,ativo
D0001,C001,2025-01-01,T1,1,Total,7,,,,,1
D0002,C001,2025-01-01,T2,1,Total,8,,,,,1
D0003,C001,2025-01-01,T3,1,Total,9,,,,,1
D0004,C001,2025-01-02,T1,1,Total,7,,,,,1
D0005,C001,2025-01-02,T2,1,Total,8,,,,,1
D0006,C001,2025-01-02,T3,1,Total,9,,,,,1
D0007,C001,2025-01-03,T1,1,Total,7,,,,,1
D0008,C001,2025-01-03,T2,1,Total,8,,,,,1
D0009,C001,2025-01-03,T3,1,Total,9,,,,,1
D0010,C001,2025-01-04,T1,1,Total,7,,,,,1
D0011,C001,2025-01-04,T2,1,Total,8,,,,,1
D0012,C001,2025-01-04,T3,1,Total,9,,,,,1
D0013,C001,2025-01-05,T1,1,Total,7,,,,,1
D0014,C001,2025-01-05,T2,1,Total,8,,,,,1
D0015,C001,2025-01-05,T3,1,Total,9,,,,,1
D0016,C001,2025-01-06,T1,1,Total,7,,,,,1
D0017,C001,2025-01-06,T2,1,Total,8,,,,,1
D0018,C001,2025-01-06,T3,1,Total,9,,,,,1
D0019,C001,2025-01-07,T1,1,Total,7,,,,,1
D0020,C001,2025-01-07,T2,1,Total,8,,,,,1
D0021,C001,2025-01-07,T3,1,Total,9,,,,,1
D0022,C001,2025-01-08,T1,1,Total,7,,,,,1
D0023,C001,2025-01-08,T2,1,Total,8,,,,,1
D0024,C001,2025-01-08,T3,1,Total,9,,,,,1
D0025,C001,2025-01-09,T1,1,Total,7,,,,,1
D0026,C001,2025-01-09,T2,1,Total,8,,,,,1
D0027,C001,2025-01-09,T3,1,Total,9,,,,,1
D0028,C001,2025-01-10,T1,1,Total,7,,,,,1
D0029,C001,2025-01-10,T2,1,Total,8,,,,,1
D0030,C001,2025-01-10,T3,1,Parcial,4,formação,planeada,2025-01-09 17:18,28.7,1
D0031,C001,2025-01-11,T1,1,Total,7,,,,,1
D0032,C001,2025-01-11,T2,1,Total,8,,,,,1
D0033,C001,2025-01-11,T3,1,Total,9,,,,,1
D0034,C001,2025-01-12,T1,1,Total,7,,,,,1
D0035,C001,2025-01-12,T2,1,Total,8,,,,,1
D0036,C001,2025-01-12,T3,1,Total,9,,,,,1
D0037,C001,2025-01-13,T1,1,Total,7,,,,,1
D0038,C001,2025-01-13,T2,1,Total,8,,,,,1
D0039,C001,2025-01-13,T3,1,Total,9,,,,,1
D0040,C001,2025-01-14,T1,1,Total,7,,,,,1
D0041,C001,2025-01-14,T2,1,Total,8,,,,,1
D0042,C001,2025-01-14,T3,0,Indisponível,0,preferencia_pessoal,planeada,2024-12-17 00:48,693.2,1
D0043,C001,2025-01-15,T1,1,Parcial,4,preferencia_pessoal,planeada,2025-01-02 10:42,308.3,1
D0044,C001,2025-01-15,T2,1,Total,8,,,,,1
D0045,C001,2025-01-15,T3,1,Total,9,,,,,1
D0046,C001,2025-01-16,T1,1,Total,7,,,,,1
D0047,C001,2025-01-16,T2,1,Total,8,,,,,1
D0048,C001,2025-01-16,T3,1,Total,9,,,,,1
D0049,C001,2025-01-17,T1,1,Total,7,,,,,1
D0050,C001,2025-01-17,T2,1,Total,8,,,,,1
D0051,C001,2025-01-17,T3,1,Total,9,,,,,1
D0052,C001,2025-01-18,T1,1,Total,7,,,,,1
D0053,C001,2025-01-18,T2,1,Total,8,,,,,1
D0054,C001,2025-01-18,T3,1,Total,9,,,,,1
D0055,C001,2025-01-19,T1,1,Parcial,4,formação,planeada,2025-01-08 12:12,258.8,1
D0056,C001,2025-01-19,T2,1,Total,8,,,,,1
D0057,C001,2025-01-19,T3,1,Total,9,,,,,1
D0058,C001,2025-01-20,T1,1,Total,7,,,,,1
D0059,C001,2025-01-20,T2,1,Total,8,,,,,1
D0060,C001,2025-01-20,T3,1,Total,9,,,,,1
D0061,C001,2025-01-21,T1,1,Total,7,,,,,1
D0062,C001,2025-01-21,T2,1,Total,8,,,,,1
D0063,C001,2025-01-21,T3,1,Total,9,,,,,1
D0064,C001,2025-01-22,T1,1,Total,7,,,,,1
D0065,C001,2025-01-22,T2,1,Total,8,,,,,1
D0066,C001,2025-01-22,T3,1,Total,9,,,,,1
D0067,C001,2025-01-23,T1,1,Total,7,,,,,1
D0068,C001,2025-01-23,T2,1,Total,8,,,,,1
D0069,C001,2025-01-23,T3,1,Total,9,,,,,1
D0070,C001,2025-01-24,T1,1,Total,7,,,,,1
D0071,C001,2025-01-24,T2,1,Total,8,,,,,1
D0072,C001,2025-01-24,T3,1,Total,9,,,,,1
D0073,C001,2025-01-25,T1,1,Total,7,,,,,1
D0074,C001,2025-01-25,T2,1,Total,8,,,,,1
D0075,C001,2025-01-25,T3,1,Total,9,,,,,1
D0076,C001,2025-01-26,T1,1,Total,7,,,,,1
D0077,C001,2025-01-26,T2,1,Total,8,,,,,1
D0078,C001,2025-01-26,T3,1,Total,9,,,,,1
D0079,C001,2025-01-27,T1,1,Total,7,,,,,1
D0080,C001,2025-01-27,T2,1,Total,8,,,,,1
D0081,C001,2025-01-27,T3,1,Total,9,,,,,1
D0082,C001,2025-01-28,T1,1,Total,7,,,,,1
D0083,C001,2025-01-28,T2,1,Total,8,,,,,1
D0084,C001,2025-01-28,T3,1,Total,9,,,,,1
D0085,C001,2025-01-29,T1,1,Total,7,,,,,1
D0086,C001,2025-01-29,T2,1,Parcial,4,consulta_medica,planeada,2025-01-17 18:06,283.9,1
D0087,C001,2025-01-29,T3,1,Total,9,,,,,1
D0088,C001,2025-01-30,T1,1,Total,7,,,,,1
D0089,C001,2025-01-30,T2,1,Total,8,,,,,1
D0090,C001,2025-01-30,T3,1,Total,9,,,,,1
D0091,C001,2025-01-31,T1,1,Total,7,,,,,1
D0092,C001,2025-01-31,T2,1,Total,8,,,,,1
D0093,C001,2025-01-31,T3,1,Total,9,,,,,1
D0094,C001,2025-02-01,T1,0,Indisponível,0,baixa,planeada,2025-01-13 13:36,449.4,1
D0095,C001,2025-02-01,T2,1,Total,8,,,,,1
D0096,C001,2025-02-01,T3,1,Total,9,,,,,1
D0097,C001,2025-02-02,T1,1,Total,7,,,,,1
D0098,C001,2025-02-02,T2,1,Total,8,,,,,1
D0099,C001,2025-02-02,T3,0,Indisponível,0,baixa,inesperada,2025-02-02 15:30,6.5,1
D0100,C001,2025-02-03,T1,1,Total,7,,,,,1
D0101,C001,2025-02-03,T2,0,Indisponível,0,restrição_noite,planeada,2025-01-14 04:48,489.2,1
D0102,C001,2025-02-03,T3,1,Total,9,,,,,1
D0103,C001,2025-02-04,T1,1,Total,7,,,,,1
D0104,C001,2025-02-04,T2,1,Parcial,4,consulta_medica,planeada,2025-01-28 00:06,181.9,1
D0105,C001,2025-02-04,T3,1,Total,9,,,,,1
D0106,C001,2025-02-05,T1,1,Total,7,,,,,1
D0107,C001,2025-02-05,T2,1,Total,8,,,,,1
D0108,C001,2025-02-05,T3,1,Total,9,,,,,1
D0109,C001,2025-02-06,T1,1,Total,7,,,,,1
D0110,C001,2025-02-06,T2,1,Total,8,,,,,1
D0111,C001,2025-02-06,T3,1,Total,9,,,,,1
D0112,C001,2025-02-07,T1,1,Total,7,,,,,1
D0113,C001,2025-02-07,T2,1,Total,8,,,,,1
D0114,C001,2025-02-07,T3,1,Total,9,,,,,1
D0115,C001,2025-02-08,T1,1,Total,7,,,,,1
D0116,C001,2025-02-08,T2,1,Total,8,,,,,1
D0117,C001,2025-02-08,T3,1,Total,9,,,,,1
D0118,C001,2025-02-09,T1,1,Total,7,,,,,1
D0119,C001,2025-02-09,T2,1,Total,8,,,,,1
D0120,C001,2025-02-09,T3,1,Parcial,4,formação,planeada,2025-02-04 07:48,134.2,1
D0121,C001,2025-02-10,T1,1,Parcial,4,consulta_medica,planeada,2025-01-31 07:18,239.7,1
D0122,C001,2025-02-10,T2,1,Total,8,,,,,1
D0123,C001,2025-02-10,T3,1,Total,9,,,,,1
D0124,C001,2025-02-11,T1,1,Total,7,,,,,1
D0125,C001,2025-02-11,T2,1,Total,8,,,,,1
D0126,C001,2025-02-11,T3,1,Total,9,,,,,1
D0127,C001,2025-02-12,T1,1,Parcial,4,preferencia_pessoal,planeada,2025-02-08 16:36,86.4,1
D0128,C001,2025-02-12,T2,1,Total,8,,,,,1
D0129,C001,2025-02-12,T3,1,Total,9,,,,,1
D0130,C001,2025-02-13,T1,0,Indisponível,0,folga,planeada,2025-01-16 11:42,667.3,1
D0131,C001,2025-02-13,T2,1,Total,8,,,,,1
D0132,C001,2025-02-13,T3,1,Total,9,,,,,1
D0133,C001,2025-02-14,T1,0,Indisponível,0,nao_autorizado_fds,planeada,2025-02-04 12:18,234.7,1
D0134,C001,2025-02-14,T2,1,Total,8,,,,,1
D0135,C001,2025-02-14,T3,1,Total,9,,,,,1
D0136,C001,2025-02-15,T1,1,Total,7,,,,,1
D0137,C001,2025-02-15,T2,1,Total,8,,,,,1
D0138,C001,2025-02-15,T3,1,Total,9,,,,,1
D0139,C001,2025-02-16,T1,1,Parcial,4,preferencia_pessoal,planeada,2025-02-08 04:18,194.7,1
D0140,C001,2025-02-16,T2,1,Total,8,,,,,1
D0141,C001,2025-02-16,T3,1,Total,9,,,,,1
D0142,C001,2025-02-17,T1,1,Total,7,,,,,1
D0143,C001,2025-02-17,T2,1,Total,8,,,,,1
D0144,C001,2025-02-17,T3,1,Total,9,,,,,1
D0145,C001,2025-02-18,T1,1,Total,7,,,,,1
D0146,C001,2025-02-18,T2,1,Total,8,,,,,1
D0147,C001,2025-02-18,T3,1,Total,9,,,,,1
D0148,C001,2025-02-19,T1,1,Total,7,,,,,1
D0149,C001,2025-02-19,T2,1,Total,8,,,,,1
D0150,C001,2025-02-19,T3,1,Parcial,4,consulta_medica,planeada,2025-02-16 06:48,87.2,1
D0151,C001,2025-02-20,T1,1,Total,7,,,,,1
D0152,C001,2025-02-20,T2,1,Total,8,,,,,1
D0153,C001,2025-02-20,T3,1,Total,9,,,,,1
D0154,C001,2025-02-21,T1,1,Total,7,,,,,1
D0155,C001,2025-02-21,T2,1,Total,8,,,,,1
D0156,C001,2025-02-21,T3,0,Indisponível,0,férias,planeada,2025-01-23 03:12,714.8,1
D0157,C001,2025-02-22,T1,1,Total,7,,,,,1
D0158,C001,2025-02-22,T2,1,Total,8,,,,,1
D0159,C001,2025-02-22,T3,1,Total,9,,,,,1
D0160,C001,2025-02-23,T1,1,Total,7,,,,,1
D0161,C001,2025-02-23,T2,1,Total,8,,,,,1
D0162,C001,2025-02-23,T3,1,Total,9,,,,,1
D0163,C001,2025-02-24,T1,1,Parcial,4,preferencia_pessoal,planeada,2025-02-13 00:24,270.6,1
D0164,C001,2025-02-24,T2,1,Parcial,4,preferencia_pessoal,planeada,2025-02-22 00:00,62.0,1
D0165,C001,2025-02-24,T3,1,Total,9,,,,,1
D0166,C001,2025-02-25,T1,1,Total,7,,,,,1
D0167,C001,2025-02-25,T2,1,Total,8,,,,,1
D0168,C001,2025-02-25,T3,1,Total,9,,,,,1
D0169,C001,2025-02-26,T1,1,Parcial,4,formação,planeada,2025-02-19 18:54,156.1,1
D0170,C001,2025-02-26,T2,1,Parcial,4,formação,planeada,2025-02-23 13:18,72.7,1
D0171,C001,2025-02-26,T3,1,Total,9,,,,,1
D0172,C001,2025-02-27,T1,1,Total,7,,,,,1
D0173,C001,2025-02-27,T2,1,Parcial,4,consulta_medica,planeada,2025-02-22 07:18,126.7,1
D0174,C001,2025-02-27,T3,1,Total,9,,,,,1
D0175,C001,2025-02-28,T1,1,Total,7,,,,,1
D0176,C001,2025-02-28,T2,1,Total,8,,,,,1
D0177,C001,2025-02-28,T3,0,Indisponível,0,férias,planeada,2025-02-05 10:18,563.7,1
D0178,C001,2025-03-01,T1,1,Total,7,,,,,1
D0179,C001,2025-03-01,T2,1,Total,8,,,,,1
D0180,C001,2025-03-01,T3,1,Total,9,,,,,1
D0181,C001,2025-03-02,T1,1,Total,7,,,,,1
D0182,C001,2025-03-02,T2,1,Total,8,,,,,1
D0183,C001,2025-03-02,T3,1,Total,9,,,,,1
D0184,C001,2025-03-03,T1,1,Total,7,,,,,1
D0185,C001,2025-03-03,T2,1,Total,8,,,,,1
D0186,C001,2025-03-03,T3,1,Total,9,,,,,1
D0187,C001,2025-03-04,T1,1,Total,7,,,,,1
D0188,C001,2025-03-04,T2,1,Total,8,,,,,1
D0189,C001,2025-03-04,T3,1,Total,9,,,,,1
D0190,C001,2025-03-05,T1,1,Total,7,,,,,1
D0191,C001,2025-03-05,T2,1,Total,8,,,,,1
D0192,C001,2025-03-05,T3,1,Total,9,,,,,1
D0193,C001,2025-03-06,T1,1,Total,7,,,,,1
D0194,C001,2025-03-06,T2,1,Total,8,,,,,1
D0195,C001,2025-03-06,T3,1,Total,9,,,,,1
D0196,C001,2025-03-07,T1,1,Total,7,,,,,1
D0197,C001,2025-03-07,T2,1,Total,8,,,,,1
D0198,C001,2025-03-07,T3,1,Total,9,,,,,1
D0199,C001,2025-03-08,T1,0,Indisponível,0,férias,planeada,2025-02-10 23:06,607.9,1
D0200,C001,2025-03-08,T2,1,Total,8,,,,,1
D0201,C001,2025-03-08,T3,1,Total,9,,,,,1
D0202,C001,2025-03-09,T1,1,Total,7,,,,,1
D0203,C001,2025-03-09,T2,1,Total,8,,,,,1
D0204,C001,2025-03-09,T3,1,Total,9,,,,,1
D0205,C001,2025-03-10,T1,1,Total,7,,,,,1
D0206,C001,2025-03-10,T2,1,Total,8,,,,,1
D0207,C001,2025-03-10,T3,1,Total,9,,,,,1
D0208,C001,2025-03-11,T1,1,Total,7,,,,,1
D0209,C001,2025-03-11,T2,1,Total,8,,,,,1
D0210,C001,2025-03-11,T3,1,Total,9,,,,,1
D0211,C001,2025-03-12,T1,1,Total,7,,,,,1
D0212,C001,2025-03-12,T2,1,Total,8,,,,,1
D0213,C001,2025-03-12,T3,1,Total,9,,,,,1
D0214,C001,2025-03-13,T1,1,Total,7,,,,,1
D0215,C001,2025-03-13,T2,1,Total,8,,,,,1
D0216,C001,2025-03-13,T3,1,Total,9,,,,,1
D0217,C001,2025-03-14,T1,1,Total,7,,,,,1
D0218,C001,2025-03-14,T2,1,Total,8,,,,,1
D0219,C001,2025-03-14,T3,1,Total,9,,,,,1
D0220,C001,2025-03-15,T1,1,Total,7,,,,,1
D0221,C001,2025-03-15,T2,1,Total,8,,,,,1
D0222,C001,2025-03-15,T3,1,Total,9,,,,,1
D0223,C001,2025-03-16,T1,1,Total,7,,,,,1
D0224,C001,2025-03-16,T2,1,Total,8,,,,,1
D0225,C001,2025-03-16,T3,1,Total,9,,,,,1
D0226,C001,2025-03-17,T1,1,Total,7,,,,,1
D0227,C001,2025-03-17,T2,0,Indisponível,0,consulta_medica,planeada,2025-03-10 21:36,160.4,1
D0228,C001,2025-03-17,T3,1,Total,9,,,,,1
D0229,C001,2025-03-18,T1,1,Total,7,,,,,1
D0230,C001,2025-03-18,T2,1,Parcial,4,consulta_medica,planeada,2025-03-09 00:00,230.0,1
D0231,C001,2025-03-18,T3,1,Total,9,,,,,1
D0232,C001,2025-03-19,T1,1,Total,7,,,,,1
D0233,C001,2025-03-19,T2,1,Total,8,,,,,1
D0234,C001,2025-03-19,T3,1,Total,9,,,,,1
D0235,C001,2025-03-20,T1,1,Total,7,,,,,1
D0236,C001,2025-03-20,T2,1,Parcial,4,preferencia_pessoal,planeada,2025-03-12 05:24,200.6,1
D0237,C001,2025-03-20,T3,1,Total,9,,,,,1
D0238,C001,2025-03-21,T1,1,Total,7,,,,,1
D0239,C001,2025-03-21,T2,1,Total,8,,,,,1
D0240,C001,2025-03-21,T3,1,Total,9,,,,,1
D0241,C001,2025-03-22,T1,1,Total,7,,,,,1
D0242,C001,2025-03-22,T2,1,Total,8,,,,,1
D0243,C001,2025-03-22,T3,1,Total,9,,,,,1
D0244,C001,2025-03-23,T1,1,Total,7,,,,,1
D0245,C001,2025-03-23,T2,1,Total,8,,,,,1
D0246,C001,2025-03-23,T3,1,Parcial,4,formação,planeada,2025-03-14 12:54,225.1,1
D0247,C001,2025-03-24,T1,1,Total,7,,,,,1
D0248,C001,2025-03-24,T2,1,Total,8,,,,,1
D0249,C001,2025-03-24,T3,1,Total,9,,,,,1
D0250,C001,2025-03-25,T1,1,Total,7,,,,,1
D0251,C001,2025-03-25,T2,1,Total,8,,,,,1
D0252,C001,2025-03-25,T3,1,Total,9,,,,,1
D0253,C001,2025-03-26,T1,1,Total,7,,,,,1
D0254,C001,2025-03-26,T2,1,Total,8,,,,,1
D0255,C001,2025-03-26,T3,1,Parcial,4,preferencia_pessoal,planeada,2025-03-22 22:12,95.8,1
D0256,C001,2025-03-27,T1,1,Total,7,,,,,1
D0257,C001,2025-03-27,T2,1,Total,8,,,,,1
D0258,C001,2025-03-27,T3,1,Total,9,,,,,1
D0259,C001,2025-03-28,T1,1,Total,7,,,,,1
D0260,C001,2025-03-28,T2,1,Total,8,,,,,1
D0261,C001,2025-03-28,T3,1,Total,9,,,,,1
D0262,C001,2025-03-29,T1,1,Total,7,,,,,1
D0263,C001,2025-03-29,T2,1,Total,8,,,,,1
D0264,C001,2025-03-29,T3,1,Total,9,,,,,1
D0265,C001,2025-03-30,T1,1,Total,7,,,,,1
D0266,C001,2025-03-30,T2,1,Total,8,,,,,1
D0267,C001,2025-03-30,T3,1,Total,9,,,,,1
D0268,C001,2025-03-31,T1,1,Total,7,,,,,1
D0269,C001,2025-03-31,T2,1,Parcial,4,formação,planeada,2025-03-26 09:06,124.9,1
D0270,C001,2025-03-31,T3,1,Total,9,,,,,1
D0271,C001,2025-04-01,T1,1,Total,7,,,,,1
D0272,C001,2025-04-01,T2,1,Total,8,,,,,1
D0273,C001,2025-04-01,T3,1,Total,9,,,,,1
D0274,C001,2025-04-02,T1,1,Total,7,,,,,1
D0275,C001,2025-04-02,T2,1,Total,8,,,,,1
D0276,C001,2025-04-02,T3,1,Total,9,,,,,1
D0277,C001,2025-04-03,T1,1,Total,7,,,,,1
D0278,C001,2025-04-03,T2,1,Total,8,,,,,1
D0279,C001,2025-04-03,T3,1,Parcial,4,preferencia_pessoal,planeada,2025-03-25 16:06,221.9,1
D0280,C001,2025-04-04,T1,1,Total,7,,,,,1
D0281,C001,2025-04-04,T2,1,Total,8,,,,,1
D0282,C001,2025-04-04,T3,1,Total,9,,,,,1
D0283,C001,2025-04-05,T1,1,Total,7,,,,,1
D0284,C001,2025-04-05,T2,1,Total,8,,,,,1
D0285,C001,2025-04-05,T3,1,Total,9,,,,,1
D0286,C001,2025-04-06,T1,1,Total,7,,,,,1
D0287,C001,2025-04-06,T2,1,Total,8,,,,,1
D0288,C001,2025-04-06,T3,1,Total,9,,,,,1
D0289,C001,2025-04-07,T1,1,Total,7,,,,,1
D0290,C001,2025-04-07,T2,1,Total,8,,,,,1
D0291,C001,2025-04-07,T3,1,Total,9,,,,,1
D0292,C001,2025-04-08,T1,1,Total,7,,,,,1
D0293,C001,2025-04-08,T2,1,Total,8,,,,,1
D0294,C001,2025-04-08,T3,1,Total,9,,,,,1
D0295,C001,2025-04-09,T1,1,Total,7,,,,,1
D0296,C001,2025-04-09,T2,1,Total,8,,,,,1
D0297,C001,2025-04-09,T3,0,Indisponível,0,folga,planeada,2025-04-01 04:54,209.1,1
D0298,C001,2025-04-10,T1,1,Total,7,,,,,1
D0299,C001,2025-04-10,T2,1,Total,8,,,,,1
D0300,C001,2025-04-10,T3,1,Total,9,,,,,1
D0301,C001,2025-04-11,T1,1,Total,7,,,,,1
D0302,C001,2025-04-11,T2,1,Total,8,,,,,1
D0303,C001,2025-04-11,T3,1,Total,9,,,,,1
D0304,C001,2025-04-12,T1,1,Total,7,,,,,1
D0305,C001,2025-04-12,T2,1,Parcial,4,preferencia_pessoal,planeada,2025-04-04 23:00,183.0,1
D0306,C001,2025-04-12,T3,1,Total,9,,,,,1
D0307,C001,2025-04-13,T1,1,Total,7,,,,,1
D0308,C001,2025-04-13,T2,1,Total,8,,,,,1
D0309,C001,2025-04-13,T3,1,Parcial,4,preferencia_pessoal,planeada,2025-04-02 00:06,285.9,1
D0310,C001,2025-04-14,T1,1,Total,7,,,,,1
D0311,C001,2025-04-14,T2,1,Total,8,,,,,1
D0312,C001,2025-04-14,T3,1,Total,9,,,,,1
D0313,C001,2025-04-15,T1,1,Total,7,,,,,1
D0314,C001,2025-04-15,T2,1,Total,8,,,,,1
D0315,C001,2025-04-15,T3,1,Total,9,,,,,1
D0316,C001,2025-04-16,T1,1,Total,7,,,,,1
D0317,C001,2025-04-16,T2,1,Total,8,,,,,1
D0318,C001,2025-04-16,T3,1,Parcial,4,preferencia_pessoal,planeada,2025-04-07 01:18,236.7,1
D0319,C001,2025-04-17,T1,1,Total,7,,,,,1
D0320,C001,2025-04-17,T2,1,Total,8,,,,,1
D0321,C001,2025-04-17,T3,1,Total,9,,,,,1
D0322,C001,2025-04-18,T1,1,Total,7,,,,,1
D0323,C001,2025-04-18,T2,1,Total,8,,,,,1
D0324,C001,2025-04-18,T3,1,Total,9,,,,,1
D0325,C001,2025-04-19,T1,1,Total,7,,,,,1
D0326,C001,2025-04-19,T2,1,Total,8,,,,,1
D0327,C001,2025-04-19,T3,1,Total,9,,,,,1
D0328,C001,2025-04-20,T1,1,Total,7,,,,,1
D0329,C001,2025-04-20,T2,1,Total,8,,,,,1
D0330,C001,2025-04-20,T3,1,Total,9,,,,,1
D0331,C001,2025-04-21,T1,1,Total,7,,,,,1
D0332,C001,2025-04-21,T2,1,Total,8,,,,,1
D0333,C001,2025-04-21,T3,1,Total,9,,,,,1
D0334,C001,2025-04-22,T1,1,Total,7,,,,,1
D0335,C001,2025-04-22,T2,1,Total,8,,,,,1
D0336,C001,2025-04-22,T3,1,Total,9,,,,,1
D0337,C001,2025-04-23,T1,1,Total,7,,,,,1
D0338,C001,2025-04-23,T2,1,Total,8,,,,,1
D0339,C001,2025-04-23,T3,1,Total,9,,,,,1
D0340,C001,2025-04-24,T1,1,Total,7,,,,,1
D0341,C001,2025-04-24,T2,1,Total,8,,,,,1
D0342,C001,2025-04-24,T3,1,Total,9,,,,,1
D0343,C001,2025-04-25,T1,1,Total,7,,,,,1
D0344,C001,2025-04-25,T2,1,Total,8,,,,,1
D0345,C001,2025-04-25,T3,1,Total,9,,,,,1
D0346,C001,2025-04-26,T1,1,Total,7,,,,,1
D0347,C001,2025-04-26,T2,1,Total,8,,,,,1
D0348,C001,2025-04-26,T3,0,Indisponível,0,folga,planeada,2025-04-17 21:36,216.4,1
D0349,C001,2025-04-27,T1,1,Total,7,,,,,1
D0350,C001,2025-04-27,T2,1,Total,8,,,,,1
D0351,C001,2025-04-27,T3,1,Total,9,,,,,1
D0352,C001,2025-04-28,T1,1,Total,7,,,,,1
D0353,C001,2025-04-28,T2,1,Total,8,,,,,1
D0354,C001,2025-04-28,T3,1,Total,9,,,,,1
D0355,C001,2025-04-29,T1,1,Total,7,,,,,1
D0356,C001,2025-04-29,T2,1,Total,8,,,,,1
D0357,C001,2025-04-29,T3,1,Total,9,,,,,1
D0358,C001,2025-04-30,T1,1,Total,7,,,,,1
D0359,C001,2025-04-30,T2,1,Total,8,,,,,1
D0360,C001,2025-04-30,T3,1,Total,9,,,,,1
D0361,C001,2025-05-01,T1,1,Total,7,,,,,1
D0362,C001,2025-05-01,T2,1,Total,8,,,,,1
D0363,C001,2025-05-01,T3,1,Total,9,,,,,1
D0364,C001,2025-05-02,T1,1,Total,7,,,,,1
D0365,C001,2025-05-02,T2,1,Total,8,,,,,1
D0366,C001,2025-05-02,T3,1,Total,9,,,,,1
D0367,C001,2025-05-03,T1,1,Total,7,,,,,1
D0368,C001,2025-05-03,T2,0,Indisponível,0,férias,planeada,2025-04-07 15:36,622.4,1
D0369,C001,2025-05-03,T3,1,Parcial,4,consulta_medica,planeada,2025-04-22 22:42,263.3,1
D0370,C001,2025-05-04,T1,1,Total,7,,,,,1
D0371,C001,2025-05-04,T2,1,Total,8,,,,,1
D0372,C001,2025-05-04,T3,1,Total,9,,,,,1
D0373,C001,2025-05-05,T1,1,Total,7,,,,,1
D0374,C001,2025-05-05,T2,1,Total,8,,,,,1
D0375,C001,2025-05-05,T3,1,Total,9,,,,,1
D0376,C001,2025-05-06,T1,1,Total,7,,,,,1
D0377,C001,2025-05-06,T2,1,Total,8,,,,,1
D0378,C001,2025-05-06,T3,1,Total,9,,,,,1
D0379,C001,2025-05-07,T1,1,Total,7,,,,,1
D0380,C001,2025-05-07,T2,1,Total,8,,,,,1
D0381,C001,2025-05-07,T3,1,Total,9,,,,,1
D0382,C001,2025-05-08,T1,1,Total,7,,,,,1
D0383,C001,2025-05-08,T2,1,Total,8,,,,,1
D0384,C001,2025-05-08,T3,1,Total,9,,,,,1
D0385,C001,2025-05-09,T1,1,Total,7,,,,,1
D0386,C001,2025-05-09,T2,1,Total,8,,,,,1
D0387,C001,2025-05-09,T3,1,Total,9,,,,,1
D0388,C001,2025-05-10,T1,1,Total,7,,,,,1
D0389,C001,2025-05-10,T2,1,Total,8,,,,,1
D0390,C001,2025-05-10,T3,1,Total,9,,,,,1
D0391,C001,2025-05-11,T1,1,Total,7,,,,,1
D0392,C001,2025-05-11,T2,1,Total,8,,,,,1
D0393,C001,2025-05-11,T3,1,Total,9,,,,,1
D0394,C001,2025-05-12,T1,1,Parcial,4,consulta_medica,planeada,2025-04-30 02:06,292.9,1
D0395,C001,2025-05-12,T2,1,Total,8,,,,,1
D0396,C001,2025-05-12,T3,1,Total,9,,,,,1
D0397,C001,2025-05-13,T1,1,Total,7,,,,,1
D0398,C001,2025-05-13,T2,1,Total,8,,,,,1
D0399,C001,2025-05-13,T3,1,Total,9,,,,,1
D0400,C001,2025-05-14,T1,1,Total,7,,,,,1
D0401,C001,2025-05-14,T2,1,Total,8,,,,,1
D0402,C001,2025-05-14,T3,1,Total,9,,,,,1
D0403,C001,2025-05-15,T1,1,Total,7,,,,,1
D0404,C001,2025-05-15,T2,1,Total,8,,,,,1
D0405,C001,2025-05-15,T3,1,Total,9,,,,,1
D0406,C001,2025-05-16,T1,1,Parcial,4,preferencia_pessoal,planeada,2025-05-10 08:30,142.5,1
D0407,C001,2025-05-16,T2,1,Total,8,,,,,1
D0408,C001,2025-05-16,T3,1,Total,9,,,,,1
D0409,C001,2025-05-17,T1,1,Total,7,,,,,1
D0410,C001,2025-05-17,T2,1,Total,8,,,,,1
D0411,C001,2025-05-17,T3,1,Total,9,,,,,1
D0412,C001,2025-05-18,T1,0,Indisponível,0,consulta_medica,planeada,2025-04-26 05:30,529.5,1
D0413,C001,2025-05-18,T2,1,Total,8,,,,,1
D0414,C001,2025-05-18,T3,1,Total,9,,,,,1
D0415,C001,2025-05-19,T1,1,Total,7,,,,,1
D0416,C001,2025-05-19,T2,1,Parcial,4,formação,planeada,2025-05-16 03:24,82.6,1
D0417,C001,2025-05-19,T3,1,Total,9,,,,,1
D0418,C001,2025-05-20,T1,1,Total,7,,,,,1
D0419,C001,2025-05-20,T2,1,Total,8,,,,,1
D0420,C001,2025-05-20,T3,1,Total,9,,,,,1
D0421,C001,2025-05-21,T1,1,Total,7,,,,,1
D0422,C001,2025-05-21,T2,1,Total,8,,,,,1
D0423,C001,2025-05-21,T3,1,Total,9,,,,,1
D0424,C001,2025-05-22,T1,1,Total,7,,,,,1
D0425,C001,2025-05-22,T2,1,Total,8,,,,,1
D0426,C001,2025-05-22,T3,1,Total,9,,,,,1
D0427,C001,2025-05-23,T1,0,Indisponível,0,formação,planeada,2025-04-28 02:36,604.4,1
D0428,C001,2025-05-23,T2,0,Indisponível,0,nao_autorizado_fds,planeada,2025-05-18 10:06,123.9,1
D0429,C001,2025-05-23,T3,1,Total,9,,,,,1
D0430,C001,2025-05-24,T1,1,Total,7,,,,,1
D0431,C001,2025-05-24,T2,1,Total,8,,,,,1
D0432,C001,2025-05-24,T3,1,Total,9,,,,,1
D0433,C001,2025-05-25,T1,1,Total,7,,,,,1
D0434,C001,2025-05-25,T2,1,Total,8,,,,,1
D0435,C001,2025-05-25,T3,1,Total,9,,,,,1
D0436,C001,2025-05-26,T1,1,Total,7,,,,,1
D0437,C001,2025-05-26,T2,1,Total,8,,,,,1
D0438,C001,2025-05-26,T3,1,Parcial,4,formação,planeada,2025-05-23 00:54,93.1,1
D0439,C001,2025-05-27,T1,1,Total,7,,,,,1
D0440,C001,2025-05-27,T2,1,Total,8,,,,,1
D0441,C001,2025-05-27,T3,1,Parcial,4,consulta_medica,planeada,2025-05-17 14:48,247.2,1
D0442,C001,2025-05-28,T1,1,Total,7,,,,,1
D0443,C001,2025-05-28,T2,1,Parcial,4,formação,planeada,2025-05-28 01:36,12.4,1
D0444,C001,2025-05-28,T3,1,Parcial,4,formação,planeada,2025-05-21 09:42,180.3,1
D0445,C001,2025-05-29,T1,0,Indisponível,0,formação,planeada,2025-05-04 16:30,590.5,1
D0446,C001,2025-05-29,T2,1,Total,8,,,,,1
D0447,C001,2025-05-29,T3,1,Total,9,,,,,1
D0448,C001,2025-05-30,T1,1,Total,7,,,,,1
D0449,C001,2025-05-30,T2,1,Parcial,4,consulta_medica,planeada,2025-05-28 21:06,40.9,1
D0450,C001,2025-05-30,T3,1,Parcial,4,consulta_medica,planeada,2025-05-18 12:36,297.4,1
D0451,C001,2025-05-31,T1,1,Total,7,,,,,1
D0452,C001,2025-05-31,T2,1,Total,8,,,,,1
D0453,C001,2025-05-31,T3,1,Total,9,,,,,1
D0454,C001,2025-06-01,T1,1,Total,7,,,,,1
D0455,C001,2025-06-01,T2,1,Total,8,,,,,1
D0456,C001,2025-06-01,T3,1,Parcial,4,consulta_medica,planeada,2025-05-24 04:18,209.7,1
D0457,C001,2025-06-02,T1,1,Total,7,,,,,1
D0458,C001,2025-06-02,T2,1,Total,8,,,,,1
D0459,C001,2025-06-02,T3,1,Total,9,,,,,1
D0460,C001,2025-06-03,T1,1,Total,7,,,,,1
D0461,C001,2025-06-03,T2,1,Total,8,,,,,1
D0462,C001,2025-06-03,T3,1,Total,9,,,,,1
D0463,C001,2025-06-04,T1,1,Total,7,,,,,1
D0464,C001,2025-06-04,T2,1,Parcial,4,consulta_medica,planeada,2025-06-02 04:36,57.4,1
D0465,C001,2025-06-04,T3,1,Total,9,,,,,1
D0466,C001,2025-06-05,T1,1,Total,7,,,,,1
D0467,C001,2025-06-05,T2,1,Total,8,,,,,1
D0468,C001,2025-06-05,T3,1,Total,9,,,,,1
D0469,C001,2025-06-06,T1,1,Total,7,,,,,1
D0470,C001,2025-06-06,T2,1,Total,8,,,,,1
D0471,C001,2025-06-06,T3,1,Parcial,4,preferencia_pessoal,planeada,2025-05-26 21:36,264.4,1
D0472,C001,2025-06-07,T1,0,Indisponível,0,restrição_noite,planeada,2025-05-11 22:54,632.1,1
D0473,C001,2025-06-07,T2,1,Total,8,,,,,1
D0474,C001,2025-06-07,T3,1,Total,9,,,,,1
D0475,C001,2025-06-08,T1,1,Total,7,,,,,1
D0476,C001,2025-06-08,T2,1,Total,8,,,,,1
D0477,C001,2025-06-08,T3,1,Total,9,,,,,1
D0478,C001,2025-06-09,T1,1,Total,7,,,,,1
D0479,C001,2025-06-09,T2,1,Total,8,,,,,1
D0480,C001,2025-06-09,T3,1,Total,9,,,,,1
D0481,C001,2025-06-10,T1,1,Total,7,,,,,1
D0482,C001,2025-06-10,T2,1,Total,8,,,,,1
D0483,C001,2025-06-10,T3,1,Total,9,,,,,1
D0484,C001,2025-06-11,T1,1,Parcial,4,formação,planeada,2025-05-28 11:18,331.7,1
D0485,C001,2025-06-11,T2,1,Total,8,,,,,1
D0486,C001,2025-06-11,T3,1,Total,9,,,,,1
D0487,C001,2025-06-12,T1,1,Total,7,,,,,1
D0488,C001,2025-06-12,T2,1,Total,8,,,,,1
D0489,C001,2025-06-12,T3,1,Total,9,,,,,1
D0490,C001,2025-06-13,T1,1,Total,7,,,,,1
D0491,C001,2025-06-13,T2,1,Total,8,,,,,1
D0492,C001,2025-06-13,T3,1,Total,9,,,,,1
D0493,C001,2025-06-14,T1,0,Indisponível,0,folga,planeada,2025-06-06 01:24,197.6,1
D0494,C001,2025-06-14,T2,0,Indisponível,0,folga,planeada,2025-05-21 19:12,570.8,1
D0495,C001,2025-06-14,T3,1,Total,9,,,,,1
D0496,C001,2025-06-15,T1,1,Total,7,,,,,1
D0497,C001,2025-06-15,T2,1,Total,8,,,,,1
D0498,C001,2025-06-15,T3,1,Total,9,,,,,1
D0499,C001,2025-06-16,T1,1,Total,7,,,,,1
D0500,C001,2025-06-16,T2,1,Parcial,4,formação,planeada,2025-06-12 08:06,101.9,1
D0501,C001,2025-06-16,T3,1,Parcial,4,consulta_medica,planeada,2025-06-03 06:18,327.7,1
D0502,C001,2025-06-17,T1,1,Total,7,,,,,1
D0503,C001,2025-06-17,T2,1,Total,8,,,,,1
D0504,C001,2025-06-17,T3,1,Total,9,,,,,1
D0505,C001,2025-06-18,T1,1,Total,7,,,,,1
D0506,C001,2025-06-18,T2,1,Total,8,,,,,1
D0507,C001,2025-06-18,T3,1,Parcial,4,consulta_medica,planeada,2025-06-08 13:30,248.5,1
D0508,C001,2025-06-19,T1,1,Parcial,4,consulta_medica,planeada,2025-06-06 07:24,311.6,1
D0509,C001,2025-06-19,T2,1,Total,8,,,,,1
D0510,C001,2025-06-19,T3,1,Total,9,,,,,1
D0511,C001,2025-06-20,T1,1,Total,7,,,,,1
D0512,C001,2025-06-20,T2,1,Total,8,,,,,1
D0513,C001,2025-06-20,T3,1,Total,9,,,,,1
D0514,C001,2025-06-21,T1,1,Parcial,4,consulta_medica,planeada,2025-06-11 07:42,239.3,1
D0515,C001,2025-06-21,T2,1,Total,8,,,,,1
D0516,C001,2025-06-21,T3,1,Total,9,,,,,1
D0517,C001,2025-06-22,T1,1,Total,7,,,,,1
D0518,C001,2025-06-22,T2,1,Total,8,,,,,1
D0519,C001,2025-06-22,T3,1,Total,9,,,,,1
D0520,C001,2025-06-23,T1,1,Total,7,,,,,1
D0521,C001,2025-06-23,T2,1,Total,8,,,,,1
D0522,C001,2025-06-23,T3,1,Total,9,,,,,1
D0523,C001,2025-06-24,T1,1,Total,7,,,,,1
D0524,C001,2025-06-24,T2,1,Parcial,4,formação,planeada,2025-06-19 13:30,120.5,1
D0525,C001,2025-06-24,T3,1,Total,9,,,,,1
D0526,C001,2025-06-25,T1,1,Parcial,4,preferencia_pessoal,planeada,2025-06-18 02:12,172.8,1
D0527,C001,2025-06-25,T2,1,Total,8,,,,,1
D0528,C001,2025-06-25,T3,1,Total,9,,,,,1
D0529,C001,2025-06-26,T1,1,Total,7,,,,,1
D0530,C001,2025-06-26,T2,1,Total,8,,,,,1
D0531,C001,2025-06-26,T3,1,Total,9,,,,,1
D0532,C001,2025-06-27,T1,1,Parcial,4,preferencia_pessoal,planeada,2025-06-23 17:00,86.0,1
D0533,C001,2025-06-27,T2,0,Indisponível,0,restrição_noite,planeada,2025-06-26 17:18,20.7,1
D0534,C001,2025-06-27,T3,0,Indisponível,0,férias,planeada,2025-05-31 06:30,663.5,1
D0535,C001,2025-06-28,T1,1,Total,7,,,,,1
D0536,C001,2025-06-28,T2,1,Total,8,,,,,1
D0537,C001,2025-06-28,T3,0,Indisponível,0,restrição_noite,planeada,2025-06-07 08:30,517.5,1
D0538,C001,2025-06-29,T1,1,Total,7,,,,,1
D0539,C001,2025-06-29,T2,1,Total,8,,,,,1
D0540,C001,2025-06-29,T3,1,Total,9,,,,,1
D0541,C001,2025-06-30,T1,1,Total,7,,,,,1
D0542,C001,2025-06-30,T2,1,Total,8,,,,,1
D0543,C001,2025-06-30,T3,1,Total,9,,,,,1
D0544,C001,2025-07-01,T1,1,Total,7,,,,,1
D0545,C001,2025-07-01,T2,1,Parcial,4,preferencia_pessoal,planeada,2025-06-28 15:54,70.1,1
D0546,C001,2025-07-01,T3,1,Total,9,,,,,1
D0547,C001,2025-07-02,T1,1,Total,7,,,,,1
D0548,C001,2025-07-02,T2,1,Parcial,4,formação,planeada,2025-06-20 09:24,292.6,1
D0549,C001,2025-07-02,T3,1,Total,9,,,,,1
D0550,C001,2025-07-03,T1,1,Total,7,,,,,1
D0551,C001,2025-07-03,T2,0,Indisponível,0,folga,planeada,2025-06-16 10:48,411.2,1
D0552,C001,2025-07-03,T3,1,Total,9,,,,,1
D0553,C001,2025-07-04,T1,1,Total,7,,,,,1
D0554,C001,2025-07-04,T2,1,Total,8,,,,,1
D0555,C001,2025-07-04,T3,1,Total,9,,,,,1
D0556,C001,2025-07-05,T1,1,Total,7,,,,,1
D0557,C001,2025-07-05,T2,1,Total,8,,,,,1
D0558,C001,2025-07-05,T3,1,Total,9,,,,,1
D0559,C001,2025-07-06,T1,1,Total,7,,,,,1
D0560,C001,2025-07-06,T2,1,Total,8,,,,,1
D0561,C001,2025-07-06,T3,1,Total,9,,,,,1
D0562,C001,2025-07-07,T1,0,Indisponível,0,férias,planeada,2025-06-29 22:00,177.0,1
D0563,C001,2025-07-07,T2,1,Total,8,,,,,1
D0564,C001,2025-07-07,T3,1,Total,9,,,,,1
D0565,C001,2025-07-08,T1,1,Total,7,,,,,1
D0566,C001,2025-07-08,T2,1,Total,8,,,,,1
D0567,C001,2025-07-08,T3,0,Indisponível,0,formação,planeada,2025-06-13 08:54,613.1,1
D0568,C001,2025-07-09,T1,1,Total,7,,,,,1
D0569,C001,2025-07-09,T2,1,Parcial,4,consulta_medica,planeada,2025-07-03 10:00,148.0,1
D0570,C001,2025-07-09,T3,1,Total,9,,,,,1
D0571,C001,2025-07-10,T1,1,Total,7,,,,,1
D0572,C001,2025-07-10,T2,1,Total,8,,,,,1
D0573,C001,2025-07-10,T3,0,Indisponível,0,folga,planeada,2025-06-15 11:24,610.6,1
D0574,C001,2025-07-11,T1,1,Total,7,,,,,1
D0575,C001,2025-07-11,T2,1,Total,8,,,,,1
D0576,C001,2025-07-11,T3,1,Total,9,,,,,1
D0577,C001,2025-07-12,T1,1,Total,7,,,,,1
D0578,C001,2025-07-12,T2,1,Total,8,,,,,1
D0579,C001,2025-07-12,T3,1,Total,9,,,,,1
D0580,C001,2025-07-13,T1,1,Total,7,,,,,1
D0581,C001,2025-07-13,T2,1,Total,8,,,,,1
D0582,C001,2025-07-13,T3,1,Total,9,,,,,1
D0583,C001,2025-07-14,T1,1,Parcial,4,formação,planeada,2025-07-10 14:18,88.7,1
D0584,C001,2025-07-14,T2,1,Total,8,,,,,1
D0585,C001,2025-07-14,T3,1,Total,9,,,,,1
D0586,C001,2025-07-15,T1,1,Total,7,,,,,1
D0587,C001,2025-07-15,T2,1,Total,8,,,,,1
D0588,C001,2025-07-15,T3,1,Total,9,,,,,1
D0589,C001,2025-07-16,T1,1,Total,7,,,,,1
D0590,C001,2025-07-16,T2,1,Total,8,,,,,1
D0591,C001,2025-07-16,T3,1,Total,9,,,,,1
D0592,C001,2025-07-17,T1,1,Total,7,,,,,1
D0593,C001,2025-07-17,T2,1,Total,8,,,,,1
D0594,C001,2025-07-17,T3,1,Parcial,4,formação,planeada,2025-07-15 04:42,65.3,1
D0595,C001,2025-07-18,T1,1,Total,7,,,,,1
D0596,C001,2025-07-18,T2,1,Parcial,4,consulta_medica,planeada,2025-07-05 01:30,324.5,1
D0597,C001,2025-07-18,T3,1,Total,9,,,,,1
D0598,C001,2025-07-19,T1,1,Total,7,,,,,1
D0599,C001,2025-07-19,T2,1,Total,8,,,,,1
D0600,C001,2025-07-19,T3,1,Parcial,4,preferencia_pessoal,planeada,2025-07-08 06:18,279.7,1
D0601,C001,2025-07-20,T1,1,Total,7,,,,,1
D0602,C001,2025-07-20,T2,1,Total,8,,,,,1
D0603,C001,2025-07-20,T3,1,Total,9,,,,,1
D0604,C001,2025-07-21,T1,1,Total,7,,,,,1
D0605,C001,2025-07-21,T2,1,Total,8,,,,,1
D0606,C001,2025-07-21,T3,1,Total,9,,,,,1
D0607,C001,2025-07-22,T1,1,Total,7,,,,,1
D0608,C001,2025-07-22,T2,0,Indisponível,0,férias,planeada,2025-06-27 21:24,592.6,1
D0609,C001,2025-07-22,T3,1,Total,9,,,,,1
D0610,C001,2025-07-23,T1,1,Total,7,,,,,1
D0611,C001,2025-07-23,T2,1,Total,8,,,,,1
D0612,C001,2025-07-23,T3,1,Total,9,,,,,1
D0613,C001,2025-07-24,T1,1,Total,7,,,,,1
D0614,C001,2025-07-24,T2,1,Parcial,4,consulta_medica,planeada,2025-07-13 05:30,272.5,1
D0615,C001,2025-07-24,T3,1,Parcial,4,consulta_medica,planeada,2025-07-13 05:00,281.0,1
D0616,C001,2025-07-25,T1,1,Total,7,,,,,1
D0617,C001,2025-07-25,T2,1,Total,8,,,,,1
D0618,C001,2025-07-25,T3,1,Total,9,,,,,1
D0619,C001,2025-07-26,T1,1,Total,7,,,,,1
D0620,C001,2025-07-26,T2,1,Total,8,,,,,1
D0621,C001,2025-07-26,T3,1,Total,9,,,,,1
D0622,C001,2025-07-27,T1,1,Total,7,,,,,1
D0623,C001,2025-07-27,T2,1,Total,8,,,,,1
D0624,C001,2025-07-27,T3,0,Indisponível,0,folga,planeada,2025-06-30 19:00,651.0,1
D0625,C001,2025-07-28,T1,1,Total,7,,,,,1
D0626,C001,2025-07-28,T2,1,Parcial,4,formação,planeada,2025-07-26 10:18,51.7,1
D0627,C001,2025-07-28,T3,1,Parcial,4,formação,planeada,2025-07-17 07:48,278.2,1
D0628,C001,2025-07-29,T1,1,Total,7,,,,,1
D0629,C001,2025-07-29,T2,1,Total,8,,,,,1
D0630,C001,2025-07-29,T3,1,Total,9,,,,,1
D0631,C001,2025-07-30,T1,1,Total,7,,,,,1
D0632,C001,2025-07-30,T2,1,Total,8,,,,,1
D0633,C001,2025-07-30,T3,1,Total,9,,,,,1
D0634,C001,2025-07-31,T1,1,Total,7,,,,,1
D0635,C001,2025-07-31,T2,1,Total,8,,,,,1
D0636,C001,2025-07-31,T3,1,Total,9,,,,,1
D0637,C001,2025-08-01,T1,1,Total,7,,,,,1
D0638,C001,2025-08-01,T2,1,Total,8,,,,,1
D0639,C001,2025-08-01,T3,1,Total,9,,,,,1
D0640,C001,2025-08-02,T1,1,Total,7,,,,,1
D0641,C001,2025-08-02,T2,1,Total,8,,,,,1
D0642,C001,2025-08-02,T3,1,Parcial,4,consulta_medica,planeada,2025-07-31 13:30,56.5,1
D0643,C001,2025-08-03,T1,1,Total,7,,,,,1
D0644,C001,2025-08-03,T2,1,Total,8,,,,,1
D0645,C001,2025-08-03,T3,1,Total,9,,,,,1
D0646,C001,2025-08-04,T1,1,Total,7,,,,,1
D0647,C001,2025-08-04,T2,1,Total,8,,,,,1
D0648,C001,2025-08-04,T3,0,Indisponível,0,férias,planeada,2025-07-14 08:54,517.1,1
D0649,C001,2025-08-05,T1,1,Total,7,,,,,1
D0650,C001,2025-08-05,T2,1,Total,8,,,,,1
D0651,C001,2025-08-05,T3,1,Total,9,,,,,1
D0652,C001,2025-08-06,T1,1,Total,7,,,,,1
D0653,C001,2025-08-06,T2,1,Total,8,,,,,1
D0654,C001,2025-08-06,T3,1,Total,9,,,,,1
D0655,C001,2025-08-07,T1,0,Indisponível,0,baixa,inesperada,2025-08-06 21:18,9.7,1
D0656,C001,2025-08-07,T2,1,Total,8,,,,,1
D0657,C001,2025-08-07,T3,1,Total,9,,,,,1
D0658,C001,2025-08-08,T1,1,Total,7,,,,,1
D0659,C001,2025-08-08,T2,1,Total,8,,,,,1
D0660,C001,2025-08-08,T3,1,Total,9,,,,,1
D0661,C001,2025-08-09,T1,1,Total,7,,,,,1
D0662,C001,2025-08-09,T2,1,Total,8,,,,,1
D0663,C001,2025-08-09,T3,1,Total,9,,,,,1
D0664,C001,2025-08-10,T1,1,Total,7,,,,,1
D0665,C001,2025-08-10,T2,1,Total,8,,,,,1
D0666,C001,2025-08-10,T3,1,Total,9,,,,,1
D0667,C001,2025-08-11,T1,1,Total,7,,,,,1
D0668,C001,2025-08-11,T2,1,Total,8,,,,,1
D0669,C001,2025-08-11,T3,1,Total,9,,,,,1
D0670,C001,2025-08-12,T1,1,Total,7,,,,,1
D0671,C001,2025-08-12,T2,1,Total,8,,,,,1
D0672,C001,2025-08-12,T3,1,Total,9,,,,,1
D0673,C001,2025-08-13,T1,1,Total,7,,,,,1
D0674,C001,2025-08-13,T2,1,Total,8,,,,,1
D0675,C001,2025-08-13,T3,1,Total,9,,,,,1
D0676,C001,2025-08-14,T1,1,Total,7,,,,,1
D0677,C001,2025-08-14,T2,1,Total,8,,,,,1
D0678,C001,2025-08-14,T3,1,Total,9,,,,,1
D0679,C001,2025-08-15,T1,1,Total,7,,,,,1
D0680,C001,2025-08-15,T2,1,Total,8,,,,,1
D0681,C001,2025-08-15,T3,1,Total,9,,,,,1
D0682,C001,2025-08-16,T1,1,Total,7,,,,,1
D0683,C001,2025-08-16,T2,1,Total,8,,,,,1
D0684,C001,2025-08-16,T3,1,Total,9,,,,,1
D0685,C001,2025-08-17,T1,1,Total,7,,,,,1
D0686,C001,2025-08-17,T2,1,Total,8,,,,,1
D0687,C001,2025-08-17,T3,1,Total,9,,,,,1
D0688,C001,2025-08-18,T1,1,Total,7,,,,,1
D0689,C001,2025-08-18,T2,1,Total,8,,,,,1
D0690,C001,2025-08-18,T3,0,Indisponível,0,folga,planeada,2025-07-31 16:00,438.0,1
D0691,C001,2025-08-19,T1,0,Indisponível,0,baixa,planeada,2025-07-31 16:12,446.8,1
D0692,C001,2025-08-19,T2,1,Total,8,,,,,1
D0693,C001,2025-08-19,T3,1,Total,9,,,,,1
D0694,C001,2025-08-20,T1,1,Total,7,,,,,1
D0695,C001,2025-08-20,T2,1,Total,8,,,,,1
D0696,C001,2025-08-20,T3,1,Total,9,,,,,1
D0697,C001,2025-08-21,T1,1,Parcial,4,consulta_medica,planeada,2025-08-12 20:54,202.1,1
D0698,C001,2025-08-21,T2,1,Total,8,,,,,1
D0699,C001,2025-08-21,T3,1,Total,9,,,,,1
D0700,C001,2025-08-22,T1,1,Total,7,,,,,1
D0701,C001,2025-08-22,T2,1,Total,8,,,,,1
D0702,C001,2025-08-22,T3,1,Total,9,,,,,1
D0703,C001,2025-08-23,T1,1,Total,7,,,,,1
D0704,C001,2025-08-23,T2,1,Total,8,,,,,1
D0705,C001,2025-08-23,T3,1,Parcial,4,consulta_medica,planeada,2025-08-19 01:30,116.5,1
D0706,C001,2025-08-24,T1,1,Total,7,,,,,1
D0707,C001,2025-08-24,T2,1,Total,8,,,,,1
D0708,C001,2025-08-24,T3,1,Total,9,,,,,1
D0709,C001,2025-08-25,T1,1,Total,7,,,,,1
D0710,C001,2025-08-25,T2,1,Total,8,,,,,1
D0711,C001,2025-08-25,T3,1,Total,9,,,,,1
D0712,C001,2025-08-26,T1,1,Total,7,,,,,1
D0713,C001,2025-08-26,T2,1,Total,8,,,,,1
D0714,C001,2025-08-26,T3,1,Total,9,,,,,1
D0715,C001,2025-08-27,T1,1,Total,7,,,,,1
D0716,C001,2025-08-27,T2,1,Total,8,,,,,1
D0717,C001,2025-08-27,T3,1,Total,9,,,,,1
D0718,C001,2025-08-28,T1,1,Total,7,,,,,1
D0719,C001,2025-08-28,T2,1,Total,8,,,,,1
D0720,C001,2025-08-28,T3,1,Total,9,,,,,1
D0721,C001,2025-08-29,T1,1,Total,7,,,,,1
D0722,C001,2025-08-29,T2,0,Indisponível,0,consulta_medica,planeada,2025-08-03 23:42,614.3,1
D0723,C001,2025-08-29,T3,1,Total,9,,,,,1
D0724,C001,2025-08-30,T1,1,Total,7,,,,,1
D0725,C001,2025-08-30,T2,1,Total,8,,,,,1
D0726,C001,2025-08-30,T3,1,Total,9,,,,,1
D0727,C001,2025-08-31,T1,1,Total,7,,,,,1
D0728,C001,2025-08-31,T2,1,Total,8,,,,,1
D0729,C001,2025-08-31,T3,1,Total,9,,,,,1
D0730,C001,2025-09-01,T1,1,Parcial,4,preferencia_pessoal,planeada,2025-08-29 21:24,57.6,1
D0731,C001,2025-09-01,T2,1,Parcial,4,consulta_medica,planeada,2025-08-18 19:42,330.3,1
D0732,C001,2025-09-01,T3,1,Total,9,,,,,1
D0733,C001,2025-09-02,T1,1,Total,7,,,,,1
D0734,C001,2025-09-02,T2,1,Total,8,,,,,1
D0735,C001,2025-09-02,T3,1,Total,9,,,,,1
D0736,C001,2025-09-03,T1,1,Total,7,,,,,1
D0737,C001,2025-09-03,T2,1,Total,8,,,,,1
D0738,C001,2025-09-03,T3,0,Indisponível,0,folga,planeada,2025-08-13 23:12,502.8,1
D0739,C001,2025-09-04,T1,1,Total,7,,,,,1
D0740,C001,2025-09-04,T2,1,Total,8,,,,,1
D0741,C001,2025-09-04,T3,1,Total,9,,,,,1
D0742,C001,2025-09-05,T1,0,Indisponível,0,férias,planeada,2025-08-23 09:54,309.1,1
D0743,C001,2025-09-05,T2,1,Total,8,,,,,1
D0744,C001,2025-09-05,T3,1,Total,9,,,,,1
D0745,C001,2025-09-06,T1,1,Total,7,,,,,1
D0746,C001,2025-09-06,T2,1,Total,8,,,,,1
D0747,C001,2025-09-06,T3,1,Total,9,,,,,1
D0748,C001,2025-09-07,T1,1,Total,7,,,,,1
D0749,C001,2025-09-07,T2,1,Total,8,,,,,1
D0750,C001,2025-09-07,T3,1,Total,9,,,,,1
D0751,C001,2025-09-08,T1,1,Total,7,,,,,1
D0752,C001,2025-09-08,T2,1,Total,8,,,,,1
D0753,C001,2025-09-08,T3,1,Total,9,,,,,1
D0754,C001,2025-09-09,T1,1,Total,7,,,,,1
D0755,C001,2025-09-09,T2,0,Indisponível,0,folga,planeada,2025-09-01 09:06,196.9,1
D0756,C001,2025-09-09,T3,1,Parcial,4,formação,planeada,2025-09-07 02:54,67.1,1
D0757,C001,2025-09-10,T1,1,Total,7,,,,,1
D0758,C001,2025-09-10,T2,1,Parcial,4,preferencia_pessoal,planeada,2025-09-05 12:30,121.5,1
D0759,C001,2025-09-10,T3,1,Total,9,,,,,1
D0760,C001,2025-09-11,T1,1,Total,7,,,,,1
D0761,C001,2025-09-11,T2,1,Total,8,,,,,1
D0762,C001,2025-09-11,T3,1,Total,9,,,,,1
D0763,C001,2025-09-12,T1,1,Total,7,,,,,1
D0764,C001,2025-09-12,T2,1,Total,8,,,,,1
D0765,C001,2025-09-12,T3,1,Parcial,4,consulta_medica,planeada,2025-09-09 15:24,78.6,1
D0766,C001,2025-09-13,T1,1,Total,7,,,,,1
D0767,C001,2025-09-13,T2,1,Total,8,,,,,1
D0768,C001,2025-09-13,T3,1,Total,9,,,,,1
D0769,C001,2025-09-14,T1,1,Total,7,,,,,1
D0770,C001,2025-09-14,T2,1,Total,8,,,,,1
D0771,C001,2025-09-14,T3,1,Total,9,,,,,1
D0772,C001,2025-09-15,T1,1,Parcial,4,formação,planeada,2025-09-07 01:42,197.3,1
D0773,C001,2025-09-15,T2,1,Total,8,,,,,1
D0774,C001,2025-09-15,T3,1,Total,9,,,,,1
D0775,C001,2025-09-16,T1,1,Total,7,,,,,1
D0776,C001,2025-09-16,T2,1,Total,8,,,,,1
D0777,C001,2025-09-16,T3,1,Total,9,,,,,1
D0778,C001,2025-09-17,T1,1,Total,7,,,,,1
D0779,C001,2025-09-17,T2,1,Total,8,,,,,1
D0780,C001,2025-09-17,T3,0,Indisponível,0,folga,planeada,2025-09-08 19:24,218.6,1
D0781,C001,2025-09-18,T1,1,Parcial,4,formação,planeada,2025-09-13 15:06,111.9,1
D0782,C001,2025-09-18,T2,1,Total,8,,,,,1
D0783,C001,2025-09-18,T3,1,Total,9,,,,,1
D0784,C001,2025-09-19,T1,1,Total,7,,,,,1
D0785,C001,2025-09-19,T2,1,Total,8,,,,,1
D0786,C001,2025-09-19,T3,1,Total,9,,,,,1
D0787,C001,2025-09-20,T1,1,Total,7,,,,,1
D0788,C001,2025-09-20,T2,1,Total,8,,,,,1
D0789,C001,2025-09-20,T3,1,Total,9,,,,,1
D0790,C001,2025-09-21,T1,0,Indisponível,0,férias,planeada,2025-09-13 00:30,198.5,1
D0791,C001,2025-09-21,T2,1,Total,8,,,,,1
D0792,C001,2025-09-21,T3,1,Total,9,,,,,1
D0793,C001,2025-09-22,T1,1,Total,7,,,,,1
D0794,C001,2025-09-22,T2,1,Total,8,,,,,1
D0795,C001,2025-09-22,T3,1,Parcial,4,formação,planeada,2025-09-11 12:06,273.9,1
D0796,C001,2025-09-23,T1,1,Total,7,,,,,1
D0797,C001,2025-09-23,T2,1,Total,8,,,,,1
D0798,C001,2025-09-23,T3,1,Total,9,,,,,1
D0799,C001,2025-09-24,T1,1,Total,7,,,,,1
D0800,C001,2025-09-24,T2,1,Total,8,,,,,1
D0801,C001,2025-09-24,T3,1,Total,9,,,,,1
D0802,C001,2025-09-25,T1,1,Total,7,,,,,1
D0803,C001,2025-09-25,T2,1,Total,8,,,,,1
D0804,C001,2025-09-25,T3,1,Total,9,,,,,1
D0805,C001,2025-09-26,T1,1,Total,7,,,,,1
D0806,C001,2025-09-26,T2,1,Total,8,,,,,1
D0807,C001,2025-09-26,T3,1,Parcial,4,preferencia_pessoal,planeada,2025-09-19 15:18,174.7,1
D0808,C001,2025-09-27,T1,1,Total,7,,,,,1
D0809,C001,2025-09-27,T2,1,Total,8,,,,,1
D0810,C001,2025-09-27,T3,1,Total,9,,,,,1
D0811,C001,2025-09-28,T1,1,Parcial,4,consulta_medica,planeada,2025-09-25 11:00,68.0,1
D0812,C001,2025-09-28,T2,1,Total,8,,,,,1
D0813,C001,2025-09-28,T3,1,Total,9,,,,,1
D0814,C001,2025-09-29,T1,1,Parcial,4,preferencia_pessoal,planeada,2025-09-27 17:36,37.4,1
D0815,C001,2025-09-29,T2,1,Total,8,,,,,1
D0816,C001,2025-09-29,T3,1,Total,9,,,,,1
D0817,C001,2025-09-30,T1,1,Total,7,,,,,1
D0818,C001,2025-09-30,T2,1,Total,8,,,,,1
D0819,C001,2025-09-30,T3,1,Total,9,,,,,1
D0820,C001,2025-10-01,T1,1,Total,7,,,,,1
D0821,C001,2025-10-01,T2,1,Total,8,,,,,1
D0822,C001,2025-10-01,T3,1,Parcial,4,preferencia_pessoal,planeada,2025-09-23 21:42,192.3,1
D0823,C001,2025-10-02,T1,1,Total,7,,,,,1
D0824,C001,2025-10-02,T2,1,Total,8,,,,,1
D0825,C001,2025-10-02,T3,1,Total,9,,,,,1
D0826,C001,2025-10-03,T1,1,Total,7,,,,,1
D0827,C001,2025-10-03,T2,1,Total,8,,,,,1
D0828,C001,2025-10-03,T3,1,Total,9,,,,,1
D0829,C001,2025-10-04,T1,1,Total,7,,,,,1
D0830,C001,2025-10-04,T2,1,Total,8,,,,,1
D0831,C001,2025-10-04,T3,1,Total,9,,,,,1
D0832,C001,2025-10-05,T1,1,Total,7,,,,,1
D0833,C001,2025-10-05,T2,1,Total,8,,,,,1
D0834,C001,2025-10-05,T3,1,Total,9,,,,,1
D0835,C001,2025-10-06,T1,1,Total,7,,,,,1
D0836,C001,2025-10-06,T2,1,Total,8,,,,,1
D0837,C001,2025-10-06,T3,1,Total,9,,,,,1
D0838,C001,2025-10-07,T1,1,Parcial,4,formação,planeada,2025-09-25 01:54,293.1,1
D0839,C001,2025-10-07,T2,1,Total,8,,,,,1
D0840,C001,2025-10-07,T3,1,Total,9,,,,,1
D0841,C001,2025-10-08,T1,1,Total,7,,,,,1
D0842,C001,2025-10-08,T2,1,Total,8,,,,,1
D0843,C001,2025-10-08,T3,1,Total,9,,,,,1
D0844,C001,2025-10-09,T1,1,Total,7,,,,,1
D0845,C001,2025-10-09,T2,1,Total,8,,,,,1
D0846,C001,2025-10-09,T3,1,Total,9,,,,,1
D0847,C001,2025-10-10,T1,1,Total,7,,,,,1
D0848,C001,2025-10-10,T2,1,Total,8,,,,,1
D0849,C001,2025-10-10,T3,1,Total,9,,,,,1
D0850,C001,2025-10-11,T1,1,Total,7,,,,,1
D0851,C001,2025-10-11,T2,1,Total,8,,,,,1
D0852,C001,2025-10-11,T3,0,Indisponível,0,baixa,inesperada,2025-10-11 17:18,4.7,1
D0853,C001,2025-10-12,T1,1,Total,7,,,,,1
D0854,C001,2025-10-12,T2,1,Total,8,,,,,1
D0855,C001,2025-10-12,T3,1,Total,9,,,,,1
D0856,C001,2025-10-13,T1,1,Total,7,,,,,1
D0857,C001,2025-10-13,T2,1,Total,8,,,,,1
D0858,C001,2025-10-13,T3,1,Total,9,,,,,1
D0859,C001,2025-10-14,T1,1,Total,7,,,,,1
D0860,C001,2025-10-14,T2,1,Total,8,,,,,1
D0861,C001,2025-10-14,T3,1,Total,9,,,,,1
D0862,C001,2025-10-15,T1,1,Total,7,,,,,1
D0863,C001,2025-10-15,T2,1,Total,8,,,,,1
D0864,C001,2025-10-15,T3,1,Total,9,,,,,1
D0865,C001,2025-10-16,T1,1,Total,7,,,,,1
D0866,C001,2025-10-16,T2,1,Parcial,4,formação,planeada,2025-10-13 05:30,80.5,1
D0867,C001,2025-10-16,T3,1,Total,9,,,,,1
D0868,C001,2025-10-17,T1,1,Total,7,,,,,1
D0869,C001,2025-10-17,T2,1,Total,8,,,,,1
D0870,C001,2025-10-17,T3,1,Total,9,,,,,1
D0871,C001,2025-10-18,T1,1,Total,7,,,,,1
D0872,C001,2025-10-18,T2,1,Total,8,,,,,1
D0873,C001,2025-10-18,T3,1,Total,9,,,,,1
D0874,C001,2025-10-19,T1,1,Total,7,,,,,1
D0875,C001,2025-10-19,T2,1,Total,8,,,,,1
D0876,C001,2025-10-19,T3,1,Total,9,,,,,1
D0877,C001,2025-10-20,T1,1,Total,7,,,,,1
D0878,C001,2025-10-20,T2,0,Indisponível,0,folga,planeada,2025-09-25 12:18,601.7,1
D0879,C001,2025-10-20,T3,1,Total,9,,,,,1
D0880,C001,2025-10-21,T1,1,Total,7,,,,,1
D0881,C001,2025-10-21,T2,1,Total,8,,,,,1
D0882,C001,2025-10-21,T3,1,Total,9,,,,,1
D0883,C001,2025-10-22,T1,1,Total,7,,,,,1
D0884,C001,2025-10-22,T2,1,Total,8,,,,,1
D0885,C001,2025-10-22,T3,1,Total,9,,,,,1
D0886,C001,2025-10-23,T1,1,Total,7,,,,,1
D0887,C001,2025-10-23,T2,1,Total,8,,,,,1
D0888,C001,2025-10-23,T3,1,Parcial,4,formação,planeada,2025-10-20 03:36,90.4,1
D0889,C001,2025-10-24,T1,1,Total,7,,,,,1
D0890,C001,2025-10-24,T2,1,Total,8,,,,,1
D0891,C001,2025-10-24,T3,1,Total,9,,,,,1
D0892,C001,2025-10-25,T1,1,Total,7,,,,,1
D0893,C001,2025-10-25,T2,1,Total,8,,,,,1
D0894,C001,2025-10-25,T3,1,Total,9,,,,,1
D0895,C001,2025-10-26,T1,1,Total,7,,,,,1
D0896,C001,2025-10-26,T2,1,Total,8,,,,,1
D0897,C001,2025-10-26,T3,1,Total,9,,,,,1
D0898,C001,2025-10-27,T1,1,Total,7,,,,,1
D0899,C001,2025-10-27,T2,1,Total,8,,,,,1
D0900,C001,2025-10-27,T3,1,Total,9,,,,,1
D0901,C001,2025-10-28,T1,1,Total,7,,,,,1
D0902,C001,2025-10-28,T2,1,Total,8,,,,,1
D0903,C001,2025-10-28,T3,1,Total,9,,,,,1
D0904,C001,2025-10-29,T1,1,Total,7,,,,,1
D0905,C001,2025-10-29,T2,1,Total,8,,,,,1
D0906,C001,2025-10-29,T3,1,Total,9,,,,,1
D0907,C001,2025-10-30,T1,1,Total,7,,,,,1
D0908,C001,2025-10-30,T2,0,Indisponível,0,consulta_medica,planeada,2025-10-29 19:42,18.3,1
D0909,C001,2025-10-30,T3,1,Total,9,,,,,1
D0910,C001,2025-10-31,T1,1,Total,7,,,,,1
D0911,C001,2025-10-31,T2,1,Total,8,,,,,1
D0912,C001,2025-10-31,T3,0,Indisponível,0,férias,planeada,2025-10-07 16:00,582.0,1
D0913,C001,2025-11-01,T1,1,Total,7,,,,,1
D0914,C001,2025-11-01,T2,1,Total,8,,,,,1
D0915,C001,2025-11-01,T3,1,Total,9,,,,,1
D0916,C001,2025-11-02,T1,1,Total,7,,,,,1
D0917,C001,2025-11-02,T2,1,Total,8,,,,,1
D0918,C001,2025-11-02,T3,1,Total,9,,,,,1
D0919,C001,2025-11-03,T1,1,Total,7,,,,,1
D0920,C001,2025-11-03,T2,1,Total,8,,,,,1
D0921,C001,2025-11-03,T3,1,Total,9,,,,,1
D0922,C001,2025-11-04,T1,1,Total,7,,,,,1
D0923,C001,2025-11-04,T2,1,Total,8,,,,,1
D0924,C001,2025-11-04,T3,1,Parcial,4,preferencia_pessoal,planeada,2025-10-27 20:06,193.9,1
D0925,C001,2025-11-05,T1,1,Total,7,,,,,1
D0926,C001,2025-11-05,T2,1,Total,8,,,,,1
D0927,C001,2025-11-05,T3,1,Parcial,4,formação,planeada,2025-10-31 21:00,121.0,1
D0928,C001,2025-11-06,T1,1,Total,7,,,,,1
D0929,C001,2025-11-06,T2,1,Total,8,,,,,1
D0930,C001,2025-11-06,T3,1,Total,9,,,,,1
D0931,C001,2025-11-07,T1,1,Total,7,,,,,1
D0932,C001,2025-11-07,T2,1,Total,8,,,,,1
D0933,C001,2025-11-07,T3,1,Total,9,,,,,1
D0934,C001,2025-11-08,T1,1,Total,7,,,,,1
D0935,C001,2025-11-08,T2,1,Total,8,,,,,1
D0936,C001,2025-11-08,T3,1,Total,9,,,,,1
D0937,C001,2025-11-09,T1,1,Total,7,,,,,1
D0938,C001,2025-11-09,T2,1,Total,8,,,,,1
D0939,C001,2025-11-09,T3,1,Total,9,,,,,1
D0940,C001,2025-11-10,T1,1,Total,7,,,,,1
D0941,C001,2025-11-10,T2,1,Total,8,,,,,1
D0942,C001,2025-11-10,T3,1,Total,9,,,,,1
D0943,C001,2025-11-11,T1,1,Total,7,,,,,1
D0944,C001,2025-11-11,T2,1,Total,8,,,,,1
D0945,C001,2025-11-11,T3,1,Total,9,,,,,1
D0946,C001,2025-11-12,T1,1,Total,7,,,,,1
D0947,C001,2025-11-12,T2,1,Total,8,,,,,1
D0948,C001,2025-11-12,T3,0,Indisponível,0,consulta_medica,planeada,2025-11-06 19:30,146.5,1
D0949,C001,2025-11-13,T1,1,Total,7,,,,,1
D0950,C001,2025-11-13,T2,1,Total,8,,,,,1
D0951,C001,2025-11-13,T3,1,Total,9,,,,,1
D0952,C001,2025-11-14,T1,1,Total,7,,,,,1
D0953,C001,2025-11-14,T2,1,Total,8,,,,,1
D0954,C001,2025-11-14,T3,1,Total,9,,,,,1
D0955,C001,2025-11-15,T1,1,Total,7,,,,,1
D0956,C001,2025-11-15,T2,1,Total,8,,,,,1
D0957,C001,2025-11-15,T3,1,Total,9,,,,,1
D0958,C001,2025-11-16,T1,1,Total,7,,,,,1
D0959,C001,2025-11-16,T2,1,Total,8,,,,,1
D0960,C001,2025-11-16,T3,1,Parcial,4,preferencia_pessoal,planeada,2025-11-06 09:54,252.1,1
D0961,C001,2025-11-17,T1,1,Total,7,,,,,1
D0962,C001,2025-11-17,T2,1,Total,8,,,,,1
D0963,C001,2025-11-17,T3,1,Total,9,,,,,1
D0964,C001,2025-11-18,T1,1,Total,7,,,,,1
D0965,C001,2025-11-18,T2,1,Total,8,,,,,1
D0966,C001,2025-11-18,T3,1,Parcial,4,formação,planeada,2025-11-15 09:36,84.4,1
D0967,C001,2025-11-19,T1,1,Total,7,,,,,1
D0968,C001,2025-11-19,T2,1,Total,8,,,,,1
D0969,C001,2025-11-19,T3,1,Total,9,,,,,1
D0970,C001,2025-11-20,T1,1,Total,7,,,,,1
D0971,C001,2025-11-20,T2,1,Total,8,,,,,1
D0972,C001,2025-11-20,T3,1,Parcial,4,preferencia_pessoal,planeada,2025-11-08 17:18,292.7,1
D0973,C001,2025-11-21,T1,1,Total,7,,,,,1
D0974,C001,2025-11-21,T2,1,Total,8,,,,,1
D0975,C001,2025-11-21,T3,1,Total,9,,,,,1
D0976,C001,2025-11-22,T1,1,Total,7,,,,,1
D0977,C001,2025-11-22,T2,1,Parcial,4,formação,planeada,2025-11-14 22:18,183.7,1
D0978,C001,2025-11-22,T3,1,Parcial,4,consulta_medica,planeada,2025-11-20 13:30,56.5,1
D0979,C001,2025-11-23,T1,1,Total,7,,,,,1
D0980,C001,2025-11-23,T2,1,Total,8,,,,,1
D0981,C001,2025-11-23,T3,1,Total,9,,,,,1
D0982,C001,2025-11-24,T1,1,Total,7,,,,,1
D0983,C001,2025-11-24,T2,1,Total,8,,,,,1
D0984,C001,2025-11-24,T3,1,Total,9,,,,,1
D0985,C001,2025-11-25,T1,1,Total,7,,,,,1
D0986,C001,2025-11-25,T2,1,Parcial,4,consulta_medica,planeada,2025-11-16 13:30,216.5,1
D0987,C001,2025-11-25,T3,1,Total,9,,,,,1
D0988,C001,2025-11-26,T1,1,Parcial,4,consulta_medica,planeada,2025-11-22 02:24,100.6,1
D0989,C001,2025-11-26,T2,1,Total,8,,,,,1
D0990,C001,2025-11-26,T3,1,Total,9,,,,,1
D0991,C001,2025-11-27,T1,1,Total,7,,,,,1
D0992,C001,2025-11-27,T2,1,Total,8,,,,,1
D0993,C001,2025-11-27,T3,1,Parcial,4,formação,planeada,2025-11-18 20:48,217.2,1
D0994,C001,2025-11-28,T1,1,Total,7,,,,,1
D0995,C001,2025-11-28,T2,1,Total,8,,,,,1
D0996,C001,2025-11-28,T3,0,Indisponível,0,baixa,planeada,2025-10-31 09:24,684.6,1
D0997,C001,2025-11-29,T1,1,Total,7,,,,,1
D0998,C001,2025-11-29,T2,1,Total,8,,,,,1
D0999,C001,2025-11-29,T3,1,Total,9,,,,,1
D1000,C001,2025-11-30,T1,0,Indisponível,0,folga,planeada,2025-11-08 03:36,531.4,1
D1001,C001,2025-11-30,T2,1,Total,8,,,,,1
D1002,C001,2025-11-30,T3,1,Total,9,,,,,1
D1003,C001,2025-12-01,T1,1,Total,7,,,,,1
D1004,C001,2025-12-01,T2,1,Parcial,4,consulta_medica,planeada,2025-11-28 19:54,66.1,1
D1005,C001,2025-12-01,T3,1,Total,9,,,,,1
D1006,C001,2025-12-02,T1,1,Total,7,,,,,1
D1007,C001,2025-12-02,T2,1,Total,8,,,,,1
D1008,C001,2025-12-02,T3,1,Total,9,,,,,1
D1009,C001,2025-12-03,T1,1,Total,7,,,,,1
D1010,C001,2025-12-03,T2,1,Total,8,,,,,1
D1011,C001,2025-12-03,T3,1,Total,9,,,,,1
D1012,C001,2025-12-04,T1,1,Total,7,,,,,1
D1013,C001,2025-12-04,T2,1,Total,8,,,,,1
D1014,C001,2025-12-04,T3,1,Total,9,,,,,1
D1015,C001,2025-12-05,T1,1,Total,7,,,,,1
D1016,C001,2025-12-05,T2,1,Total,8,,,,,1
D1017,C001,2025-12-05,T3,1,Total,9,,,,,1
D1018,C001,2025-12-06,T1,1,Total,7,,,,,1
D1019,C001,2025-12-06,T2,1,Total,8,,,,,1
D1020,C001,2025-12-06,T3,1,Total,9,,,,,1
D1021,C001,2025-12-07,T1,1,Total,7,,,,,1
D1022,C001,2025-12-07,T2,1,Total,8,,,,,1
D1023,C001,2025-12-07,T3,1,Total,9,,,,,1
D1024,C001,2025-12-08,T1,1,Total,7,,,,,1
D1025,C001,2025-12-08,T2,1,Total,8,,,,,1
D1026,C001,2025-12-08,T3,1,Total,9,,,,,1
D1027,C001,2025-12-09,T1,0,Indisponível,0,restrição_noite,planeada,2025-12-01 05:54,193.1,1
D1028,C001,2025-12-09,T2,1,Total,8,,,,,1
D1029,C001,2025-12-09,T3,0,Indisponível,0,outro,planeada,2025-11-19 21:18,480.7,1
D1030,C001,2025-12-10,T1,1,Total,7,,,,,1
D1031,C001,2025-12-10,T2,0,Indisponível,0,formação,planeada,2025-11-27 18:54,307.1,1
D1032,C001,2025-12-10,T3,1,Total,9,,,,,1
D1033,C001,2025-12-11,T1,1,Total,7,,,,,1
D1034,C001,2025-12-11,T2,1,Total,8,,,,,1
D1035,C001,2025-12-11,T3,1,Total,9,,,,,1
D1036,C001,2025-12-12,T1,1,Total,7,,,,,1
D1037,C001,2025-12-12,T2,1,Total,8,,,,,1
D1038,C001,2025-12-12,T3,1,Total,9,,,,,1
D1039,C001,2025-12-13,T1,1,Total,7,,,,,1
D1040,C001,2025-12-13,T2,1,Total,8,,,,,1
D1041,C001,2025-12-13,T3,1,Total,9,,,,,1
D1042,C001,2025-12-14,T1,1,Total,7,,,,,1
D1043,C001,2025-12-14,T2,1,Total,8,,,,,1
D1044,C001,2025-12-14,T3,1,Total,9,,,,,1
D1045,C001,2025-12-15,T1,1,Parcial,4,consulta_medica,planeada,2025-12-10 23:24,103.6,1
D1046,C001,2025-12-15,T2,1,Total,8,,,,,1
D1047,C001,2025-12-15,T3,1,Total,9,,,,,1
D1048,C001,2025-12-16,T1,1,Total,7,,,,,1
D1049,C001,2025-12-16,T2,1,Total,8,,,,,1
D1050,C001,2025-12-16,T3,1,Total,9,,,,,1
D1051,C001,2025-12-17,T1,1,Total,7,,,,,1
D1052,C001,2025-12-17,T2,1,Total,8,,,,,1
D1053,C001,2025-12-17,T3,1,Total,9,,,,,1
D1054,C001,2025-12-18,T1,1,Total,7,,,,,1
D1055,C001,2025-12-18,T2,1,Total,8,,,,,1
D1056,C001,2025-12-18,T3,1,Total,9,,,,,1
D1057,C001,2025-12-19,T1,1,Total,7,,,,,1
D1058,C001,2025-12-19,T2,1,Total,8,,,,,1
D1059,C001,2025-12-19,T3,0,Indisponível,0,folga,planeada,2025-12-16 03:48,90.2,1
D1060,C001,2025-12-20,T1,1,Total,7,,,,,1
D1061,C001,2025-12-20,T2,1,Total,8,,,,,1
D1062,C001,2025-12-20,T3,1,Total,9,,,,,1
D1063,C001,2025-12-21,T1,1,Total,7,,,,,1
D1064,C001,2025-12-21,T2,1,Parcial,4,preferencia_pessoal,planeada,2025-12-08 20:54,305.1,1
D1065,C001,2025-12-21,T3,1,Total,9,,,,,1
D1066,C001,2025-12-22,T1,1,Total,7,,,,,1
D1067,C001,2025-12-22,T2,1,Total,8,,,,,1
D1068,C001,2025-12-22,T3,1,Total,9,,,,,1
D1069,C001,2025-12-23,T1,1,Parcial,4,formação,planeada,2025-12-10 23:48,295.2,1
D1070,C001,2025-12-23,T2,1,Total,8,,,,,1
D1071,C001,2025-12-23,T3,1,Total,9,,,,,1
D1072,C001,2025-12-24,T1,1,Total,7,,,,,1
D1073,C001,2025-12-24,T2,1,Parcial,4,consulta_medica,planeada,2025-12-23 22:54,15.1,1
D1074,C001,2025-12-24,T3,1,Total,9,,,,,1
D1075,C001,2025-12-25,T1,1,Total,7,,,,,1
D1076,C001,2025-12-25,T2,1,Total,8,,,,,1
D1077,C001,2025-12-25,T3,1,Total,9,,,,,1
D1078,C001,2025-12-26,T1,1,Total,7,,,,,1
D1079,C001,2025-12-26,T2,1,Total,8,,,,,1
D1080,C001,2025-12-26,T3,1,Parcial,4,formação,planeada,2025-12-23 22:48,71.2,1
D1081,C001,2025-12-27,T1,1,Total,7,,,,,1
D1082,C001,2025-12-27,T2,1,Total,8,,,,,1
D1083,C001,2025-12-27,T3,1,Total,9,,,,,1
D1084,C001,2025-12-28,T1,1,Total,7,,,,,1
D1085,C001,2025-12-28,T2,1,Total,8,,,,,1
D1086,C001,2025-12-28,T3,1,Total,9,,,,,1
D1087,C001,2025-12-29,T1,1,Total,7,,,,,1
D1088,C001,2025-12-29,T2,1,Total,8,,,,,1
D1089,C001,2025-12-29,T3,1,Total,9,,,,,1
D1090,C001,2025-12-30,T1,1,Total,7,,,,,1
D1091,C001,2025-12-30,T2,1,Total,8,,,,,1
D1092,C001,2025-12-30,T3,1,Total,9,,,,,1
D1093,C001,2025-12-31,T1,1,Parcial,4,preferencia_pessoal,planeada,2025-12-19 23:06,271.9,1
D1094,C001,2025-12-31,T2,1,Total,8,,,,,1
D1095,C001,2025-12-31,T3,1,Total,9,,,,,1
D1096,C002,2025-01-01,T1,1,Total,7,,,,,1
D1097,C002,2025-01-01,T2,1,Total,8,,,,,1
D1098,C002,2025-01-01,T3,1,Total,9,,,,,1
D1099,C002,2025-01-02,T1,1,Total,7,,,,,1
D1100,C002,2025-01-02,T2,1,Total,8,,,,,1
D1101,C002,2025-01-02,T3,1,Total,9,,,,,1
D1102,C002,2025-01-03,T1,1,Total,7,,,,,1
D1103,C002,2025-01-03,T2,1,Total,8,,,,,1
D1104,C002,2025-01-03,T3,1,Total,9,,,,,1
D1105,C002,2025-01-04,T1,1,Total,7,,,,,1
D1106,C002,2025-01-04,T2,1,Parcial,4,preferencia_pessoal,planeada,2025-01-03 22:00,16.0,1
D1107,C002,2025-01-04,T3,1,Total,9,,,,,1
D1108,C002,2025-01-05,T1,1,Total,7,,,,,1
D1109,C002,2025-01-05,T2,1,Total,8,,,,,1
D1110,C002,2025-01-05,T3,1,Total,9,,,,,1
D1111,C002,2025-01-06,T1,1,Total,7,,,,,1
D1112,C002,2025-01-06,T2,1,Total,8,,,,,1
D1113,C002,2025-01-06,T3,1,Total,9,,,,,1
D1114,C002,2025-01-07,T1,1,Total,7,,,,,1
D1115,C002,2025-01-07,T2,1,Total,8,,,,,1
D1116,C002,2025-01-07,T3,1,Total,9,,,,,1
D1117,C002,2025-01-08,T1,1,Total,7,,,,,1
D1118,C002,2025-01-08,T2,1,Total,8,,,,,1
D1119,C002,2025-01-08,T3,1,Total,9,,,,,1
D1120,C002,2025-01-09,T1,1,Total,7,,,,,1
D1121,C002,2025-01-09,T2,1,Total,8,,,,,1
D1122,C002,2025-01-09,T3,1,Total,9,,,,,1
D1123,C002,2025-01-10,T1,1,Total,7,,,,,1
D1124,C002,2025-01-10,T2,1,Total,8,,,,,1
D1125,C002,2025-01-10,T3,0,Indisponível,0,preferencia_pessoal,planeada,2024-12-26 12:06,369.9,1
D1126,C002,2025-01-11,T1,1,Total,7,,,,,1
D1127,C002,2025-01-11,T2,1,Total,8,,,,,1
D1128,C002,2025-01-11,T3,1,Total,9,,,,,1
D1129,C002,2025-01-12,T1,1,Total,7,,,,,1
D1130,C002,2025-01-12,T2,1,Total,8,,,,,1
D1131,C002,2025-01-12,T3,1,Total,9,,,,,1
D1132,C002,2025-01-13,T1,1,Total,7,,,,,1
D1133,C002,2025-01-13,T2,1,Total,8,,,,,1
D1134,C002,2025-01-13,T3,1,Total,9,,,,,1
D1135,C002,2025-01-14,T1,1,Total,7,,,,,1
D1136,C002,2025-01-14,T2,1,Total,8,,,,,1
D1137,C002,2025-01-14,T3,1,Parcial,4,formação,planeada,2025-01-03 14:24,271.6,1
D1138,C002,2025-01-15,T1,1,Parcial,4,consulta_medica,planeada,2025-01-08 18:06,156.9,1
D1139,C002,2025-01-15,T2,1,Total,8,,,,,1
D1140,C002,2025-01-15,T3,1,Total,9,,,,,1
D1141,C002,2025-01-16,T1,0,Indisponível,0,férias,planeada,2025-01-14 17:36,37.4,1
D1142,C002,2025-01-16,T2,1,Total,8,,,,,1
D1143,C002,2025-01-16,T3,1,Total,9,,,,,1
D1144,C002,2025-01-17,T1,1,Total,7,,,,,1
D1145,C002,2025-01-17,T2,1,Total,8,,,,,1
D1146,C002,2025-01-17,T3,1,Total,9,,,,,1
D1147,C002,2025-01-18,T1,1,Total,7,,,,,1
D1148,C002,2025-01-18,T2,1,Total,8,,,,,1
D1149,C002,2025-01-18,T3,1,Total,9,,,,,1
D1150,C002,2025-01-19,T1,1,Total,7,,,,,1
D1151,C002,2025-01-19,T2,1,Total,8,,,,,1
D1152,C002,2025-01-19,T3,1,Total,9,,,,,1
D1153,C002,2025-01-20,T1,1,Total,7,,,,,1
D1154,C002,2025-01-20,T2,1,Total,8,,,,,1
D1155,C002,2025-01-20,T3,1,Total,9,,,,,1
D1156,C002,2025-01-21,T1,1,Total,7,,,,,1
D1157,C002,2025-01-21,T2,1,Total,8,,,,,1
D1158,C002,2025-01-21,T3,1,Total,9,,,,,1
D1159,C002,2025-01-22,T1,1,Total,7,,,,,1
D1160,C002,2025-01-22,T2,1,Total,8,,,,,1
D1161,C002,2025-01-22,T3,1,Parcial,4,formação,planeada,2025-01-22 09:18,12.7,1
D1162,C002,2025-01-23,T1,1,Total,7,,,,,1
D1163,C002,2025-01-23,T2,1,Total,8,,,,,1
D1164,C002,2025-01-23,T3,1,Total,9,,,,,1
D1165,C002,2025-01-24,T1,1,Total,7,,,,,1
D1166,C002,2025-01-24,T2,1,Total,8,,,,,1
D1167,C002,2025-01-24,T3,0,Indisponível,0,folga,planeada,2025-01-20 06:36,111.4,1
D1168,C002,2025-01-25,T1,1,Total,7,,,,,1
D1169,C002,2025-01-25,T2,1,Total,8,,,,,1
D1170,C002,2025-01-25,T3,1,Parcial,4,formação,planeada,2025-01-22 21:12,72.8,1
D1171,C002,2025-01-26,T1,1,Total,7,,,,,1
D1172,C002,2025-01-26,T2,1,Total,8,,,,,1
D1173,C002,2025-01-26,T3,1,Total,9,,,,,1
D1174,C002,2025-01-27,T1,1,Total,7,,,,,1
D1175,C002,2025-01-27,T2,1,Total,8,,,,,1
D1176,C002,2025-01-27,T3,0,Indisponível,0,formação,planeada,2025-01-07 14:06,487.9,1
D1177,C002,2025-01-28,T1,1,Parcial,4,preferencia_pessoal,planeada,2025-01-21 14:48,160.2,1
D1178,C002,2025-01-28,T2,1,Total,8,,,,,1
D1179,C002,2025-01-28,T3,1,Total,9,,,,,1
D1180,C002,2025-01-29,T1,1,Total,7,,,,,1
D1181,C002,2025-01-29,T2,1,Total,8,,,,,1
D1182,C002,2025-01-29,T3,0,Indisponível,0,preferencia_pessoal,planeada,2025-01-04 16:06,605.9,1
D1183,C002,2025-01-30,T1,1,Total,7,,,,,1
D1184,C002,2025-01-30,T2,1,Total,8,,,,,1
D1185,C002,2025-01-30,T3,1,Total,9,,,,,1
D1186,C002,2025-01-31,T1,1,Total,7,,,,,1
D1187,C002,2025-01-31,T2,1,Total,8,,,,,1
D1188,C002,2025-01-31,T3,1,Total,9,,,,,1
D1189,C002,2025-02-01,T1,1,Parcial,4,preferencia_pessoal,planeada,2025-01-22 22:00,225.0,1
D1190,C002,2025-02-01,T2,1,Total,8,,,,,1
D1191,C002,2025-02-01,T3,1,Total,9,,,,,1
D1192,C002,2025-02-02,T1,1,Total,7,,,,,1
D1193,C002,2025-02-02,T2,1,Total,8,,,,,1
D1194,C002,2025-02-02,T3,1,Total,9,,,,,1
D1195,C002,2025-02-03,T1,1,Total,7,,,,,1
D1196,C002,2025-02-03,T2,1,Total,8,,,,,1
D1197,C002,2025-02-03,T3,1,Total,9,,,,,1
D1198,C002,2025-02-04,T1,1,Total,7,,,,,1
D1199,C002,2025-02-04,T2,1,Total,8,,,,,1
D1200,C002,2025-02-04,T3,1,Total,9,,,,,1
D1201,C002,2025-02-05,T1,1,Total,7,,,,,1
D1202,C002,2025-02-05,T2,1,Total,8,,,,,1
D1203,C002,2025-02-05,T3,1,Total,9,,,,,1
D1204,C002,2025-02-06,T1,1,Total,7,,,,,1
D1205,C002,2025-02-06,T2,1,Total,8,,,,,1
D1206,C002,2025-02-06,T3,1,Total,9,,,,,1
D1207,C002,2025-02-07,T1,1,Total,7,,,,,1
D1208,C002,2025-02-07,T2,1,Total,8,,,,,1
D1209,C002,2025-02-07,T3,1,Total,9,,,,,1
D1210,C002,2025-02-08,T1,1,Total,7,,,,,1
D1211,C002,2025-02-08,T2,1,Total,8,,,,,1
D1212,C002,2025-02-08,T3,1,Total,9,,,,,1
D1213,C002,2025-02-09,T1,1,Total,7,,,,,1
D1214,C002,2025-02-09,T2,1,Total,8,,,,,1
D1215,C002,2025-02-09,T3,1,Total,9,,,,,1
D1216,C002,2025-02-10,T1,1,Total,7,,,,,1
D1217,C002,2025-02-10,T2,1,Total,8,,,,,1
D1218,C002,2025-02-10,T3,1,Total,9,,,,,1
D1219,C002,2025-02-11,T1,1,Total,7,,,,,1
D1220,C002,2025-02-11,T2,1,Total,8,,,,,1
D1221,C002,2025-02-11,T3,1,Parcial,4,preferencia_pessoal,planeada,2025-02-03 19:48,194.2,1
D1222,C002,2025-02-12,T1,1,Total,7,,,,,1
D1223,C002,2025-02-12,T2,1,Total,8,,,,,1
D1224,C002,2025-02-12,T3,1,Total,9,,,,,1
D1225,C002,2025-02-13,T1,1,Total,7,,,,,1
D1226,C002,2025-02-13,T2,1,Total,8,,,,,1
D1227,C002,2025-02-13,T3,1,Total,9,,,,,1
D1228,C002,2025-02-14,T1,1,Total,7,,,,,1
D1229,C002,2025-02-14,T2,1,Total,8,,,,,1
D1230,C002,2025-02-14,T3,1,Total,9,,,,,1
D1231,C002,2025-02-15,T1,0,Indisponível,0,folga,planeada,2025-01-26 00:30,486.5,1
D1232,C002,2025-02-15,T2,1,Total,8,,,,,1
D1233,C002,2025-02-15,T3,1,Total,9,,,,,1
D1234,C002,2025-02-16,T1,1,Total,7,,,,,1
D1235,C002,2025-02-16,T2,1,Total,8,,,,,1
D1236,C002,2025-02-16,T3,1,Total,9,,,,,1
D1237,C002,2025-02-17,T1,1,Total,7,,,,,1
D1238,C002,2025-02-17,T2,1,Total,8,,,,,1
D1239,C002,2025-02-17,T3,1,Total,9,,,,,1
D1240,C002,2025-02-18,T1,1,Total,7,,,,,1
D1241,C002,2025-02-18,T2,0,Indisponível,0,restrição_noite,planeada,2025-02-15 01:24,84.6,1
D1242,C002,2025-02-18,T3,1,Total,9,,,,,1
D1243,C002,2025-02-19,T1,1,Total,7,,,,,1
D1244,C002,2025-02-19,T2,1,Total,8,,,,,1
D1245,C002,2025-02-19,T3,1,Total,9,,,,,1
D1246,C002,2025-02-20,T1,1,Total,7,,,,,1
D1247,C002,2025-02-20,T2,1,Total,8,,,,,1
D1248,C002,2025-02-20,T3,1,Total,9,,,,,1
D1249,C002,2025-02-21,T1,1,Total,7,,,,,1
D1250,C002,2025-02-21,T2,1,Total,8,,,,,1
D1251,C002,2025-02-21,T3,1,Total,9,,,,,1
D1252,C002,2025-02-22,T1,1,Total,7,,,,,1
D1253,C002,2025-02-22,T2,1,Total,8,,,,,1
D1254,C002,2025-02-22,T3,1,Total,9,,,,,1
D1255,C002,2025-02-23,T1,1,Total,7,,,,,1
D1256,C002,2025-02-23,T2,1,Total,8,,,,,1
D1257,C002,2025-02-23,T3,1,Total,9,,,,,1
D1258,C002,2025-02-24,T1,0,Indisponível,0,férias,planeada,2025-02-05 11:36,451.4,1
D1259,C002,2025-02-24,T2,1,Total,8,,,,,1
D1260,C002,2025-02-24,T3,1,Total,9,,,,,1
D1261,C002,2025-02-25,T1,1,Total,7,,,,,1
D1262,C002,2025-02-25,T2,1,Total,8,,,,,1
D1263,C002,2025-02-25,T3,1,Total,9,,,,,1
D1264,C002,2025-02-26,T1,1,Total,7,,,,,1
D1265,C002,2025-02-26,T2,1,Total,8,,,,,1
D1266,C002,2025-02-26,T3,1,Total,9,,,,,1
D1267,C002,2025-02-27,T1,1,Total,7,,,,,1
D1268,C002,2025-02-27,T2,1,Total,8,,,,,1
D1269,C002,2025-02-27,T3,1,Total,9,,,,,1
D1270,C002,2025-02-28,T1,1,Total,7,,,,,1
D1271,C002,2025-02-28,T2,1,Total,8,,,,,1
D1272,C002,2025-02-28,T3,1,Total,9,,,,,1
D1273,C002,2025-03-01,T1,1,Total,7,,,,,1
D1274,C002,2025-03-01,T2,1,Total,8,,,,,1
D1275,C002,2025-03-01,T3,1,Total,9,,,,,1
D1276,C002,2025-03-02,T1,1,Total,7,,,,,1
D1277,C002,2025-03-02,T2,1,Total,8,,,,,1
D1278,C002,2025-03-02,T3,1,Total,9,,,,,1
D1279,C002,2025-03-03,T1,1,Total,7,,,,,1
D1280,C002,2025-03-03,T2,1,Total,8,,,,,1
D1281,C002,2025-03-03,T3,1,Total,9,,,,,1
D1282,C002,2025-03-04,T1,1,Total,7,,,,,1
D1283,C002,2025-03-04,T2,1,Total,8,,,,,1
D1284,C002,2025-03-04,T3,1,Total,9,,,,,1
D1285,C002,2025-03-05,T1,1,Total,7,,,,,1
D1286,C002,2025-03-05,T2,1,Total,8,,,,,1
D1287,C002,2025-03-05,T3,1,Parcial,4,preferencia_pessoal,planeada,2025-02-26 19:06,170.9,1
D1288,C002,2025-03-06,T1,1,Total,7,,,,,1
D1289,C002,2025-03-06,T2,1,Parcial,4,consulta_medica,planeada,2025-02-26 23:48,182.2,1
D1290,C002,2025-03-06,T3,1,Total,9,,,,,1
D1291,C002,2025-03-07,T1,1,Total,7,,,,,1
D1292,C002,2025-03-07,T2,1,Total,8,,,,,1
D1293,C002,2025-03-07,T3,1,Total,9,,,,,1
D1294,C002,2025-03-08,T1,1,Total,7,,,,,1
D1295,C002,2025-03-08,T2,1,Total,8,,,,,1
D1296,C002,2025-03-08,T3,1,Total,9,,,,,1
D1297,C002,2025-03-09,T1,1,Total,7,,,,,1
D1298,C002,2025-03-09,T2,1,Total,8,,,,,1
D1299,C002,2025-03-09,T3,1,Total,9,,,,,1
D1300,C002,2025-03-10,T1,1,Total,7,,,,,1
D1301,C002,2025-03-10,T2,1,Total,8,,,,,1
D1302,C002,2025-03-10,T3,1,Total,9,,,,,1
D1303,C002,2025-03-11,T1,1,Total,7,,,,,1
D1304,C002,2025-03-11,T2,1,Total,8,,,,,1
D1305,C002,2025-03-11,T3,1,Total,9,,,,,1
D1306,C002,2025-03-12,T1,1,Parcial,4,preferencia_pessoal,planeada,2025-03-05 18:36,156.4,1
D1307,C002,2025-03-12,T2,1,Total,8,,,,,1
D1308,C002,2025-03-12,T3,1,Total,9,,,,,1
D1309,C002,2025-03-13,T1,1,Total,7,,,,,1
D1310,C002,2025-03-13,T2,1,Total,8,,,,,1
D1311,C002,2025-03-13,T3,1,Total,9,,,,,1
D1312,C002,2025-03-14,T1,1,Total,7,,,,,1
D1313,C002,2025-03-14,T2,1,Total,8,,,,,1
D1314,C002,2025-03-14,T3,1,Total,9,,,,,1
D1315,C002,2025-03-15,T1,1,Total,7,,,,,1
D1316,C002,2025-03-15,T2,1,Total,8,,,,,1
D1317,C002,2025-03-15,T3,1,Total,9,,,,,1
D1318,C002,2025-03-16,T1,1,Total,7,,,,,1
D1319,C002,2025-03-16,T2,1,Total,8,,,,,1
D1320,C002,2025-03-16,T3,1,Total,9,,,,,1
D1321,C002,2025-03-17,T1,1,Total,7,,,,,1
D1322,C002,2025-03-17,T2,0,Indisponível,0,nao_autorizado_fds,planeada,2025-03-11 09:42,148.3,1
D1323,C002,2025-03-17,T3,1,Total,9,,,,,1
D1324,C002,2025-03-18,T1,1,Total,7,,,,,1
D1325,C002,2025-03-18,T2,1,Total,8,,,,,1
D1326,C002,2025-03-18,T3,1,Total,9,,,,,1
D1327,C002,2025-03-19,T1,1,Total,7,,,,,1
D1328,C002,2025-03-19,T2,0,Indisponível,0,folga,planeada,2025-02-27 07:24,486.6,1
D1329,C002,2025-03-19,T3,1,Total,9,,,,,1
D1330,C002,2025-03-20,T1,1,Total,7,,,,,1
D1331,C002,2025-03-20,T2,1,Total,8,,,,,1
D1332,C002,2025-03-20,T3,1,Parcial,4,consulta_medica,planeada,2025-03-11 16:30,221.5,1
D1333,C002,2025-03-21,T1,1,Total,7,,,,,1
D1334,C002,2025-03-21,T2,1,Total,8,,,,,1
D1335,C002,2025-03-21,T3,1,Total,9,,,,,1
D1336,C002,2025-03-22,T1,1,Total,7,,,,,1
D1337,C002,2025-03-22,T2,1,Parcial,4,formação,planeada,2025-03-19 16:18,69.7,1
D1338,C002,2025-03-22,T3,1,Total,9,,,,,1
D1339,C002,2025-03-23,T1,1,Total,7,,,,,1
D1340,C002,2025-03-23,T2,1,Total,8,,,,,1
D1341,C002,2025-03-23,T3,1,Total,9,,,,,1
D1342,C002,2025-03-24,T1,1,Total,7,,,,,1
D1343,C002,2025-03-24,T2,1,Total,8,,,,,1
D1344,C002,2025-03-24,T3,1,Total,9,,,,,1
D1345,C002,2025-03-25,T1,0,Indisponível,0,formação,planeada,2025-03-09 00:18,390.7,1
D1346,C002,2025-03-25,T2,1,Total,8,,,,,1
D1347,C002,2025-03-25,T3,1,Total,9,,,,,1
D1348,C002,2025-03-26,T1,1,Total,7,,,,,1
D1349,C002,2025-03-26,T2,1,Total,8,,,,,1
D1350,C002,2025-03-26,T3,1,Total,9,,,,,1
D1351,C002,2025-03-27,T1,1,Parcial,4,preferencia_pessoal,planeada,2025-03-22 21:06,105.9,1
D1352,C002,2025-03-27,T2,1,Total,8,,,,,1
D1353,C002,2025-03-27,T3,1,Parcial,4,preferencia_pessoal,planeada,2025-03-22 06:24,135.6,1
D1354,C002,2025-03-28,T1,0,Indisponível,0,folga,planeada,2025-03-21 07:18,167.7,1
D1355,C002,2025-03-28,T2,1,Total,8,,,,,1
D1356,C002,2025-03-28,T3,1,Total,9,,,,,1
D1357,C002,2025-03-29,T1,1,Total,7,,,,,1
D1358,C002,2025-03-29,T2,1,Total,8,,,,,1
D1359,C002,2025-03-29,T3,1,Total,9,,,,,1
D1360,C002,2025-03-30,T1,1,Total,7,,,,,1
D1361,C002,2025-03-30,T2,1,Total,8,,,,,1
D1362,C002,2025-03-30,T3,1,Total,9,,,,,1
D1363,C002,2025-03-31,T1,1,Total,7,,,,,1
D1364,C002,2025-03-31,T2,1,Total,8,,,,,1
D1365,C002,2025-03-31,T3,1,Total,9,,,,,1
D1366,C002,2025-04-01,T1,0,Indisponível,0,restrição_noite,planeada,2025-03-27 14:54,112.1,1
D1367,C002,2025-04-01,T2,0,Indisponível,0,baixa,planeada,2025-03-15 22:24,399.6,1
D1368,C002,2025-04-01,T3,1,Parcial,4,preferencia_pessoal,planeada,2025-03-22 07:36,254.4,1
D1369,C002,2025-04-02,T1,1,Total,7,,,,,1
D1370,C002,2025-04-02,T2,1,Total,8,,,,,1
D1371,C002,2025-04-02,T3,1,Total,9,,,,,1
D1372,C002,2025-04-03,T1,1,Total,7,,,,,1
D1373,C002,2025-04-03,T2,1,Total,8,,,,,1
D1374,C002,2025-04-03,T3,1,Total,9,,,,,1
D1375,C002,2025-04-04,T1,1,Total,7,,,,,1
D1376,C002,2025-04-04,T2,1,Total,8,,,,,1
D1377,C002,2025-04-04,T3,1,Total,9,,,,,1
D1378,C002,2025-04-05,T1,1,Total,7,,,,,1
D1379,C002,2025-04-05,T2,1,Total,8,,,,,1
D1380,C002,2025-04-05,T3,1,Total,9,,,,,1
D1381,C002,2025-04-06,T1,1,Total,7,,,,,1
D1382,C002,2025-04-06,T2,1,Total,8,,,,,1
D1383,C002,2025-04-06,T3,1,Total,9,,,,,1
D1384,C002,2025-04-07,T1,1,Total,7,,,,,1
D1385,C002,2025-04-07,T2,1,Total,8,,,,,1
D1386,C002,2025-04-07,T3,1,Parcial,4,preferencia_pessoal,planeada,2025-04-04 18:00,76.0,1
D1387,C002,2025-04-08,T1,1,Total,7,,,,,1
D1388,C002,2025-04-08,T2,1,Total,8,,,,,1
D1389,C002,2025-04-08,T3,1,Parcial,4,preferencia_pessoal,planeada,2025-04-07 01:36,44.4,1
D1390,C002,2025-04-09,T1,1,Parcial,4,formação,planeada,2025-04-04 12:00,115.0,1
D1391,C002,2025-04-09,T2,1,Total,8,,,,,1
D1392,C002,2025-04-09,T3,1,Total,9,,,,,1
D1393,C002,2025-04-10,T1,1,Total,7,,,,,1
D1394,C002,2025-04-10,T2,1,Total,8,,,,,1
D1395,C002,2025-04-10,T3,1,Total,9,,,,,1
D1396,C002,2025-04-11,T1,1,Total,7,,,,,1
D1397,C002,2025-04-11,T2,1,Total,8,,,,,1
D1398,C002,2025-04-11,T3,1,Total,9,,,,,1
D1399,C002,2025-04-12,T1,1,Total,7,,,,,1
D1400,C002,2025-04-12,T2,1,Total,8,,,,,1
D1401,C002,2025-04-12,T3,1,Total,9,,,,,1
D1402,C002,2025-04-13,T1,1,Total,7,,,,,1
D1403,C002,2025-04-13,T2,1,Total,8,,,,,1
D1404,C002,2025-04-13,T3,1,Total,9,,,,,1
D1405,C002,2025-04-14,T1,1,Total,7,,,,,1
D1406,C002,2025-04-14,T2,1,Total,8,,,,,1
D1407,C002,2025-04-14,T3,1,Total,9,,,,,1
D1408,C002,2025-04-15,T1,1,Total,7,,,,,1
D1409,C002,2025-04-15,T2,1,Total,8,,,,,1
D1410,C002,2025-04-15,T3,1,Total,9,,,,,1
D1411,C002,2025-04-16,T1,1,Parcial,4,consulta_medica,planeada,2025-04-04 10:18,284.7,1
D1412,C002,2025-04-16,T2,1,Total,8,,,,,1
D1413,C002,2025-04-16,T3,1,Total,9,,,,,1
D1414,C002,2025-04-17,T1,1,Total,7,,,,,1
D1415,C002,2025-04-17,T2,1,Total,8,,,,,1
D1416,C002,2025-04-17,T3,1,Total,9,,,,,1
D1417,C002,2025-04-18,T1,1,Total,7,,,,,1
D1418,C002,2025-04-18,T2,1,Total,8,,,,,1
D1419,C002,2025-04-18,T3,1,Total,9,,,,,1
D1420,C002,2025-04-19,T1,1,Total,7,,,,,1
D1421,C002,2025-04-19,T2,1,Total,8,,,,,1
D1422,C002,2025-04-19,T3,1,Total,9,,,,,1
D1423,C002,2025-04-20,T1,1,Total,7,,,,,1
D1424,C002,2025-04-20,T2,0,Indisponível,0,férias,planeada,2025-03-24 17:06,644.9,1
D1425,C002,2025-04-20,T3,1,Total,9,,,,,1
D1426,C002,2025-04-21,T1,1,Total,7,,,,,1
D1427,C002,2025-04-21,T2,1,Total,8,,,,,1
D1428,C002,2025-04-21,T3,1,Total,9,,,,,1
D1429,C002,2025-04-22,T1,1,Total,7,,,,,1
D1430,C002,2025-04-22,T2,1,Total,8,,,,,1
D1431,C002,2025-04-22,T3,1,Total,9,,,,,1
D1432,C002,2025-04-23,T1,1,Total,7,,,,,1
D1433,C002,2025-04-23,T2,1,Total,8,,,,,1
D1434,C002,2025-04-23,T3,1,Parcial,4,preferencia_pessoal,planeada,2025-04-16 15:18,174.7,1
D1435,C002,2025-04-24,T1,1,Total,7,,,,,1
D1436,C002,2025-04-24,T2,1,Total,8,,,,,1
D1437,C002,2025-04-24,T3,1,Total,9,,,,,1
D1438,C002,2025-04-25,T1,1,Total,7,,,,,1
D1439,C002,2025-04-25,T2,1,Total,8,,,,,1
D1440,C002,2025-04-25,T3,1,Total,9,,,,,1
D1441,C002,2025-04-26,T1,1,Total,7,,,,,1
D1442,C002,2025-04-26,T2,1,Total,8,,,,,1
D1443,C002,2025-04-26,T3,1,Total,9,,,,,1
D1444,C002,2025-04-27,T1,1,Total,7,,,,,1
D1445,C002,2025-04-27,T2,1,Total,8,,,,,1
D1446,C002,2025-04-27,T3,1,Total,9,,,,,1
D1447,C002,2025-04-28,T1,1,Total,7,,,,,1
D1448,C002,2025-04-28,T2,0,Indisponível,0,baixa,inesperada,2025-04-28 10:30,3.5,1
D1449,C002,2025-04-28,T3,1,Total,9,,,,,1
D1450,C002,2025-04-29,T1,1,Total,7,,,,,1
D1451,C002,2025-04-29,T2,1,Total,8,,,,,1
D1452,C002,2025-04-29,T3,1,Total,9,,,,,1
D1453,C002,2025-04-30,T1,1,Total,7,,,,,1
D1454,C002,2025-04-30,T2,1,Total,8,,,,,1
D1455,C002,2025-04-30,T3,0,Indisponível,0,formação,planeada,2025-04-27 08:54,85.1,1
D1456,C002,2025-05-01,T1,1,Total,7,,,,,1
D1457,C002,2025-05-01,T2,1,Total,8,,,,,1
D1458,C002,2025-05-01,T3,1,Total,9,,,,,1
D1459,C002,2025-05-02,T1,1,Total,7,,,,,1
D1460,C002,2025-05-02,T2,1,Total,8,,,,,1
D1461,C002,2025-05-02,T3,1,Total,9,,,,,1
D1462,C002,2025-05-03,T1,1,Total,7,,,,,1
D1463,C002,2025-05-03,T2,1,Total,8,,,,,1
D1464,C002,2025-05-03,T3,1,Total,9,,,,,1
D1465,C002,2025-05-04,T1,1,Total,7,,,,,1
D1466,C002,2025-05-04,T2,1,Parcial,4,consulta_medica,planeada,2025-04-29 00:06,133.9,1
D1467,C002,2025-05-04,T3,1,Total,9,,,,,1
D1468,C002,2025-05-05,T1,1,Total,7,,,,,1
D1469,C002,2025-05-05,T2,1,Total,8,,,,,1
D1470,C002,2025-05-05,T3,1,Total,9,,,,,1
D1471,C002,2025-05-06,T1,1,Total,7,,,,,1
D1472,C002,2025-05-06,T2,1,Total,8,,,,,1
D1473,C002,2025-05-06,T3,1,Total,9,,,,,1
D1474,C002,2025-05-07,T1,1,Total,7,,,,,1
D1475,C002,2025-05-07,T2,1,Total,8,,,,,1
D1476,C002,2025-05-07,T3,1,Parcial,4,consulta_medica,planeada,2025-05-04 13:30,80.5,1
D1477,C002,2025-05-08,T1,1,Total,7,,,,,1
D1478,C002,2025-05-08,T2,1,Total,8,,,,,1
D1479,C002,2025-05-08,T3,1,Total,9,,,,,1
D1480,C002,2025-05-09,T1,1,Total,7,,,,,1
D1481,C002,2025-05-09,T2,1,Total,8,,,,,1
D1482,C002,2025-05-09,T3,1,Total,9,,,,,1
D1483,C002,2025-05-10,T1,1,Parcial,4,preferencia_pessoal,planeada,2025-05-03 07:48,167.2,1
D1484,C002,2025-05-10,T2,1,Total,8,,,,,1
D1485,C002,2025-05-10,T3,1,Total,9,,,,,1
D1486,C002,2025-05-11,T1,0,Indisponível,0,folga,planeada,2025-04-23 21:00,418.0,1
D1487,C002,2025-05-11,T2,1,Total,8,,,,,1
D1488,C002,2025-05-11,T3,1,Total,9,,,,,1
D1489,C002,2025-05-12,T1,0,Indisponível,0,baixa,inesperada,2025-05-12 03:36,3.4,1
D1490,C002,2025-05-12,T2,1,Total,8,,,,,1
D1491,C002,2025-05-12,T3,1,Total,9,,,,,1
D1492,C002,2025-05-13,T1,1,Total,7,,,,,1
D1493,C002,2025-05-13,T2,0,Indisponível,0,consulta_medica,planeada,2025-05-04 17:18,212.7,1
D1494,C002,2025-05-13,T3,1,Parcial,4,formação,planeada,2025-05-05 05:30,208.5,1
D1495,C002,2025-05-14,T1,1,Total,7,,,,,1
D1496,C002,2025-05-14,T2,1,Total,8,,,,,1
D1497,C002,2025-05-14,T3,1,Total,9,,,,,1
D1498,C002,2025-05-15,T1,1,Total,7,,,,,1
D1499,C002,2025-05-15,T2,1,Total,8,,,,,1
D1500,C002,2025-05-15,T3,1,Total,9,,,,,1
D1501,C002,2025-05-16,T1,1,Total,7,,,,,1
D1502,C002,2025-05-16,T2,1,Total,8,,,,,1
D1503,C002,2025-05-16,T3,1,Total,9,,,,,1
D1504,C002,2025-05-17,T1,1,Total,7,,,,,1
D1505,C002,2025-05-17,T2,1,Total,8,,,,,1
D1506,C002,2025-05-17,T3,1,Total,9,,,,,1
D1507,C002,2025-05-18,T1,1,Total,7,,,,,1
D1508,C002,2025-05-18,T2,1,Total,8,,,,,1
D1509,C002,2025-05-18,T3,1,Total,9,,,,,1
D1510,C002,2025-05-19,T1,1,Parcial,4,preferencia_pessoal,planeada,2025-05-11 17:36,181.4,1
D1511,C002,2025-05-19,T2,1,Total,8,,,,,1
D1512,C002,2025-05-19,T3,1,Total,9,,,,,1
D1513,C002,2025-05-20,T1,1,Total,7,,,,,1
D1514,C002,2025-05-20,T2,1,Total,8,,,,,1
D1515,C002,2025-05-20,T3,1,Total,9,,,,,1
D1516,C002,2025-05-21,T1,1,Total,7,,,,,1
D1517,C002,2025-05-21,T2,1,Total,8,,,,,1
D1518,C002,2025-05-21,T3,1,Total,9,,,,,1
D1519,C002,2025-05-22,T1,1,Total,7,,,,,1
D1520,C002,2025-05-22,T2,1,Parcial,4,preferencia_pessoal,planeada,2025-05-09 21:48,304.2,1
D1521,C002,2025-05-22,T3,1,Total,9,,,,,1
D1522,C002,2025-05-23,T1,1,Total,7,,,,,1
D1523,C002,2025-05-23,T2,1,Total,8,,,,,1
D1524,C002,2025-05-23,T3,1,Total,9,,,,,1
D1525,C002,2025-05-24,T1,1,Total,7,,,,,1
D1526,C002,2025-05-24,T2,1,Total,8,,,,,1
D1527,C002,2025-05-24,T3,0,Indisponível,0,consulta_medica,inesperada,2025-05-24 12:24,9.6,1
D1528,C002,2025-05-25,T1,1,Total,7,,,,,1
D1529,C002,2025-05-25,T2,1,Total,8,,,,,1
D1530,C002,2025-05-25,T3,1,Total,9,,,,,1
D1531,C002,2025-05-26,T1,1,Total,7,,,,,1
D1532,C002,2025-05-26,T2,1,Total,8,,,,,1
D1533,C002,2025-05-26,T3,1,Parcial,4,consulta_medica,planeada,2025-05-22 23:30,94.5,1
D1534,C002,2025-05-27,T1,1,Total,7,,,,,1
D1535,C002,2025-05-27,T2,1,Parcial,4,consulta_medica,planeada,2025-05-23 14:30,95.5,1
D1536,C002,2025-05-27,T3,1,Total,9,,,,,1
D1537,C002,2025-05-28,T1,1,Total,7,,,,,1
D1538,C002,2025-05-28,T2,1,Total,8,,,,,1
D1539,C002,2025-05-28,T3,1,Parcial,4,consulta_medica,planeada,2025-05-23 08:30,133.5,1
D1540,C002,2025-05-29,T1,1,Total,7,,,,,1
D1541,C002,2025-05-29,T2,1,Total,8,,,,,1
D1542,C002,2025-05-29,T3,1,Total,9,,,,,1
D1543,C002,2025-05-30,T1,1,Total,7,,,,,1
D1544,C002,2025-05-30,T2,1,Total,8,,,,,1
D1545,C002,2025-05-30,T3,1,Total,9,,,,,1
D1546,C002,2025-05-31,T1,1,Total,7,,,,,1
D1547,C002,2025-05-31,T2,1,Total,8,,,,,1
D1548,C002,2025-05-31,T3,1,Total,9,,,,,1
D1549,C002,2025-06-01,T1,1,Total,7,,,,,1
D1550,C002,2025-06-01,T2,1,Total,8,,,,,1
D1551,C002,2025-06-01,T3,1,Total,9,,,,,1
D1552,C002,2025-06-02,T1,1,Total,7,,,,,1
D1553,C002,2025-06-02,T2,1,Total,8,,,,,1
D1554,C002,2025-06-02,T3,1,Total,9,,,,,1
D1555,C002,2025-06-03,T1,1,Total,7,,,,,1
D1556,C002,2025-06-03,T2,1,Total,8,,,,,1
D1557,C002,2025-06-03,T3,1,Total,9,,,,,1
D1558,C002,2025-06-04,T1,1,Total,7,,,,,1
D1559,C002,2025-06-04,T2,1,Total,8,,,,,1
D1560,C002,2025-06-04,T3,1,Total,9,,,,,1
D1561,C002,2025-06-05,T1,1,Total,7,,,,,1
D1562,C002,2025-06-05,T2,1,Total,8,,,,,1
D1563,C002,2025-06-05,T3,1,Total,9,,,,,1
D1564,C002,2025-06-06,T1,1,Total,7,,,,,1
D1565,C002,2025-06-06,T2,1,Total,8,,,,,1
D1566,C002,2025-06-06,T3,1,Total,9,,,,,1
D1567,C002,2025-06-07,T1,1,Total,7,,,,,1
D1568,C002,2025-06-07,T2,1,Total,8,,,,,1
D1569,C002,2025-06-07,T3,1,Total,9,,,,,1
D1570,C002,2025-06-08,T1,1,Total,7,,,,,1
D1571,C002,2025-06-08,T2,1,Total,8,,,,,1
D1572,C002,2025-06-08,T3,1,Total,9,,,,,1
D1573,C002,2025-06-09,T1,1,Total,7,,,,,1
D1574,C002,2025-06-09,T2,1,Total,8,,,,,1
D1575,C002,2025-06-09,T3,1,Total,9,,,,,1
D1576,C002,2025-06-10,T1,0,Indisponível,0,folga,planeada,2025-06-05 12:06,114.9,1
D1577,C002,2025-06-10,T2,1,Total,8,,,,,1
D1578,C002,2025-06-10,T3,1,Total,9,,,,,1
D1579,C002,2025-06-11,T1,1,Parcial,4,preferencia_pessoal,planeada,2025-06-05 18:48,132.2,1
D1580,C002,2025-06-11,T2,0,Indisponível,0,férias,planeada,2025-05-13 01:00,709.0,1
D1581,C002,2025-06-11,T3,1,Total,9,,,,,1
D1582,C002,2025-06-12,T1,1,Total,7,,,,,1
D1583,C002,2025-06-12,T2,1,Total,8,,,,,1
D1584,C002,2025-06-12,T3,1,Total,9,,,,,1
D1585,C002,2025-06-13,T1,1,Total,7,,,,,1
D1586,C002,2025-06-13,T2,1,Total,8,,,,,1
D1587,C002,2025-06-13,T3,1,Total,9,,,,,1
D1588,C002,2025-06-14,T1,1,Total,7,,,,,1
D1589,C002,2025-06-14,T2,1,Total,8,,,,,1
D1590,C002,2025-06-14,T3,1,Total,9,,,,,1
D1591,C002,2025-06-15,T1,1,Total,7,,,,,1
D1592,C002,2025-06-15,T2,1,Total,8,,,,,1
D1593,C002,2025-06-15,T3,0,Indisponível,0,baixa,planeada,2025-06-08 14:00,176.0,1
D1594,C002,2025-06-16,T1,1,Total,7,,,,,1
D1595,C002,2025-06-16,T2,0,Indisponível,0,folga,planeada,2025-06-16 01:48,12.2,1
D1596,C002,2025-06-16,T3,1,Total,9,,,,,1
D1597,C002,2025-06-17,T1,1,Total,7,,,,,1
D1598,C002,2025-06-17,T2,1,Total,8,,,,,1
D1599,C002,2025-06-17,T3,1,Total,9,,,,,1
D1600,C002,2025-06-18,T1,1,Total,7,,,,,1
D1601,C002,2025-06-18,T2,1,Total,8,,,,,1
D1602,C002,2025-06-18,T3,1,Total,9,,,,,1
D1603,C002,2025-06-19,T1,1,Total,7,,,,,1
D1604,C002,2025-06-19,T2,1,Parcial,4,preferencia_pessoal,planeada,2025-06-11 15:54,190.1,1
D1605,C002,2025-06-19,T3,1,Total,9,,,,,1
D1606,C002,2025-06-20,T1,1,Total,7,,,,,1
D1607,C002,2025-06-20,T2,1,Total,8,,,,,1
D1608,C002,2025-06-20,T3,1,Total,9,,,,,1
D1609,C002,2025-06-21,T1,1,Total,7,,,,,1
D1610,C002,2025-06-21,T2,1,Total,8,,,,,1
D1611,C002,2025-06-21,T3,1,Total,9,,,,,1
D1612,C002,2025-06-22,T1,1,Total,7,,,,,1
D1613,C002,2025-06-22,T2,1,Total,8,,,,,1
D1614,C002,2025-06-22,T3,1,Total,9,,,,,1
D1615,C002,2025-06-23,T1,1,Total,7,,,,,1
D1616,C002,2025-06-23,T2,1,Parcial,4,formação,planeada,2025-06-16 07:00,175.0,1
D1617,C002,2025-06-23,T3,1,Total,9,,,,,1
D1618,C002,2025-06-24,T1,1,Total,7,,,,,1
D1619,C002,2025-06-24,T2,1,Total,8,,,,,1
D1620,C002,2025-06-24,T3,1,Total,9,,,,,1
D1621,C002,2025-06-25,T1,1,Total,7,,,,,1
D1622,C002,2025-06-25,T2,1,Total,8,,,,,1
D1623,C002,2025-06-25,T3,1,Total,9,,,,,1
D1624,C002,2025-06-26,T1,1,Total,7,,,,,1
D1625,C002,2025-06-26,T2,1,Total,8,,,,,1
D1626,C002,2025-06-26,T3,1,Total,9,,,,,1
D1627,C002,2025-06-27,T1,1,Total,7,,,,,1
D1628,C002,2025-06-27,T2,1,Total,8,,,,,1
D1629,C002,2025-06-27,T3,1,Total,9,,,,,1
D1630,C002,2025-06-28,T1,1,Total,7,,,,,1
D1631,C002,2025-06-28,T2,1,Total,8,,,,,1
D1632,C002,2025-06-28,T3,0,Indisponível,0,folga,planeada,2025-06-26 10:12,59.8,1
D1633,C002,2025-06-29,T1,1,Total,7,,,,,1
D1634,C002,2025-06-29,T2,1,Total,8,,,,,1
D1635,C002,2025-06-29,T3,1,Total,9,,,,,1
D1636,C002,2025-06-30,T1,1,Total,7,,,,,1
D1637,C002,2025-06-30,T2,1,Total,8,,,,,1
D1638,C002,2025-06-30,T3,1,Total,9,,,,,1
D1639,C002,2025-07-01,T1,1,Total,7,,,,,1
D1640,C002,2025-07-01,T2,0,Indisponível,0,restrição_noite,planeada,2025-06-23 18:12,187.8,1
D1641,C002,2025-07-01,T3,1,Parcial,4,consulta_medica,planeada,2025-06-30 09:24,36.6,1
D1642,C002,2025-07-02,T1,1,Total,7,,,,,1
D1643,C002,2025-07-02,T2,1,Total,8,,,,,1
D1644,C002,2025-07-02,T3,1,Total,9,,,,,1
D1645,C002,2025-07-03,T1,1,Total,7,,,,,1
D1646,C002,2025-07-03,T2,1,Total,8,,,,,1
D1647,C002,2025-07-03,T3,1,Total,9,,,,,1
D1648,C002,2025-07-04,T1,1,Total,7,,,,,1
D1649,C002,2025-07-04,T2,1,Total,8,,,,,1
D1650,C002,2025-07-04,T3,1,Total,9,,,,,1
D1651,C002,2025-07-05,T1,1,Total,7,,,,,1
D1652,C002,2025-07-05,T2,1,Total,8,,,,,1
D1653,C002,2025-07-05,T3,1,Total,9,,,,,1
D1654,C002,2025-07-06,T1,1,Total,7,,,,,1
D1655,C002,2025-07-06,T2,1,Total,8,,,,,1
D1656,C002,2025-07-06,T3,1,Total,9,,,,,1
D1657,C002,2025-07-07,T1,1,Total,7,,,,,1
D1658,C002,2025-07-07,T2,1,Parcial,4,preferencia_pessoal,planeada,2025-06-27 23:00,231.0,1
D1659,C002,2025-07-07,T3,1,Total,9,,,,,1
D1660,C002,2025-07-08,T1,0,Indisponível,0,restrição_noite,planeada,2025-06-09 12:42,690.3,1
D1661,C002,2025-07-08,T2,1,Total,8,,,,,1
D1662,C002,2025-07-08,T3,1,Total,9,,,,,1
D1663,C002,2025-07-09,T1,1,Total,7,,,,,1
D1664,C002,2025-07-09,T2,1,Total,8,,,,,1
D1665,C002,2025-07-09,T3,1,Total,9,,,,,1
D1666,C002,2025-07-10,T1,1,Total,7,,,,,1
D1667,C002,2025-07-10,T2,1,Total,8,,,,,1
D1668,C002,2025-07-10,T3,1,Total,9,,,,,1
D1669,C002,2025-07-11,T1,1,Total,7,,,,,1
D1670,C002,2025-07-11,T2,1,Total,8,,,,,1
D1671,C002,2025-07-11,T3,1,Total,9,,,,,1
D1672,C002,2025-07-12,T1,1,Total,7,,,,,1
D1673,C002,2025-07-12,T2,1,Parcial,4,preferencia_pessoal,planeada,2025-07-05 15:00,167.0,1
D1674,C002,2025-07-12,T3,0,Indisponível,0,férias,planeada,2025-06-17 00:48,621.2,1
D1675,C002,2025-07-13,T1,1,Total,7,,,,,1
D1676,C002,2025-07-13,T2,1,Total,8,,,,,1
D1677,C002,2025-07-13,T3,1,Parcial,4,consulta_medica,planeada,2025-07-09 03:42,114.3,1
D1678,C002,2025-07-14,T1,0,Indisponível,0,folga,planeada,2025-06-26 15:36,423.4,1
D1679,C002,2025-07-14,T2,1,Total,8,,,,,1
D1680,C002,2025-07-14,T3,1,Total,9,,,,,1
D1681,C002,2025-07-15,T1,1,Total,7,,,,,1
D1682,C002,2025-07-15,T2,1,Total,8,,,,,1
D1683,C002,2025-07-15,T3,1,Total,9,,,,,1
D1684,C002,2025-07-16,T1,1,Total,7,,,,,1
D1685,C002,2025-07-16,T2,1,Total,8,,,,,1
D1686,C002,2025-07-16,T3,1,Total,9,,,,,1
D1687,C002,2025-07-17,T1,1,Total,7,,,,,1
D1688,C002,2025-07-17,T2,1,Total,8,,,,,1
D1689,C002,2025-07-17,T3,1,Total,9,,,,,1
D1690,C002,2025-07-18,T1,1,Total,7,,,,,1
D1691,C002,2025-07-18,T2,1,Total,8,,,,,1
D1692,C002,2025-07-18,T3,1,Total,9,,,,,1
D1693,C002,2025-07-19,T1,1,Total,7,,,,,1
D1694,C002,2025-07-19,T2,1,Total,8,,,,,1
D1695,C002,2025-07-19,T3,1,Total,9,,,,,1
D1696,C002,2025-07-20,T1,1,Total,7,,,,,1
D1697,C002,2025-07-20,T2,1,Parcial,4,preferencia_pessoal,planeada,2025-07-09 05:30,272.5,1
D1698,C002,2025-07-20,T3,1,Total,9,,,,,1
D1699,C002,2025-07-21,T1,1,Total,7,,,,,1
D1700,C002,2025-07-21,T2,1,Total,8,,,,,1
D1701,C002,2025-07-21,T3,1,Total,9,,,,,1
D1702,C002,2025-07-22,T1,1,Total,7,,,,,1
D1703,C002,2025-07-22,T2,1,Total,8,,,,,1
D1704,C002,2025-07-22,T3,1,Total,9,,,,,1
D1705,C002,2025-07-23,T1,1,Total,7,,,,,1
D1706,C002,2025-07-23,T2,1,Total,8,,,,,1
D1707,C002,2025-07-23,T3,1,Total,9,,,,,1
D1708,C002,2025-07-24,T1,1,Total,7,,,,,1
D1709,C002,2025-07-24,T2,1,Total,8,,,,,1
D1710,C002,2025-07-24,T3,1,Total,9,,,,,1
D1711,C002,2025-07-25,T1,1,Total,7,,,,,1
D1712,C002,2025-07-25,T2,1,Total,8,,,,,1
D1713,C002,2025-07-25,T3,1,Total,9,,,,,1
D1714,C002,2025-07-26,T1,1,Total,7,,,,,1
D1715,C002,2025-07-26,T2,1,Total,8,,,,,1
D1716,C002,2025-07-26,T3,1,Parcial,4,preferencia_pessoal,planeada,2025-07-19 23:36,166.4,1
D1717,C002,2025-07-27,T1,1,Parcial,4,formação,planeada,2025-07-23 06:48,96.2,1
D1718,C002,2025-07-27,T2,1,Total,8,,,,,1
D1719,C002,2025-07-27,T3,1,Total,9,,,,,1
D1720,C002,2025-07-28,T1,1,Total,7,,,,,1
D1721,C002,2025-07-28,T2,0,Indisponível,0,folga,planeada,2025-07-02 11:54,626.1,1
D1722,C002,2025-07-28,T3,1,Total,9,,,,,1
D1723,C002,2025-07-29,T1,1,Total,7,,,,,1
D1724,C002,2025-07-29,T2,1,Total,8,,,,,1
D1725,C002,2025-07-29,T3,1,Total,9,,,,,1
D1726,C002,2025-07-30,T1,1,Total,7,,,,,1
D1727,C002,2025-07-30,T2,1,Total,8,,,,,1
D1728,C002,2025-07-30,T3,1,Total,9,,,,,1
D1729,C002,2025-07-31,T1,1,Total,7,,,,,1
D1730,C002,2025-07-31,T2,1,Total,8,,,,,1
D1731,C002,2025-07-31,T3,1,Total,9,,,,,1
D1732,C002,2025-08-01,T1,1,Total,7,,,,,1
D1733,C002,2025-08-01,T2,1,Total,8,,,,,1
D1734,C002,2025-08-01,T3,1,Total,9,,,,,1
D1735,C002,2025-08-02,T1,1,Total,7,,,,,1
D1736,C002,2025-08-02,T2,1,Total,8,,,,,1
D1737,C002,2025-08-02,T3,1,Total,9,,,,,1
D1738,C002,2025-08-03,T1,1,Total,7,,,,,1
D1739,C002,2025-08-03,T2,1,Total,8,,,,,1
D1740,C002,2025-08-03,T3,1,Total,9,,,,,1
D1741,C002,2025-08-04,T1,1,Total,7,,,,,1
D1742,C002,2025-08-04,T2,1,Total,8,,,,,1
D1743,C002,2025-08-04,T3,1,Parcial,4,formação,planeada,2025-07-30 18:42,123.3,1
D1744,C002,2025-08-05,T1,1,Total,7,,,,,1
D1745,C002,2025-08-05,T2,1,Total,8,,,,,1
D1746,C002,2025-08-05,T3,1,Total,9,,,,,1
D1747,C002,2025-08-06,T1,1,Total,7,,,,,1
D1748,C002,2025-08-06,T2,1,Total,8,,,,,1
D1749,C002,2025-08-06,T3,1,Total,9,,,,,1
D1750,C002,2025-08-07,T1,1,Total,7,,,,,1
D1751,C002,2025-08-07,T2,1,Total,8,,,,,1
D1752,C002,2025-08-07,T3,1,Total,9,,,,,1
D1753,C002,2025-08-08,T1,1,Total,7,,,,,1
D1754,C002,2025-08-08,T2,1,Total,8,,,,,1
D1755,C002,2025-08-08,T3,1,Total,9,,,,,1
D1756,C002,2025-08-09,T1,0,Indisponível,0,consulta_medica,planeada,2025-07-12 01:12,677.8,1
D1757,C002,2025-08-09,T2,1,Total,8,,,,,1
D1758,C002,2025-08-09,T3,1,Parcial,4,consulta_medica,planeada,2025-08-04 01:24,140.6,1
D1759,C002,2025-08-10,T1,1,Parcial,4,consulta_medica,planeada,2025-08-02 09:18,189.7,1
D1760,C002,2025-08-10,T2,1,Total,8,,,,,1
D1761,C002,2025-08-10,T3,1,Total,9,,,,,1
D1762,C002,2025-08-11,T1,1,Total,7,,,,,1
D1763,C002,2025-08-11,T2,1,Parcial,4,formação,planeada,2025-08-09 22:42,39.3,1
D1764,C002,2025-08-11,T3,1,Total,9,,,,,1
D1765,C002,2025-08-12,T1,1,Total,7,,,,,1
D1766,C002,2025-08-12,T2,1,Total,8,,,,,1
D1767,C002,2025-08-12,T3,1,Total,9,,,,,1
D1768,C002,2025-08-13,T1,1,Total,7,,,,,1
D1769,C002,2025-08-13,T2,1,Total,8,,,,,1
D1770,C002,2025-08-13,T3,0,Indisponível,0,formação,planeada,2025-07-19 00:54,621.1,1
D1771,C002,2025-08-14,T1,1,Total,7,,,,,1
D1772,C002,2025-08-14,T2,1,Total,8,,,,,1
D1773,C002,2025-08-14,T3,1,Total,9,,,,,1
D1774,C002,2025-08-15,T1,1,Total,7,,,,,1
D1775,C002,2025-08-15,T2,1,Total,8,,,,,1
D1776,C002,2025-08-15,T3,1,Total,9,,,,,1
D1777,C002,2025-08-16,T1,1,Total,7,,,,,1
D1778,C002,2025-08-16,T2,1,Total,8,,,,,1
D1779,C002,2025-08-16,T3,1,Total,9,,,,,1
D1780,C002,2025-08-17,T1,1,Total,7,,,,,1
D1781,C002,2025-08-17,T2,1,Total,8,,,,,1
D1782,C002,2025-08-17,T3,1,Total,9,,,,,1
D1783,C002,2025-08-18,T1,1,Total,7,,,,,1
D1784,C002,2025-08-18,T2,1,Total,8,,,,,1
D1785,C002,2025-08-18,T3,1,Total,9,,,,,1
D1786,C002,2025-08-19,T1,1,Total,7,,,,,1
D1787,C002,2025-08-19,T2,1,Total,8,,,,,1
D1788,C002,2025-08-19,T3,1,Total,9,,,,,1
D1789,C002,2025-08-20,T1,1,Total,7,,,,,1
D1790,C002,2025-08-20,T2,1,Total,8,,,,,1
D1791,C002,2025-08-20,T3,1,Total,9,,,,,1
D1792,C002,2025-08-21,T1,1,Total,7,,,,,1
D1793,C002,2025-08-21,T2,1,Total,8,,,,,1
D1794,C002,2025-08-21,T3,0,Indisponível,0,restrição_noite,planeada,2025-07-27 09:42,612.3,1
D1795,C002,2025-08-22,T1,1,Total,7,,,,,1
D1796,C002,2025-08-22,T2,1,Total,8,,,,,1
D1797,C002,2025-08-22,T3,0,Indisponível,0,nao_autorizado_fds,planeada,2025-07-25 11:36,682.4,1
D1798,C002,2025-08-23,T1,1,Total,7,,,,,1
D1799,C002,2025-08-23,T2,0,Indisponível,0,férias,planeada,2025-08-14 10:36,219.4,1
D1800,C002,2025-08-23,T3,1,Total,9,,,,,1
D1801,C002,2025-08-24,T1,0,Indisponível,0,férias,planeada,2025-08-11 15:30,303.5,1
D1802,C002,2025-08-24,T2,1,Total,8,,,,,1
D1803,C002,2025-08-24,T3,1,Total,9,,,,,1
D1804,C002,2025-08-25,T1,1,Total,7,,,,,1
D1805,C002,2025-08-25,T2,1,Total,8,,,,,1
D1806,C002,2025-08-25,T3,1,Total,9,,,,,1
D1807,C002,2025-08-26,T1,1,Total,7,,,,,1
D1808,C002,2025-08-26,T2,1,Total,8,,,,,1
D1809,C002,2025-08-26,T3,1,Total,9,,,,,1
D1810,C002,2025-08-27,T1,1,Total,7,,,,,1
D1811,C002,2025-08-27,T2,1,Total,8,,,,,1
D1812,C002,2025-08-27,T3,1,Total,9,,,,,1
D1813,C002,2025-08-28,T1,1,Total,7,,,,,1
D1814,C002,2025-08-28,T2,1,Total,8,,,,,1
D1815,C002,2025-08-28,T3,1,Total,9,,,,,1
D1816,C002,2025-08-29,T1,1,Total,7,,,,,1
D1817,C002,2025-08-29,T2,1,Total,8,,,,,1
D1818,C002,2025-08-29,T3,1,Total,9,,,,,1
D1819,C002,2025-08-30,T1,1,Total,7,,,,,1
D1820,C002,2025-08-30,T2,1,Total,8,,,,,1
D1821,C002,2025-08-30,T3,1,Total,9,,,,,1
D1822,C002,2025-08-31,T1,1,Total,7,,,,,1
D1823,C002,2025-08-31,T2,1,Total,8,,,,,1
D1824,C002,2025-08-31,T3,1,Total,9,,,,,1
D1825,C002,2025-09-01,T1,1,Total,7,,,,,1
D1826,C002,2025-09-01,T2,1,Total,8,,,,,1
D1827,C002,2025-09-01,T3,0,Indisponível,0,folga,planeada,2025-08-16 15:12,390.8,1
D1828,C002,2025-09-02,T1,1,Total,7,,,,,1
D1829,C002,2025-09-02,T2,1,Parcial,4,formação,planeada,2025-08-31 09:30,52.5,1
D1830,C002,2025-09-02,T3,1,Total,9,,,,,1
D1831,C002,2025-09-03,T1,1,Total,7,,,,,1
D1832,C002,2025-09-03,T2,1,Total,8,,,,,1
D1833,C002,2025-09-03,T3,1,Total,9,,,,,1
D1834,C002,2025-09-04,T1,1,Total,7,,,,,1
D1835,C002,2025-09-04,T2,1,Total,8,,,,,1
D1836,C002,2025-09-04,T3,1,Total,9,,,,,1
D1837,C002,2025-09-05,T1,1,Total,7,,,,,1
D1838,C002,2025-09-05,T2,1,Total,8,,,,,1
D1839,C002,2025-09-05,T3,1,Total,9,,,,,1
D1840,C002,2025-09-06,T1,1,Total,7,,,,,1
D1841,C002,2025-09-06,T2,1,Total,8,,,,,1
D1842,C002,2025-09-06,T3,1,Total,9,,,,,1
D1843,C002,2025-09-07,T1,1,Parcial,4,formação,planeada,2025-09-05 19:54,35.1,1
D1844,C002,2025-09-07,T2,1,Total,8,,,,,1
D1845,C002,2025-09-07,T3,1,Total,9,,,,,1
D1846,C002,2025-09-08,T1,1,Total,7,,,,,1
D1847,C002,2025-09-08,T2,1,Total,8,,,,,1
D1848,C002,2025-09-08,T3,0,Indisponível,0,preferencia_pessoal,planeada,2025-08-18 08:00,518.0,1
D1849,C002,2025-09-09,T1,1,Total,7,,,,,1
D1850,C002,2025-09-09,T2,1,Total,8,,,,,1
D1851,C002,2025-09-09,T3,1,Total,9,,,,,1
D1852,C002,2025-09-10,T1,1,Total,7,,,,,1
D1853,C002,2025-09-10,T2,1,Total,8,,,,,1
D1854,C002,2025-09-10,T3,1,Total,9,,,,,1
D1855,C002,2025-09-11,T1,1,Parcial,4,preferencia_pessoal,planeada,2025-09-04 09:48,165.2,1
D1856,C002,2025-09-11,T2,1,Total,8,,,,,1
D1857,C002,2025-09-11,T3,1,Total,9,,,,,1
D1858,C002,2025-09-12,T1,1,Total,7,,,,,1
D1859,C002,2025-09-12,T2,1,Total,8,,,,,1
D1860,C002,2025-09-12,T3,1,Total,9,,,,,1
D1861,C002,2025-09-13,T1,1,Total,7,,,,,1
D1862,C002,2025-09-13,T2,1,Parcial,4,consulta_medica,planeada,2025-09-04 11:06,218.9,1
D1863,C002,2025-09-13,T3,1,Total,9,,,,,1
D1864,C002,2025-09-14,T1,1,Parcial,4,consulta_medica,planeada,2025-08-31 15:42,327.3,1
D1865,C002,2025-09-14,T2,1,Total,8,,,,,1
D1866,C002,2025-09-14,T3,1,Total,9,,,,,1
D1867,C002,2025-09-15,T1,1,Total,7,,,,,1
D1868,C002,2025-09-15,T2,1,Total,8,,,,,1
D1869,C002,2025-09-15,T3,1,Parcial,4,consulta_medica,planeada,2025-09-15 07:06,14.9,1
D1870,C002,2025-09-16,T1,1,Total,7,,,,,1
D1871,C002,2025-09-16,T2,1,Total,8,,,,,1
D1872,C002,2025-09-16,T3,1,Total,9,,,,,1
D1873,C002,2025-09-17,T1,1,Total,7,,,,,1
D1874,C002,2025-09-17,T2,1,Total,8,,,,,1
D1875,C002,2025-09-17,T3,1,Total,9,,,,,1
D1876,C002,2025-09-18,T1,1,Total,7,,,,,1
D1877,C002,2025-09-18,T2,1,Total,8,,,,,1
D1878,C002,2025-09-18,T3,1,Total,9,,,,,1
D1879,C002,2025-09-19,T1,1,Total,7,,,,,1
D1880,C002,2025-09-19,T2,1,Total,8,,,,,1
D1881,C002,2025-09-19,T3,1,Parcial,4,preferencia_pessoal,planeada,2025-09-10 17:12,220.8,1
D1882,C002,2025-09-20,T1,1,Total,7,,,,,1
D1883,C002,2025-09-20,T2,1,Parcial,4,preferencia_pessoal,planeada,2025-09-16 22:36,87.4,1
D1884,C002,2025-09-20,T3,1,Total,9,,,,,1
D1885,C002,2025-09-21,T1,1,Total,7,,,,,1
D1886,C002,2025-09-21,T2,1,Total,8,,,,,1
D1887,C002,2025-09-21,T3,1,Total,9,,,,,1
D1888,C002,2025-09-22,T1,1,Total,7,,,,,1
D1889,C002,2025-09-22,T2,1,Total,8,,,,,1
D1890,C002,2025-09-22,T3,1,Total,9,,,,,1
D1891,C002,2025-09-23,T1,1,Total,7,,,,,1
D1892,C002,2025-09-23,T2,1,Total,8,,,,,1
D1893,C002,2025-09-23,T3,1,Total,9,,,,,1
D1894,C002,2025-09-24,T1,1,Total,7,,,,,1
D1895,C002,2025-09-24,T2,1,Total,8,,,,,1
D1896,C002,2025-09-24,T3,1,Total,9,,,,,1
D1897,C002,2025-09-25,T1,1,Total,7,,,,,1
D1898,C002,2025-09-25,T2,1,Total,8,,,,,1
D1899,C002,2025-09-25,T3,1,Total,9,,,,,1
D1900,C002,2025-09-26,T1,1,Total,7,,,,,1
D1901,C002,2025-09-26,T2,1,Total,8,,,,,1
D1902,C002,2025-09-26,T3,1,Total,9,,,,,1
D1903,C002,2025-09-27,T1,1,Total,7,,,,,1
D1904,C002,2025-09-27,T2,1,Total,8,,,,,1
D1905,C002,2025-09-27,T3,1,Parcial,4,formação,planeada,2025-09-21 08:24,157.6,1
D1906,C002,2025-09-28,T1,1,Total,7,,,,,1
D1907,C002,2025-09-28,T2,1,Total,8,,,,,1
D1908,C002,2025-09-28,T3,1,Total,9,,,,,1
D1909,C002,2025-09-29,T1,1,Total,7,,,,,1
D1910,C002,2025-09-29,T2,1,Total,8,,,,,1
D1911,C002,2025-09-29,T3,1,Total,9,,,,,1
D1912,C002,2025-09-30,T1,1,Total,7,,,,,1
D1913,C002,2025-09-30,T2,1,Total,8,,,,,1
D1914,C002,2025-09-30,T3,1,Total,9,,,,,1
D1915,C002,2025-10-01,T1,1,Total,7,,,,,1
D1916,C002,2025-10-01,T2,1,Parcial,4,preferencia_pessoal,planeada,2025-09-28 12:30,73.5,1
D1917,C002,2025-10-01,T3,1,Total,9,,,,,1
D1918,C002,2025-10-02,T1,1,Total,7,,,,,1
D1919,C002,2025-10-02,T2,1,Total,8,,,,,1
D1920,C002,2025-10-02,T3,1,Total,9,,,,,1
D1921,C002,2025-10-03,T1,1,Total,7,,,,,1
D1922,C002,2025-10-03,T2,1,Parcial,4,consulta_medica,planeada,2025-10-02 11:48,26.2,1
D1923,C002,2025-10-03,T3,1,Total,9,,,,,1
D1924,C002,2025-10-04,T1,0,Indisponível,0,folga,planeada,2025-09-28 03:18,147.7,1
D1925,C002,2025-10-04,T2,0,Indisponível,0,formação,planeada,2025-09-22 14:54,287.1,1
D1926,C002,2025-10-04,T3,1,Total,9,,,,,1
D1927,C002,2025-10-05,T1,1,Total,7,,,,,1
D1928,C002,2025-10-05,T2,1,Total,8,,,,,1
D1929,C002,2025-10-05,T3,0,Indisponível,0,folga,planeada,2025-09-14 05:48,520.2,1
D1930,C002,2025-10-06,T1,0,Indisponível,0,nao_autorizado_fds,planeada,2025-09-16 10:42,476.3,1
D1931,C002,2025-10-06,T2,1,Total,8,,,,,1
D1932,C002,2025-10-06,T3,1,Total,9,,,,,1
D1933,C002,2025-10-07,T1,1,Total,7,,,,,1
D1934,C002,2025-10-07,T2,1,Total,8,,,,,1
D1935,C002,2025-10-07,T3,1,Total,9,,,,,1
D1936,C002,2025-10-08,T1,1,Total,7,,,,,1
D1937,C002,2025-10-08,T2,1,Total,8,,,,,1
D1938,C002,2025-10-08,T3,1,Total,9,,,,,1
D1939,C002,2025-10-09,T1,1,Total,7,,,,,1
D1940,C002,2025-10-09,T2,1,Parcial,4,preferencia_pessoal,planeada,2025-10-01 22:36,183.4,1
D1941,C002,2025-10-09,T3,1,Parcial,4,consulta_medica,planeada,2025-10-08 08:42,37.3,1
D1942,C002,2025-10-10,T1,1,Total,7,,,,,1
D1943,C002,2025-10-10,T2,1,Parcial,4,consulta_medica,planeada,2025-10-02 21:42,184.3,1
D1944,C002,2025-10-10,T3,1,Total,9,,,,,1
D1945,C002,2025-10-11,T1,1,Total,7,,,,,1
D1946,C002,2025-10-11,T2,1,Total,8,,,,,1
D1947,C002,2025-10-11,T3,1,Total,9,,,,,1
D1948,C002,2025-10-12,T1,1,Total,7,,,,,1
D1949,C002,2025-10-12,T2,1,Total,8,,,,,1
D1950,C002,2025-10-12,T3,1,Total,9,,,,,1
D1951,C002,2025-10-13,T1,1,Total,7,,,,,1
D1952,C002,2025-10-13,T2,1,Total,8,,,,,1
D1953,C002,2025-10-13,T3,1,Total,9,,,,,1
D1954,C002,2025-10-14,T1,1,Total,7,,,,,1
D1955,C002,2025-10-14,T2,1,Total,8,,,,,1
D1956,C002,2025-10-14,T3,1,Parcial,4,preferencia_pessoal,planeada,2025-10-06 23:48,190.2,1
D1957,C002,2025-10-15,T1,1,Total,7,,,,,1
D1958,C002,2025-10-15,T2,1,Total,8,,,,,1
D1959,C002,2025-10-15,T3,1,Total,9,,,,,1
D1960,C002,2025-10-16,T1,1,Total,7,,,,,1
D1961,C002,2025-10-16,T2,1,Total,8,,,,,1
D1962,C002,2025-10-16,T3,1,Total,9,,,,,1
D1963,C002,2025-10-17,T1,1,Total,7,,,,,1
D1964,C002,2025-10-17,T2,1,Total,8,,,,,1
D1965,C002,2025-10-17,T3,1,Total,9,,,,,1
D1966,C002,2025-10-18,T1,1,Total,7,,,,,1
D1967,C002,2025-10-18,T2,1,Total,8,,,,,1
D1968,C002,2025-10-18,T3,1,Total,9,,,,,1
D1969,C002,2025-10-19,T1,1,Total,7,,,,,1
D1970,C002,2025-10-19,T2,1,Total,8,,,,,1
D1971,C002,2025-10-19,T3,1,Total,9,,,,,1
D1972,C002,2025-10-20,T1,1,Total,7,,,,,1
D1973,C002,2025-10-20,T2,1,Total,8,,,,,1
D1974,C002,2025-10-20,T3,1,Total,9,,,,,1
D1975,C002,2025-10-21,T1,1,Total,7,,,,,1
D1976,C002,2025-10-21,T2,1,Total,8,,,,,1
D1977,C002,2025-10-21,T3,1,Total,9,,,,,1
D1978,C002,2025-10-22,T1,1,Total,7,,,,,1
D1979,C002,2025-10-22,T2,1,Total,8,,,,,1
D1980,C002,2025-10-22,T3,1,Total,9,,,,,1
D1981,C002,2025-10-23,T1,1,Total,7,,,,,1
D1982,C002,2025-10-23,T2,1,Total,8,,,,,1
D1983,C002,2025-10-23,T3,1,Total,9,,,,,1
D1984,C002,2025-10-24,T1,1,Total,7,,,,,1
D1985,C002,2025-10-24,T2,1,Total,8,,,,,1
D1986,C002,2025-10-24,T3,1,Total,9,,,,,1
D1987,C002,2025-10-25,T1,0,Indisponível,0,restrição_noite,planeada,2025-10-04 10:42,500.3,1
D1988,C002,2025-10-25,T2,1,Total,8,,,,,1
D1989,C002,2025-10-25,T3,1,Total,9,,,,,1
D1990,C002,2025-10-26,T1,1,Total,7,,,,,1
D1991,C002,2025-10-26,T2,1,Total,8,,,,,1
D1992,C002,2025-10-26,T3,1,Total,9,,,,,1
D1993,C002,2025-10-27,T1,0,Indisponível,0,férias,planeada,2025-10-22 17:00,110.0,1
D1994,C002,2025-10-27,T2,1,Total,8,,,,,1
D1995,C002,2025-10-27,T3,1,Total,9,,,,,1
D1996,C002,2025-10-28,T1,1,Total,7,,,,,1
D1997,C002,2025-10-28,T2,1,Total,8,,,,,1
D1998,C002,2025-10-28,T3,1,Parcial,4,consulta_medica,planeada,2025-10-20 17:36,196.4,1
D1999,C002,2025-10-29,T1,1,Total,7,,,,,1
D2000,C002,2025-10-29,T2,1,Total,8,,,,,1
D2001,C002,2025-10-29,T3,1,Total,9,,,,,1
D2002,C002,2025-10-30,T1,1,Total,7,,,,,1
D2003,C002,2025-10-30,T2,1,Total,8,,,,,1
D2004,C002,2025-10-30,T3,1,Total,9,,,,,1
D2005,C002,2025-10-31,T1,1,Total,7,,,,,1
D2006,C002,2025-10-31,T2,1,Total,8,,,,,1
D2007,C002,2025-10-31,T3,1,Total,9,,,,,1
D2008,C002,2025-11-01,T1,1,Total,7,,,,,1
D2009,C002,2025-11-01,T2,1,Total,8,,,,,1
D2010,C002,2025-11-01,T3,1,Total,9,,,,,1
D2011,C002,2025-11-02,T1,1,Parcial,4,formação,planeada,2025-10-20 08:18,310.7,1
D2012,C002,2025-11-02,T2,1,Total,8,,,,,1
D2013,C002,2025-11-02,T3,1,Total,9,,,,,1
D2014,C002,2025-11-03,T1,1,Total,7,,,,,1
D2015,C002,2025-11-03,T2,1,Total,8,,,,,1
D2016,C002,2025-11-03,T3,1,Total,9,,,,,1
D2017,C002,2025-11-04,T1,1,Total,7,,,,,1
D2018,C002,2025-11-04,T2,1,Total,8,,,,,1
D2019,C002,2025-11-04,T3,1,Total,9,,,,,1
D2020,C002,2025-11-05,T1,0,Indisponível,0,consulta_medica,planeada,2025-10-26 19:12,227.8,1
D2021,C002,2025-11-05,T2,0,Indisponível,0,baixa,inesperada,2025-11-05 07:48,6.2,1
D2022,C002,2025-11-05,T3,1,Parcial,4,preferencia_pessoal,planeada,2025-10-23 07:24,326.6,1
D2023,C002,2025-11-06,T1,1,Total,7,,,,,1
D2024,C002,2025-11-06,T2,1,Parcial,4,formação,planeada,2025-11-02 04:06,105.9,1
D2025,C002,2025-11-06,T3,1,Total,9,,,,,1
D2026,C002,2025-11-07,T1,1,Total,7,,,,,1
D2027,C002,2025-11-07,T2,1,Total,8,,,,,1
D2028,C002,2025-11-07,T3,1,Total,9,,,,,1
D2029,C002,2025-11-08,T1,1,Total,7,,,,,1
D2030,C002,2025-11-08,T2,1,Total,8,,,,,1
D2031,C002,2025-11-08,T3,1,Total,9,,,,,1
D2032,C002,2025-11-09,T1,1,Total,7,,,,,1
D2033,C002,2025-11-09,T2,1,Total,8,,,,,1
D2034,C002,2025-11-09,T3,1,Total,9,,,,,1
D2035,C002,2025-11-10,T1,1,Total,7,,,,,1
D2036,C002,2025-11-10,T2,1,Total,8,,,,,1
D2037,C002,2025-11-10,T3,1,Total,9,,,,,1
D2038,C002,2025-11-11,T1,1,Total,7,,,,,1
D2039,C002,2025-11-11,T2,1,Total,8,,,,,1
D2040,C002,2025-11-11,T3,1,Total,9,,,,,1
D2041,C002,2025-11-12,T1,1,Total,7,,,,,1
D2042,C002,2025-11-12,T2,1,Total,8,,,,,1
D2043,C002,2025-11-12,T3,1,Total,9,,,,,1
D2044,C002,2025-11-13,T1,1,Total,7,,,,,1
D2045,C002,2025-11-13,T2,1,Total,8,,,,,1
D2046,C002,2025-11-13,T3,1,Total,9,,,,,1
D2047,C002,2025-11-14,T1,1,Parcial,4,formação,planeada,2025-11-08 01:48,149.2,1
D2048,C002,2025-11-14,T2,1,Total,8,,,,,1
D2049,C002,2025-11-14,T3,1,Total,9,,,,,1
D2050,C002,2025-11-15,T1,1,Total,7,,,,,1
D2051,C002,2025-11-15,T2,1,Total,8,,,,,1
D2052,C002,2025-11-15,T3,1,Total,9,,,,,1
D2053,C002,2025-11-16,T1,1,Total,7,,,,,1
D2054,C002,2025-11-16,T2,1,Total,8,,,,,1
D2055,C002,2025-11-16,T3,1,Total,9,,,,,1
D2056,C002,2025-11-17,T1,1,Total,7,,,,,1
D2057,C002,2025-11-17,T2,1,Total,8,,,,,1
D2058,C002,2025-11-17,T3,1,Total,9,,,,,1
D2059,C002,2025-11-18,T1,1,Total,7,,,,,1
D2060,C002,2025-11-18,T2,1,Total,8,,,,,1
D2061,C002,2025-11-18,T3,1,Total,9,,,,,1
D2062,C002,2025-11-19,T1,1,Total,7,,,,,1
D2063,C002,2025-11-19,T2,1,Parcial,4,preferencia_pessoal,planeada,2025-11-15 19:18,90.7,1
D2064,C002,2025-11-19,T3,1,Total,9,,,,,1
D2065,C002,2025-11-20,T1,1,Total,7,,,,,1
D2066,C002,2025-11-20,T2,1,Total,8,,,,,1
D2067,C002,2025-11-20,T3,0,Indisponível,0,formação,planeada,2025-11-17 03:12,90.8,1
D2068,C002,2025-11-21,T1,1,Total,7,,,,,1
D2069,C002,2025-11-21,T2,0,Indisponível,0,folga,planeada,2025-11-05 05:06,392.9,1
D2070,C002,2025-11-21,T3,1,Total,9,,,,,1
D2071,C002,2025-11-22,T1,1,Total,7,,,,,1
D2072,C002,2025-11-22,T2,1,Total,8,,,,,1
D2073,C002,2025-11-22,T3,1,Total,9,,,,,1
D2074,C002,2025-11-23,T1,1,Total,7,,,,,1
D2075,C002,2025-11-23,T2,1,Total,8,,,,,1
D2076,C002,2025-11-23,T3,1,Total,9,,,,,1
D2077,C002,2025-11-24,T1,0,Indisponível,0,baixa,planeada,2025-11-22 12:12,42.8,1
D2078,C002,2025-11-24,T2,1,Total,8,,,,,1
D2079,C002,2025-11-24,T3,1,Total,9,,,,,1
D2080,C002,2025-11-25,T1,1,Total,7,,,,,1
D2081,C002,2025-11-25,T2,1,Total,8,,,,,1
D2082,C002,2025-11-25,T3,1,Parcial,4,preferencia_pessoal,planeada,2025-11-24 12:24,33.6,1
D2083,C002,2025-11-26,T1,1,Total,7,,,,,1
D2084,C002,2025-11-26,T2,1,Total,8,,,,,1
D2085,C002,2025-11-26,T3,1,Total,9,,,,,1
D2086,C002,2025-11-27,T1,1,Total,7,,,,,1
D2087,C002,2025-11-27,T2,0,Indisponível,0,restrição_noite,planeada,2025-11-07 22:12,471.8,1
D2088,C002,2025-11-27,T3,1,Total,9,,,,,1
D2089,C002,2025-11-28,T1,1,Total,7,,,,,1
D2090,C002,2025-11-28,T2,1,Total,8,,,,,1
D2091,C002,2025-11-28,T3,1,Parcial,4,preferencia_pessoal,planeada,2025-11-21 21:00,169.0,1
D2092,C002,2025-11-29,T1,1,Total,7,,,,,1
D2093,C002,2025-11-29,T2,1,Total,8,,,,,1
D2094,C002,2025-11-29,T3,1,Total,9,,,,,1
D2095,C002,2025-11-30,T1,1,Total,7,,,,,1
D2096,C002,2025-11-30,T2,1,Total,8,,,,,1
D2097,C002,2025-11-30,T3,0,Indisponível,0,folga,planeada,2025-11-14 19:12,386.8,1
D2098,C002,2025-12-01,T1,1,Total,7,,,,,1
D2099,C002,2025-12-01,T2,1,Total,8,,,,,1
D2100,C002,2025-12-01,T3,1,Total,9,,,,,1
D2101,C002,2025-12-02,T1,1,Total,7,,,,,1
D2102,C002,2025-12-02,T2,1,Total,8,,,,,1
D2103,C002,2025-12-02,T3,1,Total,9,,,,,1
D2104,C002,2025-12-03,T1,1,Total,7,,,,,1
D2105,C002,2025-12-03,T2,1,Total,8,,,,,1
D2106,C002,2025-12-03,T3,1,Total,9,,,,,1
D2107,C002,2025-12-04,T1,1,Total,7,,,,,1
D2108,C002,2025-12-04,T2,1,Total,8,,,,,1
D2109,C002,2025-12-04,T3,1,Total,9,,,,,1
D2110,C002,2025-12-05,T1,1,Total,7,,,,,1
D2111,C002,2025-12-05,T2,1,Total,8,,,,,1
D2112,C002,2025-12-05,T3,0,Indisponível,0,consulta_medica,inesperada,2025-12-05 19:48,2.2,1
D2113,C002,2025-12-06,T1,1,Total,7,,,,,1
D2114,C002,2025-12-06,T2,1,Parcial,4,preferencia_pessoal,planeada,2025-11-29 01:18,180.7,1
D2115,C002,2025-12-06,T3,1,Total,9,,,,,1
D2116,C002,2025-12-07,T1,1,Total,7,,,,,1
D2117,C002,2025-12-07,T2,1,Total,8,,,,,1
D2118,C002,2025-12-07,T3,1,Total,9,,,,,1
D2119,C002,2025-12-08,T1,1,Total,7,,,,,1
D2120,C002,2025-12-08,T2,1,Total,8,,,,,1
D2121,C002,2025-12-08,T3,1,Total,9,,,,,1
D2122,C002,2025-12-09,T1,1,Total,7,,,,,1
D2123,C002,2025-12-09,T2,1,Total,8,,,,,1
D2124,C002,2025-12-09,T3,1,Total,9,,,,,1
D2125,C002,2025-12-10,T1,1,Total,7,,,,,1
D2126,C002,2025-12-10,T2,1,Total,8,,,,,1
D2127,C002,2025-12-10,T3,1,Total,9,,,,,1
D2128,C002,2025-12-11,T1,1,Total,7,,,,,1
D2129,C002,2025-12-11,T2,1,Total,8,,,,,1
D2130,C002,2025-12-11,T3,1,Total,9,,,,,1
D2131,C002,2025-12-12,T1,1,Total,7,,,,,1
D2132,C002,2025-12-12,T2,1,Total,8,,,,,1
D2133,C002,2025-12-12,T3,1,Total,9,,,,,1
D2134,C002,2025-12-13,T1,1,Total,7,,,,,1
D2135,C002,2025-12-13,T2,1,Total,8,,,,,1
D2136,C002,2025-12-13,T3,1,Total,9,,,,,1
D2137,C002,2025-12-14,T1,1,Total,7,,,,,1
D2138,C002,2025-12-14,T2,1,Total,8,,,,,1
D2139,C002,2025-12-14,T3,1,Total,9,,,,,1
D2140,C002,2025-12-15,T1,1,Total,7,,,,,1
D2141,C002,2025-12-15,T2,1,Parcial,4,consulta_medica,planeada,2025-12-03 18:00,284.0,1
D2142,C002,2025-12-15,T3,1,Total,9,,,,,1
D2143,C002,2025-12-16,T1,1,Total,7,,,,,1
D2144,C002,2025-12-16,T2,1,Total,8,,,,,1
D2145,C002,2025-12-16,T3,1,Total,9,,,,,1
D2146,C002,2025-12-17,T1,1,Total,7,,,,,1
D2147,C002,2025-12-17,T2,1,Total,8,,,,,1
D2148,C002,2025-12-17,T3,1,Total,9,,,,,1
D2149,C002,2025-12-18,T1,1,Total,7,,,,,1
D2150,C002,2025-12-18,T2,1,Total,8,,,,,1
D2151,C002,2025-12-18,T3,1,Total,9,,,,,1
D2152,C002,2025-12-19,T1,1,Total,7,,,,,1
D2153,C002,2025-12-19,T2,1,Parcial,4,preferencia_pessoal,planeada,2025-12-18 17:30,20.5,1
D2154,C002,2025-12-19,T3,1,Total,9,,,,,1
D2155,C002,2025-12-20,T1,1,Total,7,,,,,1
D2156,C002,2025-12-20,T2,1,Total,8,,,,,1
D2157,C002,2025-12-20,T3,1,Total,9,,,,,1
D2158,C002,2025-12-21,T1,1,Total,7,,,,,1
D2159,C002,2025-12-21,T2,0,Indisponível,0,folga,planeada,2025-11-28 01:54,564.1,1
D2160,C002,2025-12-21,T3,1,Total,9,,,,,1
D2161,C002,2025-12-22,T1,1,Total,7,,,,,1
D2162,C002,2025-12-22,T2,1,Total,8,,,,,1
D2163,C002,2025-12-22,T3,1,Total,9,,,,,1
D2164,C002,2025-12-23,T1,1,Total,7,,,,,1
D2165,C002,2025-12-23,T2,1,Total,8,,,,,1
D2166,C002,2025-12-23,T3,1,Total,9,,,,,1
D2167,C002,2025-12-24,T1,1,Total,7,,,,,1
D2168,C002,2025-12-24,T2,1,Total,8,,,,,1
D2169,C002,2025-12-24,T3,1,Total,9,,,,,1
D2170,C002,2025-12-25,T1,1,Total,7,,,,,1
D2171,C002,2025-12-25,T2,1,Total,8,,,,,1
D2172,C002,2025-12-25,T3,1,Total,9,,,,,1
D2173,C002,2025-12-26,T1,1,Total,7,,,,,1
D2174,C002,2025-12-26,T2,1,Total,8,,,,,1
D2175,C002,2025-12-26,T3,1,Total,9,,,,,1
D2176,C002,2025-12-27,T1,1,Total,7,,,,,1
D2177,C002,2025-12-27,T2,1,Total,8,,,,,1
D2178,C002,2025-12-27,T3,1,Total,9,,,,,1
D2179,C002,2025-12-28,T1,1,Total,7,,,,,1
D2180,C002,2025-12-28,T2,1,Total,8,,,,,1
D2181,C002,2025-12-28,T3,1,Total,9,,,,,1
D2182,C002,2025-12-29,T1,1,Total,7,,,,,1
D2183,C002,2025-12-29,T2,1,Total,8,,,,,1
D2184,C002,2025-12-29,T3,1,Total,9,,,,,1
D2185,C002,2025-12-30,T1,1,Total,7,,,,,1
D2186,C002,2025-12-30,T2,1,Total,8,,,,,1
D2187,C002,2025-12-30,T3,1,Total,9,,,,,1
D2188,C002,2025-12-31,T1,1,Total,7,,,,,1
D2189,C002,2025-12-31,T2,1,Total,8,,,,,1
D2190,C002,2025-12-31,T3,1,Total,9,,,,,1
D2191,C003,2025-01-01,T1,1,Total,7,,,,,1
D2192,C003,2025-01-01,T2,1,Total,8,,,,,1
D2193,C003,2025-01-01,T3,1,Total,9,,,,,1
D2194,C003,2025-01-02,T1,1,Total,7,,,,,1
D2195,C003,2025-01-02,T2,0,Indisponível,0,folga,planeada,2024-12-19 14:30,335.5,1
D2196,C003,2025-01-02,T3,1,Total,9,,,,,1
D2197,C003,2025-01-03,T1,1,Total,7,,,,,1
D2198,C003,2025-01-03,T2,1,Total,8,,,,,1
D2199,C003,2025-01-03,T3,1,Total,9,,,,,1
D2200,C003,2025-01-04,T1,1,Total,7,,,,,1
D2201,C003,2025-01-04,T2,0,Indisponível,0,férias,planeada,2024-12-12 12:18,553.7,1
D2202,C003,2025-01-04,T3,1,Total,9,,,,,1
D2203,C003,2025-01-05,T1,1,Total,7,,,,,1
D2204,C003,2025-01-05,T2,1,Total,8,,,,,1
D2205,C003,2025-01-05,T3,1,Total,9,,,,,1
D2206,C003,2025-01-06,T1,1,Total,7,,,,,1
D2207,C003,2025-01-06,T2,1,Total,8,,,,,1
D2208,C003,2025-01-06,T3,1,Total,9,,,,,1
D2209,C003,2025-01-07,T1,1,Total,7,,,,,1
D2210,C003,2025-01-07,T2,1,Total,8,,,,,1
D2211,C003,2025-01-07,T3,1,Total,9,,,,,1
D2212,C003,2025-01-08,T1,1,Total,7,,,,,1
D2213,C003,2025-01-08,T2,1,Total,8,,,,,1
D2214,C003,2025-01-08,T3,1,Total,9,,,,,1
D2215,C003,2025-01-09,T1,1,Parcial,4,preferencia_pessoal,planeada,2025-01-06 08:48,70.2,1
D2216,C003,2025-01-09,T2,1,Total,8,,,,,1
D2217,C003,2025-01-09,T3,1,Total,9,,,,,1
D2218,C003,2025-01-10,T1,1,Total,7,,,,,1
D2219,C003,2025-01-10,T2,1,Total,8,,,,,1
D2220,C003,2025-01-10,T3,1,Total,9,,,,,1
D2221,C003,2025-01-11,T1,1,Total,7,,,,,1
D2222,C003,2025-01-11,T2,1,Total,8,,,,,1
D2223,C003,2025-01-11,T3,1,Total,9,,,,,1
D2224,C003,2025-01-12,T1,1,Total,7,,,,,1
D2225,C003,2025-01-12,T2,1,Total,8,,,,,1
D2226,C003,2025-01-12,T3,1,Total,9,,,,,1
D2227,C003,2025-01-13,T1,1,Total,7,,,,,1
D2228,C003,2025-01-13,T2,1,Total,8,,,,,1
D2229,C003,2025-01-13,T3,1,Total,9,,,,,1
D2230,C003,2025-01-14,T1,1,Total,7,,,,,1
D2231,C003,2025-01-14,T2,1,Parcial,4,preferencia_pessoal,planeada,2025-01-04 13:12,240.8,1
D2232,C003,2025-01-14,T3,1,Total,9,,,,,1
D2233,C003,2025-01-15,T1,1,Total,7,,,,,1
D2234,C003,2025-01-15,T2,1,Total,8,,,,,1
D2235,C003,2025-01-15,T3,1,Total,9,,,,,1
D2236,C003,2025-01-16,T1,1,Total,7,,,,,1
D2237,C003,2025-01-16,T2,1,Total,8,,,,,1
D2238,C003,2025-01-16,T3,1,Total,9,,,,,1
D2239,C003,2025-01-17,T1,1,Total,7,,,,,1
D2240,C003,2025-01-17,T2,1,Total,8,,,,,1
D2241,C003,2025-01-17,T3,1,Total,9,,,,,1
D2242,C003,2025-01-18,T1,1,Total,7,,,,,1
D2243,C003,2025-01-18,T2,1,Total,8,,,,,1
D2244,C003,2025-01-18,T3,1,Total,9,,,,,1
D2245,C003,2025-01-19,T1,1,Total,7,,,,,1
D2246,C003,2025-01-19,T2,1,Total,8,,,,,1
D2247,C003,2025-01-19,T3,1,Total,9,,,,,1
D2248,C003,2025-01-20,T1,1,Total,7,,,,,1
D2249,C003,2025-01-20,T2,1,Total,8,,,,,1
D2250,C003,2025-01-20,T3,1,Total,9,,,,,1
D2251,C003,2025-01-21,T1,1,Total,7,,,,,1
D2252,C003,2025-01-21,T2,1,Total,8,,,,,1
D2253,C003,2025-01-21,T3,1,Parcial,4,consulta_medica,planeada,2025-01-08 10:48,323.2,1
D2254,C003,2025-01-22,T1,1,Total,7,,,,,1
D2255,C003,2025-01-22,T2,1,Total,8,,,,,1
D2256,C003,2025-01-22,T3,1,Total,9,,,,,1
D2257,C003,2025-01-23,T1,1,Total,7,,,,,1
D2258,C003,2025-01-23,T2,1,Total,8,,,,,1
D2259,C003,2025-01-23,T3,0,Indisponível,0,nao_autorizado_fds,planeada,2025-01-16 09:36,180.4,1
D2260,C003,2025-01-24,T1,1,Total,7,,,,,1
D2261,C003,2025-01-24,T2,1,Total,8,,,,,1
D2262,C003,2025-01-24,T3,1,Total,9,,,,,1
D2263,C003,2025-01-25,T1,1,Parcial,4,preferencia_pessoal,planeada,2025-01-21 11:42,91.3,1
D2264,C003,2025-01-25,T2,1,Total,8,,,,,1
D2265,C003,2025-01-25,T3,1,Total,9,,,,,1
D2266,C003,2025-01-26,T1,1,Total,7,,,,,1
D2267,C003,2025-01-26,T2,1,Total,8,,,,,1
D2268,C003,2025-01-26,T3,1,Total,9,,,,,1
D2269,C003,2025-01-27,T1,1,Parcial,4,consulta_medica,planeada,2025-01-26 07:06,23.9,1
D2270,C003,2025-01-27,T2,1,Total,8,,,,,1
D2271,C003,2025-01-27,T3,1,Total,9,,,,,1
D2272,C003,2025-01-28,T1,1,Total,7,,,,,1
D2273,C003,2025-01-28,T2,1,Total,8,,,,,1
D2274,C003,2025-01-28,T3,0,Indisponível,0,férias,planeada,2025-01-23 03:48,138.2,1
D2275,C003,2025-01-29,T1,1,Total,7,,,,,1
D2276,C003,2025-01-29,T2,1,Total,8,,,,,1
D2277,C003,2025-01-29,T3,1,Total,9,,,,,1
D2278,C003,2025-01-30,T1,1,Total,7,,,,,1
D2279,C003,2025-01-30,T2,1,Total,8,,,,,1
D2280,C003,2025-01-30,T3,1,Total,9,,,,,1
D2281,C003,2025-01-31,T1,1,Total,7,,,,,1
D2282,C003,2025-01-31,T2,1,Total,8,,,,,1
D2283,C003,2025-01-31,T3,1,Total,9,,,,,1
D2284,C003,2025-02-01,T1,1,Parcial,4,formação,planeada,2025-01-27 10:24,116.6,1
D2285,C003,2025-02-01,T2,1,Total,8,,,,,1
D2286,C003,2025-02-01,T3,1,Total,9,,,,,1
D2287,C003,2025-02-02,T1,1,Total,7,,,,,1
D2288,C003,2025-02-02,T2,1,Parcial,4,preferencia_pessoal,planeada,2025-01-31 06:24,55.6,1
D2289,C003,2025-02-02,T3,1,Total,9,,,,,1
D2290,C003,2025-02-03,T1,1,Total,7,,,,,1
D2291,C003,2025-02-03,T2,1,Total,8,,,,,1
D2292,C003,2025-02-03,T3,1,Total,9,,,,,1
D2293,C003,2025-02-04,T1,1,Total,7,,,,,1
D2294,C003,2025-02-04,T2,1,Parcial,4,preferencia_pessoal,planeada,2025-01-28 13:18,168.7,1
D2295,C003,2025-02-04,T3,1,Total,9,,,,,1
D2296,C003,2025-02-05,T1,1,Total,7,,,,,1
D2297,C003,2025-02-05,T2,1,Total,8,,,,,1
D2298,C003,2025-02-05,T3,1,Total,9,,,,,1
D2299,C003,2025-02-06,T1,1,Total,7,,,,,1
D2300,C003,2025-02-06,T2,1,Total,8,,,,,1
D2301,C003,2025-02-06,T3,1,Total,9,,,,,1
D2302,C003,2025-02-07,T1,1,Total,7,,,,,1
D2303,C003,2025-02-07,T2,1,Total,8,,,,,1
D2304,C003,2025-02-07,T3,1,Total,9,,,,,1
D2305,C003,2025-02-08,T1,1,Total,7,,,,,1
D2306,C003,2025-02-08,T2,1,Total,8,,,,,1
D2307,C003,2025-02-08,T3,1,Total,9,,,,,1
D2308,C003,2025-02-09,T1,1,Total,7,,,,,1
D2309,C003,2025-02-09,T2,1,Total,8,,,,,1
D2310,C003,2025-02-09,T3,1,Total,9,,,,,1
D2311,C003,2025-02-10,T1,1,Total,7,,,,,1
D2312,C003,2025-02-10,T2,1,Total,8,,,,,1
D2313,C003,2025-02-10,T3,1,Parcial,4,consulta_medica,planeada,2025-02-01 23:24,214.6,1
D2314,C003,2025-02-11,T1,1,Total,7,,,,,1
D2315,C003,2025-02-11,T2,1,Total,8,,,,,1
D2316,C003,2025-02-11,T3,1,Total,9,,,,,1
D2317,C003,2025-02-12,T1,1,Total,7,,,,,1
D2318,C003,2025-02-12,T2,0,Indisponível,0,férias,planeada,2025-01-19 07:18,582.7,1
D2319,C003,2025-02-12,T3,1,Total,9,,,,,1
D2320,C003,2025-02-13,T1,1,Total,7,,,,,1
D2321,C003,2025-02-13,T2,1,Total,8,,,,,1
D2322,C003,2025-02-13,T3,1,Total,9,,,,,1
D2323,C003,2025-02-14,T1,1,Parcial,4,formação,planeada,2025-02-06 22:48,176.2,1
D2324,C003,2025-02-14,T2,1,Total,8,,,,,1
D2325,C003,2025-02-14,T3,1,Parcial,4,preferencia_pessoal,planeada,2025-02-09 19:24,122.6,1
D2326,C003,2025-02-15,T1,1,Total,7,,,,,1
D2327,C003,2025-02-15,T2,1,Total,8,,,,,1
D2328,C003,2025-02-15,T3,1,Total,9,,,,,1
D2329,C003,2025-02-16,T1,1,Total,7,,,,,1
D2330,C003,2025-02-16,T2,1,Total,8,,,,,1
D2331,C003,2025-02-16,T3,1,Total,9,,,,,1
D2332,C003,2025-02-17,T1,1,Total,7,,,,,1
D2333,C003,2025-02-17,T2,1,Total,8,,,,,1
D2334,C003,2025-02-17,T3,0,Indisponível,0,folga,planeada,2025-02-12 20:00,122.0,1
D2335,C003,2025-02-18,T1,1,Total,7,,,,,1
D2336,C003,2025-02-18,T2,1,Total,8,,,,,1
D2337,C003,2025-02-18,T3,1,Total,9,,,,,1
D2338,C003,2025-02-19,T1,1,Total,7,,,,,1
D2339,C003,2025-02-19,T2,1,Total,8,,,,,1
D2340,C003,2025-02-19,T3,1,Total,9,,,,,1
D2341,C003,2025-02-20,T1,1,Parcial,4,preferencia_pessoal,planeada,2025-02-12 04:00,195.0,1
D2342,C003,2025-02-20,T2,1,Total,8,,,,,1
D2343,C003,2025-02-20,T3,1,Total,9,,,,,1
D2344,C003,2025-02-21,T1,1,Total,7,,,,,1
D2345,C003,2025-02-21,T2,1,Total,8,,,,,1
D2346,C003,2025-02-21,T3,1,Total,9,,,,,1
D2347,C003,2025-02-22,T1,1,Total,7,,,,,1
D2348,C003,2025-02-22,T2,1,Total,8,,,,,1
D2349,C003,2025-02-22,T3,1,Total,9,,,,,1
D2350,C003,2025-02-23,T1,1,Total,7,,,,,1
D2351,C003,2025-02-23,T2,0,Indisponível,0,outro,planeada,2025-02-04 14:24,455.6,1
D2352,C003,2025-02-23,T3,1,Total,9,,,,,1
D2353,C003,2025-02-24,T1,1,Total,7,,,,,1
D2354,C003,2025-02-24,T2,1,Total,8,,,,,1
D2355,C003,2025-02-24,T3,1,Total,9,,,,,1
D2356,C003,2025-02-25,T1,1,Total,7,,,,,1
D2357,C003,2025-02-25,T2,1,Total,8,,,,,1
D2358,C003,2025-02-25,T3,1,Total,9,,,,,1
D2359,C003,2025-02-26,T1,1,Total,7,,,,,1
D2360,C003,2025-02-26,T2,0,Indisponível,0,férias,planeada,2025-02-11 10:06,363.9,1
D2361,C003,2025-02-26,T3,1,Total,9,,,,,1
D2362,C003,2025-02-27,T1,1,Total,7,,,,,1
D2363,C003,2025-02-27,T2,1,Total,8,,,,,1
D2364,C003,2025-02-27,T3,1,Total,9,,,,,1
D2365,C003,2025-02-28,T1,1,Total,7,,,,,1
D2366,C003,2025-02-28,T2,1,Parcial,4,consulta_medica,planeada,2025-02-17 14:00,264.0,1
D2367,C003,2025-02-28,T3,1,Total,9,,,,,1
D2368,C003,2025-03-01,T1,0,Indisponível,0,baixa,planeada,2025-02-23 04:18,146.7,1
D2369,C003,2025-03-01,T2,1,Total,8,,,,,1
D2370,C003,2025-03-01,T3,1,Total,9,,,,,1
D2371,C003,2025-03-02,T1,1,Total,7,,,,,1
D2372,C003,2025-03-02,T2,1,Total,8,,,,,1
D2373,C003,2025-03-02,T3,1,Total,9,,,,,1
D2374,C003,2025-03-03,T1,1,Total,7,,,,,1
D2375,C003,2025-03-03,T2,1,Total,8,,,,,1
D2376,C003,2025-03-03,T3,1,Total,9,,,,,1
D2377,C003,2025-03-04,T1,1,Total,7,,,,,1
D2378,C003,2025-03-04,T2,1,Total,8,,,,,1
D2379,C003,2025-03-04,T3,1,Total,9,,,,,1
D2380,C003,2025-03-05,T1,1,Total,7,,,,,1
D2381,C003,2025-03-05,T2,1,Total,8,,,,,1
D2382,C003,2025-03-05,T3,1,Total,9,,,,,1
D2383,C003,2025-03-06,T1,0,Indisponível,0,preferencia_pessoal,planeada,2025-02-13 12:36,498.4,1
D2384,C003,2025-03-06,T2,1,Total,8,,,,,1
D2385,C003,2025-03-06,T3,1,Parcial,4,consulta_medica,planeada,2025-02-22 09:54,300.1,1
D2386,C003,2025-03-07,T1,1,Total,7,,,,,1
D2387,C003,2025-03-07,T2,1,Total,8,,,,,1
D2388,C003,2025-03-07,T3,1,Total,9,,,,,1
D2389,C003,2025-03-08,T1,1,Total,7,,,,,1
D2390,C003,2025-03-08,T2,1,Total,8,,,,,1
D2391,C003,2025-03-08,T3,1,Total,9,,,,,1
D2392,C003,2025-03-09,T1,1,Total,7,,,,,1
D2393,C003,2025-03-09,T2,1,Total,8,,,,,1
D2394,C003,2025-03-09,T3,1,Total,9,,,,,1
D2395,C003,2025-03-10,T1,1,Total,7,,,,,1
D2396,C003,2025-03-10,T2,1,Total,8,,,,,1
D2397,C003,2025-03-10,T3,1,Parcial,4,consulta_medica,planeada,2025-03-08 07:00,63.0,1
D2398,C003,2025-03-11,T1,0,Indisponível,0,formação,planeada,2025-02-23 15:00,376.0,1
D2399,C003,2025-03-11,T2,1,Total,8,,,,,1
D2400,C003,2025-03-11,T3,1,Total,9,,,,,1
D2401,C003,2025-03-12,T1,1,Total,7,,,,,1
D2402,C003,2025-03-12,T2,1,Total,8,,,,,1
D2403,C003,2025-03-12,T3,1,Total,9,,,,,1
D2404,C003,2025-03-13,T1,1,Total,7,,,,,1
D2405,C003,2025-03-13,T2,1,Total,8,,,,,1
D2406,C003,2025-03-13,T3,1,Parcial,4,consulta_medica,planeada,2025-03-06 02:54,187.1,1
D2407,C003,2025-03-14,T1,1,Total,7,,,,,1
D2408,C003,2025-03-14,T2,1,Total,8,,,,,1
D2409,C003,2025-03-14,T3,1,Total,9,,,,,1
D2410,C003,2025-03-15,T1,1,Parcial,4,formação,planeada,2025-03-13 15:06,39.9,1
D2411,C003,2025-03-15,T2,1,Total,8,,,,,1
D2412,C003,2025-03-15,T3,1,Total,9,,,,,1
D2413,C003,2025-03-16,T1,1,Total,7,,,,,1
D2414,C003,2025-03-16,T2,1,Total,8,,,,,1
D2415,C003,2025-03-16,T3,1,Total,9,,,,,1
D2416,C003,2025-03-17,T1,1,Total,7,,,,,1
D2417,C003,2025-03-17,T2,1,Total,8,,,,,1
D2418,C003,2025-03-17,T3,1,Total,9,,,,,1
D2419,C003,2025-03-18,T1,1,Total,7,,,,,1
D2420,C003,2025-03-18,T2,1,Total,8,,,,,1
D2421,C003,2025-03-18,T3,1,Total,9,,,,,1
D2422,C003,2025-03-19,T1,1,Total,7,,,,,1
D2423,C003,2025-03-19,T2,1,Total,8,,,,,1
D2424,C003,2025-03-19,T3,1,Total,9,,,,,1
D2425,C003,2025-03-20,T1,1,Total,7,,,,,1
D2426,C003,2025-03-20,T2,1,Total,8,,,,,1
D2427,C003,2025-03-20,T3,1,Total,9,,,,,1
D2428,C003,2025-03-21,T1,1,Total,7,,,,,1
D2429,C003,2025-03-21,T2,1,Total,8,,,,,1
D2430,C003,2025-03-21,T3,1,Total,9,,,,,1
D2431,C003,2025-03-22,T1,1,Total,7,,,,,1
D2432,C003,2025-03-22,T2,1,Total,8,,,,,1
D2433,C003,2025-03-22,T3,1,Total,9,,,,,1
D2434,C003,2025-03-23,T1,1,Total,7,,,,,1
D2435,C003,2025-03-23,T2,1,Total,8,,,,,1
D2436,C003,2025-03-23,T3,1,Total,9,,,,,1
D2437,C003,2025-03-24,T1,1,Total,7,,,,,1
D2438,C003,2025-03-24,T2,1,Total,8,,,,,1
D2439,C003,2025-03-24,T3,1,Total,9,,,,,1
D2440,C003,2025-03-25,T1,1,Total,7,,,,,1
D2441,C003,2025-03-25,T2,1,Total,8,,,,,1
D2442,C003,2025-03-25,T3,1,Total,9,,,,,1
D2443,C003,2025-03-26,T1,1,Total,7,,,,,1
D2444,C003,2025-03-26,T2,0,Indisponível,0,baixa,planeada,2025-03-12 11:24,338.6,1
D2445,C003,2025-03-26,T3,1,Total,9,,,,,1
D2446,C003,2025-03-27,T1,1,Total,7,,,,,1
D2447,C003,2025-03-27,T2,1,Total,8,,,,,1
D2448,C003,2025-03-27,T3,1,Parcial,4,preferencia_pessoal,planeada,2025-03-21 22:36,143.4,1
D2449,C003,2025-03-28,T1,1,Total,7,,,,,1
D2450,C003,2025-03-28,T2,1,Total,8,,,,,1
D2451,C003,2025-03-28,T3,1,Total,9,,,,,1
D2452,C003,2025-03-29,T1,1,Total,7,,,,,1
D2453,C003,2025-03-29,T2,1,Total,8,,,,,1
D2454,C003,2025-03-29,T3,1,Total,9,,,,,1
D2455,C003,2025-03-30,T1,1,Total,7,,,,,1
D2456,C003,2025-03-30,T2,1,Total,8,,,,,1
D2457,C003,2025-03-30,T3,1,Total,9,,,,,1
D2458,C003,2025-03-31,T1,1,Total,7,,,,,1
D2459,C003,2025-03-31,T2,1,Total,8,,,,,1
D2460,C003,2025-03-31,T3,1,Total,9,,,,,1
D2461,C003,2025-04-01,T1,1,Total,7,,,,,1
D2462,C003,2025-04-01,T2,1,Total,8,,,,,1
D2463,C003,2025-04-01,T3,1,Total,9,,,,,1
D2464,C003,2025-04-02,T1,1,Total,7,,,,,1
D2465,C003,2025-04-02,T2,1,Total,8,,,,,1
D2466,C003,2025-04-02,T3,1,Total,9,,,,,1
D2467,C003,2025-04-03,T1,1,Total,7,,,,,1
D2468,C003,2025-04-03,T2,1,Total,8,,,,,1
D2469,C003,2025-04-03,T3,1,Parcial,4,preferencia_pessoal,planeada,2025-04-01 21:00,49.0,1
D2470,C003,2025-04-04,T1,1,Total,7,,,,,1
D2471,C003,2025-04-04,T2,1,Total,8,,,,,1
D2472,C003,2025-04-04,T3,1,Total,9,,,,,1
D2473,C003,2025-04-05,T1,1,Total,7,,,,,1
D2474,C003,2025-04-05,T2,1,Total,8,,,,,1
D2475,C003,2025-04-05,T3,1,Parcial,4,preferencia_pessoal,planeada,2025-03-27 03:54,234.1,1
D2476,C003,2025-04-06,T1,1,Total,7,,,,,1
D2477,C003,2025-04-06,T2,1,Total,8,,,,,1
D2478,C003,2025-04-06,T3,1,Total,9,,,,,1
D2479,C003,2025-04-07,T1,1,Total,7,,,,,1
D2480,C003,2025-04-07,T2,1,Parcial,4,preferencia_pessoal,planeada,2025-03-26 02:30,299.5,1
D2481,C003,2025-04-07,T3,1,Total,9,,,,,1
D2482,C003,2025-04-08,T1,1,Total,7,,,,,1
D2483,C003,2025-04-08,T2,1,Total,8,,,,,1
D2484,C003,2025-04-08,T3,1,Total,9,,,,,1
D2485,C003,2025-04-09,T1,1,Total,7,,,,,1
D2486,C003,2025-04-09,T2,1,Total,8,,,,,1
D2487,C003,2025-04-09,T3,1,Total,9,,,,,1
D2488,C003,2025-04-10,T1,1,Total,7,,,,,1
D2489,C003,2025-04-10,T2,1,Total,8,,,,,1
D2490,C003,2025-04-10,T3,1,Total,9,,,,,1
D2491,C003,2025-04-11,T1,1,Total,7,,,,,1
D2492,C003,2025-04-11,T2,1,Total,8,,,,,1
D2493,C003,2025-04-11,T3,1,Total,9,,,,,1
D2494,C003,2025-04-12,T1,1,Total,7,,,,,1
D2495,C003,2025-04-12,T2,1,Total,8,,,,,1
D2496,C003,2025-04-12,T3,1,Total,9,,,,,1
D2497,C003,2025-04-13,T1,1,Total,7,,,,,1
D2498,C003,2025-04-13,T2,1,Total,8,,,,,1
D2499,C003,2025-04-13,T3,1,Total,9,,,,,1
D2500,C003,2025-04-14,T1,1,Total,7,,,,,1
D2501,C003,2025-04-14,T2,1,Total,8,,,,,1
D2502,C003,2025-04-14,T3,1,Total,9,,,,,1
D2503,C003,2025-04-15,T1,1,Parcial,4,preferencia_pessoal,planeada,2025-04-14 18:42,12.3,1
D2504,C003,2025-04-15,T2,1,Total,8,,,,,1
D2505,C003,2025-04-15,T3,1,Total,9,,,,,1
D2506,C003,2025-04-16,T1,1,Total,7,,,,,1
D2507,C003,2025-04-16,T2,1,Total,8,,,,,1
D2508,C003,2025-04-16,T3,1,Total,9,,,,,1
D2509,C003,2025-04-17,T1,1,Total,7,,,,,1
D2510,C003,2025-04-17,T2,1,Total,8,,,,,1
D2511,C003,2025-04-17,T3,1,Total,9,,,,,1
D2512,C003,2025-04-18,T1,1,Total,7,,,,,1
D2513,C003,2025-04-18,T2,1,Total,8,,,,,1
D2514,C003,2025-04-18,T3,1,Total,9,,,,,1
D2515,C003,2025-04-19,T1,1,Total,7,,,,,1
D2516,C003,2025-04-19,T2,1,Total,8,,,,,1
D2517,C003,2025-04-19,T3,1,Total,9,,,,,1
D2518,C003,2025-04-20,T1,1,Total,7,,,,,1
D2519,C003,2025-04-20,T2,1,Total,8,,,,,1
D2520,C003,2025-04-20,T3,1,Total,9,,,,,1
D2521,C003,2025-04-21,T1,1,Total,7,,,,,1
D2522,C003,2025-04-21,T2,1,Total,8,,,,,1
D2523,C003,2025-04-21,T3,1,Total,9,,,,,1
D2524,C003,2025-04-22,T1,1,Total,7,,,,,1
D2525,C003,2025-04-22,T2,1,Parcial,4,formação,planeada,2025-04-20 03:18,58.7,1
D2526,C003,2025-04-22,T3,1,Total,9,,,,,1
D2527,C003,2025-04-23,T1,1,Total,7,,,,,1
D2528,C003,2025-04-23,T2,1,Total,8,,,,,1
D2529,C003,2025-04-23,T3,1,Total,9,,,,,1
D2530,C003,2025-04-24,T1,1,Total,7,,,,,1
D2531,C003,2025-04-24,T2,1,Total,8,,,,,1
D2532,C003,2025-04-24,T3,1,Total,9,,,,,1
D2533,C003,2025-04-25,T1,1,Total,7,,,,,1
D2534,C003,2025-04-25,T2,1,Total,8,,,,,1
D2535,C003,2025-04-25,T3,1,Total,9,,,,,1
D2536,C003,2025-04-26,T1,1,Total,7,,,,,1
D2537,C003,2025-04-26,T2,1,Total,8,,,,,1
D2538,C003,2025-04-26,T3,1,Total,9,,,,,1
D2539,C003,2025-04-27,T1,1,Total,7,,,,,1
D2540,C003,2025-04-27,T2,1,Total,8,,,,,1
D2541,C003,2025-04-27,T3,1,Total,9,,,,,1
D2542,C003,2025-04-28,T1,0,Indisponível,0,baixa,planeada,2025-04-06 18:48,516.2,1
D2543,C003,2025-04-28,T2,1,Total,8,,,,,1
D2544,C003,2025-04-28,T3,1,Total,9,,,,,1
D2545,C003,2025-04-29,T1,1,Total,7,,,,,1
D2546,C003,2025-04-29,T2,0,Indisponível,0,folga,planeada,2025-04-14 19:48,354.2,1
D2547,C003,2025-04-29,T3,1,Total,9,,,,,1
D2548,C003,2025-04-30,T1,1,Total,7,,,,,1
D2549,C003,2025-04-30,T2,1,Total,8,,,,,1
D2550,C003,2025-04-30,T3,1,Parcial,4,consulta_medica,planeada,2025-04-24 03:24,162.6,1
D2551,C003,2025-05-01,T1,1,Total,7,,,,,1
D2552,C003,2025-05-01,T2,1,Total,8,,,,,1
D2553,C003,2025-05-01,T3,1,Total,9,,,,,1
D2554,C003,2025-05-02,T1,1,Total,7,,,,,1
D2555,C003,2025-05-02,T2,1,Total,8,,,,,1
D2556,C003,2025-05-02,T3,1,Total,9,,,,,1
D2557,C003,2025-05-03,T1,1,Total,7,,,,,1
D2558,C003,2025-05-03,T2,1,Total,8,,,,,1
D2559,C003,2025-05-03,T3,1,Total,9,,,,,1
D2560,C003,2025-05-04,T1,1,Total,7,,,,,1
D2561,C003,2025-05-04,T2,1,Total,8,,,,,1
D2562,C003,2025-05-04,T3,1,Total,9,,,,,1
D2563,C003,2025-05-05,T1,0,Indisponível,0,baixa,planeada,2025-04-17 20:36,418.4,1
D2564,C003,2025-05-05,T2,1,Total,8,,,,,1
D2565,C003,2025-05-05,T3,1,Total,9,,,,,1
D2566,C003,2025-05-06,T1,1,Total,7,,,,,1
D2567,C003,2025-05-06,T2,1,Total,8,,,,,1
D2568,C003,2025-05-06,T3,1,Total,9,,,,,1
D2569,C003,2025-05-07,T1,1,Total,7,,,,,1
D2570,C003,2025-05-07,T2,1,Total,8,,,,,1
D2571,C003,2025-05-07,T3,1,Total,9,,,,,1
D2572,C003,2025-05-08,T1,1,Total,7,,,,,1
D2573,C003,2025-05-08,T2,1,Total,8,,,,,1
D2574,C003,2025-05-08,T3,1,Total,9,,,,,1
D2575,C003,2025-05-09,T1,1,Total,7,,,,,1
D2576,C003,2025-05-09,T2,1,Total,8,,,,,1
D2577,C003,2025-05-09,T3,1,Total,9,,,,,1
D2578,C003,2025-05-10,T1,1,Total,7,,,,,1
D2579,C003,2025-05-10,T2,1,Total,8,,,,,1
D2580,C003,2025-05-10,T3,0,Indisponível,0,consulta_medica,inesperada,2025-05-10 20:36,1.4,1
D2581,C003,2025-05-11,T1,1,Total,7,,,,,1
D2582,C003,2025-05-11,T2,1,Total,8,,,,,1
D2583,C003,2025-05-11,T3,1,Total,9,,,,,1
D2584,C003,2025-05-12,T1,1,Total,7,,,,,1
D2585,C003,2025-05-12,T2,1,Total,8,,,,,1
D2586,C003,2025-05-12,T3,1,Total,9,,,,,1
D2587,C003,2025-05-13,T1,1,Total,7,,,,,1
D2588,C003,2025-05-13,T2,1,Total,8,,,,,1
D2589,C003,2025-05-13,T3,1,Total,9,,,,,1
D2590,C003,2025-05-14,T1,1,Total,7,,,,,1
D2591,C003,2025-05-14,T2,1,Total,8,,,,,1
D2592,C003,2025-05-14,T3,1,Total,9,,,,,1
D2593,C003,2025-05-15,T1,1,Total,7,,,,,1
D2594,C003,2025-05-15,T2,1,Total,8,,,,,1
D2595,C003,2025-05-15,T3,1,Total,9,,,,,1
D2596,C003,2025-05-16,T1,0,Indisponível,0,outro,planeada,2025-04-17 06:06,696.9,1
D2597,C003,2025-05-16,T2,1,Total,8,,,,,1
D2598,C003,2025-05-16,T3,1,Total,9,,,,,1
D2599,C003,2025-05-17,T1,1,Total,7,,,,,1
D2600,C003,2025-05-17,T2,1,Total,8,,,,,1
D2601,C003,2025-05-17,T3,1,Total,9,,,,,1
D2602,C003,2025-05-18,T1,1,Total,7,,,,,1
D2603,C003,2025-05-18,T2,1,Total,8,,,,,1
D2604,C003,2025-05-18,T3,1,Total,9,,,,,1
D2605,C003,2025-05-19,T1,1,Total,7,,,,,1
D2606,C003,2025-05-19,T2,1,Total,8,,,,,1
D2607,C003,2025-05-19,T3,1,Total,9,,,,,1
D2608,C003,2025-05-20,T1,1,Parcial,4,consulta_medica,planeada,2025-05-09 14:12,256.8,1
D2609,C003,2025-05-20,T2,1,Parcial,4,formação,planeada,2025-05-14 16:48,141.2,1
D2610,C003,2025-05-20,T3,1,Total,9,,,,,1
D2611,C003,2025-05-21,T1,1,Total,7,,,,,1
D2612,C003,2025-05-21,T2,1,Total,8,,,,,1
D2613,C003,2025-05-21,T3,1,Total,9,,,,,1
D2614,C003,2025-05-22,T1,1,Total,7,,,,,1
D2615,C003,2025-05-22,T2,1,Total,8,,,,,1
D2616,C003,2025-05-22,T3,1,Total,9,,,,,1
D2617,C003,2025-05-23,T1,1,Total,7,,,,,1
D2618,C003,2025-05-23,T2,1,Total,8,,,,,1
D2619,C003,2025-05-23,T3,1,Total,9,,,,,1
D2620,C003,2025-05-24,T1,1,Total,7,,,,,1
D2621,C003,2025-05-24,T2,1,Total,8,,,,,1
D2622,C003,2025-05-24,T3,1,Total,9,,,,,1
D2623,C003,2025-05-25,T1,1,Total,7,,,,,1
D2624,C003,2025-05-25,T2,1,Total,8,,,,,1
D2625,C003,2025-05-25,T3,1,Parcial,4,formação,planeada,2025-05-12 12:12,321.8,1
D2626,C003,2025-05-26,T1,1,Total,7,,,,,1
D2627,C003,2025-05-26,T2,1,Total,8,,,,,1
D2628,C003,2025-05-26,T3,1,Total,9,,,,,1
D2629,C003,2025-05-27,T1,1,Total,7,,,,,1
D2630,C003,2025-05-27,T2,1,Total,8,,,,,1
D2631,C003,2025-05-27,T3,1,Total,9,,,,,1
D2632,C003,2025-05-28,T1,1,Total,7,,,,,1
D2633,C003,2025-05-28,T2,1,Total,8,,,,,1
D2634,C003,2025-05-28,T3,1,Total,9,,,,,1
D2635,C003,2025-05-29,T1,1,Total,7,,,,,1
D2636,C003,2025-05-29,T2,1,Total,8,,,,,1
D2637,C003,2025-05-29,T3,1,Total,9,,,,,1
D2638,C003,2025-05-30,T1,1,Total,7,,,,,1
D2639,C003,2025-05-30,T2,1,Total,8,,,,,1
D2640,C003,2025-05-30,T3,1,Total,9,,,,,1
D2641,C003,2025-05-31,T1,1,Total,7,,,,,1
D2642,C003,2025-05-31,T2,0,Indisponível,0,folga,planeada,2025-05-29 01:54,60.1,1
D2643,C003,2025-05-31,T3,1,Total,9,,,,,1
D2644,C003,2025-06-01,T1,1,Total,7,,,,,1
D2645,C003,2025-06-01,T2,1,Total,8,,,,,1
D2646,C003,2025-06-01,T3,1,Total,9,,,,,1
D2647,C003,2025-06-02,T1,1,Total,7,,,,,1
D2648,C003,2025-06-02,T2,1,Total,8,,,,,1
D2649,C003,2025-06-02,T3,0,Indisponível,0,formação,planeada,2025-05-31 17:42,52.3,1
D2650,C003,2025-06-03,T1,1,Total,7,,,,,1
D2651,C003,2025-06-03,T2,1,Total,8,,,,,1
D2652,C003,2025-06-03,T3,1,Total,9,,,,,1
D2653,C003,2025-06-04,T1,1,Total,7,,,,,1
D2654,C003,2025-06-04,T2,1,Parcial,4,preferencia_pessoal,planeada,2025-06-02 22:00,40.0,1
D2655,C003,2025-06-04,T3,1,Parcial,4,preferencia_pessoal,planeada,2025-05-23 07:42,302.3,1
D2656,C003,2025-06-05,T1,1,Total,7,,,,,1
D2657,C003,2025-06-05,T2,1,Total,8,,,,,1
D2658,C003,2025-06-05,T3,1,Total,9,,,,,1
D2659,C003,2025-06-06,T1,1,Parcial,4,formação,planeada,2025-05-24 08:00,311.0,1
D2660,C003,2025-06-06,T2,1,Total,8,,,,,1
D2661,C003,2025-06-06,T3,1,Total,9,,,,,1
D2662,C003,2025-06-07,T1,1,Total,7,,,,,1
D2663,C003,2025-06-07,T2,1,Total,8,,,,,1
D2664,C003,2025-06-07,T3,1,Total,9,,,,,1
D2665,C003,2025-06-08,T1,1,Total,7,,,,,1
D2666,C003,2025-06-08,T2,1,Total,8,,,,,1
D2667,C003,2025-06-08,T3,1,Parcial,4,consulta_medica,planeada,2025-06-03 22:12,119.8,1
D2668,C003,2025-06-09,T1,1,Total,7,,,,,1
D2669,C003,2025-06-09,T2,1,Total,8,,,,,1
D2670,C003,2025-06-09,T3,1,Total,9,,,,,1
D2671,C003,2025-06-10,T1,1,Parcial,4,consulta_medica,planeada,2025-06-01 13:18,209.7,1
D2672,C003,2025-06-10,T2,1,Total,8,,,,,1
D2673,C003,2025-06-10,T3,1,Parcial,4,preferencia_pessoal,planeada,2025-06-07 11:12,82.8,1
D2674,C003,2025-06-11,T1,1,Parcial,4,consulta_medica,planeada,2025-06-01 03:12,243.8,1
D2675,C003,2025-06-11,T2,0,Indisponível,0,folga,planeada,2025-05-20 14:54,527.1,1
D2676,C003,2025-06-11,T3,1,Total,9,,,,,1
D2677,C003,2025-06-12,T1,0,Indisponível,0,baixa,planeada,2025-06-11 18:24,12.6,1
D2678,C003,2025-06-12,T2,0,Indisponível,0,férias,planeada,2025-06-07 14:42,119.3,1
D2679,C003,2025-06-12,T3,1,Total,9,,,,,1
D2680,C003,2025-06-13,T1,1,Total,7,,,,,1
D2681,C003,2025-06-13,T2,0,Indisponível,0,consulta_medica,planeada,2025-05-29 23:30,350.5,1
D2682,C003,2025-06-13,T3,1,Total,9,,,,,1
D2683,C003,2025-06-14,T1,1,Total,7,,,,,1
D2684,C003,2025-06-14,T2,1,Total,8,,,,,1
D2685,C003,2025-06-14,T3,1,Parcial,4,preferencia_pessoal,planeada,2025-06-14 08:54,13.1,1
D2686,C003,2025-06-15,T1,1,Total,7,,,,,1
D2687,C003,2025-06-15,T2,1,Total,8,,,,,1
D2688,C003,2025-06-15,T3,1,Total,9,,,,,1
D2689,C003,2025-06-16,T1,1,Total,7,,,,,1
D2690,C003,2025-06-16,T2,1,Total,8,,,,,1
D2691,C003,2025-06-16,T3,1,Total,9,,,,,1
D2692,C003,2025-06-17,T1,1,Total,7,,,,,1
D2693,C003,2025-06-17,T2,1,Total,8,,,,,1
D2694,C003,2025-06-17,T3,1,Total,9,,,,,1
D2695,C003,2025-06-18,T1,1,Parcial,4,formação,planeada,2025-06-16 16:54,38.1,1
D2696,C003,2025-06-18,T2,1,Total,8,,,,,1
D2697,C003,2025-06-18,T3,1,Total,9,,,,,1
D2698,C003,2025-06-19,T1,1,Total,7,,,,,1
D2699,C003,2025-06-19,T2,1,Total,8,,,,,1
D2700,C003,2025-06-19,T3,1,Total,9,,,,,1
D2701,C003,2025-06-20,T1,1,Total,7,,,,,1
D2702,C003,2025-06-20,T2,1,Total,8,,,,,1
D2703,C003,2025-06-20,T3,1,Total,9,,,,,1
D2704,C003,2025-06-21,T1,1,Parcial,4,preferencia_pessoal,planeada,2025-06-14 05:24,169.6,1
D2705,C003,2025-06-21,T2,1,Total,8,,,,,1
D2706,C003,2025-06-21,T3,1,Total,9,,,,,1
D2707,C003,2025-06-22,T1,0,Indisponível,0,folga,planeada,2025-05-23 09:36,717.4,1
D2708,C003,2025-06-22,T2,1,Total,8,,,,,1
D2709,C003,2025-06-22,T3,1,Total,9,,,,,1
D2710,C003,2025-06-23,T1,1,Total,7,,,,,1
D2711,C003,2025-06-23,T2,1,Total,8,,,,,1
D2712,C003,2025-06-23,T3,1,Total,9,,,,,1
D2713,C003,2025-06-24,T1,1,Total,7,,,,,1
D2714,C003,2025-06-24,T2,1,Total,8,,,,,1
D2715,C003,2025-06-24,T3,1,Total,9,,,,,1
D2716,C003,2025-06-25,T1,0,Indisponível,0,férias,planeada,2025-06-14 19:54,251.1,1
D2717,C003,2025-06-25,T2,1,Total,8,,,,,1
D2718,C003,2025-06-25,T3,1,Total,9,,,,,1
D2719,C003,2025-06-26,T1,1,Total,7,,,,,1
D2720,C003,2025-06-26,T2,1,Total,8,,,,,1
D2721,C003,2025-06-26,T3,1,Total,9,,,,,1
D2722,C003,2025-06-27,T1,1,Total,7,,,,,1
D2723,C003,2025-06-27,T2,1,Total,8,,,,,1
D2724,C003,2025-06-27,T3,1,Total,9,,,,,1
D2725,C003,2025-06-28,T1,1,Total,7,,,,,1
D2726,C003,2025-06-28,T2,1,Total,8,,,,,1
D2727,C003,2025-06-28,T3,1,Parcial,4,consulta_medica,planeada,2025-06-21 19:36,170.4,1
D2728,C003,2025-06-29,T1,1,Total,7,,,,,1
D2729,C003,2025-06-29,T2,1,Total,8,,,,,1
D2730,C003,2025-06-29,T3,0,Indisponível,0,baixa,inesperada,2025-06-29 19:30,2.5,1
D2731,C003,2025-06-30,T1,1,Total,7,,,,,1
D2732,C003,2025-06-30,T2,1,Total,8,,,,,1
D2733,C003,2025-06-30,T3,1,Total,9,,,,,1
D2734,C003,2025-07-01,T1,1,Total,7,,,,,1
D2735,C003,2025-07-01,T2,1,Total,8,,,,,1
D2736,C003,2025-07-01,T3,1,Total,9,,,,,1
D2737,C003,2025-07-02,T1,1,Parcial,4,preferencia_pessoal,planeada,2025-06-23 18:12,204.8,1
D2738,C003,2025-07-02,T2,1,Total,8,,,,,1
D2739,C003,2025-07-02,T3,1,Total,9,,,,,1
D2740,C003,2025-07-03,T1,1,Total,7,,,,,1
D2741,C003,2025-07-03,T2,1,Total,8,,,,,1
D2742,C003,2025-07-03,T3,1,Total,9,,,,,1
D2743,C003,2025-07-04,T1,1,Total,7,,,,,1
D2744,C003,2025-07-04,T2,1,Total,8,,,,,1
D2745,C003,2025-07-04,T3,1,Total,9,,,,,1
D2746,C003,2025-07-05,T1,1,Total,7,,,,,1
D2747,C003,2025-07-05,T2,1,Total,8,,,,,1
D2748,C003,2025-07-05,T3,1,Total,9,,,,,1
D2749,C003,2025-07-06,T1,1,Total,7,,,,,1
D2750,C003,2025-07-06,T2,1,Total,8,,,,,1
D2751,C003,2025-07-06,T3,1,Total,9,,,,,1
D2752,C003,2025-07-07,T1,1,Total,7,,,,,1
D2753,C003,2025-07-07,T2,1,Parcial,4,consulta_medica,planeada,2025-06-26 20:36,257.4,1
D2754,C003,2025-07-07,T3,1,Total,9,,,,,1
D2755,C003,2025-07-08,T1,1,Total,7,,,,,1
D2756,C003,2025-07-08,T2,1,Total,8,,,,,1
D2757,C003,2025-07-08,T3,1,Total,9,,,,,1
D2758,C003,2025-07-09,T1,0,Indisponível,0,folga,planeada,2025-06-13 19:06,611.9,1
D2759,C003,2025-07-09,T2,1,Total,8,,,,,1
D2760,C003,2025-07-09,T3,1,Total,9,,,,,1
D2761,C003,2025-07-10,T1,0,Indisponível,0,baixa,inesperada,2025-07-10 04:30,2.5,1
D2762,C003,2025-07-10,T2,1,Total,8,,,,,1
D2763,C003,2025-07-10,T3,1,Total,9,,,,,1
D2764,C003,2025-07-11,T1,1,Total,7,,,,,1
D2765,C003,2025-07-11,T2,1,Total,8,,,,,1
D2766,C003,2025-07-11,T3,1,Total,9,,,,,1
D2767,C003,2025-07-12,T1,1,Total,7,,,,,1
D2768,C003,2025-07-12,T2,1,Total,8,,,,,1
D2769,C003,2025-07-12,T3,1,Total,9,,,,,1
D2770,C003,2025-07-13,T1,1,Total,7,,,,,1
D2771,C003,2025-07-13,T2,1,Total,8,,,,,1
D2772,C003,2025-07-13,T3,1,Total,9,,,,,1
D2773,C003,2025-07-14,T1,1,Total,7,,,,,1
D2774,C003,2025-07-14,T2,0,Indisponível,0,folga,planeada,2025-06-29 08:06,365.9,1
D2775,C003,2025-07-14,T3,1,Total,9,,,,,1
D2776,C003,2025-07-15,T1,1,Total,7,,,,,1
D2777,C003,2025-07-15,T2,1,Total,8,,,,,1
D2778,C003,2025-07-15,T3,1,Total,9,,,,,1
D2779,C003,2025-07-16,T1,0,Indisponível,0,folga,planeada,2025-07-12 07:48,95.2,1
D2780,C003,2025-07-16,T2,1,Total,8,,,,,1
D2781,C003,2025-07-16,T3,1,Parcial,4,preferencia_pessoal,planeada,2025-07-04 18:30,291.5,1
D2782,C003,2025-07-17,T1,1,Total,7,,,,,1
D2783,C003,2025-07-17,T2,1,Total,8,,,,,1
D2784,C003,2025-07-17,T3,1,Total,9,,,,,1
D2785,C003,2025-07-18,T1,1,Total,7,,,,,1
D2786,C003,2025-07-18,T2,1,Parcial,4,preferencia_pessoal,planeada,2025-07-07 07:54,270.1,1
D2787,C003,2025-07-18,T3,1,Total,9,,,,,1
D2788,C003,2025-07-19,T1,1,Total,7,,,,,1
D2789,C003,2025-07-19,T2,1,Total,8,,,,,1
D2790,C003,2025-07-19,T3,1,Total,9,,,,,1
D2791,C003,2025-07-20,T1,1,Total,7,,,,,1
D2792,C003,2025-07-20,T2,1,Parcial,4,formação,planeada,2025-07-16 05:36,104.4,1
D2793,C003,2025-07-20,T3,1,Total,9,,,,,1
D2794,C003,2025-07-21,T1,1,Total,7,,,,,1
D2795,C003,2025-07-21,T2,1,Total,8,,,,,1
D2796,C003,2025-07-21,T3,1,Total,9,,,,,1
D2797,C003,2025-07-22,T1,1,Parcial,4,consulta_medica,planeada,2025-07-09 07:18,311.7,1
D2798,C003,2025-07-22,T2,1,Total,8,,,,,1
D2799,C003,2025-07-22,T3,0,Indisponível,0,baixa,inesperada,2025-07-22 18:48,3.2,1
D2800,C003,2025-07-23,T1,1,Total,7,,,,,1
D2801,C003,2025-07-23,T2,1,Total,8,,,,,1
D2802,C003,2025-07-23,T3,1,Total,9,,,,,1
D2803,C003,2025-07-24,T1,1,Total,7,,,,,1
D2804,C003,2025-07-24,T2,1,Total,8,,,,,1
D2805,C003,2025-07-24,T3,1,Parcial,4,preferencia_pessoal,planeada,2025-07-23 02:12,43.8,1
D2806,C003,2025-07-25,T1,1,Total,7,,,,,1
D2807,C003,2025-07-25,T2,1,Total,8,,,,,1
D2808,C003,2025-07-25,T3,1,Total,9,,,,,1
D2809,C003,2025-07-26,T1,1,Parcial,4,formação,planeada,2025-07-25 01:24,29.6,1
D2810,C003,2025-07-26,T2,1,Total,8,,,,,1
D2811,C003,2025-07-26,T3,1,Total,9,,,,,1
D2812,C003,2025-07-27,T1,1,Total,7,,,,,1
D2813,C003,2025-07-27,T2,1,Total,8,,,,,1
D2814,C003,2025-07-27,T3,1,Total,9,,,,,1
D2815,C003,2025-07-28,T1,1,Total,7,,,,,1
D2816,C003,2025-07-28,T2,1,Total,8,,,,,1
D2817,C003,2025-07-28,T3,1,Total,9,,,,,1
D2818,C003,2025-07-29,T1,1,Total,7,,,,,1
D2819,C003,2025-07-29,T2,1,Parcial,4,consulta_medica,planeada,2025-07-25 07:06,102.9,1
D2820,C003,2025-07-29,T3,1,Total,9,,,,,1
D2821,C003,2025-07-30,T1,1,Total,7,,,,,1
D2822,C003,2025-07-30,T2,1,Total,8,,,,,1
D2823,C003,2025-07-30,T3,1,Total,9,,,,,1
D2824,C003,2025-07-31,T1,1,Total,7,,,,,1
D2825,C003,2025-07-31,T2,1,Total,8,,,,,1
D2826,C003,2025-07-31,T3,1,Total,9,,,,,1
D2827,C003,2025-08-01,T1,1,Total,7,,,,,1
D2828,C003,2025-08-01,T2,1,Total,8,,,,,1
D2829,C003,2025-08-01,T3,1,Total,9,,,,,1
D2830,C003,2025-08-02,T1,1,Total,7,,,,,1
D2831,C003,2025-08-02,T2,1,Total,8,,,,,1
D2832,C003,2025-08-02,T3,1,Parcial,4,consulta_medica,planeada,2025-07-21 18:36,291.4,1
D2833,C003,2025-08-03,T1,1,Total,7,,,,,1
D2834,C003,2025-08-03,T2,1,Total,8,,,,,1
D2835,C003,2025-08-03,T3,1,Total,9,,,,,1
D2836,C003,2025-08-04,T1,1,Total,7,,,,,1
D2837,C003,2025-08-04,T2,1,Total,8,,,,,1
D2838,C003,2025-08-04,T3,1,Total,9,,,,,1
D2839,C003,2025-08-05,T1,1,Total,7,,,,,1
D2840,C003,2025-08-05,T2,1,Total,8,,,,,1
D2841,C003,2025-08-05,T3,1,Total,9,,,,,1
D2842,C003,2025-08-06,T1,1,Total,7,,,,,1
D2843,C003,2025-08-06,T2,1,Total,8,,,,,1
D2844,C003,2025-08-06,T3,1,Total,9,,,,,1
D2845,C003,2025-08-07,T1,0,Indisponível,0,outro,planeada,2025-08-05 14:36,40.4,1
D2846,C003,2025-08-07,T2,1,Total,8,,,,,1
D2847,C003,2025-08-07,T3,1,Total,9,,,,,1
D2848,C003,2025-08-08,T1,0,Indisponível,0,baixa,planeada,2025-07-15 06:00,577.0,1
D2849,C003,2025-08-08,T2,1,Total,8,,,,,1
D2850,C003,2025-08-08,T3,1,Total,9,,,,,1
D2851,C003,2025-08-09,T1,1,Total,7,,,,,1
D2852,C003,2025-08-09,T2,1,Total,8,,,,,1
D2853,C003,2025-08-09,T3,0,Indisponível,0,consulta_medica,planeada,2025-08-05 12:00,106.0,1
D2854,C003,2025-08-10,T1,1,Total,7,,,,,1
D2855,C003,2025-08-10,T2,1,Total,8,,,,,1
D2856,C003,2025-08-10,T3,1,Parcial,4,consulta_medica,planeada,2025-08-01 09:12,228.8,1
D2857,C003,2025-08-11,T1,1,Total,7,,,,,1
D2858,C003,2025-08-11,T2,1,Total,8,,,,,1
D2859,C003,2025-08-11,T3,1,Total,9,,,,,1
D2860,C003,2025-08-12,T1,0,Indisponível,0,baixa,planeada,2025-07-17 00:06,630.9,1
D2861,C003,2025-08-12,T2,1,Total,8,,,,,1
D2862,C003,2025-08-12,T3,1,Total,9,,,,,1
D2863,C003,2025-08-13,T1,1,Total,7,,,,,1
D2864,C003,2025-08-13,T2,1,Total,8,,,,,1
D2865,C003,2025-08-13,T3,1,Total,9,,,,,1
D2866,C003,2025-08-14,T1,1,Total,7,,,,,1
D2867,C003,2025-08-14,T2,1,Parcial,4,formação,planeada,2025-08-06 22:00,184.0,1
D2868,C003,2025-08-14,T3,1,Total,9,,,,,1
D2869,C003,2025-08-15,T1,1,Total,7,,,,,1
D2870,C003,2025-08-15,T2,1,Total,8,,,,,1
D2871,C003,2025-08-15,T3,1,Total,9,,,,,1
D2872,C003,2025-08-16,T1,1,Total,7,,,,,1
D2873,C003,2025-08-16,T2,1,Total,8,,,,,1
D2874,C003,2025-08-16,T3,1,Parcial,4,consulta_medica,planeada,2025-08-06 11:36,250.4,1
D2875,C003,2025-08-17,T1,1,Total,7,,,,,1
D2876,C003,2025-08-17,T2,1,Total,8,,,,,1
D2877,C003,2025-08-17,T3,1,Total,9,,,,,1
D2878,C003,2025-08-18,T1,1,Parcial,4,preferencia_pessoal,planeada,2025-08-12 20:30,130.5,1
D2879,C003,2025-08-18,T2,0,Indisponível,0,férias,planeada,2025-07-29 23:06,470.9,1
D2880,C003,2025-08-18,T3,1,Total,9,,,,,1
D2881,C003,2025-08-19,T1,1,Total,7,,,,,1
D2882,C003,2025-08-19,T2,1,Total,8,,,,,1
D2883,C003,2025-08-19,T3,1,Total,9,,,,,1
D2884,C003,2025-08-20,T1,1,Total,7,,,,,1
D2885,C003,2025-08-20,T2,1,Total,8,,,,,1
D2886,C003,2025-08-20,T3,1,Total,9,,,,,1
D2887,C003,2025-08-21,T1,1,Total,7,,,,,1
D2888,C003,2025-08-21,T2,1,Total,8,,,,,1
D2889,C003,2025-08-21,T3,1,Total,9,,,,,1
D2890,C003,2025-08-22,T1,1,Total,7,,,,,1
D2891,C003,2025-08-22,T2,1,Total,8,,,,,1
D2892,C003,2025-08-22,T3,1,Total,9,,,,,1
D2893,C003,2025-08-23,T1,1,Total,7,,,,,1
D2894,C003,2025-08-23,T2,1,Total,8,,,,,1
D2895,C003,2025-08-23,T3,1,Total,9,,,,,1
D2896,C003,2025-08-24,T1,1,Total,7,,,,,1
D2897,C003,2025-08-24,T2,1,Parcial,4,formação,planeada,2025-08-19 10:06,123.9,1
D2898,C003,2025-08-24,T3,1,Total,9,,,,,1
D2899,C003,2025-08-25,T1,1,Total,7,,,,,1
D2900,C003,2025-08-25,T2,1,Total,8,,,,,1
D2901,C003,2025-08-25,T3,1,Total,9,,,,,1
D2902,C003,2025-08-26,T1,1,Total,7,,,,,1
D2903,C003,2025-08-26,T2,1,Total,8,,,,,1
D2904,C003,2025-08-26,T3,1,Total,9,,,,,1
D2905,C003,2025-08-27,T1,1,Total,7,,,,,1
D2906,C003,2025-08-27,T2,1,Total,8,,,,,1
D2907,C003,2025-08-27,T3,1,Total,9,,,,,1
D2908,C003,2025-08-28,T1,1,Total,7,,,,,1
D2909,C003,2025-08-28,T2,1,Total,8,,,,,1
D2910,C003,2025-08-28,T3,1,Total,9,,,,,1
D2911,C003,2025-08-29,T1,1,Total,7,,,,,1
D2912,C003,2025-08-29,T2,1,Parcial,4,formação,planeada,2025-08-16 23:06,302.9,1
D2913,C003,2025-08-29,T3,1,Total,9,,,,,1
D2914,C003,2025-08-30,T1,1,Parcial,4,preferencia_pessoal,planeada,2025-08-26 01:36,101.4,1
D2915,C003,2025-08-30,T2,1,Total,8,,,,,1
D2916,C003,2025-08-30,T3,1,Total,9,,,,,1
D2917,C003,2025-08-31,T1,1,Total,7,,,,,1
D2918,C003,2025-08-31,T2,1,Total,8,,,,,1
D2919,C003,2025-08-31,T3,0,Indisponível,0,férias,planeada,2025-08-11 06:54,495.1,1
D2920,C003,2025-09-01,T1,1,Total,7,,,,,1
D2921,C003,2025-09-01,T2,1,Total,8,,,,,1
D2922,C003,2025-09-01,T3,1,Total,9,,,,,1
D2923,C003,2025-09-02,T1,1,Total,7,,,,,1
D2924,C003,2025-09-02,T2,0,Indisponível,0,folga,planeada,2025-09-01 10:24,27.6,1
D2925,C003,2025-09-02,T3,1,Total,9,,,,,1
D2926,C003,2025-09-03,T1,1,Total,7,,,,,1
D2927,C003,2025-09-03,T2,1,Total,8,,,,,1
D2928,C003,2025-09-03,T3,1,Total,9,,,,,1
D2929,C003,2025-09-04,T1,1,Total,7,,,,,1
D2930,C003,2025-09-04,T2,1,Total,8,,,,,1
D2931,C003,2025-09-04,T3,1,Total,9,,,,,1
D2932,C003,2025-09-05,T1,1,Total,7,,,,,1
D2933,C003,2025-09-05,T2,1,Total,8,,,,,1
D2934,C003,2025-09-05,T3,1,Total,9,,,,,1
D2935,C003,2025-09-06,T1,1,Total,7,,,,,1
D2936,C003,2025-09-06,T2,1,Total,8,,,,,1
D2937,C003,2025-09-06,T3,1,Total,9,,,,,1
D2938,C003,2025-09-07,T1,1,Total,7,,,,,1
D2939,C003,2025-09-07,T2,1,Total,8,,,,,1
D2940,C003,2025-09-07,T3,1,Total,9,,,,,1
D2941,C003,2025-09-08,T1,1,Total,7,,,,,1
D2942,C003,2025-09-08,T2,1,Total,8,,,,,1
D2943,C003,2025-09-08,T3,1,Total,9,,,,,1
D2944,C003,2025-09-09,T1,1,Total,7,,,,,1
D2945,C003,2025-09-09,T2,1,Total,8,,,,,1
D2946,C003,2025-09-09,T3,1,Total,9,,,,,1
D2947,C003,2025-09-10,T1,1,Total,7,,,,,1
D2948,C003,2025-09-10,T2,1,Total,8,,,,,1
D2949,C003,2025-09-10,T3,1,Total,9,,,,,1
D2950,C003,2025-09-11,T1,1,Total,7,,,,,1
D2951,C003,2025-09-11,T2,1,Total,8,,,,,1
D2952,C003,2025-09-11,T3,1,Total,9,,,,,1
D2953,C003,2025-09-12,T1,1,Total,7,,,,,1
D2954,C003,2025-09-12,T2,1,Total,8,,,,,1
D2955,C003,2025-09-12,T3,1,Total,9,,,,,1
D2956,C003,2025-09-13,T1,1,Total,7,,,,,1
D2957,C003,2025-09-13,T2,1,Parcial,4,formação,planeada,2025-09-05 07:54,198.1,1
D2958,C003,2025-09-13,T3,1,Total,9,,,,,1
D2959,C003,2025-09-14,T1,1,Total,7,,,,,1
D2960,C003,2025-09-14,T2,1,Total,8,,,,,1
D2961,C003,2025-09-14,T3,0,Indisponível,0,férias,planeada,2025-09-04 06:36,255.4,1
D2962,C003,2025-09-15,T1,1,Total,7,,,,,1
D2963,C003,2025-09-15,T2,1,Total,8,,,,,1
D2964,C003,2025-09-15,T3,1,Total,9,,,,,1
D2965,C003,2025-09-16,T1,1,Total,7,,,,,1
D2966,C003,2025-09-16,T2,1,Total,8,,,,,1
D2967,C003,2025-09-16,T3,1,Total,9,,,,,1
D2968,C003,2025-09-17,T1,1,Total,7,,,,,1
D2969,C003,2025-09-17,T2,1,Total,8,,,,,1
D2970,C003,2025-09-17,T3,1,Total,9,,,,,1
D2971,C003,2025-09-18,T1,1,Total,7,,,,,1
D2972,C003,2025-09-18,T2,0,Indisponível,0,consulta_medica,planeada,2025-09-08 07:30,246.5,1
D2973,C003,2025-09-18,T3,1,Total,9,,,,,1
D2974,C003,2025-09-19,T1,1,Total,7,,,,,1
D2975,C003,2025-09-19,T2,1,Total,8,,,,,1
D2976,C003,2025-09-19,T3,1,Total,9,,,,,1
D2977,C003,2025-09-20,T1,1,Total,7,,,,,1
D2978,C003,2025-09-20,T2,1,Total,8,,,,,1
D2979,C003,2025-09-20,T3,1,Total,9,,,,,1
D2980,C003,2025-09-21,T1,1,Total,7,,,,,1
D2981,C003,2025-09-21,T2,1,Total,8,,,,,1
D2982,C003,2025-09-21,T3,1,Total,9,,,,,1
D2983,C003,2025-09-22,T1,1,Total,7,,,,,1
D2984,C003,2025-09-22,T2,1,Total,8,,,,,1
D2985,C003,2025-09-22,T3,1,Total,9,,,,,1
D2986,C003,2025-09-23,T1,1,Total,7,,,,,1
D2987,C003,2025-09-23,T2,1,Total,8,,,,,1
D2988,C003,2025-09-23,T3,1,Total,9,,,,,1
D2989,C003,2025-09-24,T1,1,Total,7,,,,,1
D2990,C003,2025-09-24,T2,1,Total,8,,,,,1
D2991,C003,2025-09-24,T3,1,Total,9,,,,,1
D2992,C003,2025-09-25,T1,1,Parcial,4,consulta_medica,planeada,2025-09-16 14:00,209.0,1
D2993,C003,2025-09-25,T2,1,Total,8,,,,,1
D2994,C003,2025-09-25,T3,1,Total,9,,,,,1
D2995,C003,2025-09-26,T1,1,Total,7,,,,,1
D2996,C003,2025-09-26,T2,1,Total,8,,,,,1
D2997,C003,2025-09-26,T3,0,Indisponível,0,baixa,planeada,2025-09-06 14:30,487.5,1
D2998,C003,2025-09-27,T1,1,Parcial,4,formação,planeada,2025-09-24 04:00,75.0,1
D2999,C003,2025-09-27,T2,1,Total,8,,,,,1
D3000,C003,2025-09-27,T3,1,Total,9,,,,,1
D3001,C003,2025-09-28,T1,1,Parcial,4,preferencia_pessoal,planeada,2025-09-22 10:12,140.8,1
D3002,C003,2025-09-28,T2,1,Total,8,,,,,1
D3003,C003,2025-09-28,T3,1,Total,9,,,,,1
D3004,C003,2025-09-29,T1,1,Total,7,,,,,1
D3005,C003,2025-09-29,T2,1,Total,8,,,,,1
D3006,C003,2025-09-29,T3,1,Total,9,,,,,1
D3007,C003,2025-09-30,T1,1,Total,7,,,,,1
D3008,C003,2025-09-30,T2,1,Total,8,,,,,1
D3009,C003,2025-09-30,T3,1,Parcial,4,formação,planeada,2025-09-20 09:42,252.3,1
D3010,C003,2025-10-01,T1,1,Total,7,,,,,1
D3011,C003,2025-10-01,T2,1,Total,8,,,,,1
D3012,C003,2025-10-01,T3,1,Total,9,,,,,1
D3013,C003,2025-10-02,T1,1,Total,7,,,,,1
D3014,C003,2025-10-02,T2,1,Total,8,,,,,1
D3015,C003,2025-10-02,T3,1,Total,9,,,,,1
D3016,C003,2025-10-03,T1,1,Total,7,,,,,1
D3017,C003,2025-10-03,T2,1,Total,8,,,,,1
D3018,C003,2025-10-03,T3,1,Parcial,4,preferencia_pessoal,planeada,2025-09-29 07:48,110.2,1
D3019,C003,2025-10-04,T1,1,Total,7,,,,,1
D3020,C003,2025-10-04,T2,1,Parcial,4,formação,planeada,2025-10-02 21:18,40.7,1
D3021,C003,2025-10-04,T3,1,Total,9,,,,,1
D3022,C003,2025-10-05,T1,1,Total,7,,,,,1
D3023,C003,2025-10-05,T2,1,Total,8,,,,,1
D3024,C003,2025-10-05,T3,1,Total,9,,,,,1
D3025,C003,2025-10-06,T1,1,Total,7,,,,,1
D3026,C003,2025-10-06,T2,1,Total,8,,,,,1
D3027,C003,2025-10-06,T3,1,Total,9,,,,,1
D3028,C003,2025-10-07,T1,1,Total,7,,,,,1
D3029,C003,2025-10-07,T2,1,Total,8,,,,,1
D3030,C003,2025-10-07,T3,1,Total,9,,,,,1
D3031,C003,2025-10-08,T1,1,Total,7,,,,,1
D3032,C003,2025-10-08,T2,1,Total,8,,,,,1
D3033,C003,2025-10-08,T3,1,Total,9,,,,,1
D3034,C003,2025-10-09,T1,1,Total,7,,,,,1
D3035,C003,2025-10-09,T2,1,Total,8,,,,,1
D3036,C003,2025-10-09,T3,1,Total,9,,,,,1
D3037,C003,2025-10-10,T1,1,Total,7,,,,,1
D3038,C003,2025-10-10,T2,1,Total,8,,,,,1
D3039,C003,2025-10-10,T3,1,Total,9,,,,,1
D3040,C003,2025-10-11,T1,1,Total,7,,,,,1
D3041,C003,2025-10-11,T2,1,Total,8,,,,,1
D3042,C003,2025-10-11,T3,1,Parcial,4,formação,planeada,2025-10-05 18:48,147.2,1
D3043,C003,2025-10-12,T1,1,Total,7,,,,,1
D3044,C003,2025-10-12,T2,1,Total,8,,,,,1
D3045,C003,2025-10-12,T3,0,Indisponível,0,consulta_medica,planeada,2025-09-13 18:48,699.2,1
D3046,C003,2025-10-13,T1,1,Total,7,,,,,1
D3047,C003,2025-10-13,T2,1,Total,8,,,,,1
D3048,C003,2025-10-13,T3,1,Total,9,,,,,1
D3049,C003,2025-10-14,T1,1,Total,7,,,,,1
D3050,C003,2025-10-14,T2,1,Total,8,,,,,1
D3051,C003,2025-10-14,T3,1,Total,9,,,,,1
D3052,C003,2025-10-15,T1,1,Total,7,,,,,1
D3053,C003,2025-10-15,T2,1,Total,8,,,,,1
D3054,C003,2025-10-15,T3,1,Total,9,,,,,1
D3055,C003,2025-10-16,T1,1,Total,7,,,,,1
D3056,C003,2025-10-16,T2,0,Indisponível,0,férias,planeada,2025-09-28 22:12,423.8,1
D3057,C003,2025-10-16,T3,1,Total,9,,,,,1
D3058,C003,2025-10-17,T1,1,Total,7,,,,,1
D3059,C003,2025-10-17,T2,1,Total,8,,,,,1
D3060,C003,2025-10-17,T3,1,Total,9,,,,,1
D3061,C003,2025-10-18,T1,1,Parcial,4,formação,planeada,2025-10-12 03:06,147.9,1
D3062,C003,2025-10-18,T2,0,Indisponível,0,férias,planeada,2025-09-29 05:36,464.4,1
D3063,C003,2025-10-18,T3,1,Parcial,4,consulta_medica,planeada,2025-10-08 01:42,260.3,1
D3064,C003,2025-10-19,T1,1,Total,7,,,,,1
D3065,C003,2025-10-19,T2,1,Total,8,,,,,1
D3066,C003,2025-10-19,T3,1,Total,9,,,,,1
D3067,C003,2025-10-20,T1,1,Total,7,,,,,1
D3068,C003,2025-10-20,T2,1,Total,8,,,,,1
D3069,C003,2025-10-20,T3,1,Total,9,,,,,1
D3070,C003,2025-10-21,T1,1,Total,7,,,,,1
D3071,C003,2025-10-21,T2,1,Total,8,,,,,1
D3072,C003,2025-10-21,T3,1,Total,9,,,,,1
D3073,C003,2025-10-22,T1,1,Total,7,,,,,1
D3074,C003,2025-10-22,T2,1,Total,8,,,,,1
D3075,C003,2025-10-22,T3,1,Total,9,,,,,1
D3076,C003,2025-10-23,T1,1,Total,7,,,,,1
D3077,C003,2025-10-23,T2,1,Total,8,,,,,1
D3078,C003,2025-10-23,T3,1,Total,9,,,,,1
D3079,C003,2025-10-24,T1,1,Total,7,,,,,1
D3080,C003,2025-10-24,T2,1,Total,8,,,,,1
D3081,C003,2025-10-24,T3,1,Total,9,,,,,1
D3082,C003,2025-10-25,T1,1,Total,7,,,,,1
D3083,C003,2025-10-25,T2,1,Total,8,,,,,1
D3084,C003,2025-10-25,T3,1,Total,9,,,,,1
D3085,C003,2025-10-26,T1,1,Total,7,,,,,1
D3086,C003,2025-10-26,T2,1,Total,8,,,,,1
D3087,C003,2025-10-26,T3,1,Total,9,,,,,1
D3088,C003,2025-10-27,T1,1,Total,7,,,,,1
D3089,C003,2025-10-27,T2,1,Total,8,,,,,1
D3090,C003,2025-10-27,T3,1,Total,9,,,,,1
D3091,C003,2025-10-28,T1,1,Total,7,,,,,1
D3092,C003,2025-10-28,T2,1,Total,8,,,,,1
D3093,C003,2025-10-28,T3,1,Total,9,,,,,1
D3094,C003,2025-10-29,T1,1,Total,7,,,,,1
D3095,C003,2025-10-29,T2,1,Total,8,,,,,1
D3096,C003,2025-10-29,T3,1,Parcial,4,formação,planeada,2025-10-16 22:48,311.2,1
D3097,C003,2025-10-30,T1,1,Total,7,,,,,1
D3098,C003,2025-10-30,T2,1,Total,8,,,,,1
D3099,C003,2025-10-30,T3,1,Total,9,,,,,1
D3100,C003,2025-10-31,T1,1,Total,7,,,,,1
D3101,C003,2025-10-31,T2,1,Total,8,,,,,1
D3102,C003,2025-10-31,T3,1,Total,9,,,,,1
D3103,C003,2025-11-01,T1,1,Total,7,,,,,1
D3104,C003,2025-11-01,T2,1,Total,8,,,,,1
D3105,C003,2025-11-01,T3,1,Total,9,,,,,1
D3106,C003,2025-11-02,T1,1,Total,7,,,,,1
D3107,C003,2025-11-02,T2,1,Parcial,4,consulta_medica,planeada,2025-10-21 12:24,289.6,1
D3108,C003,2025-11-02,T3,1,Total,9,,,,,1
D3109,C003,2025-11-03,T1,1,Total,7,,,,,1
D3110,C003,2025-11-03,T2,1,Total,8,,,,,1
D3111,C003,2025-11-03,T3,1,Total,9,,,,,1
D3112,C003,2025-11-04,T1,1,Total,7,,,,,1
D3113,C003,2025-11-04,T2,1,Total,8,,,,,1
D3114,C003,2025-11-04,T3,1,Parcial,4,formação,planeada,2025-10-24 23:00,263.0,1
D3115,C003,2025-11-05,T1,0,Indisponível,0,folga,planeada,2025-10-12 09:30,573.5,1
D3116,C003,2025-11-05,T2,1,Total,8,,,,,1
D3117,C003,2025-11-05,T3,1,Parcial,4,consulta_medica,planeada,2025-10-24 03:36,306.4,1
D3118,C003,2025-11-06,T1,1,Parcial,4,consulta_medica,planeada,2025-10-26 14:30,256.5,1
D3119,C003,2025-11-06,T2,1,Total,8,,,,,1
D3120,C003,2025-11-06,T3,1,Total,9,,,,,1
D3121,C003,2025-11-07,T1,1,Total,7,,,,,1
D3122,C003,2025-11-07,T2,1,Total,8,,,,,1
D3123,C003,2025-11-07,T3,1,Total,9,,,,,1
D3124,C003,2025-11-08,T1,1,Parcial,4,formação,planeada,2025-10-25 23:36,319.4,1
D3125,C003,2025-11-08,T2,1,Total,8,,,,,1
D3126,C003,2025-11-08,T3,1,Total,9,,,,,1
D3127,C003,2025-11-09,T1,1,Total,7,,,,,1
D3128,C003,2025-11-09,T2,1,Total,8,,,,,1
D3129,C003,2025-11-09,T3,1,Total,9,,,,,1
D3130,C003,2025-11-10,T1,1,Parcial,4,preferencia_pessoal,planeada,2025-11-02 15:42,183.3,1
D3131,C003,2025-11-10,T2,1,Total,8,,,,,1
D3132,C003,2025-11-10,T3,1,Total,9,,,,,1
D3133,C003,2025-11-11,T1,1,Total,7,,,,,1
D3134,C003,2025-11-11,T2,1,Total,8,,,,,1
D3135,C003,2025-11-11,T3,1,Total,9,,,,,1
D3136,C003,2025-11-12,T1,1,Parcial,4,preferencia_pessoal,planeada,2025-10-30 08:48,310.2,1
D3137,C003,2025-11-12,T2,1,Total,8,,,,,1
D3138,C003,2025-11-12,T3,1,Total,9,,,,,1
D3139,C003,2025-11-13,T1,1,Total,7,,,,,1
D3140,C003,2025-11-13,T2,1,Total,8,,,,,1
D3141,C003,2025-11-13,T3,1,Parcial,4,formação,planeada,2025-10-31 04:06,329.9,1
D3142,C003,2025-11-14,T1,1,Total,7,,,,,1
D3143,C003,2025-11-14,T2,1,Total,8,,,,,1
D3144,C003,2025-11-14,T3,1,Parcial,4,consulta_medica,planeada,2025-11-12 17:54,52.1,1
D3145,C003,2025-11-15,T1,1,Total,7,,,,,1
D3146,C003,2025-11-15,T2,1,Total,8,,,,,1
D3147,C003,2025-11-15,T3,1,Total,9,,,,,1
D3148,C003,2025-11-16,T1,1,Total,7,,,,,1
D3149,C003,2025-11-16,T2,1,Total,8,,,,,1
D3150,C003,2025-11-16,T3,1,Parcial,4,formação,planeada,2025-11-14 20:30,49.5,1
D3151,C003,2025-11-17,T1,1,Total,7,,,,,1
D3152,C003,2025-11-17,T2,1,Total,8,,,,,1
D3153,C003,2025-11-17,T3,1,Total,9,,,,,1
D3154,C003,2025-11-18,T1,1,Total,7,,,,,1
D3155,C003,2025-11-18,T2,1,Total,8,,,,,1
D3156,C003,2025-11-18,T3,1,Total,9,,,,,1
D3157,C003,2025-11-19,T1,1,Total,7,,,,,1
D3158,C003,2025-11-19,T2,1,Total,8,,,,,1
D3159,C003,2025-11-19,T3,1,Total,9,,,,,1
D3160,C003,2025-11-20,T1,1,Total,7,,,,,1
D3161,C003,2025-11-20,T2,1,Total,8,,,,,1
D3162,C003,2025-11-20,T3,1,Total,9,,,,,1
D3163,C003,2025-11-21,T1,1,Total,7,,,,,1
D3164,C003,2025-11-21,T2,0,Indisponível,0,formação,planeada,2025-11-01 06:12,487.8,1
D3165,C003,2025-11-21,T3,1,Total,9,,,,,1
D3166,C003,2025-11-22,T1,1,Total,7,,,,,1
D3167,C003,2025-11-22,T2,1,Total,8,,,,,1
D3168,C003,2025-11-22,T3,1,Parcial,4,preferencia_pessoal,planeada,2025-11-17 00:12,141.8,1
D3169,C003,2025-11-23,T1,1,Total,7,,,,,1
D3170,C003,2025-11-23,T2,1,Total,8,,,,,1
D3171,C003,2025-11-23,T3,1,Total,9,,,,,1
D3172,C003,2025-11-24,T1,1,Total,7,,,,,1
D3173,C003,2025-11-24,T2,1,Total,8,,,,,1
D3174,C003,2025-11-24,T3,1,Total,9,,,,,1
D3175,C003,2025-11-25,T1,1,Total,7,,,,,1
D3176,C003,2025-11-25,T2,1,Total,8,,,,,1
D3177,C003,2025-11-25,T3,1,Total,9,,,,,1
D3178,C003,2025-11-26,T1,1,Total,7,,,,,1
D3179,C003,2025-11-26,T2,1,Total,8,,,,,1
D3180,C003,2025-11-26,T3,1,Total,9,,,,,1
D3181,C003,2025-11-27,T1,1,Total,7,,,,,1
D3182,C003,2025-11-27,T2,1,Total,8,,,,,1
D3183,C003,2025-11-27,T3,1,Total,9,,,,,1
D3184,C003,2025-11-28,T1,1,Total,7,,,,,1
D3185,C003,2025-11-28,T2,1,Total,8,,,,,1
D3186,C003,2025-11-28,T3,1,Total,9,,,,,1
D3187,C003,2025-11-29,T1,1,Total,7,,,,,1
D3188,C003,2025-11-29,T2,1,Total,8,,,,,1
D3189,C003,2025-11-29,T3,1,Total,9,,,,,1
D3190,C003,2025-11-30,T1,1,Total,7,,,,,1
D3191,C003,2025-11-30,T2,1,Total,8,,,,,1
D3192,C003,2025-11-30,T3,1,Total,9,,,,,1
D3193,C003,2025-12-01,T1,1,Total,7,,,,,1
D3194,C003,2025-12-01,T2,1,Parcial,4,preferencia_pessoal,planeada,2025-11-24 08:54,173.1,1
D3195,C003,2025-12-01,T3,1,Total,9,,,,,1
D3196,C003,2025-12-02,T1,0,Indisponível,0,consulta_medica,planeada,2025-11-17 02:18,364.7,1
D3197,C003,2025-12-02,T2,0,Indisponível,0,folga,planeada,2025-11-14 06:00,440.0,1
D3198,C003,2025-12-02,T3,1,Total,9,,,,,1
D3199,C003,2025-12-03,T1,1,Total,7,,,,,1
D3200,C003,2025-12-03,T2,1,Total,8,,,,,1
D3201,C003,2025-12-03,T3,1,Total,9,,,,,1
D3202,C003,2025-12-04,T1,1,Total,7,,,,,1
D3203,C003,2025-12-04,T2,1,Total,8,,,,,1
D3204,C003,2025-12-04,T3,1,Total,9,,,,,1
D3205,C003,2025-12-05,T1,1,Total,7,,,,,1
D3206,C003,2025-12-05,T2,1,Total,8,,,,,1
D3207,C003,2025-12-05,T3,1,Total,9,,,,,1
D3208,C003,2025-12-06,T1,1,Total,7,,,,,1
D3209,C003,2025-12-06,T2,1,Total,8,,,,,1
D3210,C003,2025-12-06,T3,1,Total,9,,,,,1
D3211,C003,2025-12-07,T1,1,Total,7,,,,,1
D3212,C003,2025-12-07,T2,0,Indisponível,0,consulta_medica,planeada,2025-11-11 02:54,635.1,1
D3213,C003,2025-12-07,T3,1,Parcial,4,formação,planeada,2025-12-03 04:06,113.9,1
D3214,C003,2025-12-08,T1,1,Total,7,,,,,1
D3215,C003,2025-12-08,T2,0,Indisponível,0,folga,planeada,2025-11-18 15:06,478.9,1
D3216,C003,2025-12-08,T3,1,Total,9,,,,,1
D3217,C003,2025-12-09,T1,1,Total,7,,,,,1
D3218,C003,2025-12-09,T2,1,Total,8,,,,,1
D3219,C003,2025-12-09,T3,1,Total,9,,,,,1
D3220,C003,2025-12-10,T1,1,Total,7,,,,,1
D3221,C003,2025-12-10,T2,1,Total,8,,,,,1
D3222,C003,2025-12-10,T3,1,Total,9,,,,,1
D3223,C003,2025-12-11,T1,1,Total,7,,,,,1
D3224,C003,2025-12-11,T2,1,Total,8,,,,,1
D3225,C003,2025-12-11,T3,1,Total,9,,,,,1
D3226,C003,2025-12-12,T1,1,Total,7,,,,,1
D3227,C003,2025-12-12,T2,1,Total,8,,,,,1
D3228,C003,2025-12-12,T3,1,Total,9,,,,,1
D3229,C003,2025-12-13,T1,1,Total,7,,,,,1
D3230,C003,2025-12-13,T2,1,Parcial,4,formação,planeada,2025-12-06 09:42,172.3,1
D3231,C003,2025-12-13,T3,1,Total,9,,,,,1
D3232,C003,2025-12-14,T1,1,Total,7,,,,,1
D3233,C003,2025-12-14,T2,1,Total,8,,,,,1
D3234,C003,2025-12-14,T3,1,Total,9,,,,,1
D3235,C003,2025-12-15,T1,0,Indisponível,0,folga,planeada,2025-11-20 02:30,604.5,1
D3236,C003,2025-12-15,T2,1,Total,8,,,,,1
D3237,C003,2025-12-15,T3,1,Total,9,,,,,1
D3238,C003,2025-12-16,T1,0,Indisponível,0,nao_autorizado_fds,planeada,2025-12-05 17:24,253.6,1
D3239,C003,2025-12-16,T2,1,Parcial,4,formação,planeada,2025-12-02 16:36,333.4,1
D3240,C003,2025-12-16,T3,1,Total,9,,,,,1
D3241,C003,2025-12-17,T1,1,Total,7,,,,,1
D3242,C003,2025-12-17,T2,1,Total,8,,,,,1
D3243,C003,2025-12-17,T3,1,Total,9,,,,,1
D3244,C003,2025-12-18,T1,1,Total,7,,,,,1
D3245,C003,2025-12-18,T2,1,Total,8,,,,,1
D3246,C003,2025-12-18,T3,1,Parcial,4,consulta_medica,planeada,2025-12-16 20:54,49.1,1
D3247,C003,2025-12-19,T1,0,Indisponível,0,férias,planeada,2025-12-05 04:42,338.3,1
D3248,C003,2025-12-19,T2,1,Total,8,,,,,1
D3249,C003,2025-12-19,T3,1,Total,9,,,,,1
D3250,C003,2025-12-20,T1,1,Total,7,,,,,1
D3251,C003,2025-12-20,T2,1,Total,8,,,,,1
D3252,C003,2025-12-20,T3,1,Total,9,,,,,1
D3253,C003,2025-12-21,T1,1,Total,7,,,,,1
D3254,C003,2025-12-21,T2,1,Total,8,,,,,1
D3255,C003,2025-12-21,T3,1,Total,9,,,,,1
D3256,C003,2025-12-22,T1,1,Total,7,,,,,1
D3257,C003,2025-12-22,T2,1,Total,8,,,,,1
D3258,C003,2025-12-22,T3,1,Total,9,,,,,1
D3259,C003,2025-12-23,T1,1,Parcial,4,preferencia_pessoal,planeada,2025-12-18 06:06,120.9,1
D3260,C003,2025-12-23,T2,1,Total,8,,,,,1
D3261,C003,2025-12-23,T3,1,Total,9,,,,,1
D3262,C003,2025-12-24,T1,1,Total,7,,,,,1
D3263,C003,2025-12-24,T2,1,Total,8,,,,,1
D3264,C003,2025-12-24,T3,1,Total,9,,,,,1
D3265,C003,2025-12-25,T1,1,Total,7,,,,,1
D3266,C003,2025-12-25,T2,1,Total,8,,,,,1
D3267,C003,2025-12-25,T3,1,Total,9,,,,,1
D3268,C003,2025-12-26,T1,1,Parcial,4,consulta_medica,planeada,2025-12-21 21:54,105.1,1
D3269,C003,2025-12-26,T2,1,Total,8,,,,,1
D3270,C003,2025-12-26,T3,1,Total,9,,,,,1
D3271,C003,2025-12-27,T1,1,Total,7,,,,,1
D3272,C003,2025-12-27,T2,1,Total,8,,,,,1
D3273,C003,2025-12-27,T3,1,Total,9,,,,,1
D3274,C003,2025-12-28,T1,1,Total,7,,,,,1
D3275,C003,2025-12-28,T2,1,Total,8,,,,,1
D3276,C003,2025-12-28,T3,1,Total,9,,,,,1
D3277,C003,2025-12-29,T1,1,Total,7,,,,,1
D3278,C003,2025-12-29,T2,1,Total,8,,,,,1
D3279,C003,2025-12-29,T3,1,Total,9,,,,,1
D3280,C003,2025-12-30,T1,1,Total,7,,,,,1
D3281,C003,2025-12-30,T2,1,Total,8,,,,,1
D3282,C003,2025-12-30,T3,1,Parcial,4,formação,planeada,2025-12-23 14:30,175.5,1
D3283,C003,2025-12-31,T1,1,Total,7,,,,,1
D3284,C003,2025-12-31,T2,1,Total,8,,,,,1
D3285,C003,2025-12-31,T3,1,Total,9,,,,,1
D3286,C004,2025-01-01,T1,1,Total,7,,,,,1
D3287,C004,2025-01-01,T2,1,Total,8,,,,,1
D3288,C004,2025-01-01,T3,1,Total,9,,,,,1
D3289,C004,2025-01-02,T1,1,Total,7,,,,,1
D3290,C004,2025-01-02,T2,1,Total,8,,,,,1
D3291,C004,2025-01-02,T3,0,Indisponível,0,consulta_medica,planeada,2024-12-16 09:36,420.4,1
D3292,C004,2025-01-03,T1,1,Total,7,,,,,1
D3293,C004,2025-01-03,T2,1,Total,8,,,,,1
D3294,C004,2025-01-03,T3,1,Total,9,,,,,1
D3295,C004,2025-01-04,T1,1,Total,7,,,,,1
D3296,C004,2025-01-04,T2,1,Total,8,,,,,1
D3297,C004,2025-01-04,T3,1,Total,9,,,,,1
D3298,C004,2025-01-05,T1,1,Total,7,,,,,1
D3299,C004,2025-01-05,T2,1,Total,8,,,,,1
D3300,C004,2025-01-05,T3,1,Total,9,,,,,1
D3301,C004,2025-01-06,T1,1,Total,7,,,,,1
D3302,C004,2025-01-06,T2,1,Total,8,,,,,1
D3303,C004,2025-01-06,T3,1,Total,9,,,,,1
D3304,C004,2025-01-07,T1,1,Total,7,,,,,1
D3305,C004,2025-01-07,T2,1,Total,8,,,,,1
D3306,C004,2025-01-07,T3,1,Total,9,,,,,1
D3307,C004,2025-01-08,T1,1,Total,7,,,,,1
D3308,C004,2025-01-08,T2,1,Total,8,,,,,1
D3309,C004,2025-01-08,T3,1,Total,9,,,,,1
D3310,C004,2025-01-09,T1,1,Total,7,,,,,1
D3311,C004,2025-01-09,T2,1,Total,8,,,,,1
D3312,C004,2025-01-09,T3,1,Parcial,4,formação,planeada,2024-12-28 23:54,286.1,1
D3313,C004,2025-01-10,T1,1,Total,7,,,,,1
D3314,C004,2025-01-10,T2,1,Total,8,,,,,1
D3315,C004,2025-01-10,T3,1,Total,9,,,,,1
D3316,C004,2025-01-11,T1,1,Total,7,,,,,1
D3317,C004,2025-01-11,T2,1,Total,8,,,,,1
D3318,C004,2025-01-11,T3,1,Parcial,4,formação,planeada,2025-01-11 01:00,21.0,1
D3319,C004,2025-01-12,T1,1,Total,7,,,,,1
D3320,C004,2025-01-12,T2,1,Total,8,,,,,1
D3321,C004,2025-01-12,T3,1,Total,9,,,,,1
D3322,C004,2025-01-13,T1,1,Total,7,,,,,1
D3323,C004,2025-01-13,T2,0,Indisponível,0,folga,planeada,2025-01-09 01:24,108.6,1
D3324,C004,2025-01-13,T3,1,Total,9,,,,,1
D3325,C004,2025-01-14,T1,1,Total,7,,,,,1
D3326,C004,2025-01-14,T2,1,Total,8,,,,,1
D3327,C004,2025-01-14,T3,1,Total,9,,,,,1
D3328,C004,2025-01-15,T1,1,Total,7,,,,,1
D3329,C004,2025-01-15,T2,1,Total,8,,,,,1
D3330,C004,2025-01-15,T3,1,Total,9,,,,,1
D3331,C004,2025-01-16,T1,0,Indisponível,0,restrição_noite,planeada,2025-01-13 07:36,71.4,1
D3332,C004,2025-01-16,T2,1,Total,8,,,,,1
D3333,C004,2025-01-16,T3,1,Total,9,,,,,1
D3334,C004,2025-01-17,T1,1,Total,7,,,,,1
D3335,C004,2025-01-17,T2,1,Total,8,,,,,1
D3336,C004,2025-01-17,T3,1,Total,9,,,,,1
D3337,C004,2025-01-18,T1,1,Total,7,,,,,1
D3338,C004,2025-01-18,T2,1,Parcial,4,preferencia_pessoal,planeada,2025-01-14 21:30,88.5,1
D3339,C004,2025-01-18,T3,1,Total,9,,,,,1
D3340,C004,2025-01-19,T1,1,Total,7,,,,,1
D3341,C004,2025-01-19,T2,1,Total,8,,,,,1
D3342,C004,2025-01-19,T3,1,Total,9,,,,,1
D3343,C004,2025-01-20,T1,1,Total,7,,,,,1
D3344,C004,2025-01-20,T2,1,Total,8,,,,,1
D3345,C004,2025-01-20,T3,1,Total,9,,,,,1
D3346,C004,2025-01-21,T1,1,Total,7,,,,,1
D3347,C004,2025-01-21,T2,1,Total,8,,,,,1
D3348,C004,2025-01-21,T3,1,Parcial,4,preferencia_pessoal,planeada,2025-01-16 23:18,118.7,1
D3349,C004,2025-01-22,T1,1,Total,7,,,,,1
D3350,C004,2025-01-22,T2,1,Total,8,,,,,1
D3351,C004,2025-01-22,T3,1,Total,9,,,,,1
D3352,C004,2025-01-23,T1,1,Total,7,,,,,1
D3353,C004,2025-01-23,T2,1,Total,8,,,,,1
D3354,C004,2025-01-23,T3,1,Parcial,4,formação,planeada,2025-01-10 07:42,326.3,1
D3355,C004,2025-01-24,T1,1,Total,7,,,,,1
D3356,C004,2025-01-24,T2,1,Total,8,,,,,1
D3357,C004,2025-01-24,T3,1,Parcial,4,consulta_medica,planeada,2025-01-14 23:18,238.7,1
D3358,C004,2025-01-25,T1,1,Total,7,,,,,1
D3359,C004,2025-01-25,T2,1,Total,8,,,,,1
D3360,C004,2025-01-25,T3,1,Total,9,,,,,1
D3361,C004,2025-01-26,T1,1,Total,7,,,,,1
D3362,C004,2025-01-26,T2,1,Total,8,,,,,1
D3363,C004,2025-01-26,T3,1,Total,9,,,,,1
D3364,C004,2025-01-27,T1,1,Total,7,,,,,1
D3365,C004,2025-01-27,T2,1,Total,8,,,,,1
D3366,C004,2025-01-27,T3,1,Total,9,,,,,1
D3367,C004,2025-01-28,T1,0,Indisponível,0,preferencia_pessoal,planeada,2025-01-09 22:06,440.9,1
D3368,C004,2025-01-28,T2,1,Total,8,,,,,1
D3369,C004,2025-01-28,T3,1,Total,9,,,,,1
D3370,C004,2025-01-29,T1,1,Total,7,,,,,1
D3371,C004,2025-01-29,T2,1,Total,8,,,,,1
D3372,C004,2025-01-29,T3,1,Total,9,,,,,1
D3373,C004,2025-01-30,T1,1,Total,7,,,,,1
D3374,C004,2025-01-30,T2,1,Total,8,,,,,1
D3375,C004,2025-01-30,T3,1,Total,9,,,,,1
D3376,C004,2025-01-31,T1,1,Total,7,,,,,1
D3377,C004,2025-01-31,T2,1,Total,8,,,,,1
D3378,C004,2025-01-31,T3,1,Total,9,,,,,1
D3379,C004,2025-02-01,T1,1,Parcial,4,formação,planeada,2025-01-20 05:06,289.9,1
D3380,C004,2025-02-01,T2,0,Indisponível,0,preferencia_pessoal,planeada,2025-01-04 17:18,668.7,1
D3381,C004,2025-02-01,T3,1,Total,9,,,,,1
D3382,C004,2025-02-02,T1,1,Total,7,,,,,1
D3383,C004,2025-02-02,T2,1,Total,8,,,,,1
D3384,C004,2025-02-02,T3,1,Total,9,,,,,1
D3385,C004,2025-02-03,T1,1,Total,7,,,,,1
D3386,C004,2025-02-03,T2,1,Total,8,,,,,1
D3387,C004,2025-02-03,T3,1,Total,9,,,,,1
D3388,C004,2025-02-04,T1,1,Total,7,,,,,1
D3389,C004,2025-02-04,T2,1,Total,8,,,,,1
D3390,C004,2025-02-04,T3,1,Total,9,,,,,1
D3391,C004,2025-02-05,T1,1,Total,7,,,,,1
D3392,C004,2025-02-05,T2,1,Total,8,,,,,1
D3393,C004,2025-02-05,T3,1,Total,9,,,,,1
D3394,C004,2025-02-06,T1,1,Parcial,4,formação,planeada,2025-01-30 10:24,164.6,1
D3395,C004,2025-02-06,T2,1,Total,8,,,,,1
D3396,C004,2025-02-06,T3,1,Total,9,,,,,1
D3397,C004,2025-02-07,T1,1,Total,7,,,,,1
D3398,C004,2025-02-07,T2,1,Total,8,,,,,1
D3399,C004,2025-02-07,T3,1,Parcial,4,preferencia_pessoal,planeada,2025-01-28 23:42,238.3,1
D3400,C004,2025-02-08,T1,1,Parcial,4,preferencia_pessoal,planeada,2025-01-30 15:54,207.1,1
D3401,C004,2025-02-08,T2,1,Total,8,,,,,1
D3402,C004,2025-02-08,T3,1,Total,9,,,,,1
D3403,C004,2025-02-09,T1,0,Indisponível,0,folga,planeada,2025-01-20 20:48,466.2,1
D3404,C004,2025-02-09,T2,1,Total,8,,,,,1
D3405,C004,2025-02-09,T3,1,Total,9,,,,,1
D3406,C004,2025-02-10,T1,1,Total,7,,,,,1
D3407,C004,2025-02-10,T2,1,Total,8,,,,,1
D3408,C004,2025-02-10,T3,1,Total,9,,,,,1
D3409,C004,2025-02-11,T1,1,Total,7,,,,,1
D3410,C004,2025-02-11,T2,1,Parcial,4,preferencia_pessoal,planeada,2025-02-07 17:06,92.9,1
D3411,C004,2025-02-11,T3,1,Total,9,,,,,1
D3412,C004,2025-02-12,T1,1,Total,7,,,,,1
D3413,C004,2025-02-12,T2,1,Total,8,,,,,1
D3414,C004,2025-02-12,T3,1,Total,9,,,,,1
D3415,C004,2025-02-13,T1,1,Total,7,,,,,1
D3416,C004,2025-02-13,T2,1,Total,8,,,,,1
D3417,C004,2025-02-13,T3,1,Total,9,,,,,1
D3418,C004,2025-02-14,T1,1,Total,7,,,,,1
D3419,C004,2025-02-14,T2,1,Total,8,,,,,1
D3420,C004,2025-02-14,T3,1,Total,9,,,,,1
D3421,C004,2025-02-15,T1,1,Total,7,,,,,1
D3422,C004,2025-02-15,T2,1,Total,8,,,,,1
D3423,C004,2025-02-15,T3,1,Total,9,,,,,1
D3424,C004,2025-02-16,T1,1,Total,7,,,,,1
D3425,C004,2025-02-16,T2,1,Total,8,,,,,1
D3426,C004,2025-02-16,T3,1,Total,9,,,,,1
D3427,C004,2025-02-17,T1,1,Total,7,,,,,1
D3428,C004,2025-02-17,T2,1,Total,8,,,,,1
D3429,C004,2025-02-17,T3,1,Total,9,,,,,1
D3430,C004,2025-02-18,T1,1,Total,7,,,,,1
D3431,C004,2025-02-18,T2,1,Total,8,,,,,1
D3432,C004,2025-02-18,T3,1,Total,9,,,,,1
D3433,C004,2025-02-19,T1,1,Total,7,,,,,1
D3434,C004,2025-02-19,T2,1,Total,8,,,,,1
D3435,C004,2025-02-19,T3,1,Total,9,,,,,1
D3436,C004,2025-02-20,T1,1,Total,7,,,,,1
D3437,C004,2025-02-20,T2,1,Total,8,,,,,1
D3438,C004,2025-02-20,T3,1,Total,9,,,,,1
D3439,C004,2025-02-21,T1,1,Total,7,,,,,1
D3440,C004,2025-02-21,T2,1,Total,8,,,,,1
D3441,C004,2025-02-21,T3,1,Total,9,,,,,1
D3442,C004,2025-02-22,T1,1,Total,7,,,,,1
D3443,C004,2025-02-22,T2,1,Parcial,4,preferencia_pessoal,planeada,2025-02-19 18:54,67.1,1
D3444,C004,2025-02-22,T3,1,Parcial,4,formação,planeada,2025-02-11 23:24,262.6,1
D3445,C004,2025-02-23,T1,1,Total,7,,,,,1
D3446,C004,2025-02-23,T2,1,Total,8,,,,,1
D3447,C004,2025-02-23,T3,1,Total,9,,,,,1
D3448,C004,2025-02-24,T1,1,Total,7,,,,,1
D3449,C004,2025-02-24,T2,1,Total,8,,,,,1
D3450,C004,2025-02-24,T3,1,Total,9,,,,,1
D3451,C004,2025-02-25,T1,1,Total,7,,,,,1
D3452,C004,2025-02-25,T2,1,Total,8,,,,,1
D3453,C004,2025-02-25,T3,1,Total,9,,,,,1
D3454,C004,2025-02-26,T1,1,Total,7,,,,,1
D3455,C004,2025-02-26,T2,1,Total,8,,,,,1
D3456,C004,2025-02-26,T3,1,Total,9,,,,,1
D3457,C004,2025-02-27,T1,1,Total,7,,,,,1
D3458,C004,2025-02-27,T2,1,Total,8,,,,,1
D3459,C004,2025-02-27,T3,1,Total,9,,,,,1
D3460,C004,2025-02-28,T1,1,Total,7,,,,,1
D3461,C004,2025-02-28,T2,1,Total,8,,,,,1
D3462,C004,2025-02-28,T3,0,Indisponível,0,preferencia_pessoal,planeada,2025-02-21 11:18,178.7,1
D3463,C004,2025-03-01,T1,1,Total,7,,,,,1
D3464,C004,2025-03-01,T2,1,Total,8,,,,,1
D3465,C004,2025-03-01,T3,1,Total,9,,,,,1
D3466,C004,2025-03-02,T1,1,Total,7,,,,,1
D3467,C004,2025-03-02,T2,1,Parcial,4,formação,planeada,2025-02-28 06:48,55.2,1
D3468,C004,2025-03-02,T3,1,Total,9,,,,,1
D3469,C004,2025-03-03,T1,1,Total,7,,,,,1
D3470,C004,2025-03-03,T2,1,Total,8,,,,,1
D3471,C004,2025-03-03,T3,1,Total,9,,,,,1
D3472,C004,2025-03-04,T1,1,Total,7,,,,,1
D3473,C004,2025-03-04,T2,1,Total,8,,,,,1
D3474,C004,2025-03-04,T3,1,Parcial,4,consulta_medica,planeada,2025-03-03 17:06,28.9,1
D3475,C004,2025-03-05,T1,1,Total,7,,,,,1
D3476,C004,2025-03-05,T2,1,Total,8,,,,,1
D3477,C004,2025-03-05,T3,1,Total,9,,,,,1
D3478,C004,2025-03-06,T1,1,Total,7,,,,,1
D3479,C004,2025-03-06,T2,1,Total,8,,,,,1
D3480,C004,2025-03-06,T3,1,Total,9,,,,,1
D3481,C004,2025-03-07,T1,1,Total,7,,,,,1
D3482,C004,2025-03-07,T2,0,Indisponível,0,baixa,planeada,2025-02-06 05:54,704.1,1
D3483,C004,2025-03-07,T3,1,Total,9,,,,,1
D3484,C004,2025-03-08,T1,1,Total,7,,,,,1
D3485,C004,2025-03-08,T2,1,Total,8,,,,,1
D3486,C004,2025-03-08,T3,0,Indisponível,0,folga,planeada,2025-03-03 09:42,132.3,1
D3487,C004,2025-03-09,T1,1,Total,7,,,,,1
D3488,C004,2025-03-09,T2,1,Total,8,,,,,1
D3489,C004,2025-03-09,T3,1,Total,9,,,,,1
D3490,C004,2025-03-10,T1,1,Parcial,4,consulta_medica,planeada,2025-03-07 21:06,57.9,1
D3491,C004,2025-03-10,T2,1,Total,8,,,,,1
D3492,C004,2025-03-10,T3,1,Total,9,,,,,1
D3493,C004,2025-03-11,T1,1,Total,7,,,,,1
D3494,C004,2025-03-11,T2,1,Total,8,,,,,1
D3495,C004,2025-03-11,T3,1,Total,9,,,,,1
D3496,C004,2025-03-12,T1,1,Total,7,,,,,1
D3497,C004,2025-03-12,T2,1,Total,8,,,,,1
D3498,C004,2025-03-12,T3,1,Total,9,,,,,1
D3499,C004,2025-03-13,T1,1,Total,7,,,,,1
D3500,C004,2025-03-13,T2,1,Total,8,,,,,1
D3501,C004,2025-03-13,T3,1,Total,9,,,,,1
D3502,C004,2025-03-14,T1,1,Total,7,,,,,1
D3503,C004,2025-03-14,T2,1,Total,8,,,,,1
D3504,C004,2025-03-14,T3,1,Total,9,,,,,1
D3505,C004,2025-03-15,T1,1,Total,7,,,,,1
D3506,C004,2025-03-15,T2,1,Total,8,,,,,1
D3507,C004,2025-03-15,T3,1,Total,9,,,,,1
D3508,C004,2025-03-16,T1,1,Total,7,,,,,1
D3509,C004,2025-03-16,T2,1,Total,8,,,,,1
D3510,C004,2025-03-16,T3,1,Total,9,,,,,1
D3511,C004,2025-03-17,T1,1,Total,7,,,,,1
D3512,C004,2025-03-17,T2,1,Total,8,,,,,1
D3513,C004,2025-03-17,T3,1,Parcial,4,formação,planeada,2025-03-16 22:24,23.6,1
D3514,C004,2025-03-18,T1,1,Total,7,,,,,1
D3515,C004,2025-03-18,T2,1,Total,8,,,,,1
D3516,C004,2025-03-18,T3,1,Parcial,4,formação,planeada,2025-03-17 20:48,25.2,1
D3517,C004,2025-03-19,T1,1,Total,7,,,,,1
D3518,C004,2025-03-19,T2,1,Total,8,,,,,1
D3519,C004,2025-03-19,T3,1,Total,9,,,,,1
D3520,C004,2025-03-20,T1,1,Parcial,4,consulta_medica,planeada,2025-03-18 02:54,52.1,1
D3521,C004,2025-03-20,T2,1,Total,8,,,,,1
D3522,C004,2025-03-20,T3,1,Total,9,,,,,1
D3523,C004,2025-03-21,T1,1,Total,7,,,,,1
D3524,C004,2025-03-21,T2,1,Total,8,,,,,1
D3525,C004,2025-03-21,T3,1,Total,9,,,,,1
D3526,C004,2025-03-22,T1,1,Total,7,,,,,1
D3527,C004,2025-03-22,T2,1,Total,8,,,,,1
D3528,C004,2025-03-22,T3,1,Total,9,,,,,1
D3529,C004,2025-03-23,T1,1,Total,7,,,,,1
D3530,C004,2025-03-23,T2,0,Indisponível,0,baixa,inesperada,2025-03-23 03:00,11.0,1
D3531,C004,2025-03-23,T3,1,Total,9,,,,,1
D3532,C004,2025-03-24,T1,1,Parcial,4,preferencia_pessoal,planeada,2025-03-23 10:36,20.4,1
D3533,C004,2025-03-24,T2,1,Total,8,,,,,1
D3534,C004,2025-03-24,T3,1,Parcial,4,consulta_medica,planeada,2025-03-16 10:42,203.3,1
D3535,C004,2025-03-25,T1,1,Total,7,,,,,1
D3536,C004,2025-03-25,T2,1,Total,8,,,,,1
D3537,C004,2025-03-25,T3,1,Parcial,4,formação,planeada,2025-03-19 06:54,159.1,1
D3538,C004,2025-03-26,T1,1,Total,7,,,,,1
D3539,C004,2025-03-26,T2,0,Indisponível,0,preferencia_pessoal,planeada,2025-03-06 17:24,476.6,1
D3540,C004,2025-03-26,T3,1,Total,9,,,,,1
D3541,C004,2025-03-27,T1,1,Total,7,,,,,1
D3542,C004,2025-03-27,T2,1,Total,8,,,,,1
D3543,C004,2025-03-27,T3,1,Total,9,,,,,1
D3544,C004,2025-03-28,T1,1,Total,7,,,,,1
D3545,C004,2025-03-28,T2,1,Total,8,,,,,1
D3546,C004,2025-03-28,T3,1,Total,9,,,,,1
D3547,C004,2025-03-29,T1,0,Indisponível,0,formação,planeada,2025-03-19 06:12,240.8,1
D3548,C004,2025-03-29,T2,1,Parcial,4,preferencia_pessoal,planeada,2025-03-21 16:42,189.3,1
D3549,C004,2025-03-29,T3,1,Total,9,,,,,1
D3550,C004,2025-03-30,T1,1,Total,7,,,,,1
D3551,C004,2025-03-30,T2,1,Total,8,,,,,1
D3552,C004,2025-03-30,T3,1,Total,9,,,,,1
D3553,C004,2025-03-31,T1,1,Total,7,,,,,1
D3554,C004,2025-03-31,T2,1,Parcial,4,formação,planeada,2025-03-28 21:12,64.8,1
D3555,C004,2025-03-31,T3,1,Total,9,,,,,1
D3556,C004,2025-04-01,T1,1,Total,7,,,,,1
D3557,C004,2025-04-01,T2,1,Total,8,,,,,1
D3558,C004,2025-04-01,T3,1,Parcial,4,preferencia_pessoal,planeada,2025-03-21 14:24,271.6,1
D3559,C004,2025-04-02,T1,1,Total,7,,,,,1
D3560,C004,2025-04-02,T2,1,Total,8,,,,,1
D3561,C004,2025-04-02,T3,1,Total,9,,,,,1
D3562,C004,2025-04-03,T1,1,Total,7,,,,,1
D3563,C004,2025-04-03,T2,1,Total,8,,,,,1
D3564,C004,2025-04-03,T3,1,Total,9,,,,,1
D3565,C004,2025-04-04,T1,1,Total,7,,,,,1
D3566,C004,2025-04-04,T2,1,Total,8,,,,,1
D3567,C004,2025-04-04,T3,1,Total,9,,,,,1
D3568,C004,2025-04-05,T1,1,Total,7,,,,,1
D3569,C004,2025-04-05,T2,1,Total,8,,,,,1
D3570,C004,2025-04-05,T3,1,Total,9,,,,,1
D3571,C004,2025-04-06,T1,1,Total,7,,,,,1
D3572,C004,2025-04-06,T2,1,Total,8,,,,,1
D3573,C004,2025-04-06,T3,1,Total,9,,,,,1
D3574,C004,2025-04-07,T1,1,Total,7,,,,,1
D3575,C004,2025-04-07,T2,1,Total,8,,,,,1
D3576,C004,2025-04-07,T3,0,Indisponível,0,férias,planeada,2025-03-24 17:48,340.2,1
D3577,C004,2025-04-08,T1,1,Total,7,,,,,1
D3578,C004,2025-04-08,T2,1,Total,8,,,,,1
D3579,C004,2025-04-08,T3,1,Total,9,,,,,1
D3580,C004,2025-04-09,T1,1,Total,7,,,,,1
D3581,C004,2025-04-09,T2,1,Total,8,,,,,1
D3582,C004,2025-04-09,T3,1,Total,9,,,,,1
D3583,C004,2025-04-10,T1,1,Total,7,,,,,1
D3584,C004,2025-04-10,T2,1,Total,8,,,,,1
D3585,C004,2025-04-10,T3,1,Total,9,,,,,1
D3586,C004,2025-04-11,T1,1,Total,7,,,,,1
D3587,C004,2025-04-11,T2,1,Total,8,,,,,1
D3588,C004,2025-04-11,T3,1,Parcial,4,preferencia_pessoal,planeada,2025-03-31 01:18,284.7,1
D3589,C004,2025-04-12,T1,1,Total,7,,,,,1
D3590,C004,2025-04-12,T2,1,Total,8,,,,,1
D3591,C004,2025-04-12,T3,1,Total,9,,,,,1
D3592,C004,2025-04-13,T1,1,Total,7,,,,,1
D3593,C004,2025-04-13,T2,1,Total,8,,,,,1
D3594,C004,2025-04-13,T3,1,Total,9,,,,,1
D3595,C004,2025-04-14,T1,1,Total,7,,,,,1
D3596,C004,2025-04-14,T2,1,Total,8,,,,,1
D3597,C004,2025-04-14,T3,1,Total,9,,,,,1
D3598,C004,2025-04-15,T1,1,Total,7,,,,,1
D3599,C004,2025-04-15,T2,1,Total,8,,,,,1
D3600,C004,2025-04-15,T3,1,Total,9,,,,,1
D3601,C004,2025-04-16,T1,1,Total,7,,,,,1
D3602,C004,2025-04-16,T2,0,Indisponível,0,consulta_medica,planeada,2025-03-23 21:24,568.6,1
D3603,C004,2025-04-16,T3,1,Total,9,,,,,1
D3604,C004,2025-04-17,T1,0,Indisponível,0,férias,planeada,2025-03-27 00:18,510.7,1
D3605,C004,2025-04-17,T2,1,Total,8,,,,,1
D3606,C004,2025-04-17,T3,1,Total,9,,,,,1
D3607,C004,2025-04-18,T1,1,Total,7,,,,,1
D3608,C004,2025-04-18,T2,1,Total,8,,,,,1
D3609,C004,2025-04-18,T3,1,Total,9,,,,,1
D3610,C004,2025-04-19,T1,1,Total,7,,,,,1
D3611,C004,2025-04-19,T2,1,Total,8,,,,,1
D3612,C004,2025-04-19,T3,1,Total,9,,,,,1
D3613,C004,2025-04-20,T1,1,Total,7,,,,,1
D3614,C004,2025-04-20,T2,1,Parcial,4,consulta_medica,planeada,2025-04-08 07:36,294.4,1
D3615,C004,2025-04-20,T3,1,Total,9,,,,,1
D3616,C004,2025-04-21,T1,0,Indisponível,0,férias,planeada,2025-04-20 09:36,21.4,1
D3617,C004,2025-04-21,T2,1,Total,8,,,,,1
D3618,C004,2025-04-21,T3,1,Total,9,,,,,1
D3619,C004,2025-04-22,T1,1,Total,7,,,,,1
D3620,C004,2025-04-22,T2,1,Total,8,,,,,1
D3621,C004,2025-04-22,T3,1,Total,9,,,,,1
D3622,C004,2025-04-23,T1,1,Total,7,,,,,1
D3623,C004,2025-04-23,T2,1,Total,8,,,,,1
D3624,C004,2025-04-23,T3,1,Total,9,,,,,1
D3625,C004,2025-04-24,T1,1,Total,7,,,,,1
D3626,C004,2025-04-24,T2,1,Total,8,,,,,1
D3627,C004,2025-04-24,T3,1,Total,9,,,,,1
D3628,C004,2025-04-25,T1,1,Total,7,,,,,1
D3629,C004,2025-04-25,T2,1,Total,8,,,,,1
D3630,C004,2025-04-25,T3,1,Parcial,4,consulta_medica,planeada,2025-04-25 05:30,16.5,1
D3631,C004,2025-04-26,T1,1,Total,7,,,,,1
D3632,C004,2025-04-26,T2,1,Total,8,,,,,1
D3633,C004,2025-04-26,T3,1,Total,9,,,,,1
D3634,C004,2025-04-27,T1,0,Indisponível,0,consulta_medica,inesperada,2025-04-27 03:42,3.3,1
D3635,C004,2025-04-27,T2,1,Total,8,,,,,1
D3636,C004,2025-04-27,T3,1,Total,9,,,,,1
D3637,C004,2025-04-28,T1,1,Parcial,4,formação,planeada,2025-04-25 19:00,60.0,1
D3638,C004,2025-04-28,T2,0,Indisponível,0,folga,planeada,2025-04-23 14:06,119.9,1
D3639,C004,2025-04-28,T3,1,Total,9,,,,,1
D3640,C004,2025-04-29,T1,1,Total,7,,,,,1
D3641,C004,2025-04-29,T2,1,Total,8,,,,,1
D3642,C004,2025-04-29,T3,1,Total,9,,,,,1
D3643,C004,2025-04-30,T1,1,Total,7,,,,,1
D3644,C004,2025-04-30,T2,1,Total,8,,,,,1
D3645,C004,2025-04-30,T3,1,Total,9,,,,,1
D3646,C004,2025-05-01,T1,1,Total,7,,,,,1
D3647,C004,2025-05-01,T2,1,Parcial,4,preferencia_pessoal,planeada,2025-04-29 16:42,45.3,1
D3648,C004,2025-05-01,T3,1,Total,9,,,,,1
D3649,C004,2025-05-02,T1,1,Total,7,,,,,1
D3650,C004,2025-05-02,T2,1,Total,8,,,,,1
D3651,C004,2025-05-02,T3,1,Total,9,,,,,1
D3652,C004,2025-05-03,T1,1,Total,7,,,,,1
D3653,C004,2025-05-03,T2,1,Total,8,,,,,1
D3654,C004,2025-05-03,T3,0,Indisponível,0,férias,planeada,2025-04-18 06:30,375.5,1
D3655,C004,2025-05-04,T1,1,Total,7,,,,,1
D3656,C004,2025-05-04,T2,1,Total,8,,,,,1
D3657,C004,2025-05-04,T3,1,Total,9,,,,,1
D3658,C004,2025-05-05,T1,1,Total,7,,,,,1
D3659,C004,2025-05-05,T2,1,Total,8,,,,,1
D3660,C004,2025-05-05,T3,1,Parcial,4,formação,planeada,2025-04-29 17:18,148.7,1
D3661,C004,2025-05-06,T1,1,Total,7,,,,,1
D3662,C004,2025-05-06,T2,1,Total,8,,,,,1
D3663,C004,2025-05-06,T3,1,Total,9,,,,,1
D3664,C004,2025-05-07,T1,1,Total,7,,,,,1
D3665,C004,2025-05-07,T2,1,Parcial,4,formação,planeada,2025-05-01 00:42,157.3,1
D3666,C004,2025-05-07,T3,0,Indisponível,0,férias,planeada,2025-05-01 17:54,148.1,1
D3667,C004,2025-05-08,T1,1,Total,7,,,,,1
D3668,C004,2025-05-08,T2,1,Total,8,,,,,1
D3669,C004,2025-05-08,T3,1,Total,9,,,,,1
D3670,C004,2025-05-09,T1,1,Total,7,,,,,1
D3671,C004,2025-05-09,T2,1,Total,8,,,,,1
D3672,C004,2025-05-09,T3,1,Total,9,,,,,1
D3673,C004,2025-05-10,T1,1,Total,7,,,,,1
D3674,C004,2025-05-10,T2,1,Total,8,,,,,1
D3675,C004,2025-05-10,T3,1,Total,9,,,,,1
D3676,C004,2025-05-11,T1,1,Total,7,,,,,1
D3677,C004,2025-05-11,T2,1,Total,8,,,,,1
D3678,C004,2025-05-11,T3,1,Total,9,,,,,1
D3679,C004,2025-05-12,T1,1,Total,7,,,,,1
D3680,C004,2025-05-12,T2,1,Total,8,,,,,1
D3681,C004,2025-05-12,T3,1,Total,9,,,,,1
D3682,C004,2025-05-13,T1,1,Total,7,,,,,1
D3683,C004,2025-05-13,T2,1,Total,8,,,,,1
D3684,C004,2025-05-13,T3,1,Total,9,,,,,1
D3685,C004,2025-05-14,T1,1,Total,7,,,,,1
D3686,C004,2025-05-14,T2,1,Total,8,,,,,1
D3687,C004,2025-05-14,T3,1,Total,9,,,,,1
D3688,C004,2025-05-15,T1,1,Total,7,,,,,1
D3689,C004,2025-05-15,T2,1,Parcial,4,formação,planeada,2025-05-12 23:24,62.6,1
D3690,C004,2025-05-15,T3,1,Parcial,4,formação,planeada,2025-05-02 16:30,317.5,1
D3691,C004,2025-05-16,T1,1,Total,7,,,,,1
D3692,C004,2025-05-16,T2,1,Total,8,,,,,1
D3693,C004,2025-05-16,T3,0,Indisponível,0,folga,planeada,2025-04-20 10:18,635.7,1
D3694,C004,2025-05-17,T1,1,Total,7,,,,,1
D3695,C004,2025-05-17,T2,1,Total,8,,,,,1
D3696,C004,2025-05-17,T3,1,Total,9,,,,,1
D3697,C004,2025-05-18,T1,1,Total,7,,,,,1
D3698,C004,2025-05-18,T2,0,Indisponível,0,folga,planeada,2025-05-05 09:06,316.9,1
D3699,C004,2025-05-18,T3,1,Total,9,,,,,1
D3700,C004,2025-05-19,T1,1,Parcial,4,formação,planeada,2025-05-12 05:24,169.6,1
D3701,C004,2025-05-19,T2,1,Total,8,,,,,1
D3702,C004,2025-05-19,T3,1,Total,9,,,,,1
D3703,C004,2025-05-20,T1,1,Total,7,,,,,1
D3704,C004,2025-05-20,T2,1,Total,8,,,,,1
D3705,C004,2025-05-20,T3,1,Total,9,,,,,1
D3706,C004,2025-05-21,T1,1,Total,7,,,,,1
D3707,C004,2025-05-21,T2,1,Total,8,,,,,1
D3708,C004,2025-05-21,T3,1,Total,9,,,,,1
D3709,C004,2025-05-22,T1,1,Parcial,4,formação,planeada,2025-05-09 06:48,312.2,1
D3710,C004,2025-05-22,T2,1,Total,8,,,,,1
D3711,C004,2025-05-22,T3,1,Total,9,,,,,1
D3712,C004,2025-05-23,T1,1,Total,7,,,,,1
D3713,C004,2025-05-23,T2,1,Total,8,,,,,1
D3714,C004,2025-05-23,T3,1,Total,9,,,,,1
D3715,C004,2025-05-24,T1,1,Total,7,,,,,1
D3716,C004,2025-05-24,T2,1,Total,8,,,,,1
D3717,C004,2025-05-24,T3,1,Parcial,4,consulta_medica,planeada,2025-05-17 13:36,176.4,1
D3718,C004,2025-05-25,T1,1,Total,7,,,,,1
D3719,C004,2025-05-25,T2,1,Total,8,,,,,1
D3720,C004,2025-05-25,T3,1,Total,9,,,,,1
D3721,C004,2025-05-26,T1,1,Total,7,,,,,1
D3722,C004,2025-05-26,T2,1,Total,8,,,,,1
D3723,C004,2025-05-26,T3,1,Total,9,,,,,1
D3724,C004,2025-05-27,T1,1,Total,7,,,,,1
D3725,C004,2025-05-27,T2,1,Total,8,,,,,1
D3726,C004,2025-05-27,T3,1,Parcial,4,consulta_medica,planeada,2025-05-22 21:36,120.4,1
D3727,C004,2025-05-28,T1,1,Parcial,4,formação,planeada,2025-05-21 20:42,154.3,1
D3728,C004,2025-05-28,T2,1,Total,8,,,,,1
D3729,C004,2025-05-28,T3,0,Indisponível,0,restrição_noite,planeada,2025-05-14 10:36,347.4,1
D3730,C004,2025-05-29,T1,1,Total,7,,,,,1
D3731,C004,2025-05-29,T2,1,Total,8,,,,,1
D3732,C004,2025-05-29,T3,1,Total,9,,,,,1
D3733,C004,2025-05-30,T1,1,Total,7,,,,,1
D3734,C004,2025-05-30,T2,1,Total,8,,,,,1
D3735,C004,2025-05-30,T3,1,Total,9,,,,,1
D3736,C004,2025-05-31,T1,1,Total,7,,,,,1
D3737,C004,2025-05-31,T2,1,Total,8,,,,,1
D3738,C004,2025-05-31,T3,1,Total,9,,,,,1
D3739,C004,2025-06-01,T1,1,Total,7,,,,,1
D3740,C004,2025-06-01,T2,1,Total,8,,,,,1
D3741,C004,2025-06-01,T3,1,Total,9,,,,,1
D3742,C004,2025-06-02,T1,1,Total,7,,,,,1
D3743,C004,2025-06-02,T2,1,Total,8,,,,,1
D3744,C004,2025-06-02,T3,1,Total,9,,,,,1
D3745,C004,2025-06-03,T1,1,Total,7,,,,,1
D3746,C004,2025-06-03,T2,1,Total,8,,,,,1
D3747,C004,2025-06-03,T3,1,Total,9,,,,,1
D3748,C004,2025-06-04,T1,1,Total,7,,,,,1
D3749,C004,2025-06-04,T2,1,Total,8,,,,,1
D3750,C004,2025-06-04,T3,1,Total,9,,,,,1
D3751,C004,2025-06-05,T1,1,Total,7,,,,,1
D3752,C004,2025-06-05,T2,1,Parcial,4,consulta_medica,planeada,2025-05-31 20:00,114.0,1
D3753,C004,2025-06-05,T3,1,Total,9,,,,,1
D3754,C004,2025-06-06,T1,1,Total,7,,,,,1
D3755,C004,2025-06-06,T2,0,Indisponível,0,nao_autorizado_fds,planeada,2025-06-01 15:06,118.9,1
D3756,C004,2025-06-06,T3,1,Total,9,,,,,1
D3757,C004,2025-06-07,T1,1,Total,7,,,,,1
D3758,C004,2025-06-07,T2,1,Total,8,,,,,1
D3759,C004,2025-06-07,T3,1,Total,9,,,,,1
D3760,C004,2025-06-08,T1,1,Total,7,,,,,1
D3761,C004,2025-06-08,T2,1,Total,8,,,,,1
D3762,C004,2025-06-08,T3,1,Total,9,,,,,1
D3763,C004,2025-06-09,T1,1,Total,7,,,,,1
D3764,C004,2025-06-09,T2,1,Total,8,,,,,1
D3765,C004,2025-06-09,T3,1,Total,9,,,,,1
D3766,C004,2025-06-10,T1,1,Total,7,,,,,1
D3767,C004,2025-06-10,T2,1,Total,8,,,,,1
D3768,C004,2025-06-10,T3,1,Total,9,,,,,1
D3769,C004,2025-06-11,T1,1,Total,7,,,,,1
D3770,C004,2025-06-11,T2,1,Total,8,,,,,1
D3771,C004,2025-06-11,T3,1,Total,9,,,,,1
D3772,C004,2025-06-12,T1,1,Total,7,,,,,1
D3773,C004,2025-06-12,T2,1,Total,8,,,,,1
D3774,C004,2025-06-12,T3,1,Total,9,,,,,1
D3775,C004,2025-06-13,T1,1,Total,7,,,,,1
D3776,C004,2025-06-13,T2,1,Total,8,,,,,1
D3777,C004,2025-06-13,T3,1,Total,9,,,,,1
D3778,C004,2025-06-14,T1,1,Total,7,,,,,1
D3779,C004,2025-06-14,T2,1,Total,8,,,,,1
D3780,C004,2025-06-14,T3,1,Total,9,,,,,1
D3781,C004,2025-06-15,T1,1,Total,7,,,,,1
D3782,C004,2025-06-15,T2,1,Total,8,,,,,1
D3783,C004,2025-06-15,T3,1,Total,9,,,,,1
D3784,C004,2025-06-16,T1,1,Parcial,4,preferencia_pessoal,planeada,2025-06-10 12:36,138.4,1
D3785,C004,2025-06-16,T2,1,Total,8,,,,,1
D3786,C004,2025-06-16,T3,1,Parcial,4,preferencia_pessoal,planeada,2025-06-13 12:48,81.2,1
D3787,C004,2025-06-17,T1,1,Total,7,,,,,1
D3788,C004,2025-06-17,T2,1,Total,8,,,,,1
D3789,C004,2025-06-17,T3,1,Total,9,,,,,1
D3790,C004,2025-06-18,T1,1,Total,7,,,,,1
D3791,C004,2025-06-18,T2,0,Indisponível,0,consulta_medica,planeada,2025-06-10 23:06,182.9,1
D3792,C004,2025-06-18,T3,1,Total,9,,,,,1
D3793,C004,2025-06-19,T1,1,Total,7,,,,,1
D3794,C004,2025-06-19,T2,1,Total,8,,,,,1
D3795,C004,2025-06-19,T3,1,Parcial,4,formação,planeada,2025-06-08 01:18,284.7,1
D3796,C004,2025-06-20,T1,1,Total,7,,,,,1
D3797,C004,2025-06-20,T2,1,Total,8,,,,,1
D3798,C004,2025-06-20,T3,0,Indisponível,0,formação,planeada,2025-06-16 17:42,100.3,1
D3799,C004,2025-06-21,T1,1,Total,7,,,,,1
D3800,C004,2025-06-21,T2,1,Total,8,,,,,1
D3801,C004,2025-06-21,T3,1,Total,9,,,,,1
D3802,C004,2025-06-22,T1,1,Total,7,,,,,1
D3803,C004,2025-06-22,T2,1,Total,8,,,,,1
D3804,C004,2025-06-22,T3,1,Total,9,,,,,1
D3805,C004,2025-06-23,T1,1,Total,7,,,,,1
D3806,C004,2025-06-23,T2,1,Total,8,,,,,1
D3807,C004,2025-06-23,T3,1,Total,9,,,,,1
D3808,C004,2025-06-24,T1,1,Total,7,,,,,1
D3809,C004,2025-06-24,T2,1,Total,8,,,,,1
D3810,C004,2025-06-24,T3,1,Total,9,,,,,1
D3811,C004,2025-06-25,T1,1,Total,7,,,,,1
D3812,C004,2025-06-25,T2,1,Total,8,,,,,1
D3813,C004,2025-06-25,T3,1,Total,9,,,,,1
D3814,C004,2025-06-26,T1,1,Total,7,,,,,1
D3815,C004,2025-06-26,T2,1,Total,8,,,,,1
D3816,C004,2025-06-26,T3,1,Total,9,,,,,1
D3817,C004,2025-06-27,T1,1,Total,7,,,,,1
D3818,C004,2025-06-27,T2,1,Total,8,,,,,1
D3819,C004,2025-06-27,T3,1,Total,9,,,,,1
D3820,C004,2025-06-28,T1,1,Total,7,,,,,1
D3821,C004,2025-06-28,T2,1,Total,8,,,,,1
D3822,C004,2025-06-28,T3,1,Parcial,4,consulta_medica,planeada,2025-06-17 05:36,280.4,1
D3823,C004,2025-06-29,T1,1,Parcial,4,formação,planeada,2025-06-16 19:06,299.9,1
D3824,C004,2025-06-29,T2,1,Total,8,,,,,1
D3825,C004,2025-06-29,T3,1,Parcial,4,preferencia_pessoal,planeada,2025-06-21 11:24,202.6,1
D3826,C004,2025-06-30,T1,1,Total,7,,,,,1
D3827,C004,2025-06-30,T2,1,Total,8,,,,,1
D3828,C004,2025-06-30,T3,1,Total,9,,,,,1
D3829,C004,2025-07-01,T1,1,Total,7,,,,,1
D3830,C004,2025-07-01,T2,1,Total,8,,,,,1
D3831,C004,2025-07-01,T3,1,Total,9,,,,,1
D3832,C004,2025-07-02,T1,1,Total,7,,,,,1
D3833,C004,2025-07-02,T2,1,Total,8,,,,,1
D3834,C004,2025-07-02,T3,1,Total,9,,,,,1
D3835,C004,2025-07-03,T1,1,Total,7,,,,,1
D3836,C004,2025-07-03,T2,1,Total,8,,,,,1
D3837,C004,2025-07-03,T3,1,Total,9,,,,,1
D3838,C004,2025-07-04,T1,1,Total,7,,,,,1
D3839,C004,2025-07-04,T2,1,Total,8,,,,,1
D3840,C004,2025-07-04,T3,1,Total,9,,,,,1
D3841,C004,2025-07-05,T1,1,Total,7,,,,,1
D3842,C004,2025-07-05,T2,1,Total,8,,,,,1
D3843,C004,2025-07-05,T3,1,Total,9,,,,,1
D3844,C004,2025-07-06,T1,0,Indisponível,0,folga,planeada,2025-06-19 07:12,407.8,1
D3845,C004,2025-07-06,T2,1,Total,8,,,,,1
D3846,C004,2025-07-06,T3,1,Parcial,4,formação,planeada,2025-07-04 22:18,47.7,1
D3847,C004,2025-07-07,T1,1,Total,7,,,,,1
D3848,C004,2025-07-07,T2,0,Indisponível,0,folga,planeada,2025-06-26 03:00,275.0,1
D3849,C004,2025-07-07,T3,1,Total,9,,,,,1
D3850,C004,2025-07-08,T1,1,Total,7,,,,,1
D3851,C004,2025-07-08,T2,1,Total,8,,,,,1
D3852,C004,2025-07-08,T3,1,Total,9,,,,,1
D3853,C004,2025-07-09,T1,1,Total,7,,,,,1
D3854,C004,2025-07-09,T2,1,Total,8,,,,,1
D3855,C004,2025-07-09,T3,0,Indisponível,0,nao_autorizado_fds,planeada,2025-06-13 04:30,641.5,1
D3856,C004,2025-07-10,T1,1,Total,7,,,,,1
D3857,C004,2025-07-10,T2,1,Total,8,,,,,1
D3858,C004,2025-07-10,T3,1,Total,9,,,,,1
D3859,C004,2025-07-11,T1,1,Parcial,4,consulta_medica,planeada,2025-07-09 21:06,33.9,1
D3860,C004,2025-07-11,T2,1,Total,8,,,,,1
D3861,C004,2025-07-11,T3,1,Total,9,,,,,1
D3862,C004,2025-07-12,T1,1,Total,7,,,,,1
D3863,C004,2025-07-12,T2,1,Total,8,,,,,1
D3864,C004,2025-07-12,T3,1,Total,9,,,,,1
D3865,C004,2025-07-13,T1,1,Total,7,,,,,1
D3866,C004,2025-07-13,T2,1,Total,8,,,,,1
D3867,C004,2025-07-13,T3,1,Total,9,,,,,1
D3868,C004,2025-07-14,T1,1,Total,7,,,,,1
D3869,C004,2025-07-14,T2,1,Total,8,,,,,1
D3870,C004,2025-07-14,T3,1,Total,9,,,,,1
D3871,C004,2025-07-15,T1,1,Total,7,,,,,1
D3872,C004,2025-07-15,T2,1,Total,8,,,,,1
D3873,C004,2025-07-15,T3,1,Total,9,,,,,1
D3874,C004,2025-07-16,T1,1,Total,7,,,,,1
D3875,C004,2025-07-16,T2,1,Total,8,,,,,1
D3876,C004,2025-07-16,T3,1,Total,9,,,,,1
D3877,C004,2025-07-17,T1,1,Total,7,,,,,1
D3878,C004,2025-07-17,T2,1,Total,8,,,,,1
D3879,C004,2025-07-17,T3,1,Total,9,,,,,1
D3880,C004,2025-07-18,T1,1,Total,7,,,,,1
D3881,C004,2025-07-18,T2,1,Total,8,,,,,1
D3882,C004,2025-07-18,T3,1,Total,9,,,,,1
D3883,C004,2025-07-19,T1,1,Total,7,,,,,1
D3884,C004,2025-07-19,T2,1,Total,8,,,,,1
D3885,C004,2025-07-19,T3,1,Total,9,,,,,1
D3886,C004,2025-07-20,T1,1,Total,7,,,,,1
D3887,C004,2025-07-20,T2,1,Total,8,,,,,1
D3888,C004,2025-07-20,T3,1,Total,9,,,,,1
D3889,C004,2025-07-21,T1,1,Total,7,,,,,1
D3890,C004,2025-07-21,T2,1,Total,8,,,,,1
D3891,C004,2025-07-21,T3,1,Parcial,4,preferencia_pessoal,planeada,2025-07-18 19:42,74.3,1
D3892,C004,2025-07-22,T1,1,Total,7,,,,,1
D3893,C004,2025-07-22,T2,1,Total,8,,,,,1
D3894,C004,2025-07-22,T3,1,Total,9,,,,,1
D3895,C004,2025-07-23,T1,1,Total,7,,,,,1
D3896,C004,2025-07-23,T2,1,Total,8,,,,,1
D3897,C004,2025-07-23,T3,1,Total,9,,,,,1
D3898,C004,2025-07-24,T1,0,Indisponível,0,formação,planeada,2025-07-08 02:24,388.6,1
D3899,C004,2025-07-24,T2,1,Total,8,,,,,1
D3900,C004,2025-07-24,T3,1,Total,9,,,,,1
D3901,C004,2025-07-25,T1,1,Total,7,,,,,1
D3902,C004,2025-07-25,T2,1,Total,8,,,,,1
D3903,C004,2025-07-25,T3,1,Total,9,,,,,1
D3904,C004,2025-07-26,T1,1,Total,7,,,,,1
D3905,C004,2025-07-26,T2,1,Parcial,4,consulta_medica,planeada,2025-07-20 15:48,142.2,1
D3906,C004,2025-07-26,T3,1,Total,9,,,,,1
D3907,C004,2025-07-27,T1,1,Total,7,,,,,1
D3908,C004,2025-07-27,T2,1,Total,8,,,,,1
D3909,C004,2025-07-27,T3,1,Total,9,,,,,1
D3910,C004,2025-07-28,T1,0,Indisponível,0,baixa,planeada,2025-07-25 02:36,76.4,1
D3911,C004,2025-07-28,T2,1,Total,8,,,,,1
D3912,C004,2025-07-28,T3,1,Total,9,,,,,1
D3913,C004,2025-07-29,T1,1,Total,7,,,,,1
D3914,C004,2025-07-29,T2,1,Total,8,,,,,1
D3915,C004,2025-07-29,T3,1,Total,9,,,,,1
D3916,C004,2025-07-30,T1,1,Total,7,,,,,1
D3917,C004,2025-07-30,T2,1,Total,8,,,,,1
D3918,C004,2025-07-30,T3,1,Total,9,,,,,1
D3919,C004,2025-07-31,T1,1,Parcial,4,preferencia_pessoal,planeada,2025-07-28 08:12,70.8,1
D3920,C004,2025-07-31,T2,1,Parcial,4,consulta_medica,planeada,2025-07-29 18:00,44.0,1
D3921,C004,2025-07-31,T3,1,Total,9,,,,,1
D3922,C004,2025-08-01,T1,1,Total,7,,,,,1
D3923,C004,2025-08-01,T2,1,Total,8,,,,,1
D3924,C004,2025-08-01,T3,1,Total,9,,,,,1
D3925,C004,2025-08-02,T1,1,Parcial,4,preferencia_pessoal,planeada,2025-07-29 13:24,89.6,1
D3926,C004,2025-08-02,T2,1,Total,8,,,,,1
D3927,C004,2025-08-02,T3,1,Total,9,,,,,1
D3928,C004,2025-08-03,T1,1,Total,7,,,,,1
D3929,C004,2025-08-03,T2,1,Total,8,,,,,1
D3930,C004,2025-08-03,T3,1,Parcial,4,preferencia_pessoal,planeada,2025-07-30 02:54,115.1,1
D3931,C004,2025-08-04,T1,1,Total,7,,,,,1
D3932,C004,2025-08-04,T2,1,Total,8,,,,,1
D3933,C004,2025-08-04,T3,1,Total,9,,,,,1
D3934,C004,2025-08-05,T1,1,Total,7,,,,,1
D3935,C004,2025-08-05,T2,1,Total,8,,,,,1
D3936,C004,2025-08-05,T3,1,Total,9,,,,,1
D3937,C004,2025-08-06,T1,1,Total,7,,,,,1
D3938,C004,2025-08-06,T2,1,Total,8,,,,,1
D3939,C004,2025-08-06,T3,1,Total,9,,,,,1
D3940,C004,2025-08-07,T1,1,Total,7,,,,,1
D3941,C004,2025-08-07,T2,1,Total,8,,,,,1
D3942,C004,2025-08-07,T3,1,Total,9,,,,,1
D3943,C004,2025-08-08,T1,1,Total,7,,,,,1
D3944,C004,2025-08-08,T2,1,Parcial,4,consulta_medica,planeada,2025-07-28 12:18,265.7,1
D3945,C004,2025-08-08,T3,1,Total,9,,,,,1
D3946,C004,2025-08-09,T1,1,Total,7,,,,,1
D3947,C004,2025-08-09,T2,1,Total,8,,,,,1
D3948,C004,2025-08-09,T3,1,Total,9,,,,,1
D3949,C004,2025-08-10,T1,1,Total,7,,,,,1
D3950,C004,2025-08-10,T2,1,Total,8,,,,,1
D3951,C004,2025-08-10,T3,1,Total,9,,,,,1
D3952,C004,2025-08-11,T1,0,Indisponível,0,baixa,planeada,2025-08-02 06:12,216.8,1
D3953,C004,2025-08-11,T2,1,Total,8,,,,,1
D3954,C004,2025-08-11,T3,0,Indisponível,0,preferencia_pessoal,planeada,2025-07-28 04:36,353.4,1
D3955,C004,2025-08-12,T1,1,Total,7,,,,,1
D3956,C004,2025-08-12,T2,1,Total,8,,,,,1
D3957,C004,2025-08-12,T3,1,Total,9,,,,,1
D3958,C004,2025-08-13,T1,1,Total,7,,,,,1
D3959,C004,2025-08-13,T2,1,Total,8,,,,,1
D3960,C004,2025-08-13,T3,1,Total,9,,,,,1
D3961,C004,2025-08-14,T1,1,Total,7,,,,,1
D3962,C004,2025-08-14,T2,0,Indisponível,0,consulta_medica,planeada,2025-08-05 05:06,224.9,1
D3963,C004,2025-08-14,T3,1,Total,9,,,,,1
D3964,C004,2025-08-15,T1,1,Parcial,4,formação,planeada,2025-08-05 00:06,246.9,1
D3965,C004,2025-08-15,T2,1,Total,8,,,,,1
D3966,C004,2025-08-15,T3,1,Total,9,,,,,1
D3967,C004,2025-08-16,T1,1,Total,7,,,,,1
D3968,C004,2025-08-16,T2,1,Total,8,,,,,1
D3969,C004,2025-08-16,T3,1,Total,9,,,,,1
D3970,C004,2025-08-17,T1,1,Total,7,,,,,1
D3971,C004,2025-08-17,T2,1,Total,8,,,,,1
D3972,C004,2025-08-17,T3,1,Total,9,,,,,1
D3973,C004,2025-08-18,T1,1,Total,7,,,,,1
D3974,C004,2025-08-18,T2,1,Total,8,,,,,1
D3975,C004,2025-08-18,T3,1,Total,9,,,,,1
D3976,C004,2025-08-19,T1,1,Total,7,,,,,1
D3977,C004,2025-08-19,T2,1,Total,8,,,,,1
D3978,C004,2025-08-19,T3,1,Total,9,,,,,1
D3979,C004,2025-08-20,T1,1,Total,7,,,,,1
D3980,C004,2025-08-20,T2,1,Total,8,,,,,1
D3981,C004,2025-08-20,T3,1,Total,9,,,,,1
D3982,C004,2025-08-21,T1,1,Total,7,,,,,1
D3983,C004,2025-08-21,T2,1,Total,8,,,,,1
D3984,C004,2025-08-21,T3,0,Indisponível,0,folga,planeada,2025-08-16 07:06,134.9,1
D3985,C004,2025-08-22,T1,1,Total,7,,,,,1
D3986,C004,2025-08-22,T2,1,Total,8,,,,,1
D3987,C004,2025-08-22,T3,1,Total,9,,,,,1
D3988,C004,2025-08-23,T1,1,Total,7,,,,,1
D3989,C004,2025-08-23,T2,1,Parcial,4,preferencia_pessoal,planeada,2025-08-15 19:30,186.5,1
D3990,C004,2025-08-23,T3,1,Total,9,,,,,1
D3991,C004,2025-08-24,T1,1,Parcial,4,formação,planeada,2025-08-12 14:54,280.1,1
D3992,C004,2025-08-24,T2,1,Total,8,,,,,1
D3993,C004,2025-08-24,T3,1,Total,9,,,,,1
D3994,C004,2025-08-25,T1,1,Total,7,,,,,1
D3995,C004,2025-08-25,T2,1,Total,8,,,,,1
D3996,C004,2025-08-25,T3,1,Parcial,4,formação,planeada,2025-08-12 18:42,315.3,1
D3997,C004,2025-08-26,T1,0,Indisponível,0,consulta_medica,planeada,2025-08-05 17:12,493.8,1
D3998,C004,2025-08-26,T2,1,Total,8,,,,,1
D3999,C004,2025-08-26,T3,1,Total,9,,,,,1
D4000,C004,2025-08-27,T1,1,Total,7,,,,,1
D4001,C004,2025-08-27,T2,1,Total,8,,,,,1
D4002,C004,2025-08-27,T3,1,Total,9,,,,,1
D4003,C004,2025-08-28,T1,1,Total,7,,,,,1
D4004,C004,2025-08-28,T2,1,Total,8,,,,,1
D4005,C004,2025-08-28,T3,1,Total,9,,,,,1
D4006,C004,2025-08-29,T1,0,Indisponível,0,baixa,planeada,2025-08-10 21:54,441.1,1
D4007,C004,2025-08-29,T2,0,Indisponível,0,outro,planeada,2025-08-10 06:00,464.0,1
D4008,C004,2025-08-29,T3,1,Parcial,4,formação,planeada,2025-08-21 17:36,196.4,1
D4009,C004,2025-08-30,T1,1,Total,7,,,,,1
D4010,C004,2025-08-30,T2,1,Total,8,,,,,1
D4011,C004,2025-08-30,T3,1,Total,9,,,,,1
D4012,C004,2025-08-31,T1,1,Total,7,,,,,1
D4013,C004,2025-08-31,T2,1,Total,8,,,,,1
D4014,C004,2025-08-31,T3,1,Total,9,,,,,1
D4015,C004,2025-09-01,T1,1,Total,7,,,,,1
D4016,C004,2025-09-01,T2,1,Total,8,,,,,1
D4017,C004,2025-09-01,T3,1,Parcial,4,preferencia_pessoal,planeada,2025-08-20 12:36,297.4,1
D4018,C004,2025-09-02,T1,1,Total,7,,,,,1
D4019,C004,2025-09-02,T2,1,Total,8,,,,,1
D4020,C004,2025-09-02,T3,1,Total,9,,,,,1
D4021,C004,2025-09-03,T1,1,Total,7,,,,,1
D4022,C004,2025-09-03,T2,1,Total,8,,,,,1
D4023,C004,2025-09-03,T3,1,Total,9,,,,,1
D4024,C004,2025-09-04,T1,1,Total,7,,,,,1
D4025,C004,2025-09-04,T2,1,Total,8,,,,,1
D4026,C004,2025-09-04,T3,1,Total,9,,,,,1
D4027,C004,2025-09-05,T1,1,Total,7,,,,,1
D4028,C004,2025-09-05,T2,1,Total,8,,,,,1
D4029,C004,2025-09-05,T3,1,Total,9,,,,,1
D4030,C004,2025-09-06,T1,1,Parcial,4,formação,planeada,2025-08-30 22:54,152.1,1
D4031,C004,2025-09-06,T2,1,Total,8,,,,,1
D4032,C004,2025-09-06,T3,1,Total,9,,,,,1
D4033,C004,2025-09-07,T1,1,Total,7,,,,,1
D4034,C004,2025-09-07,T2,1,Total,8,,,,,1
D4035,C004,2025-09-07,T3,1,Total,9,,,,,1
D4036,C004,2025-09-08,T1,1,Total,7,,,,,1
D4037,C004,2025-09-08,T2,1,Total,8,,,,,1
D4038,C004,2025-09-08,T3,1,Total,9,,,,,1
D4039,C004,2025-09-09,T1,1,Total,7,,,,,1
D4040,C004,2025-09-09,T2,1,Total,8,,,,,1
D4041,C004,2025-09-09,T3,0,Indisponível,0,folga,planeada,2025-09-07 00:06,69.9,1
D4042,C004,2025-09-10,T1,1,Total,7,,,,,1
D4043,C004,2025-09-10,T2,0,Indisponível,0,consulta_medica,planeada,2025-08-28 13:54,312.1,1
D4044,C004,2025-09-10,T3,1,Parcial,4,formação,planeada,2025-09-07 18:12,75.8,1
D4045,C004,2025-09-11,T1,1,Total,7,,,,,1
D4046,C004,2025-09-11,T2,1,Total,8,,,,,1
D4047,C004,2025-09-11,T3,1,Parcial,4,consulta_medica,planeada,2025-09-05 14:00,152.0,1
D4048,C004,2025-09-12,T1,1,Total,7,,,,,1
D4049,C004,2025-09-12,T2,1,Total,8,,,,,1
D4050,C004,2025-09-12,T3,1,Total,9,,,,,1
D4051,C004,2025-09-13,T1,1,Total,7,,,,,1
D4052,C004,2025-09-13,T2,1,Parcial,4,consulta_medica,planeada,2025-08-31 03:18,322.7,1
D4053,C004,2025-09-13,T3,1,Total,9,,,,,1
D4054,C004,2025-09-14,T1,1,Total,7,,,,,1
D4055,C004,2025-09-14,T2,1,Total,8,,,,,1
D4056,C004,2025-09-14,T3,1,Parcial,4,preferencia_pessoal,planeada,2025-09-04 02:24,259.6,1
D4057,C004,2025-09-15,T1,1,Total,7,,,,,1
D4058,C004,2025-09-15,T2,1,Parcial,4,formação,planeada,2025-09-02 17:00,309.0,1
D4059,C004,2025-09-15,T3,1,Total,9,,,,,1
D4060,C004,2025-09-16,T1,1,Total,7,,,,,1
D4061,C004,2025-09-16,T2,1,Parcial,4,formação,planeada,2025-09-15 05:54,32.1,1
D4062,C004,2025-09-16,T3,1,Parcial,4,preferencia_pessoal,planeada,2025-09-15 12:42,33.3,1
D4063,C004,2025-09-17,T1,1,Parcial,4,formação,planeada,2025-09-12 19:24,107.6,1
D4064,C004,2025-09-17,T2,1,Total,8,,,,,1
D4065,C004,2025-09-17,T3,1,Total,9,,,,,1
D4066,C004,2025-09-18,T1,1,Total,7,,,,,1
D4067,C004,2025-09-18,T2,1,Total,8,,,,,1
D4068,C004,2025-09-18,T3,1,Total,9,,,,,1
D4069,C004,2025-09-19,T1,1,Total,7,,,,,1
D4070,C004,2025-09-19,T2,1,Total,8,,,,,1
D4071,C004,2025-09-19,T3,1,Total,9,,,,,1
D4072,C004,2025-09-20,T1,1,Total,7,,,,,1
D4073,C004,2025-09-20,T2,1,Total,8,,,,,1
D4074,C004,2025-09-20,T3,1,Parcial,4,formação,planeada,2025-09-14 06:54,159.1,1
D4075,C004,2025-09-21,T1,1,Total,7,,,,,1
D4076,C004,2025-09-21,T2,1,Parcial,4,consulta_medica,planeada,2025-09-13 01:12,204.8,1
D4077,C004,2025-09-21,T3,1,Total,9,,,,,1
D4078,C004,2025-09-22,T1,1,Total,7,,,,,1
D4079,C004,2025-09-22,T2,1,Total,8,,,,,1
D4080,C004,2025-09-22,T3,1,Parcial,4,formação,planeada,2025-09-17 14:54,127.1,1
D4081,C004,2025-09-23,T1,1,Total,7,,,,,1
D4082,C004,2025-09-23,T2,1,Total,8,,,,,1
D4083,C004,2025-09-23,T3,1,Total,9,,,,,1
D4084,C004,2025-09-24,T1,1,Total,7,,,,,1
D4085,C004,2025-09-24,T2,1,Parcial,4,preferencia_pessoal,planeada,2025-09-16 04:36,201.4,1
D4086,C004,2025-09-24,T3,1,Total,9,,,,,1
D4087,C004,2025-09-25,T1,1,Total,7,,,,,1
D4088,C004,2025-09-25,T2,1,Total,8,,,,,1
D4089,C004,2025-09-25,T3,1,Total,9,,,,,1
D4090,C004,2025-09-26,T1,1,Total,7,,,,,1
D4091,C004,2025-09-26,T2,1,Total,8,,,,,1
D4092,C004,2025-09-26,T3,1,Total,9,,,,,1
D4093,C004,2025-09-27,T1,1,Total,7,,,,,1
D4094,C004,2025-09-27,T2,1,Total,8,,,,,1
D4095,C004,2025-09-27,T3,0,Indisponível,0,baixa,planeada,2025-09-25 17:24,52.6,1
D4096,C004,2025-09-28,T1,1,Total,7,,,,,1
D4097,C004,2025-09-28,T2,1,Total,8,,,,,1
D4098,C004,2025-09-28,T3,1,Total,9,,,,,1
D4099,C004,2025-09-29,T1,1,Total,7,,,,,1
D4100,C004,2025-09-29,T2,1,Total,8,,,,,1
D4101,C004,2025-09-29,T3,1,Total,9,,,,,1
D4102,C004,2025-09-30,T1,1,Total,7,,,,,1
D4103,C004,2025-09-30,T2,1,Total,8,,,,,1
D4104,C004,2025-09-30,T3,1,Total,9,,,,,1
D4105,C004,2025-10-01,T1,1,Total,7,,,,,1
D4106,C004,2025-10-01,T2,1,Total,8,,,,,1
D4107,C004,2025-10-01,T3,1,Total,9,,,,,1
D4108,C004,2025-10-02,T1,1,Total,7,,,,,1
D4109,C004,2025-10-02,T2,1,Total,8,,,,,1
D4110,C004,2025-10-02,T3,1,Total,9,,,,,1
D4111,C004,2025-10-03,T1,1,Total,7,,,,,1
D4112,C004,2025-10-03,T2,1,Total,8,,,,,1
D4113,C004,2025-10-03,T3,1,Total,9,,,,,1
D4114,C004,2025-10-04,T1,1,Total,7,,,,,1
D4115,C004,2025-10-04,T2,1,Total,8,,,,,1
D4116,C004,2025-10-04,T3,1,Total,9,,,,,1
D4117,C004,2025-10-05,T1,0,Indisponível,0,folga,planeada,2025-10-04 16:24,14.6,1
D4118,C004,2025-10-05,T2,1,Total,8,,,,,1
D4119,C004,2025-10-05,T3,1,Total,9,,,,,1
D4120,C004,2025-10-06,T1,1,Total,7,,,,,1
D4121,C004,2025-10-06,T2,1,Total,8,,,,,1
D4122,C004,2025-10-06,T3,1,Total,9,,,,,1
D4123,C004,2025-10-07,T1,1,Total,7,,,,,1
D4124,C004,2025-10-07,T2,1,Total,8,,,,,1
D4125,C004,2025-10-07,T3,1,Total,9,,,,,1
D4126,C004,2025-10-08,T1,1,Total,7,,,,,1
D4127,C004,2025-10-08,T2,1,Total,8,,,,,1
D4128,C004,2025-10-08,T3,1,Total,9,,,,,1
D4129,C004,2025-10-09,T1,1,Total,7,,,,,1
D4130,C004,2025-10-09,T2,1,Parcial,4,consulta_medica,planeada,2025-10-01 14:18,191.7,1
D4131,C004,2025-10-09,T3,1,Total,9,,,,,1
D4132,C004,2025-10-10,T1,1,Total,7,,,,,1
D4133,C004,2025-10-10,T2,1,Total,8,,,,,1
D4134,C004,2025-10-10,T3,1,Total,9,,,,,1
D4135,C004,2025-10-11,T1,0,Indisponível,0,folga,planeada,2025-10-04 22:54,152.1,1
D4136,C004,2025-10-11,T2,1,Total,8,,,,,1
D4137,C004,2025-10-11,T3,1,Total,9,,,,,1
D4138,C004,2025-10-12,T1,1,Total,7,,,,,1
D4139,C004,2025-10-12,T2,1,Total,8,,,,,1
D4140,C004,2025-10-12,T3,1,Total,9,,,,,1
D4141,C004,2025-10-13,T1,1,Total,7,,,,,1
D4142,C004,2025-10-13,T2,0,Indisponível,0,restrição_noite,planeada,2025-09-16 05:18,656.7,1
D4143,C004,2025-10-13,T3,0,Indisponível,0,formação,planeada,2025-10-02 05:42,280.3,1
D4144,C004,2025-10-14,T1,1,Total,7,,,,,1
D4145,C004,2025-10-14,T2,1,Parcial,4,consulta_medica,planeada,2025-10-09 23:12,110.8,1
D4146,C004,2025-10-14,T3,1,Total,9,,,,,1
D4147,C004,2025-10-15,T1,1,Total,7,,,,,1
D4148,C004,2025-10-15,T2,1,Total,8,,,,,1
D4149,C004,2025-10-15,T3,1,Total,9,,,,,1
D4150,C004,2025-10-16,T1,1,Total,7,,,,,1
D4151,C004,2025-10-16,T2,1,Total,8,,,,,1
D4152,C004,2025-10-16,T3,1,Total,9,,,,,1
D4153,C004,2025-10-17,T1,1,Total,7,,,,,1
D4154,C004,2025-10-17,T2,1,Parcial,4,consulta_medica,planeada,2025-10-06 08:30,269.5,1
D4155,C004,2025-10-17,T3,1,Total,9,,,,,1
D4156,C004,2025-10-18,T1,1,Total,7,,,,,1
D4157,C004,2025-10-18,T2,1,Total,8,,,,,1
D4158,C004,2025-10-18,T3,1,Total,9,,,,,1
D4159,C004,2025-10-19,T1,1,Total,7,,,,,1
D4160,C004,2025-10-19,T2,1,Total,8,,,,,1
D4161,C004,2025-10-19,T3,1,Total,9,,,,,1
D4162,C004,2025-10-20,T1,1,Total,7,,,,,1
D4163,C004,2025-10-20,T2,1,Total,8,,,,,1
D4164,C004,2025-10-20,T3,1,Total,9,,,,,1
D4165,C004,2025-10-21,T1,1,Total,7,,,,,1
D4166,C004,2025-10-21,T2,1,Total,8,,,,,1
D4167,C004,2025-10-21,T3,1,Total,9,,,,,1
D4168,C004,2025-10-22,T1,1,Total,7,,,,,1
D4169,C004,2025-10-22,T2,1,Parcial,4,consulta_medica,planeada,2025-10-19 06:12,79.8,1
D4170,C004,2025-10-22,T3,1,Total,9,,,,,1
D4171,C004,2025-10-23,T1,1,Total,7,,,,,1
D4172,C004,2025-10-23,T2,1,Total,8,,,,,1
D4173,C004,2025-10-23,T3,1,Total,9,,,,,1
D4174,C004,2025-10-24,T1,1,Total,7,,,,,1
D4175,C004,2025-10-24,T2,1,Total,8,,,,,1
D4176,C004,2025-10-24,T3,1,Total,9,,,,,1
D4177,C004,2025-10-25,T1,1,Total,7,,,,,1
D4178,C004,2025-10-25,T2,1,Total,8,,,,,1
D4179,C004,2025-10-25,T3,1,Total,9,,,,,1
D4180,C004,2025-10-26,T1,1,Total,7,,,,,1
D4181,C004,2025-10-26,T2,1,Total,8,,,,,1
D4182,C004,2025-10-26,T3,1,Total,9,,,,,1
D4183,C004,2025-10-27,T1,1,Total,7,,,,,1
D4184,C004,2025-10-27,T2,1,Total,8,,,,,1
D4185,C004,2025-10-27,T3,1,Total,9,,,,,1
D4186,C004,2025-10-28,T1,1,Total,7,,,,,1
D4187,C004,2025-10-28,T2,1,Total,8,,,,,1
D4188,C004,2025-10-28,T3,1,Total,9,,,,,1
D4189,C004,2025-10-29,T1,1,Total,7,,,,,1
D4190,C004,2025-10-29,T2,1,Total,8,,,,,1
D4191,C004,2025-10-29,T3,1,Total,9,,,,,1
D4192,C004,2025-10-30,T1,1,Total,7,,,,,1
D4193,C004,2025-10-30,T2,1,Total,8,,,,,1
D4194,C004,2025-10-30,T3,1,Total,9,,,,,1
D4195,C004,2025-10-31,T1,1,Total,7,,,,,1
D4196,C004,2025-10-31,T2,1,Total,8,,,,,1
D4197,C004,2025-10-31,T3,1,Total,9,,,,,1
D4198,C004,2025-11-01,T1,1,Total,7,,,,,1
D4199,C004,2025-11-01,T2,1,Parcial,4,preferencia_pessoal,planeada,2025-10-28 02:24,107.6,1
D4200,C004,2025-11-01,T3,1,Total,9,,,,,1
D4201,C004,2025-11-02,T1,1,Total,7,,,,,1
D4202,C004,2025-11-02,T2,1,Total,8,,,,,1
D4203,C004,2025-11-02,T3,1,Total,9,,,,,1
D4204,C004,2025-11-03,T1,1,Total,7,,,,,1
D4205,C004,2025-11-03,T2,1,Total,8,,,,,1
D4206,C004,2025-11-03,T3,1,Total,9,,,,,1
D4207,C004,2025-11-04,T1,1,Total,7,,,,,1
D4208,C004,2025-11-04,T2,1,Total,8,,,,,1
D4209,C004,2025-11-04,T3,1,Total,9,,,,,1
D4210,C004,2025-11-05,T1,1,Total,7,,,,,1
D4211,C004,2025-11-05,T2,1,Total,8,,,,,1
D4212,C004,2025-11-05,T3,1,Total,9,,,,,1
D4213,C004,2025-11-06,T1,1,Total,7,,,,,1
D4214,C004,2025-11-06,T2,1,Parcial,4,consulta_medica,planeada,2025-10-26 11:24,266.6,1
D4215,C004,2025-11-06,T3,1,Parcial,4,preferencia_pessoal,planeada,2025-11-01 13:18,128.7,1
D4216,C004,2025-11-07,T1,1,Total,7,,,,,1
D4217,C004,2025-11-07,T2,1,Total,8,,,,,1
D4218,C004,2025-11-07,T3,1,Total,9,,,,,1
D4219,C004,2025-11-08,T1,1,Total,7,,,,,1
D4220,C004,2025-11-08,T2,1,Total,8,,,,,1
D4221,C004,2025-11-08,T3,1,Total,9,,,,,1
D4222,C004,2025-11-09,T1,1,Total,7,,,,,1
D4223,C004,2025-11-09,T2,1,Total,8,,,,,1
D4224,C004,2025-11-09,T3,1,Total,9,,,,,1
D4225,C004,2025-11-10,T1,1,Total,7,,,,,1
D4226,C004,2025-11-10,T2,1,Total,8,,,,,1
D4227,C004,2025-11-10,T3,1,Total,9,,,,,1
D4228,C004,2025-11-11,T1,1,Total,7,,,,,1
D4229,C004,2025-11-11,T2,0,Indisponível,0,férias,planeada,2025-10-17 19:48,594.2,1
D4230,C004,2025-11-11,T3,1,Total,9,,,,,1
D4231,C004,2025-11-12,T1,1,Total,7,,,,,1
D4232,C004,2025-11-12,T2,1,Total,8,,,,,1
D4233,C004,2025-11-12,T3,1,Total,9,,,,,1
D4234,C004,2025-11-13,T1,1,Total,7,,,,,1
D4235,C004,2025-11-13,T2,1,Total,8,,,,,1
D4236,C004,2025-11-13,T3,1,Total,9,,,,,1
D4237,C004,2025-11-14,T1,1,Total,7,,,,,1
D4238,C004,2025-11-14,T2,1,Total,8,,,,,1
D4239,C004,2025-11-14,T3,1,Total,9,,,,,1
D4240,C004,2025-11-15,T1,1,Total,7,,,,,1
D4241,C004,2025-11-15,T2,1,Total,8,,,,,1
D4242,C004,2025-11-15,T3,1,Total,9,,,,,1
D4243,C004,2025-11-16,T1,1,Total,7,,,,,1
D4244,C004,2025-11-16,T2,1,Total,8,,,,,1
D4245,C004,2025-11-16,T3,1,Total,9,,,,,1
D4246,C004,2025-11-17,T1,1,Total,7,,,,,1
D4247,C004,2025-11-17,T2,1,Total,8,,,,,1
D4248,C004,2025-11-17,T3,1,Total,9,,,,,1
D4249,C004,2025-11-18,T1,1,Total,7,,,,,1
D4250,C004,2025-11-18,T2,1,Total,8,,,,,1
D4251,C004,2025-11-18,T3,1,Total,9,,,,,1
D4252,C004,2025-11-19,T1,1,Total,7,,,,,1
D4253,C004,2025-11-19,T2,1,Total,8,,,,,1
D4254,C004,2025-11-19,T3,1,Total,9,,,,,1
D4255,C004,2025-11-20,T1,1,Total,7,,,,,1
D4256,C004,2025-11-20,T2,1,Total,8,,,,,1
D4257,C004,2025-11-20,T3,1,Total,9,,,,,1
D4258,C004,2025-11-21,T1,1,Parcial,4,preferencia_pessoal,planeada,2025-11-14 01:06,173.9,1
D4259,C004,2025-11-21,T2,1,Total,8,,,,,1
D4260,C004,2025-11-21,T3,1,Total,9,,,,,1
D4261,C004,2025-11-22,T1,1,Total,7,,,,,1
D4262,C004,2025-11-22,T2,1,Total,8,,,,,1
D4263,C004,2025-11-22,T3,1,Total,9,,,,,1
D4264,C004,2025-11-23,T1,1,Total,7,,,,,1
D4265,C004,2025-11-23,T2,1,Total,8,,,,,1
D4266,C004,2025-11-23,T3,1,Total,9,,,,,1
D4267,C004,2025-11-24,T1,0,Indisponível,0,consulta_medica,planeada,2025-11-19 06:12,120.8,1
D4268,C004,2025-11-24,T2,1,Total,8,,,,,1
D4269,C004,2025-11-24,T3,1,Total,9,,,,,1
D4270,C004,2025-11-25,T1,1,Total,7,,,,,1
D4271,C004,2025-11-25,T2,1,Total,8,,,,,1
D4272,C004,2025-11-25,T3,1,Total,9,,,,,1
D4273,C004,2025-11-26,T1,1,Total,7,,,,,1
D4274,C004,2025-11-26,T2,1,Total,8,,,,,1
D4275,C004,2025-11-26,T3,1,Total,9,,,,,1
D4276,C004,2025-11-27,T1,1,Total,7,,,,,1
D4277,C004,2025-11-27,T2,1,Total,8,,,,,1
D4278,C004,2025-11-27,T3,1,Total,9,,,,,1
D4279,C004,2025-11-28,T1,1,Parcial,4,formação,planeada,2025-11-19 04:00,219.0,1
D4280,C004,2025-11-28,T2,1,Parcial,4,consulta_medica,planeada,2025-11-18 23:18,230.7,1
D4281,C004,2025-11-28,T3,0,Indisponível,0,formação,planeada,2025-11-14 00:06,357.9,1
D4282,C004,2025-11-29,T1,1,Total,7,,,,,1
D4283,C004,2025-11-29,T2,1,Parcial,4,consulta_medica,planeada,2025-11-25 06:00,104.0,1
D4284,C004,2025-11-29,T3,1,Total,9,,,,,1
D4285,C004,2025-11-30,T1,1,Total,7,,,,,1
D4286,C004,2025-11-30,T2,1,Total,8,,,,,1
D4287,C004,2025-11-30,T3,1,Total,9,,,,,1
D4288,C004,2025-12-01,T1,0,Indisponível,0,férias,planeada,2025-11-03 22:54,656.1,1
D4289,C004,2025-12-01,T2,1,Total,8,,,,,1
D4290,C004,2025-12-01,T3,1,Total,9,,,,,1
D4291,C004,2025-12-02,T1,1,Parcial,4,consulta_medica,planeada,2025-11-25 08:00,167.0,1
D4292,C004,2025-12-02,T2,1,Total,8,,,,,1
D4293,C004,2025-12-02,T3,1,Total,9,,,,,1
D4294,C004,2025-12-03,T1,1,Total,7,,,,,1
D4295,C004,2025-12-03,T2,1,Total,8,,,,,1
D4296,C004,2025-12-03,T3,1,Total,9,,,,,1
D4297,C004,2025-12-04,T1,1,Total,7,,,,,1
D4298,C004,2025-12-04,T2,1,Total,8,,,,,1
D4299,C004,2025-12-04,T3,1,Total,9,,,,,1
D4300,C004,2025-12-05,T1,1,Total,7,,,,,1
D4301,C004,2025-12-05,T2,1,Total,8,,,,,1
D4302,C004,2025-12-05,T3,1,Total,9,,,,,1
D4303,C004,2025-12-06,T1,1,Total,7,,,,,1
D4304,C004,2025-12-06,T2,1,Total,8,,,,,1
D4305,C004,2025-12-06,T3,1,Total,9,,,,,1
D4306,C004,2025-12-07,T1,1,Total,7,,,,,1
D4307,C004,2025-12-07,T2,1,Total,8,,,,,1
D4308,C004,2025-12-07,T3,1,Total,9,,,,,1
D4309,C004,2025-12-08,T1,1,Total,7,,,,,1
D4310,C004,2025-12-08,T2,1,Total,8,,,,,1
D4311,C004,2025-12-08,T3,1,Total,9,,,,,1
D4312,C004,2025-12-09,T1,1,Total,7,,,,,1
D4313,C004,2025-12-09,T2,1,Total,8,,,,,1
D4314,C004,2025-12-09,T3,1,Total,9,,,,,1
D4315,C004,2025-12-10,T1,0,Indisponível,0,folga,planeada,2025-11-20 17:24,469.6,1
D4316,C004,2025-12-10,T2,1,Total,8,,,,,1
D4317,C004,2025-12-10,T3,1,Total,9,,,,,1
D4318,C004,2025-12-11,T1,1,Total,7,,,,,1
D4319,C004,2025-12-11,T2,1,Total,8,,,,,1
D4320,C004,2025-12-11,T3,1,Total,9,,,,,1
D4321,C004,2025-12-12,T1,1,Total,7,,,,,1
D4322,C004,2025-12-12,T2,1,Total,8,,,,,1
D4323,C004,2025-12-12,T3,1,Total,9,,,,,1
D4324,C004,2025-12-13,T1,1,Total,7,,,,,1
D4325,C004,2025-12-13,T2,1,Total,8,,,,,1
D4326,C004,2025-12-13,T3,1,Total,9,,,,,1
D4327,C004,2025-12-14,T1,1,Total,7,,,,,1
D4328,C004,2025-12-14,T2,1,Total,8,,,,,1
D4329,C004,2025-12-14,T3,1,Total,9,,,,,1
D4330,C004,2025-12-15,T1,1,Parcial,4,consulta_medica,planeada,2025-12-11 13:18,89.7,1
D4331,C004,2025-12-15,T2,1,Total,8,,,,,1
D4332,C004,2025-12-15,T3,1,Total,9,,,,,1
D4333,C004,2025-12-16,T1,1,Total,7,,,,,1
D4334,C004,2025-12-16,T2,1,Total,8,,,,,1
D4335,C004,2025-12-16,T3,1,Total,9,,,,,1
D4336,C004,2025-12-17,T1,1,Total,7,,,,,1
D4337,C004,2025-12-17,T2,1,Total,8,,,,,1
D4338,C004,2025-12-17,T3,1,Total,9,,,,,1
D4339,C004,2025-12-18,T1,1,Total,7,,,,,1
D4340,C004,2025-12-18,T2,1,Total,8,,,,,1
D4341,C004,2025-12-18,T3,1,Total,9,,,,,1
D4342,C004,2025-12-19,T1,1,Parcial,4,formação,planeada,2025-12-11 23:36,175.4,1
D4343,C004,2025-12-19,T2,1,Total,8,,,,,1
D4344,C004,2025-12-19,T3,1,Total,9,,,,,1
D4345,C004,2025-12-20,T1,1,Total,7,,,,,1
D4346,C004,2025-12-20,T2,0,Indisponível,0,folga,planeada,2025-12-01 05:42,464.3,1
D4347,C004,2025-12-20,T3,1,Total,9,,,,,1
D4348,C004,2025-12-21,T1,1,Total,7,,,,,1
D4349,C004,2025-12-21,T2,1,Total,8,,,,,1
D4350,C004,2025-12-21,T3,1,Total,9,,,,,1
D4351,C004,2025-12-22,T1,1,Total,7,,,,,1
D4352,C004,2025-12-22,T2,0,Indisponível,0,férias,planeada,2025-12-01 04:00,514.0,1
D4353,C004,2025-12-22,T3,1,Total,9,,,,,1
D4354,C004,2025-12-23,T1,1,Total,7,,,,,1
D4355,C004,2025-12-23,T2,1,Total,8,,,,,1
D4356,C004,2025-12-23,T3,1,Total,9,,,,,1
D4357,C004,2025-12-24,T1,1,Parcial,4,formação,planeada,2025-12-14 03:48,243.2,1
D4358,C004,2025-12-24,T2,1,Total,8,,,,,1
D4359,C004,2025-12-24,T3,1,Total,9,,,,,1
D4360,C004,2025-12-25,T1,1,Total,7,,,,,1
D4361,C004,2025-12-25,T2,1,Total,8,,,,,1
D4362,C004,2025-12-25,T3,0,Indisponível,0,folga,planeada,2025-12-16 17:42,220.3,1
D4363,C004,2025-12-26,T1,1,Total,7,,,,,1
D4364,C004,2025-12-26,T2,1,Total,8,,,,,1
D4365,C004,2025-12-26,T3,1,Parcial,4,consulta_medica,planeada,2025-12-17 06:30,231.5,1
D4366,C004,2025-12-27,T1,1,Total,7,,,,,1
D4367,C004,2025-12-27,T2,1,Total,8,,,,,1
D4368,C004,2025-12-27,T3,1,Total,9,,,,,1
D4369,C004,2025-12-28,T1,1,Total,7,,,,,1
D4370,C004,2025-12-28,T2,1,Total,8,,,,,1
D4371,C004,2025-12-28,T3,1,Total,9,,,,,1
D4372,C004,2025-12-29,T1,0,Indisponível,0,formação,planeada,2025-12-13 08:48,382.2,1
D4373,C004,2025-12-29,T2,1,Total,8,,,,,1
D4374,C004,2025-12-29,T3,1,Total,9,,,,,1
D4375,C004,2025-12-30,T1,1,Parcial,4,preferencia_pessoal,planeada,2025-12-23 19:06,155.9,1
D4376,C004,2025-12-30,T2,0,Indisponível,0,consulta_medica,planeada,2025-12-02 16:24,669.6,1
D4377,C004,2025-12-30,T3,1,Total,9,,,,,1
D4378,C004,2025-12-31,T1,1,Total,7,,,,,1
D4379,C004,2025-12-31,T2,1,Parcial,4,consulta_medica,planeada,2025-12-30 16:54,21.1,1
D4380,C004,2025-12-31,T3,1,Total,9,,,,,1
D4381,C005,2025-01-01,T1,1,Total,7,,,,,1
D4382,C005,2025-01-01,T2,1,Total,8,,,,,1
D4383,C005,2025-01-02,T1,1,Total,7,,,,,1
D4384,C005,2025-01-02,T2,1,Total,8,,,,,1
D4385,C005,2025-01-03,T1,1,Total,7,,,,,1
D4386,C005,2025-01-03,T2,1,Total,8,,,,,1
D4387,C005,2025-01-04,T1,1,Total,7,,,,,1
D4388,C005,2025-01-04,T2,1,Total,8,,,,,1
D4389,C005,2025-01-05,T1,1,Total,7,,,,,1
D4390,C005,2025-01-05,T2,1,Parcial,4,preferencia_pessoal,planeada,2024-12-31 17:30,116.5,1
D4391,C005,2025-01-06,T1,1,Total,7,,,,,1
D4392,C005,2025-01-06,T2,1,Total,8,,,,,1
D4393,C005,2025-01-07,T1,1,Total,7,,,,,1
D4394,C005,2025-01-07,T2,1,Total,8,,,,,1
D4395,C005,2025-01-08,T1,1,Parcial,4,formação,planeada,2025-01-06 08:42,46.3,1
D4396,C005,2025-01-08,T2,1,Total,8,,,,,1
D4397,C005,2025-01-09,T1,1,Total,7,,,,,1
D4398,C005,2025-01-09,T2,1,Total,8,,,,,1
D4399,C005,2025-01-10,T1,1,Total,7,,,,,1
D4400,C005,2025-01-10,T2,1,Total,8,,,,,1
D4401,C005,2025-01-11,T1,1,Parcial,4,formação,planeada,2025-01-02 00:24,222.6,1
D4402,C005,2025-01-11,T2,0,Indisponível,0,nao_autorizado_fds,planeada,2024-12-29 22:54,303.1,1
D4403,C005,2025-01-12,T1,1,Total,7,,,,,1
D4404,C005,2025-01-12,T2,1,Total,8,,,,,1
D4405,C005,2025-01-13,T1,1,Total,7,,,,,1
D4406,C005,2025-01-13,T2,1,Total,8,,,,,1
D4407,C005,2025-01-14,T1,1,Total,7,,,,,1
D4408,C005,2025-01-14,T2,1,Total,8,,,,,1
D4409,C005,2025-01-15,T1,1,Total,7,,,,,1
D4410,C005,2025-01-15,T2,1,Total,8,,,,,1
D4411,C005,2025-01-16,T1,1,Parcial,4,preferencia_pessoal,planeada,2025-01-02 13:00,330.0,1
D4412,C005,2025-01-16,T2,1,Total,8,,,,,1
D4413,C005,2025-01-17,T1,1,Total,7,,,,,1
D4414,C005,2025-01-17,T2,1,Total,8,,,,,1
D4415,C005,2025-01-18,T1,1,Total,7,,,,,1
D4416,C005,2025-01-18,T2,1,Total,8,,,,,1
D4417,C005,2025-01-19,T1,1,Total,7,,,,,1
D4418,C005,2025-01-19,T2,1,Total,8,,,,,1
D4419,C005,2025-01-20,T1,1,Total,7,,,,,1
D4420,C005,2025-01-20,T2,1,Total,8,,,,,1
D4421,C005,2025-01-21,T1,1,Parcial,4,preferencia_pessoal,planeada,2025-01-12 13:48,209.2,1
D4422,C005,2025-01-21,T2,1,Total,8,,,,,1
D4423,C005,2025-01-22,T1,1,Total,7,,,,,1
D4424,C005,2025-01-22,T2,1,Total,8,,,,,1
D4425,C005,2025-01-23,T1,1,Total,7,,,,,1
D4426,C005,2025-01-23,T2,1,Total,8,,,,,1
D4427,C005,2025-01-24,T1,0,Indisponível,0,folga,planeada,2025-01-01 09:42,549.3,1
D4428,C005,2025-01-24,T2,1,Parcial,4,consulta_medica,planeada,2025-01-14 02:54,251.1,1
D4429,C005,2025-01-25,T1,1,Total,7,,,,,1
D4430,C005,2025-01-25,T2,1,Parcial,4,consulta_medica,planeada,2025-01-18 08:24,173.6,1
D4431,C005,2025-01-26,T1,1,Total,7,,,,,1
D4432,C005,2025-01-26,T2,1,Total,8,,,,,1
D4433,C005,2025-01-27,T1,0,Indisponível,0,nao_autorizado_fds,planeada,2025-01-09 03:36,435.4,1
D4434,C005,2025-01-27,T2,1,Total,8,,,,,1
D4435,C005,2025-01-28,T1,1,Total,7,,,,,1
D4436,C005,2025-01-28,T2,1,Total,8,,,,,1
D4437,C005,2025-01-29,T1,1,Total,7,,,,,1
D4438,C005,2025-01-29,T2,1,Total,8,,,,,1
D4439,C005,2025-01-30,T1,1,Total,7,,,,,1
D4440,C005,2025-01-30,T2,1,Total,8,,,,,1
D4441,C005,2025-01-31,T1,1,Total,7,,,,,1
D4442,C005,2025-01-31,T2,1,Total,8,,,,,1
D4443,C005,2025-02-01,T1,1,Total,7,,,,,1
D4444,C005,2025-02-01,T2,0,Indisponível,0,restrição_noite,planeada,2025-01-22 07:30,246.5,1
D4445,C005,2025-02-02,T1,1,Total,7,,,,,1
D4446,C005,2025-02-02,T2,1,Total,8,,,,,1
D4447,C005,2025-02-03,T1,1,Total,7,,,,,1
D4448,C005,2025-02-03,T2,1,Total,8,,,,,1
D4449,C005,2025-02-04,T1,1,Total,7,,,,,1
D4450,C005,2025-02-04,T2,1,Total,8,,,,,1
D4451,C005,2025-02-05,T1,1,Total,7,,,,,1
D4452,C005,2025-02-05,T2,1,Total,8,,,,,1
D4453,C005,2025-02-06,T1,1,Total,7,,,,,1
D4454,C005,2025-02-06,T2,1,Total,8,,,,,1
D4455,C005,2025-02-07,T1,1,Total,7,,,,,1
D4456,C005,2025-02-07,T2,0,Indisponível,0,restrição_noite,planeada,2025-02-05 00:30,61.5,1
D4457,C005,2025-02-08,T1,1,Total,7,,,,,1
D4458,C005,2025-02-08,T2,1,Total,8,,,,,1
D4459,C005,2025-02-09,T1,1,Total,7,,,,,1
D4460,C005,2025-02-09,T2,1,Total,8,,,,,1
D4461,C005,2025-02-10,T1,1,Parcial,4,consulta_medica,planeada,2025-02-06 14:24,88.6,1
D4462,C005,2025-02-10,T2,1,Total,8,,,,,1
D4463,C005,2025-02-11,T1,1,Total,7,,,,,1
D4464,C005,2025-02-11,T2,1,Total,8,,,,,1
D4465,C005,2025-02-12,T1,1,Total,7,,,,,1
D4466,C005,2025-02-12,T2,1,Total,8,,,,,1
D4467,C005,2025-02-13,T1,1,Total,7,,,,,1
D4468,C005,2025-02-13,T2,1,Total,8,,,,,1
D4469,C005,2025-02-14,T1,1,Total,7,,,,,1
D4470,C005,2025-02-14,T2,1,Total,8,,,,,1
D4471,C005,2025-02-15,T1,1,Total,7,,,,,1
D4472,C005,2025-02-15,T2,1,Total,8,,,,,1
D4473,C005,2025-02-16,T1,1,Total,7,,,,,1
D4474,C005,2025-02-16,T2,1,Total,8,,,,,1
D4475,C005,2025-02-17,T1,1,Total,7,,,,,1
D4476,C005,2025-02-17,T2,1,Total,8,,,,,1
D4477,C005,2025-02-18,T1,1,Total,7,,,,,1
D4478,C005,2025-02-18,T2,1,Total,8,,,,,1
D4479,C005,2025-02-19,T1,1,Total,7,,,,,1
D4480,C005,2025-02-19,T2,1,Total,8,,,,,1
D4481,C005,2025-02-20,T1,1,Total,7,,,,,1
D4482,C005,2025-02-20,T2,1,Total,8,,,,,1
D4483,C005,2025-02-21,T1,1,Total,7,,,,,1
D4484,C005,2025-02-21,T2,1,Total,8,,,,,1
D4485,C005,2025-02-22,T1,1,Total,7,,,,,1
D4486,C005,2025-02-22,T2,1,Parcial,4,consulta_medica,planeada,2025-02-14 01:12,204.8,1
D4487,C005,2025-02-23,T1,1,Total,7,,,,,1
D4488,C005,2025-02-23,T2,1,Total,8,,,,,1
D4489,C005,2025-02-24,T1,1,Total,7,,,,,1
D4490,C005,2025-02-24,T2,1,Total,8,,,,,1
D4491,C005,2025-02-25,T1,1,Total,7,,,,,1
D4492,C005,2025-02-25,T2,1,Total,8,,,,,1
D4493,C005,2025-02-26,T1,1,Total,7,,,,,1
D4494,C005,2025-02-26,T2,1,Total,8,,,,,1
D4495,C005,2025-02-27,T1,1,Total,7,,,,,1
D4496,C005,2025-02-27,T2,1,Total,8,,,,,1
D4497,C005,2025-02-28,T1,1,Total,7,,,,,1
D4498,C005,2025-02-28,T2,0,Indisponível,0,restrição_noite,planeada,2025-02-06 12:54,529.1,1
D4499,C005,2025-03-01,T1,1,Total,7,,,,,1
D4500,C005,2025-03-01,T2,1,Total,8,,,,,1
D4501,C005,2025-03-02,T1,1,Total,7,,,,,1
D4502,C005,2025-03-02,T2,1,Total,8,,,,,1
D4503,C005,2025-03-03,T1,1,Total,7,,,,,1
D4504,C005,2025-03-03,T2,1,Total,8,,,,,1
D4505,C005,2025-03-04,T1,1,Total,7,,,,,1
D4506,C005,2025-03-04,T2,1,Total,8,,,,,1
D4507,C005,2025-03-05,T1,1,Parcial,4,consulta_medica,planeada,2025-02-19 09:24,333.6,1
D4508,C005,2025-03-05,T2,1,Total,8,,,,,1
D4509,C005,2025-03-06,T1,1,Total,7,,,,,1
D4510,C005,2025-03-06,T2,1,Total,8,,,,,1
D4511,C005,2025-03-07,T1,1,Total,7,,,,,1
D4512,C005,2025-03-07,T2,1,Total,8,,,,,1
D4513,C005,2025-03-08,T1,1,Total,7,,,,,1
D4514,C005,2025-03-08,T2,1,Total,8,,,,,1
D4515,C005,2025-03-09,T1,1,Total,7,,,,,1
D4516,C005,2025-03-09,T2,1,Total,8,,,,,1
D4517,C005,2025-03-10,T1,1,Total,7,,,,,1
D4518,C005,2025-03-10,T2,1,Total,8,,,,,1
D4519,C005,2025-03-11,T1,1,Total,7,,,,,1
D4520,C005,2025-03-11,T2,1,Total,8,,,,,1
D4521,C005,2025-03-12,T1,1,Total,7,,,,,1
D4522,C005,2025-03-12,T2,1,Total,8,,,,,1
D4523,C005,2025-03-13,T1,0,Indisponível,0,restrição_noite,planeada,2025-02-22 04:18,458.7,1
D4524,C005,2025-03-13,T2,1,Total,8,,,,,1
D4525,C005,2025-03-14,T1,1,Total,7,,,,,1
D4526,C005,2025-03-14,T2,1,Total,8,,,,,1
D4527,C005,2025-03-15,T1,1,Total,7,,,,,1
D4528,C005,2025-03-15,T2,1,Total,8,,,,,1
D4529,C005,2025-03-16,T1,1,Total,7,,,,,1
D4530,C005,2025-03-16,T2,1,Total,8,,,,,1
D4531,C005,2025-03-17,T1,1,Total,7,,,,,1
D4532,C005,2025-03-17,T2,1,Total,8,,,,,1
D4533,C005,2025-03-18,T1,1,Total,7,,,,,1
D4534,C005,2025-03-18,T2,0,Indisponível,0,consulta_medica,planeada,2025-02-19 00:48,661.2,1
D4535,C005,2025-03-19,T1,1,Total,7,,,,,1
D4536,C005,2025-03-19,T2,1,Total,8,,,,,1
D4537,C005,2025-03-20,T1,1,Total,7,,,,,1
D4538,C005,2025-03-20,T2,1,Total,8,,,,,1
D4539,C005,2025-03-21,T1,1,Total,7,,,,,1
D4540,C005,2025-03-21,T2,1,Total,8,,,,,1
D4541,C005,2025-03-22,T1,1,Total,7,,,,,1
D4542,C005,2025-03-22,T2,1,Total,8,,,,,1
D4543,C005,2025-03-23,T1,1,Total,7,,,,,1
D4544,C005,2025-03-23,T2,1,Total,8,,,,,1
D4545,C005,2025-03-24,T1,1,Total,7,,,,,1
D4546,C005,2025-03-24,T2,1,Total,8,,,,,1
D4547,C005,2025-03-25,T1,1,Total,7,,,,,1
D4548,C005,2025-03-25,T2,1,Total,8,,,,,1
D4549,C005,2025-03-26,T1,1,Total,7,,,,,1
D4550,C005,2025-03-26,T2,1,Total,8,,,,,1
D4551,C005,2025-03-27,T1,1,Parcial,4,formação,planeada,2025-03-15 19:12,275.8,1
D4552,C005,2025-03-27,T2,1,Total,8,,,,,1
D4553,C005,2025-03-28,T1,1,Total,7,,,,,1
D4554,C005,2025-03-28,T2,1,Total,8,,,,,1
D4555,C005,2025-03-29,T1,1,Total,7,,,,,1
D4556,C005,2025-03-29,T2,1,Total,8,,,,,1
D4557,C005,2025-03-30,T1,1,Total,7,,,,,1
D4558,C005,2025-03-30,T2,0,Indisponível,0,folga,planeada,2025-03-09 13:00,505.0,1
D4559,C005,2025-03-31,T1,1,Total,7,,,,,1
D4560,C005,2025-03-31,T2,1,Total,8,,,,,1
D4561,C005,2025-04-01,T1,1,Total,7,,,,,1
D4562,C005,2025-04-01,T2,1,Total,8,,,,,1
D4563,C005,2025-04-02,T1,1,Total,7,,,,,1
D4564,C005,2025-04-02,T2,1,Total,8,,,,,1
D4565,C005,2025-04-03,T1,1,Total,7,,,,,1
D4566,C005,2025-04-03,T2,1,Total,8,,,,,1
D4567,C005,2025-04-04,T1,1,Total,7,,,,,1
D4568,C005,2025-04-04,T2,1,Total,8,,,,,1
D4569,C005,2025-04-05,T1,1,Total,7,,,,,1
D4570,C005,2025-04-05,T2,1,Total,8,,,,,1
D4571,C005,2025-04-06,T1,1,Parcial,4,consulta_medica,planeada,2025-03-25 20:48,274.2,1
D4572,C005,2025-04-06,T2,1,Total,8,,,,,1
D4573,C005,2025-04-07,T1,1,Total,7,,,,,1
D4574,C005,2025-04-07,T2,1,Total,8,,,,,1
D4575,C005,2025-04-08,T1,1,Total,7,,,,,1
D4576,C005,2025-04-08,T2,1,Total,8,,,,,1
D4577,C005,2025-04-09,T1,1,Total,7,,,,,1
D4578,C005,2025-04-09,T2,1,Total,8,,,,,1
D4579,C005,2025-04-10,T1,1,Total,7,,,,,1
D4580,C005,2025-04-10,T2,1,Total,8,,,,,1
D4581,C005,2025-04-11,T1,1,Total,7,,,,,1
D4582,C005,2025-04-11,T2,1,Total,8,,,,,1
D4583,C005,2025-04-12,T1,1,Total,7,,,,,1
D4584,C005,2025-04-12,T2,1,Total,8,,,,,1
D4585,C005,2025-04-13,T1,1,Total,7,,,,,1
D4586,C005,2025-04-13,T2,1,Parcial,4,consulta_medica,planeada,2025-04-09 11:48,98.2,1
D4587,C005,2025-04-14,T1,1,Total,7,,,,,1
D4588,C005,2025-04-14,T2,1,Total,8,,,,,1
D4589,C005,2025-04-15,T1,0,Indisponível,0,folga,planeada,2025-03-22 10:24,572.6,1
D4590,C005,2025-04-15,T2,1,Total,8,,,,,1
D4591,C005,2025-04-16,T1,1,Total,7,,,,,1
D4592,C005,2025-04-16,T2,1,Total,8,,,,,1
D4593,C005,2025-04-17,T1,1,Total,7,,,,,1
D4594,C005,2025-04-17,T2,1,Total,8,,,,,1
D4595,C005,2025-04-18,T1,1,Total,7,,,,,1
D4596,C005,2025-04-18,T2,1,Total,8,,,,,1
D4597,C005,2025-04-19,T1,1,Total,7,,,,,1
D4598,C005,2025-04-19,T2,1,Total,8,,,,,1
D4599,C005,2025-04-20,T1,1,Total,7,,,,,1
D4600,C005,2025-04-20,T2,1,Total,8,,,,,1
D4601,C005,2025-04-21,T1,1,Total,7,,,,,1
D4602,C005,2025-04-21,T2,1,Total,8,,,,,1
D4603,C005,2025-04-22,T1,1,Total,7,,,,,1
D4604,C005,2025-04-22,T2,1,Total,8,,,,,1
D4605,C005,2025-04-23,T1,1,Total,7,,,,,1
D4606,C005,2025-04-23,T2,1,Total,8,,,,,1
D4607,C005,2025-04-24,T1,1,Total,7,,,,,1
D4608,C005,2025-04-24,T2,0,Indisponível,0,restrição_noite,planeada,2025-04-12 05:30,296.5,1
D4609,C005,2025-04-25,T1,1,Total,7,,,,,1
D4610,C005,2025-04-25,T2,1,Total,8,,,,,1
D4611,C005,2025-04-26,T1,0,Indisponível,0,folga,planeada,2025-04-10 03:18,387.7,1
D4612,C005,2025-04-26,T2,1,Total,8,,,,,1
D4613,C005,2025-04-27,T1,1,Total,7,,,,,1
D4614,C005,2025-04-27,T2,1,Total,8,,,,,1
D4615,C005,2025-04-28,T1,1,Total,7,,,,,1
D4616,C005,2025-04-28,T2,1,Total,8,,,,,1
D4617,C005,2025-04-29,T1,1,Total,7,,,,,1
D4618,C005,2025-04-29,T2,1,Total,8,,,,,1
D4619,C005,2025-04-30,T1,1,Total,7,,,,,1
D4620,C005,2025-04-30,T2,0,Indisponível,0,formação,planeada,2025-04-02 07:06,678.9,1
D4621,C005,2025-05-01,T1,1,Total,7,,,,,1
D4622,C005,2025-05-01,T2,1,Total,8,,,,,1
D4623,C005,2025-05-02,T1,1,Total,7,,,,,1
D4624,C005,2025-05-02,T2,1,Total,8,,,,,1
D4625,C005,2025-05-03,T1,1,Total,7,,,,,1
D4626,C005,2025-05-03,T2,1,Total,8,,,,,1
D4627,C005,2025-05-04,T1,1,Total,7,,,,,1
D4628,C005,2025-05-04,T2,1,Total,8,,,,,1
D4629,C005,2025-05-05,T1,1,Total,7,,,,,1
D4630,C005,2025-05-05,T2,1,Total,8,,,,,1
D4631,C005,2025-05-06,T1,1,Total,7,,,,,1
D4632,C005,2025-05-06,T2,1,Total,8,,,,,1
D4633,C005,2025-05-07,T1,1,Total,7,,,,,1
D4634,C005,2025-05-07,T2,1,Total,8,,,,,1
D4635,C005,2025-05-08,T1,1,Total,7,,,,,1
D4636,C005,2025-05-08,T2,1,Total,8,,,,,1
D4637,C005,2025-05-09,T1,1,Parcial,4,consulta_medica,planeada,2025-05-04 19:48,107.2,1
D4638,C005,2025-05-09,T2,1,Total,8,,,,,1
D4639,C005,2025-05-10,T1,1,Total,7,,,,,1
D4640,C005,2025-05-10,T2,1,Total,8,,,,,1
D4641,C005,2025-05-11,T1,1,Total,7,,,,,1
D4642,C005,2025-05-11,T2,1,Total,8,,,,,1
D4643,C005,2025-05-12,T1,0,Indisponível,0,outro,inesperada,2025-05-11 21:00,10.0,1
D4644,C005,2025-05-12,T2,1,Total,8,,,,,1
D4645,C005,2025-05-13,T1,1,Total,7,,,,,1
D4646,C005,2025-05-13,T2,1,Total,8,,,,,1
D4647,C005,2025-05-14,T1,1,Total,7,,,,,1
D4648,C005,2025-05-14,T2,1,Total,8,,,,,1
D4649,C005,2025-05-15,T1,1,Total,7,,,,,1
D4650,C005,2025-05-15,T2,1,Total,8,,,,,1
D4651,C005,2025-05-16,T1,1,Total,7,,,,,1
D4652,C005,2025-05-16,T2,1,Total,8,,,,,1
D4653,C005,2025-05-17,T1,1,Total,7,,,,,1
D4654,C005,2025-05-17,T2,1,Parcial,4,formação,planeada,2025-05-14 22:06,63.9,1
D4655,C005,2025-05-18,T1,1,Total,7,,,,,1
D4656,C005,2025-05-18,T2,1,Total,8,,,,,1
D4657,C005,2025-05-19,T1,1,Total,7,,,,,1
D4658,C005,2025-05-19,T2,1,Total,8,,,,,1
D4659,C005,2025-05-20,T1,1,Total,7,,,,,1
D4660,C005,2025-05-20,T2,1,Total,8,,,,,1
D4661,C005,2025-05-21,T1,1,Parcial,4,preferencia_pessoal,planeada,2025-05-08 08:00,311.0,1
D4662,C005,2025-05-21,T2,1,Total,8,,,,,1
D4663,C005,2025-05-22,T1,1,Parcial,4,preferencia_pessoal,planeada,2025-05-10 00:30,294.5,1
D4664,C005,2025-05-22,T2,1,Total,8,,,,,1
D4665,C005,2025-05-23,T1,1,Total,7,,,,,1
D4666,C005,2025-05-23,T2,1,Total,8,,,,,1
D4667,C005,2025-05-24,T1,1,Total,7,,,,,1
D4668,C005,2025-05-24,T2,1,Total,8,,,,,1
D4669,C005,2025-05-25,T1,1,Total,7,,,,,1
D4670,C005,2025-05-25,T2,1,Total,8,,,,,1
D4671,C005,2025-05-26,T1,1,Total,7,,,,,1
D4672,C005,2025-05-26,T2,1,Total,8,,,,,1
D4673,C005,2025-05-27,T1,1,Total,7,,,,,1
D4674,C005,2025-05-27,T2,1,Total,8,,,,,1
D4675,C005,2025-05-28,T1,1,Total,7,,,,,1
D4676,C005,2025-05-28,T2,1,Parcial,4,formação,planeada,2025-05-26 13:54,48.1,1
D4677,C005,2025-05-29,T1,1,Total,7,,,,,1
D4678,C005,2025-05-29,T2,1,Total,8,,,,,1
D4679,C005,2025-05-30,T1,1,Total,7,,,,,1
D4680,C005,2025-05-30,T2,1,Parcial,4,formação,planeada,2025-05-28 08:42,53.3,1
D4681,C005,2025-05-31,T1,1,Total,7,,,,,1
D4682,C005,2025-05-31,T2,1,Total,8,,,,,1
D4683,C005,2025-06-01,T1,0,Indisponível,0,folga,planeada,2025-05-15 23:48,391.2,1
D4684,C005,2025-06-01,T2,1,Total,8,,,,,1
D4685,C005,2025-06-02,T1,1,Total,7,,,,,1
D4686,C005,2025-06-02,T2,1,Total,8,,,,,1
D4687,C005,2025-06-03,T1,1,Total,7,,,,,1
D4688,C005,2025-06-03,T2,1,Total,8,,,,,1
D4689,C005,2025-06-04,T1,1,Total,7,,,,,1
D4690,C005,2025-06-04,T2,1,Total,8,,,,,1
D4691,C005,2025-06-05,T1,1,Total,7,,,,,1
D4692,C005,2025-06-05,T2,1,Total,8,,,,,1
D4693,C005,2025-06-06,T1,1,Total,7,,,,,1
D4694,C005,2025-06-06,T2,1,Total,8,,,,,1
D4695,C005,2025-06-07,T1,1,Total,7,,,,,1
D4696,C005,2025-06-07,T2,1,Total,8,,,,,1
D4697,C005,2025-06-08,T1,1,Total,7,,,,,1
D4698,C005,2025-06-08,T2,1,Total,8,,,,,1
D4699,C005,2025-06-09,T1,1,Total,7,,,,,1
D4700,C005,2025-06-09,T2,1,Total,8,,,,,1
D4701,C005,2025-06-10,T1,1,Total,7,,,,,1
D4702,C005,2025-06-10,T2,1,Total,8,,,,,1
D4703,C005,2025-06-11,T1,1,Total,7,,,,,1
D4704,C005,2025-06-11,T2,1,Total,8,,,,,1
D4705,C005,2025-06-12,T1,1,Total,7,,,,,1
D4706,C005,2025-06-12,T2,1,Total,8,,,,,1
D4707,C005,2025-06-13,T1,1,Total,7,,,,,1
D4708,C005,2025-06-13,T2,1,Total,8,,,,,1
D4709,C005,2025-06-14,T1,1,Parcial,4,consulta_medica,planeada,2025-06-05 06:30,216.5,1
D4710,C005,2025-06-14,T2,1,Total,8,,,,,1
D4711,C005,2025-06-15,T1,1,Total,7,,,,,1
D4712,C005,2025-06-15,T2,1,Total,8,,,,,1
D4713,C005,2025-06-16,T1,1,Total,7,,,,,1
D4714,C005,2025-06-16,T2,1,Total,8,,,,,1
D4715,C005,2025-06-17,T1,1,Total,7,,,,,1
D4716,C005,2025-06-17,T2,1,Total,8,,,,,1
D4717,C005,2025-06-18,T1,1,Total,7,,,,,1
D4718,C005,2025-06-18,T2,1,Total,8,,,,,1
D4719,C005,2025-06-19,T1,1,Total,7,,,,,1
D4720,C005,2025-06-19,T2,1,Parcial,4,preferencia_pessoal,planeada,2025-06-07 12:24,289.6,1
D4721,C005,2025-06-20,T1,1,Total,7,,,,,1
D4722,C005,2025-06-20,T2,1,Total,8,,,,,1
D4723,C005,2025-06-21,T1,1,Total,7,,,,,1
D4724,C005,2025-06-21,T2,1,Total,8,,,,,1
D4725,C005,2025-06-22,T1,1,Total,7,,,,,1
D4726,C005,2025-06-22,T2,1,Total,8,,,,,1
D4727,C005,2025-06-23,T1,1,Total,7,,,,,1
D4728,C005,2025-06-23,T2,1,Total,8,,,,,1
D4729,C005,2025-06-24,T1,1,Total,7,,,,,1
D4730,C005,2025-06-24,T2,1,Total,8,,,,,1
D4731,C005,2025-06-25,T1,1,Total,7,,,,,1
D4732,C005,2025-06-25,T2,1,Total,8,,,,,1
D4733,C005,2025-06-26,T1,1,Total,7,,,,,1
D4734,C005,2025-06-26,T2,1,Total,8,,,,,1
D4735,C005,2025-06-27,T1,1,Total,7,,,,,1
D4736,C005,2025-06-27,T2,1,Total,8,,,,,1
D4737,C005,2025-06-28,T1,1,Total,7,,,,,1
D4738,C005,2025-06-28,T2,1,Total,8,,,,,1
D4739,C005,2025-06-29,T1,1,Total,7,,,,,1
D4740,C005,2025-06-29,T2,1,Total,8,,,,,1
D4741,C005,2025-06-30,T1,1,Total,7,,,,,1
D4742,C005,2025-06-30,T2,1,Total,8,,,,,1
D4743,C005,2025-07-01,T1,1,Total,7,,,,,1
D4744,C005,2025-07-01,T2,1,Total,8,,,,,1
D4745,C005,2025-07-02,T1,1,Total,7,,,,,1
D4746,C005,2025-07-02,T2,1,Total,8,,,,,1
D4747,C005,2025-07-03,T1,1,Total,7,,,,,1
D4748,C005,2025-07-03,T2,1,Total,8,,,,,1
D4749,C005,2025-07-04,T1,1,Total,7,,,,,1
D4750,C005,2025-07-04,T2,1,Total,8,,,,,1
D4751,C005,2025-07-05,T1,1,Total,7,,,,,1
D4752,C005,2025-07-05,T2,1,Total,8,,,,,1
D4753,C005,2025-07-06,T1,0,Indisponível,0,consulta_medica,planeada,2025-06-15 18:48,492.2,1
D4754,C005,2025-07-06,T2,1,Total,8,,,,,1
D4755,C005,2025-07-07,T1,1,Total,7,,,,,1
D4756,C005,2025-07-07,T2,1,Total,8,,,,,1
D4757,C005,2025-07-08,T1,1,Total,7,,,,,1
D4758,C005,2025-07-08,T2,1,Total,8,,,,,1
D4759,C005,2025-07-09,T1,1,Total,7,,,,,1
D4760,C005,2025-07-09,T2,1,Parcial,4,consulta_medica,planeada,2025-07-06 15:48,70.2,1
D4761,C005,2025-07-10,T1,1,Parcial,4,consulta_medica,planeada,2025-07-01 18:42,204.3,1
D4762,C005,2025-07-10,T2,1,Total,8,,,,,1
D4763,C005,2025-07-11,T1,1,Total,7,,,,,1
D4764,C005,2025-07-11,T2,0,Indisponível,0,folga,planeada,2025-06-26 16:06,357.9,1
D4765,C005,2025-07-12,T1,1,Total,7,,,,,1
D4766,C005,2025-07-12,T2,1,Total,8,,,,,1
D4767,C005,2025-07-13,T1,1,Total,7,,,,,1
D4768,C005,2025-07-13,T2,1,Total,8,,,,,1
D4769,C005,2025-07-14,T1,1,Total,7,,,,,1
D4770,C005,2025-07-14,T2,1,Total,8,,,,,1
D4771,C005,2025-07-15,T1,1,Total,7,,,,,1
D4772,C005,2025-07-15,T2,1,Total,8,,,,,1
D4773,C005,2025-07-16,T1,1,Total,7,,,,,1
D4774,C005,2025-07-16,T2,1,Total,8,,,,,1
D4775,C005,2025-07-17,T1,1,Total,7,,,,,1
D4776,C005,2025-07-17,T2,1,Total,8,,,,,1
D4777,C005,2025-07-18,T1,1,Total,7,,,,,1
D4778,C005,2025-07-18,T2,1,Parcial,4,preferencia_pessoal,planeada,2025-07-16 10:30,51.5,1
D4779,C005,2025-07-19,T1,1,Total,7,,,,,1
D4780,C005,2025-07-19,T2,1,Total,8,,,,,1
D4781,C005,2025-07-20,T1,0,Indisponível,0,baixa,planeada,2025-07-11 17:12,205.8,1
D4782,C005,2025-07-20,T2,1,Total,8,,,,,1
D4783,C005,2025-07-21,T1,1,Total,7,,,,,1
D4784,C005,2025-07-21,T2,1,Total,8,,,,,1
D4785,C005,2025-07-22,T1,1,Total,7,,,,,1
D4786,C005,2025-07-22,T2,1,Total,8,,,,,1
D4787,C005,2025-07-23,T1,1,Total,7,,,,,1
D4788,C005,2025-07-23,T2,1,Total,8,,,,,1
D4789,C005,2025-07-24,T1,1,Parcial,4,preferencia_pessoal,planeada,2025-07-14 03:42,243.3,1
D4790,C005,2025-07-24,T2,1,Total,8,,,,,1
D4791,C005,2025-07-25,T1,1,Total,7,,,,,1
D4792,C005,2025-07-25,T2,0,Indisponível,0,baixa,planeada,2025-07-01 03:00,587.0,1
D4793,C005,2025-07-26,T1,1,Total,7,,,,,1
D4794,C005,2025-07-26,T2,1,Total,8,,,,,1
D4795,C005,2025-07-27,T1,1,Total,7,,,,,1
D4796,C005,2025-07-27,T2,1,Total,8,,,,,1
D4797,C005,2025-07-28,T1,1,Total,7,,,,,1
D4798,C005,2025-07-28,T2,1,Parcial,4,consulta_medica,planeada,2025-07-15 01:06,324.9,1
D4799,C005,2025-07-29,T1,1,Total,7,,,,,1
D4800,C005,2025-07-29,T2,1,Total,8,,,,,1
D4801,C005,2025-07-30,T1,1,Total,7,,,,,1
D4802,C005,2025-07-30,T2,1,Total,8,,,,,1
D4803,C005,2025-07-31,T1,1,Total,7,,,,,1
D4804,C005,2025-07-31,T2,1,Parcial,4,preferencia_pessoal,planeada,2025-07-23 07:42,198.3,1
D4805,C005,2025-08-01,T1,1,Total,7,,,,,1
D4806,C005,2025-08-01,T2,1,Total,8,,,,,1
D4807,C005,2025-08-02,T1,1,Total,7,,,,,1
D4808,C005,2025-08-02,T2,0,Indisponível,0,preferencia_pessoal,planeada,2025-07-18 03:36,370.4,1
D4809,C005,2025-08-03,T1,1,Total,7,,,,,1
D4810,C005,2025-08-03,T2,1,Total,8,,,,,1
D4811,C005,2025-08-04,T1,1,Total,7,,,,,1
D4812,C005,2025-08-04,T2,1,Total,8,,,,,1
D4813,C005,2025-08-05,T1,0,Indisponível,0,férias,planeada,2025-07-07 21:06,681.9,1
D4814,C005,2025-08-05,T2,1,Total,8,,,,,1
D4815,C005,2025-08-06,T1,1,Total,7,,,,,1
D4816,C005,2025-08-06,T2,1,Total,8,,,,,1
D4817,C005,2025-08-07,T1,1,Total,7,,,,,1
D4818,C005,2025-08-07,T2,1,Total,8,,,,,1
D4819,C005,2025-08-08,T1,1,Total,7,,,,,1
D4820,C005,2025-08-08,T2,1,Total,8,,,,,1
D4821,C005,2025-08-09,T1,1,Total,7,,,,,1
D4822,C005,2025-08-09,T2,1,Total,8,,,,,1
D4823,C005,2025-08-10,T1,1,Total,7,,,,,1
D4824,C005,2025-08-10,T2,1,Total,8,,,,,1
D4825,C005,2025-08-11,T1,1,Parcial,4,consulta_medica,planeada,2025-08-07 14:12,88.8,1
D4826,C005,2025-08-11,T2,1,Total,8,,,,,1
D4827,C005,2025-08-12,T1,1,Total,7,,,,,1
D4828,C005,2025-08-12,T2,1,Total,8,,,,,1
D4829,C005,2025-08-13,T1,1,Total,7,,,,,1
D4830,C005,2025-08-13,T2,1,Total,8,,,,,1
D4831,C005,2025-08-14,T1,1,Total,7,,,,,1
D4832,C005,2025-08-14,T2,1,Total,8,,,,,1
D4833,C005,2025-08-15,T1,1,Total,7,,,,,1
D4834,C005,2025-08-15,T2,1,Total,8,,,,,1
D4835,C005,2025-08-16,T1,1,Total,7,,,,,1
D4836,C005,2025-08-16,T2,1,Total,8,,,,,1
D4837,C005,2025-08-17,T1,1,Total,7,,,,,1
D4838,C005,2025-08-17,T2,1,Total,8,,,,,1
D4839,C005,2025-08-18,T1,1,Total,7,,,,,1
D4840,C005,2025-08-18,T2,1,Total,8,,,,,1
D4841,C005,2025-08-19,T1,1,Total,7,,,,,1
D4842,C005,2025-08-19,T2,1,Total,8,,,,,1
D4843,C005,2025-08-20,T1,1,Total,7,,,,,1
D4844,C005,2025-08-20,T2,1,Total,8,,,,,1
D4845,C005,2025-08-21,T1,1,Total,7,,,,,1
D4846,C005,2025-08-21,T2,1,Total,8,,,,,1
D4847,C005,2025-08-22,T1,1,Total,7,,,,,1
D4848,C005,2025-08-22,T2,1,Total,8,,,,,1
D4849,C005,2025-08-23,T1,1,Total,7,,,,,1
D4850,C005,2025-08-23,T2,1,Total,8,,,,,1
D4851,C005,2025-08-24,T1,1,Total,7,,,,,1
D4852,C005,2025-08-24,T2,1,Total,8,,,,,1
D4853,C005,2025-08-25,T1,1,Total,7,,,,,1
D4854,C005,2025-08-25,T2,1,Total,8,,,,,1
D4855,C005,2025-08-26,T1,1,Total,7,,,,,1
D4856,C005,2025-08-26,T2,1,Total,8,,,,,1
D4857,C005,2025-08-27,T1,1,Total,7,,,,,1
D4858,C005,2025-08-27,T2,1,Total,8,,,,,1
D4859,C005,2025-08-28,T1,1,Total,7,,,,,1
D4860,C005,2025-08-28,T2,1,Total,8,,,,,1
D4861,C005,2025-08-29,T1,1,Total,7,,,,,1
D4862,C005,2025-08-29,T2,1,Total,8,,,,,1
D4863,C005,2025-08-30,T1,1,Total,7,,,,,1
D4864,C005,2025-08-30,T2,1,Total,8,,,,,1
D4865,C005,2025-08-31,T1,1,Parcial,4,consulta_medica,planeada,2025-08-20 06:54,264.1,1
D4866,C005,2025-08-31,T2,1,Total,8,,,,,1
D4867,C005,2025-09-01,T1,1,Total,7,,,,,1
D4868,C005,2025-09-01,T2,0,Indisponível,0,férias,planeada,2025-08-03 12:06,697.9,1
D4869,C005,2025-09-02,T1,1,Total,7,,,,,1
D4870,C005,2025-09-02,T2,1,Parcial,4,preferencia_pessoal,planeada,2025-08-30 17:06,68.9,1
D4871,C005,2025-09-03,T1,1,Total,7,,,,,1
D4872,C005,2025-09-03,T2,1,Total,8,,,,,1
D4873,C005,2025-09-04,T1,1,Total,7,,,,,1
D4874,C005,2025-09-04,T2,1,Parcial,4,formação,planeada,2025-08-25 15:06,238.9,1
D4875,C005,2025-09-05,T1,1,Total,7,,,,,1
D4876,C005,2025-09-05,T2,1,Total,8,,,,,1
D4877,C005,2025-09-06,T1,1,Total,7,,,,,1
D4878,C005,2025-09-06,T2,1,Total,8,,,,,1
D4879,C005,2025-09-07,T1,1,Total,7,,,,,1
D4880,C005,2025-09-07,T2,1,Total,8,,,,,1
D4881,C005,2025-09-08,T1,1,Total,7,,,,,1
D4882,C005,2025-09-08,T2,1,Total,8,,,,,1
D4883,C005,2025-09-09,T1,1,Total,7,,,,,1
D4884,C005,2025-09-09,T2,1,Total,8,,,,,1
D4885,C005,2025-09-10,T1,1,Total,7,,,,,1
D4886,C005,2025-09-10,T2,1,Total,8,,,,,1
D4887,C005,2025-09-11,T1,1,Total,7,,,,,1
D4888,C005,2025-09-11,T2,1,Parcial,4,preferencia_pessoal,planeada,2025-09-01 19:30,234.5,1
D4889,C005,2025-09-12,T1,1,Total,7,,,,,1
D4890,C005,2025-09-12,T2,1,Parcial,4,formação,planeada,2025-09-04 10:06,195.9,1
D4891,C005,2025-09-13,T1,1,Parcial,4,consulta_medica,planeada,2025-09-03 05:48,241.2,1
D4892,C005,2025-09-13,T2,1,Total,8,,,,,1
D4893,C005,2025-09-14,T1,1,Total,7,,,,,1
D4894,C005,2025-09-14,T2,1,Total,8,,,,,1
D4895,C005,2025-09-15,T1,1,Total,7,,,,,1
D4896,C005,2025-09-15,T2,1,Total,8,,,,,1
D4897,C005,2025-09-16,T1,1,Total,7,,,,,1
D4898,C005,2025-09-16,T2,1,Total,8,,,,,1
D4899,C005,2025-09-17,T1,1,Total,7,,,,,1
D4900,C005,2025-09-17,T2,1,Total,8,,,,,1
D4901,C005,2025-09-18,T1,1,Total,7,,,,,1
D4902,C005,2025-09-18,T2,1,Total,8,,,,,1
D4903,C005,2025-09-19,T1,1,Total,7,,,,,1
D4904,C005,2025-09-19,T2,1,Total,8,,,,,1
D4905,C005,2025-09-20,T1,1,Parcial,4,formação,planeada,2025-09-14 07:18,143.7,1
D4906,C005,2025-09-20,T2,1,Total,8,,,,,1
D4907,C005,2025-09-21,T1,1,Total,7,,,,,1
D4908,C005,2025-09-21,T2,1,Parcial,4,consulta_medica,planeada,2025-09-08 07:54,318.1,1
D4909,C005,2025-09-22,T1,1,Total,7,,,,,1
D4910,C005,2025-09-22,T2,1,Parcial,4,formação,planeada,2025-09-14 14:30,191.5,1
D4911,C005,2025-09-23,T1,1,Total,7,,,,,1
D4912,C005,2025-09-23,T2,0,Indisponível,0,preferencia_pessoal,planeada,2025-09-03 02:42,491.3,1
D4913,C005,2025-09-24,T1,1,Total,7,,,,,1
D4914,C005,2025-09-24,T2,1,Total,8,,,,,1
D4915,C005,2025-09-25,T1,1,Total,7,,,,,1
D4916,C005,2025-09-25,T2,1,Total,8,,,,,1
D4917,C005,2025-09-26,T1,1,Total,7,,,,,1
D4918,C005,2025-09-26,T2,1,Total,8,,,,,1
D4919,C005,2025-09-27,T1,1,Parcial,4,preferencia_pessoal,planeada,2025-09-18 11:18,211.7,1
D4920,C005,2025-09-27,T2,0,Indisponível,0,férias,planeada,2025-09-11 07:42,390.3,1
D4921,C005,2025-09-28,T1,1,Total,7,,,,,1
D4922,C005,2025-09-28,T2,1,Total,8,,,,,1
D4923,C005,2025-09-29,T1,1,Total,7,,,,,1
D4924,C005,2025-09-29,T2,1,Total,8,,,,,1
D4925,C005,2025-09-30,T1,1,Total,7,,,,,1
D4926,C005,2025-09-30,T2,1,Total,8,,,,,1
D4927,C005,2025-10-01,T1,1,Total,7,,,,,1
D4928,C005,2025-10-01,T2,0,Indisponível,0,férias,planeada,2025-09-26 02:42,131.3,1
D4929,C005,2025-10-02,T1,1,Total,7,,,,,1
D4930,C005,2025-10-02,T2,1,Total,8,,,,,1
D4931,C005,2025-10-03,T1,1,Total,7,,,,,1
D4932,C005,2025-10-03,T2,1,Total,8,,,,,1
D4933,C005,2025-10-04,T1,1,Total,7,,,,,1
D4934,C005,2025-10-04,T2,1,Total,8,,,,,1
D4935,C005,2025-10-05,T1,1,Total,7,,,,,1
D4936,C005,2025-10-05,T2,1,Parcial,4,formação,planeada,2025-09-29 23:12,134.8,1
D4937,C005,2025-10-06,T1,1,Total,7,,,,,1
D4938,C005,2025-10-06,T2,1,Total,8,,,,,1
D4939,C005,2025-10-07,T1,1,Total,7,,,,,1
D4940,C005,2025-10-07,T2,1,Total,8,,,,,1
D4941,C005,2025-10-08,T1,1,Total,7,,,,,1
D4942,C005,2025-10-08,T2,1,Total,8,,,,,1
D4943,C005,2025-10-09,T1,1,Total,7,,,,,1
D4944,C005,2025-10-09,T2,1,Total,8,,,,,1
D4945,C005,2025-10-10,T1,1,Total,7,,,,,1
D4946,C005,2025-10-10,T2,0,Indisponível,0,formação,planeada,2025-09-28 11:18,290.7,1
D4947,C005,2025-10-11,T1,1,Total,7,,,,,1
D4948,C005,2025-10-11,T2,1,Total,8,,,,,1
D4949,C005,2025-10-12,T1,1,Total,7,,,,,1
D4950,C005,2025-10-12,T2,1,Total,8,,,,,1
D4951,C005,2025-10-13,T1,1,Total,7,,,,,1
D4952,C005,2025-10-13,T2,1,Total,8,,,,,1
D4953,C005,2025-10-14,T1,1,Total,7,,,,,1
D4954,C005,2025-10-14,T2,1,Total,8,,,,,1
D4955,C005,2025-10-15,T1,1,Parcial,4,formação,planeada,2025-10-06 11:36,211.4,1
D4956,C005,2025-10-15,T2,1,Total,8,,,,,1
D4957,C005,2025-10-16,T1,1,Parcial,4,consulta_medica,planeada,2025-10-03 18:36,300.4,1
D4958,C005,2025-10-16,T2,1,Total,8,,,,,1
D4959,C005,2025-10-17,T1,0,Indisponível,0,férias,planeada,2025-10-10 23:06,151.9,1
D4960,C005,2025-10-17,T2,1,Total,8,,,,,1
D4961,C005,2025-10-18,T1,1,Total,7,,,,,1
D4962,C005,2025-10-18,T2,1,Total,8,,,,,1
D4963,C005,2025-10-19,T1,1,Total,7,,,,,1
D4964,C005,2025-10-19,T2,0,Indisponível,0,baixa,inesperada,2025-10-19 08:06,5.9,1
D4965,C005,2025-10-20,T1,1,Total,7,,,,,1
D4966,C005,2025-10-20,T2,1,Total,8,,,,,1
D4967,C005,2025-10-21,T1,1,Total,7,,,,,1
D4968,C005,2025-10-21,T2,1,Total,8,,,,,1
D4969,C005,2025-10-22,T1,1,Total,7,,,,,1
D4970,C005,2025-10-22,T2,1,Total,8,,,,,1
D4971,C005,2025-10-23,T1,1,Total,7,,,,,1
D4972,C005,2025-10-23,T2,1,Total,8,,,,,1
D4973,C005,2025-10-24,T1,1,Total,7,,,,,1
D4974,C005,2025-10-24,T2,0,Indisponível,0,nao_autorizado_fds,planeada,2025-10-03 03:54,514.1,1
D4975,C005,2025-10-25,T1,1,Parcial,4,formação,planeada,2025-10-24 06:00,25.0,1
D4976,C005,2025-10-25,T2,1,Total,8,,,,,1
D4977,C005,2025-10-26,T1,1,Total,7,,,,,1
D4978,C005,2025-10-26,T2,0,Indisponível,0,formação,planeada,2025-09-28 02:30,683.5,1
D4979,C005,2025-10-27,T1,1,Total,7,,,,,1
D4980,C005,2025-10-27,T2,1,Total,8,,,,,1
D4981,C005,2025-10-28,T1,1,Parcial,4,preferencia_pessoal,planeada,2025-10-20 08:48,190.2,1
D4982,C005,2025-10-28,T2,1,Total,8,,,,,1
D4983,C005,2025-10-29,T1,1,Total,7,,,,,1
D4984,C005,2025-10-29,T2,1,Total,8,,,,,1
D4985,C005,2025-10-30,T1,1,Total,7,,,,,1
D4986,C005,2025-10-30,T2,1,Total,8,,,,,1
D4987,C005,2025-10-31,T1,1,Total,7,,,,,1
D4988,C005,2025-10-31,T2,1,Total,8,,,,,1
D4989,C005,2025-11-01,T1,1,Total,7,,,,,1
D4990,C005,2025-11-01,T2,1,Parcial,4,consulta_medica,planeada,2025-10-21 09:12,268.8,1
D4991,C005,2025-11-02,T1,1,Total,7,,,,,1
D4992,C005,2025-11-02,T2,1,Total,8,,,,,1
D4993,C005,2025-11-03,T1,1,Total,7,,,,,1
D4994,C005,2025-11-03,T2,1,Total,8,,,,,1
D4995,C005,2025-11-04,T1,1,Total,7,,,,,1
D4996,C005,2025-11-04,T2,1,Total,8,,,,,1
D4997,C005,2025-11-05,T1,1,Total,7,,,,,1
D4998,C005,2025-11-05,T2,1,Total,8,,,,,1
D4999,C005,2025-11-06,T1,1,Total,7,,,,,1
D5000,C005,2025-11-06,T2,1,Total,8,,,,,1
D5001,C005,2025-11-07,T1,1,Total,7,,,,,1
D5002,C005,2025-11-07,T2,1,Total,8,,,,,1
D5003,C005,2025-11-08,T1,1,Total,7,,,,,1
D5004,C005,2025-11-08,T2,1,Total,8,,,,,1
D5005,C005,2025-11-09,T1,1,Total,7,,,,,1
D5006,C005,2025-11-09,T2,1,Total,8,,,,,1
D5007,C005,2025-11-10,T1,1,Total,7,,,,,1
D5008,C005,2025-11-10,T2,1,Total,8,,,,,1
D5009,C005,2025-11-11,T1,1,Total,7,,,,,1
D5010,C005,2025-11-11,T2,1,Total,8,,,,,1
D5011,C005,2025-11-12,T1,1,Total,7,,,,,1
D5012,C005,2025-11-12,T2,1,Total,8,,,,,1
D5013,C005,2025-11-13,T1,1,Total,7,,,,,1
D5014,C005,2025-11-13,T2,1,Total,8,,,,,1
D5015,C005,2025-11-14,T1,1,Total,7,,,,,1
D5016,C005,2025-11-14,T2,1,Total,8,,,,,1
D5017,C005,2025-11-15,T1,1,Total,7,,,,,1
D5018,C005,2025-11-15,T2,1,Total,8,,,,,1
D5019,C005,2025-11-16,T1,1,Total,7,,,,,1
D5020,C005,2025-11-16,T2,1,Total,8,,,,,1
D5021,C005,2025-11-17,T1,1,Total,7,,,,,1
D5022,C005,2025-11-17,T2,1,Total,8,,,,,1
D5023,C005,2025-11-18,T1,0,Indisponível,0,outro,planeada,2025-10-21 09:12,669.8,1
D5024,C005,2025-11-18,T2,1,Total,8,,,,,1
D5025,C005,2025-11-19,T1,1,Total,7,,,,,1
D5026,C005,2025-11-19,T2,1,Parcial,4,preferencia_pessoal,planeada,2025-11-13 22:48,135.2,1
D5027,C005,2025-11-20,T1,1,Total,7,,,,,1
D5028,C005,2025-11-20,T2,1,Total,8,,,,,1
D5029,C005,2025-11-21,T1,1,Total,7,,,,,1
D5030,C005,2025-11-21,T2,1,Total,8,,,,,1
D5031,C005,2025-11-22,T1,1,Total,7,,,,,1
D5032,C005,2025-11-22,T2,1,Total,8,,,,,1
D5033,C005,2025-11-23,T1,1,Total,7,,,,,1
D5034,C005,2025-11-23,T2,1,Total,8,,,,,1
D5035,C005,2025-11-24,T1,1,Total,7,,,,,1
D5036,C005,2025-11-24,T2,1,Total,8,,,,,1
D5037,C005,2025-11-25,T1,1,Total,7,,,,,1
D5038,C005,2025-11-25,T2,1,Total,8,,,,,1
D5039,C005,2025-11-26,T1,1,Total,7,,,,,1
D5040,C005,2025-11-26,T2,0,Indisponível,0,folga,planeada,2025-11-24 13:06,48.9,1
D5041,C005,2025-11-27,T1,1,Total,7,,,,,1
D5042,C005,2025-11-27,T2,1,Total,8,,,,,1
D5043,C005,2025-11-28,T1,1,Total,7,,,,,1
D5044,C005,2025-11-28,T2,1,Total,8,,,,,1
D5045,C005,2025-11-29,T1,1,Parcial,4,formação,planeada,2025-11-25 09:18,93.7,1
D5046,C005,2025-11-29,T2,1,Total,8,,,,,1
D5047,C005,2025-11-30,T1,1,Total,7,,,,,1
D5048,C005,2025-11-30,T2,1,Parcial,4,consulta_medica,planeada,2025-11-20 20:42,233.3,1
D5049,C005,2025-12-01,T1,1,Total,7,,,,,1
D5050,C005,2025-12-01,T2,1,Total,8,,,,,1
D5051,C005,2025-12-02,T1,1,Total,7,,,,,1
D5052,C005,2025-12-02,T2,1,Total,8,,,,,1
D5053,C005,2025-12-03,T1,1,Total,7,,,,,1
D5054,C005,2025-12-03,T2,1,Total,8,,,,,1
D5055,C005,2025-12-04,T1,1,Total,7,,,,,1
D5056,C005,2025-12-04,T2,1,Total,8,,,,,1
D5057,C005,2025-12-05,T1,1,Total,7,,,,,1
D5058,C005,2025-12-05,T2,1,Total,8,,,,,1
D5059,C005,2025-12-06,T1,1,Total,7,,,,,1
D5060,C005,2025-12-06,T2,1,Total,8,,,,,1
D5061,C005,2025-12-07,T1,1,Parcial,4,formação,planeada,2025-12-04 04:30,74.5,1
D5062,C005,2025-12-07,T2,1,Total,8,,,,,1
D5063,C005,2025-12-08,T1,1,Parcial,4,formação,planeada,2025-12-03 17:18,109.7,1
D5064,C005,2025-12-08,T2,1,Total,8,,,,,1
D5065,C005,2025-12-09,T1,1,Total,7,,,,,1
D5066,C005,2025-12-09,T2,1,Total,8,,,,,1
D5067,C005,2025-12-10,T1,0,Indisponível,0,folga,planeada,2025-11-23 13:12,401.8,1
D5068,C005,2025-12-10,T2,1,Total,8,,,,,1
D5069,C005,2025-12-11,T1,1,Total,7,,,,,1
D5070,C005,2025-12-11,T2,1,Total,8,,,,,1
D5071,C005,2025-12-12,T1,1,Total,7,,,,,1
D5072,C005,2025-12-12,T2,1,Total,8,,,,,1
D5073,C005,2025-12-13,T1,1,Total,7,,,,,1
D5074,C005,2025-12-13,T2,1,Total,8,,,,,1
D5075,C005,2025-12-14,T1,1,Total,7,,,,,1
D5076,C005,2025-12-14,T2,1,Total,8,,,,,1
D5077,C005,2025-12-15,T1,1,Parcial,4,preferencia_pessoal,planeada,2025-12-07 17:18,181.7,1
D5078,C005,2025-12-15,T2,1,Total,8,,,,,1
D5079,C005,2025-12-16,T1,1,Total,7,,,,,1
D5080,C005,2025-12-16,T2,1,Total,8,,,,,1
D5081,C005,2025-12-17,T1,1,Total,7,,,,,1
D5082,C005,2025-12-17,T2,1,Total,8,,,,,1
D5083,C005,2025-12-18,T1,1,Total,7,,,,,1
D5084,C005,2025-12-18,T2,1,Parcial,4,formação,planeada,2025-12-08 02:00,252.0,1
D5085,C005,2025-12-19,T1,1,Total,7,,,,,1
D5086,C005,2025-12-19,T2,1,Total,8,,,,,1
D5087,C005,2025-12-20,T1,1,Total,7,,,,,1
D5088,C005,2025-12-20,T2,1,Parcial,4,formação,planeada,2025-12-09 22:48,255.2,1
D5089,C005,2025-12-21,T1,1,Total,7,,,,,1
D5090,C005,2025-12-21,T2,1,Total,8,,,,,1
D5091,C005,2025-12-22,T1,1,Total,7,,,,,1
D5092,C005,2025-12-22,T2,1,Total,8,,,,,1
D5093,C005,2025-12-23,T1,0,Indisponível,0,baixa,planeada,2025-12-22 12:42,18.3,1
D5094,C005,2025-12-23,T2,1,Total,8,,,,,1
D5095,C005,2025-12-24,T1,1,Total,7,,,,,1
D5096,C005,2025-12-24,T2,1,Total,8,,,,,1
D5097,C005,2025-12-25,T1,1,Total,7,,,,,1
D5098,C005,2025-12-25,T2,1,Total,8,,,,,1
D5099,C005,2025-12-26,T1,1,Total,7,,,,,1
D5100,C005,2025-12-26,T2,1,Total,8,,,,,1
D5101,C005,2025-12-27,T1,1,Total,7,,,,,1
D5102,C005,2025-12-27,T2,1,Parcial,4,consulta_medica,planeada,2025-12-26 11:12,26.8,1
D5103,C005,2025-12-28,T1,1,Total,7,,,,,1
D5104,C005,2025-12-28,T2,1,Total,8,,,,,1
D5105,C005,2025-12-29,T1,1,Total,7,,,,,1
D5106,C005,2025-12-29,T2,1,Total,8,,,,,1
D5107,C005,2025-12-30,T1,1,Total,7,,,,,1
D5108,C005,2025-12-30,T2,1,Total,8,,,,,1
D5109,C005,2025-12-31,T1,1,Parcial,4,consulta_medica,planeada,2025-12-17 10:24,332.6,1
D5110,C005,2025-12-31,T2,1,Total,8,,,,,1
D5111,C006,2025-01-01,T1,0,Indisponível,0,férias,planeada,2024-12-13 22:30,440.5,1
D5112,C006,2025-01-01,T2,1,Total,8,,,,,1
D5113,C006,2025-01-02,T1,1,Parcial,4,formação,planeada,2024-12-23 01:00,246.0,1
D5114,C006,2025-01-02,T2,1,Total,8,,,,,1
D5115,C006,2025-01-03,T1,1,Total,7,,,,,1
D5116,C006,2025-01-03,T2,1,Total,8,,,,,1
D5117,C006,2025-01-04,T1,1,Total,7,,,,,1
D5118,C006,2025-01-04,T2,0,Indisponível,0,férias,planeada,2024-12-13 12:48,529.2,1
D5119,C006,2025-01-05,T1,1,Total,7,,,,,1
D5120,C006,2025-01-05,T2,1,Total,8,,,,,1
D5121,C006,2025-01-06,T1,0,Indisponível,0,formação,planeada,2024-12-11 04:30,626.5,1
D5122,C006,2025-01-06,T2,1,Total,8,,,,,1
D5123,C006,2025-01-07,T1,1,Total,7,,,,,1
D5124,C006,2025-01-07,T2,1,Total,8,,,,,1
D5125,C006,2025-01-08,T1,1,Total,7,,,,,1
D5126,C006,2025-01-08,T2,1,Total,8,,,,,1
D5127,C006,2025-01-09,T1,1,Total,7,,,,,1
D5128,C006,2025-01-09,T2,1,Total,8,,,,,1
D5129,C006,2025-01-10,T1,1,Total,7,,,,,1
D5130,C006,2025-01-10,T2,1,Total,8,,,,,1
D5131,C006,2025-01-11,T1,1,Total,7,,,,,1
D5132,C006,2025-01-11,T2,1,Total,8,,,,,1
D5133,C006,2025-01-12,T1,1,Total,7,,,,,1
D5134,C006,2025-01-12,T2,1,Total,8,,,,,1
D5135,C006,2025-01-13,T1,1,Total,7,,,,,1
D5136,C006,2025-01-13,T2,1,Total,8,,,,,1
D5137,C006,2025-01-14,T1,1,Total,7,,,,,1
D5138,C006,2025-01-14,T2,1,Total,8,,,,,1
D5139,C006,2025-01-15,T1,1,Total,7,,,,,1
D5140,C006,2025-01-15,T2,1,Total,8,,,,,1
D5141,C006,2025-01-16,T1,1,Total,7,,,,,1
D5142,C006,2025-01-16,T2,1,Total,8,,,,,1
D5143,C006,2025-01-17,T1,1,Total,7,,,,,1
D5144,C006,2025-01-17,T2,1,Total,8,,,,,1
D5145,C006,2025-01-18,T1,1,Total,7,,,,,1
D5146,C006,2025-01-18,T2,1,Total,8,,,,,1
D5147,C006,2025-01-19,T1,1,Total,7,,,,,1
D5148,C006,2025-01-19,T2,1,Total,8,,,,,1
D5149,C006,2025-01-20,T1,1,Total,7,,,,,1
D5150,C006,2025-01-20,T2,1,Total,8,,,,,1
D5151,C006,2025-01-21,T1,1,Total,7,,,,,1
D5152,C006,2025-01-21,T2,1,Total,8,,,,,1
D5153,C006,2025-01-22,T1,1,Total,7,,,,,1
D5154,C006,2025-01-22,T2,1,Total,8,,,,,1
D5155,C006,2025-01-23,T1,1,Total,7,,,,,1
D5156,C006,2025-01-23,T2,1,Total,8,,,,,1
D5157,C006,2025-01-24,T1,1,Total,7,,,,,1
D5158,C006,2025-01-24,T2,1,Total,8,,,,,1
D5159,C006,2025-01-25,T1,1,Total,7,,,,,1
D5160,C006,2025-01-25,T2,1,Total,8,,,,,1
D5161,C006,2025-01-26,T1,1,Total,7,,,,,1
D5162,C006,2025-01-26,T2,1,Total,8,,,,,1
D5163,C006,2025-01-27,T1,0,Indisponível,0,folga,planeada,2025-01-15 11:06,283.9,1
D5164,C006,2025-01-27,T2,1,Parcial,4,preferencia_pessoal,planeada,2025-01-16 18:36,259.4,1
D5165,C006,2025-01-28,T1,1,Total,7,,,,,1
D5166,C006,2025-01-28,T2,1,Total,8,,,,,1
D5167,C006,2025-01-29,T1,1,Total,7,,,,,1
D5168,C006,2025-01-29,T2,1,Total,8,,,,,1
D5169,C006,2025-01-30,T1,1,Total,7,,,,,1
D5170,C006,2025-01-30,T2,1,Total,8,,,,,1
D5171,C006,2025-01-31,T1,1,Total,7,,,,,1
D5172,C006,2025-01-31,T2,0,Indisponível,0,consulta_medica,planeada,2025-01-06 22:42,591.3,1
D5173,C006,2025-02-01,T1,1,Total,7,,,,,1
D5174,C006,2025-02-01,T2,1,Parcial,4,preferencia_pessoal,planeada,2025-01-25 14:18,167.7,1
D5175,C006,2025-02-02,T1,1,Total,7,,,,,1
D5176,C006,2025-02-02,T2,1,Total,8,,,,,1
D5177,C006,2025-02-03,T1,1,Total,7,,,,,1
D5178,C006,2025-02-03,T2,1,Total,8,,,,,1
D5179,C006,2025-02-04,T1,1,Total,7,,,,,1
D5180,C006,2025-02-04,T2,1,Total,8,,,,,1
D5181,C006,2025-02-05,T1,1,Total,7,,,,,1
D5182,C006,2025-02-05,T2,1,Total,8,,,,,1
D5183,C006,2025-02-06,T1,0,Indisponível,0,folga,planeada,2025-01-20 17:24,397.6,1
D5184,C006,2025-02-06,T2,1,Parcial,4,consulta_medica,planeada,2025-02-04 04:00,58.0,1
D5185,C006,2025-02-07,T1,0,Indisponível,0,férias,planeada,2025-02-02 10:42,116.3,1
D5186,C006,2025-02-07,T2,1,Total,8,,,,,1
D5187,C006,2025-02-08,T1,1,Total,7,,,,,1
D5188,C006,2025-02-08,T2,1,Total,8,,,,,1
D5189,C006,2025-02-09,T1,1,Total,7,,,,,1
D5190,C006,2025-02-09,T2,1,Total,8,,,,,1
D5191,C006,2025-02-10,T1,1,Total,7,,,,,1
D5192,C006,2025-02-10,T2,1,Parcial,4,consulta_medica,planeada,2025-01-27 17:00,333.0,1
D5193,C006,2025-02-11,T1,1,Parcial,4,preferencia_pessoal,planeada,2025-02-05 23:12,127.8,1
D5194,C006,2025-02-11,T2,1,Total,8,,,,,1
D5195,C006,2025-02-12,T1,1,Total,7,,,,,1
D5196,C006,2025-02-12,T2,1,Total,8,,,,,1
D5197,C006,2025-02-13,T1,1,Parcial,4,consulta_medica,planeada,2025-02-04 15:06,207.9,1
D5198,C006,2025-02-13,T2,1,Total,8,,,,,1
D5199,C006,2025-02-14,T1,1,Total,7,,,,,1
D5200,C006,2025-02-14,T2,1,Total,8,,,,,1
D5201,C006,2025-02-15,T1,1,Total,7,,,,,1
D5202,C006,2025-02-15,T2,1,Total,8,,,,,1
D5203,C006,2025-02-16,T1,1,Total,7,,,,,1
D5204,C006,2025-02-16,T2,1,Total,8,,,,,1
D5205,C006,2025-02-17,T1,1,Total,7,,,,,1
D5206,C006,2025-02-17,T2,1,Total,8,,,,,1
D5207,C006,2025-02-18,T1,1,Total,7,,,,,1
D5208,C006,2025-02-18,T2,1,Total,8,,,,,1
D5209,C006,2025-02-19,T1,1,Total,7,,,,,1
D5210,C006,2025-02-19,T2,1,Total,8,,,,,1
D5211,C006,2025-02-20,T1,1,Total,7,,,,,1
D5212,C006,2025-02-20,T2,1,Total,8,,,,,1
D5213,C006,2025-02-21,T1,1,Total,7,,,,,1
D5214,C006,2025-02-21,T2,1,Total,8,,,,,1
D5215,C006,2025-02-22,T1,1,Total,7,,,,,1
D5216,C006,2025-02-22,T2,1,Total,8,,,,,1
D5217,C006,2025-02-23,T1,1,Total,7,,,,,1
D5218,C006,2025-02-23,T2,1,Total,8,,,,,1
D5219,C006,2025-02-24,T1,1,Total,7,,,,,1
D5220,C006,2025-02-24,T2,1,Total,8,,,,,1
D5221,C006,2025-02-25,T1,1,Total,7,,,,,1
D5222,C006,2025-02-25,T2,1,Total,8,,,,,1
D5223,C006,2025-02-26,T1,1,Parcial,4,formação,planeada,2025-02-12 20:06,322.9,1
D5224,C006,2025-02-26,T2,1,Total,8,,,,,1
D5225,C006,2025-02-27,T1,1,Total,7,,,,,1
D5226,C006,2025-02-27,T2,1,Parcial,4,formação,planeada,2025-02-22 07:48,126.2,1
D5227,C006,2025-02-28,T1,1,Total,7,,,,,1
D5228,C006,2025-02-28,T2,1,Total,8,,,,,1
D5229,C006,2025-03-01,T1,1,Total,7,,,,,1
D5230,C006,2025-03-01,T2,1,Total,8,,,,,1
D5231,C006,2025-03-02,T1,1,Total,7,,,,,1
D5232,C006,2025-03-02,T2,1,Total,8,,,,,1
D5233,C006,2025-03-03,T1,1,Total,7,,,,,1
D5234,C006,2025-03-03,T2,1,Total,8,,,,,1
D5235,C006,2025-03-04,T1,1,Total,7,,,,,1
D5236,C006,2025-03-04,T2,1,Total,8,,,,,1
D5237,C006,2025-03-05,T1,1,Total,7,,,,,1
D5238,C006,2025-03-05,T2,1,Total,8,,,,,1
D5239,C006,2025-03-06,T1,1,Total,7,,,,,1
D5240,C006,2025-03-06,T2,1,Total,8,,,,,1
D5241,C006,2025-03-07,T1,1,Total,7,,,,,1
D5242,C006,2025-03-07,T2,1,Total,8,,,,,1
D5243,C006,2025-03-08,T1,1,Total,7,,,,,1
D5244,C006,2025-03-08,T2,1,Total,8,,,,,1
D5245,C006,2025-03-09,T1,1,Total,7,,,,,1
D5246,C006,2025-03-09,T2,1,Total,8,,,,,1
D5247,C006,2025-03-10,T1,1,Total,7,,,,,1
D5248,C006,2025-03-10,T2,0,Indisponível,0,outro,planeada,2025-03-09 13:54,24.1,1
D5249,C006,2025-03-11,T1,1,Total,7,,,,,1
D5250,C006,2025-03-11,T2,1,Total,8,,,,,1
D5251,C006,2025-03-12,T1,1,Total,7,,,,,1
D5252,C006,2025-03-12,T2,1,Parcial,4,consulta_medica,planeada,2025-03-07 05:06,128.9,1
D5253,C006,2025-03-13,T1,1,Total,7,,,,,1
D5254,C006,2025-03-13,T2,1,Total,8,,,,,1
D5255,C006,2025-03-14,T1,1,Total,7,,,,,1
D5256,C006,2025-03-14,T2,1,Total,8,,,,,1
D5257,C006,2025-03-15,T1,1,Total,7,,,,,1
D5258,C006,2025-03-15,T2,1,Total,8,,,,,1
D5259,C006,2025-03-16,T1,1,Total,7,,,,,1
D5260,C006,2025-03-16,T2,1,Parcial,4,preferencia_pessoal,planeada,2025-03-14 12:00,50.0,1
D5261,C006,2025-03-17,T1,1,Total,7,,,,,1
D5262,C006,2025-03-17,T2,1,Total,8,,,,,1
D5263,C006,2025-03-18,T1,0,Indisponível,0,preferencia_pessoal,planeada,2025-03-06 19:48,275.2,1
D5264,C006,2025-03-18,T2,1,Total,8,,,,,1
D5265,C006,2025-03-19,T1,1,Total,7,,,,,1
D5266,C006,2025-03-19,T2,1,Parcial,4,formação,planeada,2025-03-18 16:12,21.8,1
D5267,C006,2025-03-20,T1,1,Total,7,,,,,1
D5268,C006,2025-03-20,T2,1,Total,8,,,,,1
D5269,C006,2025-03-21,T1,0,Indisponível,0,restrição_noite,planeada,2025-03-08 12:06,306.9,1
D5270,C006,2025-03-21,T2,1,Total,8,,,,,1
D5271,C006,2025-03-22,T1,1,Total,7,,,,,1
D5272,C006,2025-03-22,T2,1,Total,8,,,,,1
D5273,C006,2025-03-23,T1,1,Total,7,,,,,1
D5274,C006,2025-03-23,T2,1,Total,8,,,,,1
D5275,C006,2025-03-24,T1,1,Total,7,,,,,1
D5276,C006,2025-03-24,T2,1,Total,8,,,,,1
D5277,C006,2025-03-25,T1,1,Total,7,,,,,1
D5278,C006,2025-03-25,T2,1,Total,8,,,,,1
D5279,C006,2025-03-26,T1,0,Indisponível,0,folga,planeada,2025-03-24 00:30,54.5,1
D5280,C006,2025-03-26,T2,1,Total,8,,,,,1
D5281,C006,2025-03-27,T1,1,Total,7,,,,,1
D5282,C006,2025-03-27,T2,1,Total,8,,,,,1
D5283,C006,2025-03-28,T1,1,Total,7,,,,,1
D5284,C006,2025-03-28,T2,1,Total,8,,,,,1
D5285,C006,2025-03-29,T1,1,Total,7,,,,,1
D5286,C006,2025-03-29,T2,1,Total,8,,,,,1
D5287,C006,2025-03-30,T1,1,Total,7,,,,,1
D5288,C006,2025-03-30,T2,1,Total,8,,,,,1
D5289,C006,2025-03-31,T1,1,Total,7,,,,,1
D5290,C006,2025-03-31,T2,1,Total,8,,,,,1
D5291,C006,2025-04-01,T1,1,Total,7,,,,,1
D5292,C006,2025-04-01,T2,1,Total,8,,,,,1
D5293,C006,2025-04-02,T1,1,Total,7,,,,,1
D5294,C006,2025-04-02,T2,1,Total,8,,,,,1
D5295,C006,2025-04-03,T1,1,Parcial,4,consulta_medica,planeada,2025-03-20 14:12,328.8,1
D5296,C006,2025-04-03,T2,1,Total,8,,,,,1
D5297,C006,2025-04-04,T1,1,Total,7,,,,,1
D5298,C006,2025-04-04,T2,1,Parcial,4,preferencia_pessoal,planeada,2025-04-01 14:30,71.5,1
D5299,C006,2025-04-05,T1,1,Total,7,,,,,1
D5300,C006,2025-04-05,T2,1,Total,8,,,,,1
D5301,C006,2025-04-06,T1,1,Parcial,4,preferencia_pessoal,planeada,2025-03-30 08:18,166.7,1
D5302,C006,2025-04-06,T2,1,Total,8,,,,,1
D5303,C006,2025-04-07,T1,1,Total,7,,,,,1
D5304,C006,2025-04-07,T2,1,Total,8,,,,,1
D5305,C006,2025-04-08,T1,1,Total,7,,,,,1
D5306,C006,2025-04-08,T2,1,Total,8,,,,,1
D5307,C006,2025-04-09,T1,1,Total,7,,,,,1
D5308,C006,2025-04-09,T2,1,Parcial,4,formação,planeada,2025-04-04 04:30,129.5,1
D5309,C006,2025-04-10,T1,0,Indisponível,0,férias,planeada,2025-03-24 19:36,395.4,1
D5310,C006,2025-04-10,T2,1,Parcial,4,formação,planeada,2025-03-30 20:54,257.1,1
D5311,C006,2025-04-11,T1,1,Total,7,,,,,1
D5312,C006,2025-04-11,T2,1,Total,8,,,,,1
D5313,C006,2025-04-12,T1,1,Total,7,,,,,1
D5314,C006,2025-04-12,T2,1,Total,8,,,,,1
D5315,C006,2025-04-13,T1,1,Parcial,4,formação,planeada,2025-04-05 04:18,194.7,1
D5316,C006,2025-04-13,T2,0,Indisponível,0,férias,planeada,2025-03-16 06:00,680.0,1
D5317,C006,2025-04-14,T1,0,Indisponível,0,férias,planeada,2025-04-05 11:06,211.9,1
D5318,C006,2025-04-14,T2,1,Total,8,,,,,1
D5319,C006,2025-04-15,T1,1,Total,7,,,,,1
D5320,C006,2025-04-15,T2,1,Total,8,,,,,1
D5321,C006,2025-04-16,T1,1,Total,7,,,,,1
D5322,C006,2025-04-16,T2,1,Total,8,,,,,1
D5323,C006,2025-04-17,T1,1,Total,7,,,,,1
D5324,C006,2025-04-17,T2,1,Parcial,4,preferencia_pessoal,planeada,2025-04-04 23:30,302.5,1
D5325,C006,2025-04-18,T1,1,Parcial,4,formação,planeada,2025-04-17 11:18,19.7,1
D5326,C006,2025-04-18,T2,1,Total,8,,,,,1
D5327,C006,2025-04-19,T1,1,Total,7,,,,,1
D5328,C006,2025-04-19,T2,0,Indisponível,0,folga,planeada,2025-03-29 22:54,495.1,1
D5329,C006,2025-04-20,T1,1,Parcial,4,consulta_medica,planeada,2025-04-06 22:18,320.7,1
D5330,C006,2025-04-20,T2,1,Total,8,,,,,1
D5331,C006,2025-04-21,T1,1,Total,7,,,,,1
D5332,C006,2025-04-21,T2,1,Total,8,,,,,1
D5333,C006,2025-04-22,T1,1,Total,7,,,,,1
D5334,C006,2025-04-22,T2,1,Total,8,,,,,1
D5335,C006,2025-04-23,T1,1,Total,7,,,,,1
D5336,C006,2025-04-23,T2,1,Total,8,,,,,1
D5337,C006,2025-04-24,T1,1,Total,7,,,,,1
D5338,C006,2025-04-24,T2,1,Total,8,,,,,1
D5339,C006,2025-04-25,T1,1,Total,7,,,,,1
D5340,C006,2025-04-25,T2,1,Total,8,,,,,1
D5341,C006,2025-04-26,T1,1,Total,7,,,,,1
D5342,C006,2025-04-26,T2,1,Total,8,,,,,1
D5343,C006,2025-04-27,T1,1,Total,7,,,,,1
D5344,C006,2025-04-27,T2,1,Total,8,,,,,1
D5345,C006,2025-04-28,T1,1,Total,7,,,,,1
D5346,C006,2025-04-28,T2,1,Total,8,,,,,1
D5347,C006,2025-04-29,T1,1,Total,7,,,,,1
D5348,C006,2025-04-29,T2,1,Total,8,,,,,1
D5349,C006,2025-04-30,T1,1,Total,7,,,,,1
D5350,C006,2025-04-30,T2,1,Total,8,,,,,1
D5351,C006,2025-05-01,T1,1,Parcial,4,formação,planeada,2025-04-23 03:18,195.7,1
D5352,C006,2025-05-01,T2,1,Parcial,4,formação,planeada,2025-04-29 03:48,58.2,1
D5353,C006,2025-05-02,T1,1,Total,7,,,,,1
D5354,C006,2025-05-02,T2,1,Total,8,,,,,1
D5355,C006,2025-05-03,T1,1,Total,7,,,,,1
D5356,C006,2025-05-03,T2,1,Parcial,4,consulta_medica,planeada,2025-04-26 22:36,159.4,1
D5357,C006,2025-05-04,T1,1,Total,7,,,,,1
D5358,C006,2025-05-04,T2,1,Total,8,,,,,1
D5359,C006,2025-05-05,T1,1,Total,7,,,,,1
D5360,C006,2025-05-05,T2,1,Total,8,,,,,1
D5361,C006,2025-05-06,T1,1,Parcial,4,formação,planeada,2025-04-26 04:42,242.3,1
D5362,C006,2025-05-06,T2,1,Total,8,,,,,1
D5363,C006,2025-05-07,T1,1,Total,7,,,,,1
D5364,C006,2025-05-07,T2,1,Total,8,,,,,1
D5365,C006,2025-05-08,T1,1,Total,7,,,,,1
D5366,C006,2025-05-08,T2,1,Total,8,,,,,1
D5367,C006,2025-05-09,T1,1,Total,7,,,,,1
D5368,C006,2025-05-09,T2,1,Parcial,4,formação,planeada,2025-05-08 13:12,24.8,1
D5369,C006,2025-05-10,T1,1,Total,7,,,,,1
D5370,C006,2025-05-10,T2,1,Total,8,,,,,1
D5371,C006,2025-05-11,T1,1,Total,7,,,,,1
D5372,C006,2025-05-11,T2,1,Parcial,4,preferencia_pessoal,planeada,2025-05-04 04:00,178.0,1
D5373,C006,2025-05-12,T1,1,Total,7,,,,,1
D5374,C006,2025-05-12,T2,1,Total,8,,,,,1
D5375,C006,2025-05-13,T1,1,Total,7,,,,,1
D5376,C006,2025-05-13,T2,1,Total,8,,,,,1
D5377,C006,2025-05-14,T1,1,Total,7,,,,,1
D5378,C006,2025-05-14,T2,1,Total,8,,,,,1
D5379,C006,2025-05-15,T1,1,Total,7,,,,,1
D5380,C006,2025-05-15,T2,1,Total,8,,,,,1
D5381,C006,2025-05-16,T1,1,Total,7,,,,,1
D5382,C006,2025-05-16,T2,1,Total,8,,,,,1
D5383,C006,2025-05-17,T1,1,Total,7,,,,,1
D5384,C006,2025-05-17,T2,1,Total,8,,,,,1
D5385,C006,2025-05-18,T1,0,Indisponível,0,restrição_noite,planeada,2025-05-09 05:12,217.8,1
D5386,C006,2025-05-18,T2,1,Total,8,,,,,1
D5387,C006,2025-05-19,T1,1,Total,7,,,,,1
D5388,C006,2025-05-19,T2,1,Parcial,4,preferencia_pessoal,planeada,2025-05-07 06:48,295.2,1
D5389,C006,2025-05-20,T1,1,Parcial,4,preferencia_pessoal,planeada,2025-05-13 11:12,163.8,1
D5390,C006,2025-05-20,T2,1,Total,8,,,,,1
D5391,C006,2025-05-21,T1,1,Total,7,,,,,1
D5392,C006,2025-05-21,T2,1,Parcial,4,formação,planeada,2025-05-08 16:42,309.3,1
D5393,C006,2025-05-22,T1,1,Total,7,,,,,1
D5394,C006,2025-05-22,T2,1,Total,8,,,,,1
D5395,C006,2025-05-23,T1,1,Total,7,,,,,1
D5396,C006,2025-05-23,T2,1,Total,8,,,,,1
D5397,C006,2025-05-24,T1,1,Total,7,,,,,1
D5398,C006,2025-05-24,T2,1,Total,8,,,,,1
D5399,C006,2025-05-25,T1,1,Total,7,,,,,1
D5400,C006,2025-05-25,T2,1,Total,8,,,,,1
D5401,C006,2025-05-26,T1,1,Total,7,,,,,1
D5402,C006,2025-05-26,T2,0,Indisponível,0,folga,planeada,2025-05-12 05:18,344.7,1
D5403,C006,2025-05-27,T1,1,Total,7,,,,,1
D5404,C006,2025-05-27,T2,1,Total,8,,,,,1
D5405,C006,2025-05-28,T1,0,Indisponível,0,formação,planeada,2025-05-16 13:48,281.2,1
D5406,C006,2025-05-28,T2,1,Total,8,,,,,1
D5407,C006,2025-05-29,T1,1,Total,7,,,,,1
D5408,C006,2025-05-29,T2,1,Total,8,,,,,1
D5409,C006,2025-05-30,T1,1,Total,7,,,,,1
D5410,C006,2025-05-30,T2,1,Parcial,4,preferencia_pessoal,planeada,2025-05-17 05:18,320.7,1
D5411,C006,2025-05-31,T1,1,Total,7,,,,,1
D5412,C006,2025-05-31,T2,1,Total,8,,,,,1
D5413,C006,2025-06-01,T1,1,Total,7,,,,,1
D5414,C006,2025-06-01,T2,1,Total,8,,,,,1
D5415,C006,2025-06-02,T1,1,Total,7,,,,,1
D5416,C006,2025-06-02,T2,1,Parcial,4,preferencia_pessoal,planeada,2025-05-21 07:42,294.3,1
D5417,C006,2025-06-03,T1,1,Total,7,,,,,1
D5418,C006,2025-06-03,T2,1,Total,8,,,,,1
D5419,C006,2025-06-04,T1,1,Total,7,,,,,1
D5420,C006,2025-06-04,T2,1,Parcial,4,formação,planeada,2025-05-30 11:12,122.8,1
D5421,C006,2025-06-05,T1,1,Total,7,,,,,1
D5422,C006,2025-06-05,T2,1,Total,8,,,,,1
D5423,C006,2025-06-06,T1,1,Total,7,,,,,1
D5424,C006,2025-06-06,T2,1,Total,8,,,,,1
D5425,C006,2025-06-07,T1,1,Total,7,,,,,1
D5426,C006,2025-06-07,T2,1,Total,8,,,,,1
D5427,C006,2025-06-08,T1,1,Total,7,,,,,1
D5428,C006,2025-06-08,T2,1,Total,8,,,,,1
D5429,C006,2025-06-09,T1,1,Total,7,,,,,1
D5430,C006,2025-06-09,T2,1,Total,8,,,,,1
D5431,C006,2025-06-10,T1,0,Indisponível,0,consulta_medica,planeada,2025-06-07 11:54,67.1,1
D5432,C006,2025-06-10,T2,1,Total,8,,,,,1
D5433,C006,2025-06-11,T1,1,Total,7,,,,,1
D5434,C006,2025-06-11,T2,1,Total,8,,,,,1
D5435,C006,2025-06-12,T1,1,Total,7,,,,,1
D5436,C006,2025-06-12,T2,1,Total,8,,,,,1
D5437,C006,2025-06-13,T1,1,Total,7,,,,,1
D5438,C006,2025-06-13,T2,1,Total,8,,,,,1
D5439,C006,2025-06-14,T1,1,Total,7,,,,,1
D5440,C006,2025-06-14,T2,1,Total,8,,,,,1
D5441,C006,2025-06-15,T1,1,Total,7,,,,,1
D5442,C006,2025-06-15,T2,1,Total,8,,,,,1
D5443,C006,2025-06-16,T1,1,Total,7,,,,,1
D5444,C006,2025-06-16,T2,1,Parcial,4,preferencia_pessoal,planeada,2025-06-12 12:54,97.1,1
D5445,C006,2025-06-17,T1,0,Indisponível,0,baixa,planeada,2025-06-13 02:00,101.0,1
D5446,C006,2025-06-17,T2,1,Total,8,,,,,1
D5447,C006,2025-06-18,T1,1,Total,7,,,,,1
D5448,C006,2025-06-18,T2,1,Parcial,4,consulta_medica,planeada,2025-06-08 00:24,253.6,1
D5449,C006,2025-06-19,T1,1,Total,7,,,,,1
D5450,C006,2025-06-19,T2,1,Total,8,,,,,1
D5451,C006,2025-06-20,T1,1,Total,7,,,,,1
D5452,C006,2025-06-20,T2,1,Total,8,,,,,1
D5453,C006,2025-06-21,T1,1,Total,7,,,,,1
D5454,C006,2025-06-21,T2,1,Total,8,,,,,1
D5455,C006,2025-06-22,T1,1,Total,7,,,,,1
D5456,C006,2025-06-22,T2,1,Total,8,,,,,1
D5457,C006,2025-06-23,T1,0,Indisponível,0,restrição_noite,planeada,2025-06-22 07:30,23.5,1
D5458,C006,2025-06-23,T2,1,Total,8,,,,,1
D5459,C006,2025-06-24,T1,1,Total,7,,,,,1
D5460,C006,2025-06-24,T2,1,Total,8,,,,,1
D5461,C006,2025-06-25,T1,1,Total,7,,,,,1
D5462,C006,2025-06-25,T2,1,Total,8,,,,,1
D5463,C006,2025-06-26,T1,1,Total,7,,,,,1
D5464,C006,2025-06-26,T2,1,Total,8,,,,,1
D5465,C006,2025-06-27,T1,1,Total,7,,,,,1
D5466,C006,2025-06-27,T2,1,Total,8,,,,,1
D5467,C006,2025-06-28,T1,1,Total,7,,,,,1
D5468,C006,2025-06-28,T2,1,Total,8,,,,,1
D5469,C006,2025-06-29,T1,1,Parcial,4,formação,planeada,2025-06-22 14:18,160.7,1
D5470,C006,2025-06-29,T2,1,Total,8,,,,,1
D5471,C006,2025-06-30,T1,1,Total,7,,,,,1
D5472,C006,2025-06-30,T2,1,Total,8,,,,,1
D5473,C006,2025-07-01,T1,1,Total,7,,,,,1
D5474,C006,2025-07-01,T2,1,Total,8,,,,,1
D5475,C006,2025-07-02,T1,1,Total,7,,,,,1
D5476,C006,2025-07-02,T2,1,Total,8,,,,,1
D5477,C006,2025-07-03,T1,1,Total,7,,,,,1
D5478,C006,2025-07-03,T2,1,Total,8,,,,,1
D5479,C006,2025-07-04,T1,1,Total,7,,,,,1
D5480,C006,2025-07-04,T2,1,Total,8,,,,,1
D5481,C006,2025-07-05,T1,1,Total,7,,,,,1
D5482,C006,2025-07-05,T2,1,Total,8,,,,,1
D5483,C006,2025-07-06,T1,1,Parcial,4,formação,planeada,2025-06-27 11:18,211.7,1
D5484,C006,2025-07-06,T2,1,Parcial,4,preferencia_pessoal,planeada,2025-06-27 12:42,217.3,1
D5485,C006,2025-07-07,T1,1,Total,7,,,,,1
D5486,C006,2025-07-07,T2,0,Indisponível,0,férias,planeada,2025-06-24 16:12,309.8,1
D5487,C006,2025-07-08,T1,1,Total,7,,,,,1
D5488,C006,2025-07-08,T2,1,Total,8,,,,,1
D5489,C006,2025-07-09,T1,1,Total,7,,,,,1
D5490,C006,2025-07-09,T2,1,Total,8,,,,,1
D5491,C006,2025-07-10,T1,1,Total,7,,,,,1
D5492,C006,2025-07-10,T2,1,Parcial,4,preferencia_pessoal,planeada,2025-07-04 12:12,145.8,1
D5493,C006,2025-07-11,T1,1,Total,7,,,,,1
D5494,C006,2025-07-11,T2,1,Total,8,,,,,1
D5495,C006,2025-07-12,T1,0,Indisponível,0,férias,planeada,2025-07-05 04:30,170.5,1
D5496,C006,2025-07-12,T2,1,Total,8,,,,,1
D5497,C006,2025-07-13,T1,1,Total,7,,,,,1
D5498,C006,2025-07-13,T2,1,Total,8,,,,,1
D5499,C006,2025-07-14,T1,1,Total,7,,,,,1
D5500,C006,2025-07-14,T2,1,Total,8,,,,,1
D5501,C006,2025-07-15,T1,1,Total,7,,,,,1
D5502,C006,2025-07-15,T2,1,Total,8,,,,,1
D5503,C006,2025-07-16,T1,1,Total,7,,,,,1
D5504,C006,2025-07-16,T2,1,Total,8,,,,,1
D5505,C006,2025-07-17,T1,0,Indisponível,0,folga,planeada,2025-07-05 17:54,277.1,1
D5506,C006,2025-07-17,T2,1,Total,8,,,,,1
D5507,C006,2025-07-18,T1,1,Total,7,,,,,1
D5508,C006,2025-07-18,T2,1,Total,8,,,,,1
D5509,C006,2025-07-19,T1,1,Total,7,,,,,1
D5510,C006,2025-07-19,T2,1,Total,8,,,,,1
D5511,C006,2025-07-20,T1,1,Total,7,,,,,1
D5512,C006,2025-07-20,T2,1,Total,8,,,,,1
D5513,C006,2025-07-21,T1,1,Total,7,,,,,1
D5514,C006,2025-07-21,T2,1,Total,8,,,,,1
D5515,C006,2025-07-22,T1,1,Total,7,,,,,1
D5516,C006,2025-07-22,T2,1,Total,8,,,,,1
D5517,C006,2025-07-23,T1,1,Total,7,,,,,1
D5518,C006,2025-07-23,T2,1,Total,8,,,,,1
D5519,C006,2025-07-24,T1,1,Parcial,4,consulta_medica,planeada,2025-07-10 14:18,328.7,1
D5520,C006,2025-07-24,T2,1,Total,8,,,,,1
D5521,C006,2025-07-25,T1,1,Total,7,,,,,1
D5522,C006,2025-07-25,T2,1,Total,8,,,,,1
D5523,C006,2025-07-26,T1,1,Total,7,,,,,1
D5524,C006,2025-07-26,T2,1,Total,8,,,,,1
D5525,C006,2025-07-27,T1,1,Parcial,4,formação,planeada,2025-07-18 06:24,216.6,1
D5526,C006,2025-07-27,T2,1,Total,8,,,,,1
D5527,C006,2025-07-28,T1,1,Total,7,,,,,1
D5528,C006,2025-07-28,T2,1,Total,8,,,,,1
D5529,C006,2025-07-29,T1,1,Total,7,,,,,1
D5530,C006,2025-07-29,T2,1,Total,8,,,,,1
D5531,C006,2025-07-30,T1,1,Total,7,,,,,1
D5532,C006,2025-07-30,T2,1,Parcial,4,preferencia_pessoal,planeada,2025-07-29 22:18,15.7,1
D5533,C006,2025-07-31,T1,1,Total,7,,,,,1
D5534,C006,2025-07-31,T2,1,Total,8,,,,,1
D5535,C006,2025-08-01,T1,1,Total,7,,,,,1
D5536,C006,2025-08-01,T2,1,Total,8,,,,,1
D5537,C006,2025-08-02,T1,1,Total,7,,,,,1
D5538,C006,2025-08-02,T2,0,Indisponível,0,consulta_medica,planeada,2025-07-14 08:48,461.2,1
D5539,C006,2025-08-03,T1,1,Total,7,,,,,1
D5540,C006,2025-08-03,T2,1,Total,8,,,,,1
D5541,C006,2025-08-04,T1,1,Total,7,,,,,1
D5542,C006,2025-08-04,T2,1,Total,8,,,,,1
D5543,C006,2025-08-05,T1,1,Total,7,,,,,1
D5544,C006,2025-08-05,T2,1,Total,8,,,,,1
D5545,C006,2025-08-06,T1,1,Total,7,,,,,1
D5546,C006,2025-08-06,T2,1,Total,8,,,,,1
D5547,C006,2025-08-07,T1,1,Total,7,,,,,1
D5548,C006,2025-08-07,T2,1,Total,8,,,,,1
D5549,C006,2025-08-08,T1,1,Parcial,4,preferencia_pessoal,planeada,2025-07-26 04:06,314.9,1
D5550,C006,2025-08-08,T2,0,Indisponível,0,outro,planeada,2025-07-13 12:12,625.8,1
D5551,C006,2025-08-09,T1,1,Parcial,4,formação,planeada,2025-08-07 08:18,46.7,1
D5552,C006,2025-08-09,T2,1,Total,8,,,,,1
D5553,C006,2025-08-10,T1,1,Total,7,,,,,1
D5554,C006,2025-08-10,T2,1,Parcial,4,consulta_medica,planeada,2025-07-28 18:18,307.7,1
D5555,C006,2025-08-11,T1,1,Total,7,,,,,1
D5556,C006,2025-08-11,T2,1,Total,8,,,,,1
D5557,C006,2025-08-12,T1,0,Indisponível,0,folga,planeada,2025-07-14 11:54,691.1,1
D5558,C006,2025-08-12,T2,1,Parcial,4,formação,planeada,2025-08-07 00:24,133.6,1
D5559,C006,2025-08-13,T1,1,Total,7,,,,,1
D5560,C006,2025-08-13,T2,1,Total,8,,,,,1
D5561,C006,2025-08-14,T1,1,Total,7,,,,,1
D5562,C006,2025-08-14,T2,1,Total,8,,,,,1
D5563,C006,2025-08-15,T1,1,Total,7,,,,,1
D5564,C006,2025-08-15,T2,1,Total,8,,,,,1
D5565,C006,2025-08-16,T1,1,Total,7,,,,,1
D5566,C006,2025-08-16,T2,1,Total,8,,,,,1
D5567,C006,2025-08-17,T1,1,Parcial,4,formação,planeada,2025-08-03 09:00,334.0,1
D5568,C006,2025-08-17,T2,1,Total,8,,,,,1
D5569,C006,2025-08-18,T1,1,Total,7,,,,,1
D5570,C006,2025-08-18,T2,0,Indisponível,0,baixa,inesperada,2025-08-18 12:06,1.9,1
D5571,C006,2025-08-19,T1,1,Total,7,,,,,1
D5572,C006,2025-08-19,T2,1,Total,8,,,,,1
D5573,C006,2025-08-20,T1,1,Total,7,,,,,1
D5574,C006,2025-08-20,T2,1,Total,8,,,,,1
D5575,C006,2025-08-21,T1,1,Total,7,,,,,1
D5576,C006,2025-08-21,T2,1,Total,8,,,,,1
D5577,C006,2025-08-22,T1,0,Indisponível,0,folga,planeada,2025-08-19 07:54,71.1,1
D5578,C006,2025-08-22,T2,1,Total,8,,,,,1
D5579,C006,2025-08-23,T1,1,Parcial,4,consulta_medica,planeada,2025-08-16 07:00,168.0,1
D5580,C006,2025-08-23,T2,1,Total,8,,,,,1
D5581,C006,2025-08-24,T1,1,Total,7,,,,,1
D5582,C006,2025-08-24,T2,1,Total,8,,,,,1
D5583,C006,2025-08-25,T1,1,Total,7,,,,,1
D5584,C006,2025-08-25,T2,1,Total,8,,,,,1
D5585,C006,2025-08-26,T1,1,Total,7,,,,,1
D5586,C006,2025-08-26,T2,1,Total,8,,,,,1
D5587,C006,2025-08-27,T1,1,Total,7,,,,,1
D5588,C006,2025-08-27,T2,1,Total,8,,,,,1
D5589,C006,2025-08-28,T1,1,Total,7,,,,,1
D5590,C006,2025-08-28,T2,1,Total,8,,,,,1
D5591,C006,2025-08-29,T1,1,Total,7,,,,,1
D5592,C006,2025-08-29,T2,1,Total,8,,,,,1
D5593,C006,2025-08-30,T1,1,Total,7,,,,,1
D5594,C006,2025-08-30,T2,1,Total,8,,,,,1
D5595,C006,2025-08-31,T1,1,Total,7,,,,,1
D5596,C006,2025-08-31,T2,1,Total,8,,,,,1
D5597,C006,2025-09-01,T1,1,Total,7,,,,,1
D5598,C006,2025-09-01,T2,1,Total,8,,,,,1
D5599,C006,2025-09-02,T1,1,Total,7,,,,,1
D5600,C006,2025-09-02,T2,1,Total,8,,,,,1
D5601,C006,2025-09-03,T1,1,Total,7,,,,,1
D5602,C006,2025-09-03,T2,1,Total,8,,,,,1
D5603,C006,2025-09-04,T1,1,Total,7,,,,,1
D5604,C006,2025-09-04,T2,1,Total,8,,,,,1
D5605,C006,2025-09-05,T1,1,Total,7,,,,,1
D5606,C006,2025-09-05,T2,1,Total,8,,,,,1
D5607,C006,2025-09-06,T1,1,Total,7,,,,,1
D5608,C006,2025-09-06,T2,1,Total,8,,,,,1
D5609,C006,2025-09-07,T1,1,Parcial,4,preferencia_pessoal,planeada,2025-08-25 18:48,300.2,1
D5610,C006,2025-09-07,T2,1,Total,8,,,,,1
D5611,C006,2025-09-08,T1,1,Total,7,,,,,1
D5612,C006,2025-09-08,T2,1,Total,8,,,,,1
D5613,C006,2025-09-09,T1,1,Total,7,,,,,1
D5614,C006,2025-09-09,T2,1,Total,8,,,,,1
D5615,C006,2025-09-10,T1,1,Total,7,,,,,1
D5616,C006,2025-09-10,T2,1,Total,8,,,,,1
D5617,C006,2025-09-11,T1,1,Parcial,4,consulta_medica,planeada,2025-09-04 23:54,151.1,1
D5618,C006,2025-09-11,T2,1,Total,8,,,,,1
D5619,C006,2025-09-12,T1,1,Parcial,4,formação,planeada,2025-09-06 18:30,132.5,1
D5620,C006,2025-09-12,T2,1,Parcial,4,preferencia_pessoal,planeada,2025-09-02 19:00,235.0,1
D5621,C006,2025-09-13,T1,1,Total,7,,,,,1
D5622,C006,2025-09-13,T2,1,Total,8,,,,,1
D5623,C006,2025-09-14,T1,1,Total,7,,,,,1
D5624,C006,2025-09-14,T2,1,Total,8,,,,,1
D5625,C006,2025-09-15,T1,1,Total,7,,,,,1
D5626,C006,2025-09-15,T2,1,Total,8,,,,,1
D5627,C006,2025-09-16,T1,1,Total,7,,,,,1
D5628,C006,2025-09-16,T2,1,Total,8,,,,,1
D5629,C006,2025-09-17,T1,1,Parcial,4,preferencia_pessoal,planeada,2025-09-07 02:54,244.1,1
D5630,C006,2025-09-17,T2,1,Parcial,4,formação,planeada,2025-09-07 21:00,233.0,1
D5631,C006,2025-09-18,T1,1,Total,7,,,,,1
D5632,C006,2025-09-18,T2,1,Total,8,,,,,1
D5633,C006,2025-09-19,T1,1,Total,7,,,,,1
D5634,C006,2025-09-19,T2,1,Total,8,,,,,1
D5635,C006,2025-09-20,T1,1,Total,7,,,,,1
D5636,C006,2025-09-20,T2,1,Total,8,,,,,1
D5637,C006,2025-09-21,T1,1,Total,7,,,,,1
D5638,C006,2025-09-21,T2,1,Parcial,4,preferencia_pessoal,planeada,2025-09-12 23:06,206.9,1
D5639,C006,2025-09-22,T1,1,Total,7,,,,,1
D5640,C006,2025-09-22,T2,1,Total,8,,,,,1
D5641,C006,2025-09-23,T1,1,Total,7,,,,,1
D5642,C006,2025-09-23,T2,1,Total,8,,,,,1
D5643,C006,2025-09-24,T1,1,Total,7,,,,,1
D5644,C006,2025-09-24,T2,1,Total,8,,,,,1
D5645,C006,2025-09-25,T1,1,Total,7,,,,,1
D5646,C006,2025-09-25,T2,1,Total,8,,,,,1
D5647,C006,2025-09-26,T1,1,Total,7,,,,,1
D5648,C006,2025-09-26,T2,1,Total,8,,,,,1
D5649,C006,2025-09-27,T1,1,Total,7,,,,,1
D5650,C006,2025-09-27,T2,1,Total,8,,,,,1
D5651,C006,2025-09-28,T1,0,Indisponível,0,formação,planeada,2025-09-25 17:48,61.2,1
D5652,C006,2025-09-28,T2,1,Parcial,4,formação,planeada,2025-09-18 07:42,246.3,1
D5653,C006,2025-09-29,T1,1,Total,7,,,,,1
D5654,C006,2025-09-29,T2,1,Total,8,,,,,1
D5655,C006,2025-09-30,T1,1,Parcial,4,consulta_medica,planeada,2025-09-23 03:00,172.0,1
D5656,C006,2025-09-30,T2,1,Total,8,,,,,1
D5657,C006,2025-10-01,T1,1,Total,7,,,,,1
D5658,C006,2025-10-01,T2,1,Total,8,,,,,1
D5659,C006,2025-10-02,T1,1,Total,7,,,,,1
D5660,C006,2025-10-02,T2,1,Total,8,,,,,1
D5661,C006,2025-10-03,T1,1,Parcial,4,consulta_medica,planeada,2025-09-20 03:12,315.8,1
D5662,C006,2025-10-03,T2,0,Indisponível,0,folga,planeada,2025-10-02 18:36,19.4,1
D5663,C006,2025-10-04,T1,1,Parcial,4,preferencia_pessoal,planeada,2025-09-22 03:54,291.1,1
D5664,C006,2025-10-04,T2,1,Total,8,,,,,1
D5665,C006,2025-10-05,T1,1,Total,7,,,,,1
D5666,C006,2025-10-05,T2,1,Total,8,,,,,1
D5667,C006,2025-10-06,T1,1,Total,7,,,,,1
D5668,C006,2025-10-06,T2,1,Total,8,,,,,1
D5669,C006,2025-10-07,T1,1,Total,7,,,,,1
D5670,C006,2025-10-07,T2,1,Total,8,,,,,1
D5671,C006,2025-10-08,T1,1,Total,7,,,,,1
D5672,C006,2025-10-08,T2,1,Total,8,,,,,1
D5673,C006,2025-10-09,T1,1,Total,7,,,,,1
D5674,C006,2025-10-09,T2,1,Total,8,,,,,1
D5675,C006,2025-10-10,T1,1,Parcial,4,formação,planeada,2025-10-08 18:42,36.3,1
D5676,C006,2025-10-10,T2,1,Total,8,,,,,1
D5677,C006,2025-10-11,T1,1,Total,7,,,,,1
D5678,C006,2025-10-11,T2,1,Total,8,,,,,1
D5679,C006,2025-10-12,T1,1,Total,7,,,,,1
D5680,C006,2025-10-12,T2,1,Total,8,,,,,1
D5681,C006,2025-10-13,T1,1,Total,7,,,,,1
D5682,C006,2025-10-13,T2,1,Parcial,4,preferencia_pessoal,planeada,2025-10-01 10:42,291.3,1
D5683,C006,2025-10-14,T1,1,Total,7,,,,,1
D5684,C006,2025-10-14,T2,1,Total,8,,,,,1
D5685,C006,2025-10-15,T1,1,Total,7,,,,,1
D5686,C006,2025-10-15,T2,1,Total,8,,,,,1
D5687,C006,2025-10-16,T1,1,Parcial,4,preferencia_pessoal,planeada,2025-10-07 23:48,199.2,1
D5688,C006,2025-10-16,T2,1,Total,8,,,,,1
D5689,C006,2025-10-17,T1,1,Total,7,,,,,1
D5690,C006,2025-10-17,T2,1,Total,8,,,,,1
D5691,C006,2025-10-18,T1,1,Total,7,,,,,1
D5692,C006,2025-10-18,T2,1,Parcial,4,formação,planeada,2025-10-08 11:30,242.5,1
D5693,C006,2025-10-19,T1,1,Total,7,,,,,1
D5694,C006,2025-10-19,T2,1,Total,8,,,,,1
D5695,C006,2025-10-20,T1,1,Total,7,,,,,1
D5696,C006,2025-10-20,T2,1,Total,8,,,,,1
D5697,C006,2025-10-21,T1,1,Total,7,,,,,1
D5698,C006,2025-10-21,T2,1,Parcial,4,consulta_medica,planeada,2025-10-20 06:30,31.5,1
D5699,C006,2025-10-22,T1,1,Total,7,,,,,1
D5700,C006,2025-10-22,T2,1,Total,8,,,,,1
D5701,C006,2025-10-23,T1,1,Total,7,,,,,1
D5702,C006,2025-10-23,T2,1,Total,8,,,,,1
D5703,C006,2025-10-24,T1,1,Total,7,,,,,1
D5704,C006,2025-10-24,T2,1,Total,8,,,,,1
D5705,C006,2025-10-25,T1,1,Total,7,,,,,1
D5706,C006,2025-10-25,T2,1,Total,8,,,,,1
D5707,C006,2025-10-26,T1,1,Total,7,,,,,1
D5708,C006,2025-10-26,T2,1,Total,8,,,,,1
D5709,C006,2025-10-27,T1,1,Total,7,,,,,1
D5710,C006,2025-10-27,T2,1,Total,8,,,,,1
D5711,C006,2025-10-28,T1,1,Total,7,,,,,1
D5712,C006,2025-10-28,T2,1,Parcial,4,formação,planeada,2025-10-25 03:06,82.9,1
D5713,C006,2025-10-29,T1,1,Total,7,,,,,1
D5714,C006,2025-10-29,T2,1,Total,8,,,,,1
D5715,C006,2025-10-30,T1,1,Total,7,,,,,1
D5716,C006,2025-10-30,T2,1,Total,8,,,,,1
D5717,C006,2025-10-31,T1,1,Total,7,,,,,1
D5718,C006,2025-10-31,T2,1,Parcial,4,formação,planeada,2025-10-28 20:48,65.2,1
D5719,C006,2025-11-01,T1,1,Total,7,,,,,1
D5720,C006,2025-11-01,T2,1,Total,8,,,,,1
D5721,C006,2025-11-02,T1,1,Parcial,4,preferencia_pessoal,planeada,2025-10-20 23:06,295.9,1
D5722,C006,2025-11-02,T2,1,Parcial,4,consulta_medica,planeada,2025-10-21 00:18,301.7,1
D5723,C006,2025-11-03,T1,1,Total,7,,,,,1
D5724,C006,2025-11-03,T2,1,Total,8,,,,,1
D5725,C006,2025-11-04,T1,1,Total,7,,,,,1
D5726,C006,2025-11-04,T2,1,Total,8,,,,,1
D5727,C006,2025-11-05,T1,1,Parcial,4,consulta_medica,planeada,2025-10-31 00:12,126.8,1
D5728,C006,2025-11-05,T2,1,Total,8,,,,,1
D5729,C006,2025-11-06,T1,1,Total,7,,,,,1
D5730,C006,2025-11-06,T2,1,Total,8,,,,,1
D5731,C006,2025-11-07,T1,1,Parcial,4,consulta_medica,planeada,2025-11-01 19:12,131.8,1
D5732,C006,2025-11-07,T2,1,Total,8,,,,,1
D5733,C006,2025-11-08,T1,1,Total,7,,,,,1
D5734,C006,2025-11-08,T2,1,Total,8,,,,,1
D5735,C006,2025-11-09,T1,1,Total,7,,,,,1
D5736,C006,2025-11-09,T2,1,Total,8,,,,,1
D5737,C006,2025-11-10,T1,1,Total,7,,,,,1
D5738,C006,2025-11-10,T2,1,Total,8,,,,,1
D5739,C006,2025-11-11,T1,1,Total,7,,,,,1
D5740,C006,2025-11-11,T2,1,Total,8,,,,,1
D5741,C006,2025-11-12,T1,1,Total,7,,,,,1
D5742,C006,2025-11-12,T2,1,Total,8,,,,,1
D5743,C006,2025-11-13,T1,1,Total,7,,,,,1
D5744,C006,2025-11-13,T2,1,Total,8,,,,,1
D5745,C006,2025-11-14,T1,1,Parcial,4,consulta_medica,planeada,2025-11-06 00:36,198.4,1
D5746,C006,2025-11-14,T2,1,Parcial,4,preferencia_pessoal,planeada,2025-11-10 08:48,101.2,1
D5747,C006,2025-11-15,T1,1,Total,7,,,,,1
D5748,C006,2025-11-15,T2,1,Total,8,,,,,1
D5749,C006,2025-11-16,T1,1,Total,7,,,,,1
D5750,C006,2025-11-16,T2,1,Total,8,,,,,1
D5751,C006,2025-11-17,T1,1,Total,7,,,,,1
D5752,C006,2025-11-17,T2,1,Total,8,,,,,1
D5753,C006,2025-11-18,T1,1,Total,7,,,,,1
D5754,C006,2025-11-18,T2,1,Total,8,,,,,1
D5755,C006,2025-11-19,T1,1,Total,7,,,,,1
D5756,C006,2025-11-19,T2,1,Total,8,,,,,1
D5757,C006,2025-11-20,T1,1,Total,7,,,,,1
D5758,C006,2025-11-20,T2,1,Total,8,,,,,1
D5759,C006,2025-11-21,T1,0,Indisponível,0,folga,planeada,2025-10-25 00:18,654.7,1
D5760,C006,2025-11-21,T2,1,Total,8,,,,,1
D5761,C006,2025-11-22,T1,1,Total,7,,,,,1
D5762,C006,2025-11-22,T2,1,Total,8,,,,,1
D5763,C006,2025-11-23,T1,1,Total,7,,,,,1
D5764,C006,2025-11-23,T2,1,Total,8,,,,,1
D5765,C006,2025-11-24,T1,1,Total,7,,,,,1
D5766,C006,2025-11-24,T2,1,Total,8,,,,,1
D5767,C006,2025-11-25,T1,1,Total,7,,,,,1
D5768,C006,2025-11-25,T2,1,Total,8,,,,,1
D5769,C006,2025-11-26,T1,1,Total,7,,,,,1
D5770,C006,2025-11-26,T2,1,Total,8,,,,,1
D5771,C006,2025-11-27,T1,1,Total,7,,,,,1
D5772,C006,2025-11-27,T2,0,Indisponível,0,preferencia_pessoal,planeada,2025-11-01 02:06,635.9,1
D5773,C006,2025-11-28,T1,1,Total,7,,,,,1
D5774,C006,2025-11-28,T2,1,Total,8,,,,,1
D5775,C006,2025-11-29,T1,0,Indisponível,0,férias,planeada,2025-11-14 19:30,347.5,1
D5776,C006,2025-11-29,T2,0,Indisponível,0,restrição_noite,planeada,2025-11-15 03:24,346.6,1
D5777,C006,2025-11-30,T1,0,Indisponível,0,folga,planeada,2025-11-09 17:30,493.5,1
D5778,C006,2025-11-30,T2,1,Total,8,,,,,1
D5779,C006,2025-12-01,T1,1,Total,7,,,,,1
D5780,C006,2025-12-01,T2,1,Total,8,,,,,1
D5781,C006,2025-12-02,T1,1,Total,7,,,,,1
D5782,C006,2025-12-02,T2,1,Total,8,,,,,1
D5783,C006,2025-12-03,T1,1,Parcial,4,preferencia_pessoal,planeada,2025-11-26 16:24,158.6,1
D5784,C006,2025-12-03,T2,1,Total,8,,,,,1
D5785,C006,2025-12-04,T1,1,Total,7,,,,,1
D5786,C006,2025-12-04,T2,1,Total,8,,,,,1
D5787,C006,2025-12-05,T1,1,Total,7,,,,,1
D5788,C006,2025-12-05,T2,1,Total,8,,,,,1
D5789,C006,2025-12-06,T1,1,Total,7,,,,,1
D5790,C006,2025-12-06,T2,1,Total,8,,,,,1
D5791,C006,2025-12-07,T1,1,Total,7,,,,,1
D5792,C006,2025-12-07,T2,1,Total,8,,,,,1
D5793,C006,2025-12-08,T1,1,Total,7,,,,,1
D5794,C006,2025-12-08,T2,1,Total,8,,,,,1
D5795,C006,2025-12-09,T1,1,Total,7,,,,,1
D5796,C006,2025-12-09,T2,1,Total,8,,,,,1
D5797,C006,2025-12-10,T1,1,Total,7,,,,,1
D5798,C006,2025-12-10,T2,1,Total,8,,,,,1
D5799,C006,2025-12-11,T1,1,Total,7,,,,,1
D5800,C006,2025-12-11,T2,1,Total,8,,,,,1
D5801,C006,2025-12-12,T1,1,Total,7,,,,,1
D5802,C006,2025-12-12,T2,1,Total,8,,,,,1
D5803,C006,2025-12-13,T1,1,Total,7,,,,,1
D5804,C006,2025-12-13,T2,1,Total,8,,,,,1
D5805,C006,2025-12-14,T1,0,Indisponível,0,baixa,planeada,2025-12-01 02:00,317.0,1
D5806,C006,2025-12-14,T2,1,Total,8,,,,,1
D5807,C006,2025-12-15,T1,1,Parcial,4,formação,planeada,2025-12-06 04:06,218.9,1
D5808,C006,2025-12-15,T2,1,Total,8,,,,,1
D5809,C006,2025-12-16,T1,1,Total,7,,,,,1
D5810,C006,2025-12-16,T2,1,Total,8,,,,,1
D5811,C006,2025-12-17,T1,1,Total,7,,,,,1
D5812,C006,2025-12-17,T2,1,Total,8,,,,,1
D5813,C006,2025-12-18,T1,1,Total,7,,,,,1
D5814,C006,2025-12-18,T2,1,Total,8,,,,,1
D5815,C006,2025-12-19,T1,1,Total,7,,,,,1
D5816,C006,2025-12-19,T2,1,Total,8,,,,,1
D5817,C006,2025-12-20,T1,1,Total,7,,,,,1
D5818,C006,2025-12-20,T2,1,Total,8,,,,,1
D5819,C006,2025-12-21,T1,1,Total,7,,,,,1
D5820,C006,2025-12-21,T2,1,Total,8,,,,,1
D5821,C006,2025-12-22,T1,0,Indisponível,0,baixa,planeada,2025-12-03 17:24,445.6,1
D5822,C006,2025-12-22,T2,1,Total,8,,,,,1
D5823,C006,2025-12-23,T1,1,Total,7,,,,,1
D5824,C006,2025-12-23,T2,1,Total,8,,,,,1
D5825,C006,2025-12-24,T1,1,Total,7,,,,,1
D5826,C006,2025-12-24,T2,1,Total,8,,,,,1
D5827,C006,2025-12-25,T1,1,Total,7,,,,,1
D5828,C006,2025-12-25,T2,1,Total,8,,,,,1
D5829,C006,2025-12-26,T1,1,Total,7,,,,,1
D5830,C006,2025-12-26,T2,1,Total,8,,,,,1
D5831,C006,2025-12-27,T1,1,Total,7,,,,,1
D5832,C006,2025-12-27,T2,1,Total,8,,,,,1
D5833,C006,2025-12-28,T1,1,Total,7,,,,,1
D5834,C006,2025-12-28,T2,1,Total,8,,,,,1
D5835,C006,2025-12-29,T1,1,Total,7,,,,,1
D5836,C006,2025-12-29,T2,1,Total,8,,,,,1
D5837,C006,2025-12-30,T1,1,Total,7,,,,,1
D5838,C006,2025-12-30,T2,0,Indisponível,0,folga,planeada,2025-12-21 17:36,212.4,1
D5839,C006,2025-12-31,T1,1,Total,7,,,,,1
D5840,C006,2025-12-31,T2,1,Parcial,4,formação,planeada,2025-12-31 00:24,13.6,1
D5841,C007,2025-01-01,T1,1,Total,7,,,,,1
D5842,C007,2025-01-01,T2,0,Indisponível,0,férias,planeada,2024-12-21 18:00,260.0,1
D5843,C007,2025-01-02,T1,1,Total,7,,,,,1
D5844,C007,2025-01-02,T2,1,Total,8,,,,,1
D5845,C007,2025-01-03,T1,1,Total,7,,,,,1
D5846,C007,2025-01-03,T2,1,Total,8,,,,,1
D5847,C007,2025-01-04,T1,1,Total,7,,,,,1
D5848,C007,2025-01-04,T2,1,Parcial,4,preferencia_pessoal,planeada,2025-01-02 03:48,58.2,1
D5849,C007,2025-01-05,T1,1,Total,7,,,,,1
D5850,C007,2025-01-05,T2,1,Total,8,,,,,1
D5851,C007,2025-01-06,T1,1,Parcial,4,formação,planeada,2025-01-05 08:36,22.4,1
D5852,C007,2025-01-06,T2,1,Total,8,,,,,1
D5853,C007,2025-01-07,T1,1,Total,7,,,,,1
D5854,C007,2025-01-07,T2,1,Total,8,,,,,1
D5855,C007,2025-01-08,T1,1,Total,7,,,,,1
D5856,C007,2025-01-08,T2,1,Total,8,,,,,1
D5857,C007,2025-01-09,T1,1,Total,7,,,,,1
D5858,C007,2025-01-09,T2,1,Total,8,,,,,1
D5859,C007,2025-01-10,T1,1,Total,7,,,,,1
D5860,C007,2025-01-10,T2,1,Total,8,,,,,1
D5861,C007,2025-01-11,T1,1,Total,7,,,,,1
D5862,C007,2025-01-11,T2,1,Total,8,,,,,1
D5863,C007,2025-01-12,T1,1,Total,7,,,,,1
D5864,C007,2025-01-12,T2,1,Total,8,,,,,1
D5865,C007,2025-01-13,T1,1,Total,7,,,,,1
D5866,C007,2025-01-13,T2,1,Total,8,,,,,1
D5867,C007,2025-01-14,T1,1,Total,7,,,,,1
D5868,C007,2025-01-14,T2,1,Total,8,,,,,1
D5869,C007,2025-01-15,T1,1,Total,7,,,,,1
D5870,C007,2025-01-15,T2,1,Total,8,,,,,1
D5871,C007,2025-01-16,T1,1,Total,7,,,,,1
D5872,C007,2025-01-16,T2,1,Total,8,,,,,1
D5873,C007,2025-01-17,T1,1,Total,7,,,,,1
D5874,C007,2025-01-17,T2,1,Total,8,,,,,1
D5875,C007,2025-01-18,T1,1,Total,7,,,,,1
D5876,C007,2025-01-18,T2,1,Parcial,4,preferencia_pessoal,planeada,2025-01-08 17:06,236.9,1
D5877,C007,2025-01-19,T1,1,Total,7,,,,,1
D5878,C007,2025-01-19,T2,1,Total,8,,,,,1
D5879,C007,2025-01-20,T1,1,Total,7,,,,,1
D5880,C007,2025-01-20,T2,1,Total,8,,,,,1
D5881,C007,2025-01-21,T1,1,Total,7,,,,,1
D5882,C007,2025-01-21,T2,1,Total,8,,,,,1
D5883,C007,2025-01-22,T1,0,Indisponível,0,baixa,planeada,2025-01-09 09:00,310.0,1
D5884,C007,2025-01-22,T2,1,Total,8,,,,,1
D5885,C007,2025-01-23,T1,1,Total,7,,,,,1
D5886,C007,2025-01-23,T2,1,Total,8,,,,,1
D5887,C007,2025-01-24,T1,1,Total,7,,,,,1
D5888,C007,2025-01-24,T2,1,Total,8,,,,,1
D5889,C007,2025-01-25,T1,1,Parcial,4,formação,planeada,2025-01-24 01:42,29.3,1
D5890,C007,2025-01-25,T2,1,Parcial,4,preferencia_pessoal,planeada,2025-01-18 20:06,161.9,1
D5891,C007,2025-01-26,T1,1,Total,7,,,,,1
D5892,C007,2025-01-26,T2,1,Parcial,4,preferencia_pessoal,planeada,2025-01-22 10:30,99.5,1
D5893,C007,2025-01-27,T1,1,Parcial,4,preferencia_pessoal,planeada,2025-01-15 16:42,278.3,1
D5894,C007,2025-01-27,T2,1,Total,8,,,,,1
D5895,C007,2025-01-28,T1,1,Total,7,,,,,1
D5896,C007,2025-01-28,T2,1,Parcial,4,preferencia_pessoal,planeada,2025-01-18 14:42,239.3,1
D5897,C007,2025-01-29,T1,1,Total,7,,,,,1
D5898,C007,2025-01-29,T2,1,Total,8,,,,,1
D5899,C007,2025-01-30,T1,1,Total,7,,,,,1
D5900,C007,2025-01-30,T2,1,Total,8,,,,,1
D5901,C007,2025-01-31,T1,1,Total,7,,,,,1
D5902,C007,2025-01-31,T2,1,Total,8,,,,,1
D5903,C007,2025-02-01,T1,1,Total,7,,,,,1
D5904,C007,2025-02-01,T2,1,Total,8,,,,,1
D5905,C007,2025-02-02,T1,1,Total,7,,,,,1
D5906,C007,2025-02-02,T2,0,Indisponível,0,baixa,planeada,2025-01-29 16:48,93.2,1
D5907,C007,2025-02-03,T1,0,Indisponível,0,formação,planeada,2025-01-30 05:18,97.7,1
D5908,C007,2025-02-03,T2,1,Parcial,4,consulta_medica,planeada,2025-02-01 16:24,45.6,1
D5909,C007,2025-02-04,T1,1,Total,7,,,,,1
D5910,C007,2025-02-04,T2,1,Total,8,,,,,1
D5911,C007,2025-02-05,T1,1,Parcial,4,formação,planeada,2025-01-31 17:48,109.2,1
D5912,C007,2025-02-05,T2,1,Total,8,,,,,1
D5913,C007,2025-02-06,T1,1,Total,7,,,,,1
D5914,C007,2025-02-06,T2,1,Total,8,,,,,1
D5915,C007,2025-02-07,T1,1,Total,7,,,,,1
D5916,C007,2025-02-07,T2,1,Total,8,,,,,1
D5917,C007,2025-02-08,T1,1,Total,7,,,,,1
D5918,C007,2025-02-08,T2,1,Total,8,,,,,1
D5919,C007,2025-02-09,T1,1,Total,7,,,,,1
D5920,C007,2025-02-09,T2,1,Total,8,,,,,1
D5921,C007,2025-02-10,T1,1,Total,7,,,,,1
D5922,C007,2025-02-10,T2,1,Total,8,,,,,1
D5923,C007,2025-02-11,T1,1,Total,7,,,,,1
D5924,C007,2025-02-11,T2,1,Total,8,,,,,1
D5925,C007,2025-02-12,T1,1,Total,7,,,,,1
D5926,C007,2025-02-12,T2,1,Total,8,,,,,1
D5927,C007,2025-02-13,T1,1,Total,7,,,,,1
D5928,C007,2025-02-13,T2,1,Total,8,,,,,1
D5929,C007,2025-02-14,T1,1,Total,7,,,,,1
D5930,C007,2025-02-14,T2,1,Total,8,,,,,1
D5931,C007,2025-02-15,T1,1,Total,7,,,,,1
D5932,C007,2025-02-15,T2,1,Total,8,,,,,1
D5933,C007,2025-02-16,T1,1,Total,7,,,,,1
D5934,C007,2025-02-16,T2,1,Total,8,,,,,1
D5935,C007,2025-02-17,T1,1,Total,7,,,,,1
D5936,C007,2025-02-17,T2,1,Parcial,4,consulta_medica,planeada,2025-02-06 02:24,275.6,1
D5937,C007,2025-02-18,T1,0,Indisponível,0,baixa,planeada,2025-02-17 11:12,19.8,1
D5938,C007,2025-02-18,T2,1,Total,8,,,,,1
D5939,C007,2025-02-19,T1,1,Total,7,,,,,1
D5940,C007,2025-02-19,T2,1,Total,8,,,,,1
D5941,C007,2025-02-20,T1,1,Total,7,,,,,1
D5942,C007,2025-02-20,T2,0,Indisponível,0,nao_autorizado_fds,planeada,2025-01-22 16:18,693.7,1
D5943,C007,2025-02-21,T1,1,Total,7,,,,,1
D5944,C007,2025-02-21,T2,1,Total,8,,,,,1
D5945,C007,2025-02-22,T1,1,Total,7,,,,,1
D5946,C007,2025-02-22,T2,1,Total,8,,,,,1
D5947,C007,2025-02-23,T1,1,Total,7,,,,,1
D5948,C007,2025-02-23,T2,1,Total,8,,,,,1
D5949,C007,2025-02-24,T1,1,Total,7,,,,,1
D5950,C007,2025-02-24,T2,1,Total,8,,,,,1
D5951,C007,2025-02-25,T1,1,Total,7,,,,,1
D5952,C007,2025-02-25,T2,1,Total,8,,,,,1
D5953,C007,2025-02-26,T1,1,Parcial,4,preferencia_pessoal,planeada,2025-02-21 01:00,126.0,1
D5954,C007,2025-02-26,T2,1,Total,8,,,,,1
D5955,C007,2025-02-27,T1,1,Total,7,,,,,1
D5956,C007,2025-02-27,T2,1,Total,8,,,,,1
D5957,C007,2025-02-28,T1,1,Total,7,,,,,1
D5958,C007,2025-02-28,T2,1,Total,8,,,,,1
D5959,C007,2025-03-01,T1,1,Total,7,,,,,1
D5960,C007,2025-03-01,T2,1,Total,8,,,,,1
D5961,C007,2025-03-02,T1,1,Parcial,4,formação,planeada,2025-02-24 17:00,134.0,1
D5962,C007,2025-03-02,T2,1,Total,8,,,,,1
D5963,C007,2025-03-03,T1,1,Total,7,,,,,1
D5964,C007,2025-03-03,T2,1,Total,8,,,,,1
D5965,C007,2025-03-04,T1,1,Total,7,,,,,1
D5966,C007,2025-03-04,T2,1,Total,8,,,,,1
D5967,C007,2025-03-05,T1,1,Total,7,,,,,1
D5968,C007,2025-03-05,T2,1,Total,8,,,,,1
D5969,C007,2025-03-06,T1,1,Total,7,,,,,1
D5970,C007,2025-03-06,T2,1,Total,8,,,,,1
D5971,C007,2025-03-07,T1,1,Total,7,,,,,1
D5972,C007,2025-03-07,T2,1,Total,8,,,,,1
D5973,C007,2025-03-08,T1,1,Parcial,4,consulta_medica,planeada,2025-02-24 06:54,288.1,1
D5974,C007,2025-03-08,T2,1,Total,8,,,,,1
D5975,C007,2025-03-09,T1,1,Total,7,,,,,1
D5976,C007,2025-03-09,T2,1,Total,8,,,,,1
D5977,C007,2025-03-10,T1,1,Total,7,,,,,1
D5978,C007,2025-03-10,T2,1,Total,8,,,,,1
D5979,C007,2025-03-11,T1,1,Total,7,,,,,1
D5980,C007,2025-03-11,T2,1,Total,8,,,,,1
D5981,C007,2025-03-12,T1,1,Total,7,,,,,1
D5982,C007,2025-03-12,T2,1,Total,8,,,,,1
D5983,C007,2025-03-13,T1,1,Parcial,4,formação,planeada,2025-03-02 23:06,247.9,1
D5984,C007,2025-03-13,T2,1,Total,8,,,,,1
D5985,C007,2025-03-14,T1,1,Total,7,,,,,1
D5986,C007,2025-03-14,T2,1,Parcial,4,preferencia_pessoal,planeada,2025-03-12 12:54,49.1,1
D5987,C007,2025-03-15,T1,1,Parcial,4,consulta_medica,planeada,2025-03-06 14:30,208.5,1
D5988,C007,2025-03-15,T2,1,Total,8,,,,,1
D5989,C007,2025-03-16,T1,1,Total,7,,,,,1
D5990,C007,2025-03-16,T2,1,Total,8,,,,,1
D5991,C007,2025-03-17,T1,1,Total,7,,,,,1
D5992,C007,2025-03-17,T2,1,Total,8,,,,,1
D5993,C007,2025-03-18,T1,1,Total,7,,,,,1
D5994,C007,2025-03-18,T2,1,Total,8,,,,,1
D5995,C007,2025-03-19,T1,1,Total,7,,,,,1
D5996,C007,2025-03-19,T2,1,Total,8,,,,,1
D5997,C007,2025-03-20,T1,1,Total,7,,,,,1
D5998,C007,2025-03-20,T2,1,Total,8,,,,,1
D5999,C007,2025-03-21,T1,1,Total,7,,,,,1
D6000,C007,2025-03-21,T2,1,Total,8,,,,,1
D6001,C007,2025-03-22,T1,1,Total,7,,,,,1
D6002,C007,2025-03-22,T2,1,Total,8,,,,,1
D6003,C007,2025-03-23,T1,1,Total,7,,,,,1
D6004,C007,2025-03-23,T2,1,Total,8,,,,,1
D6005,C007,2025-03-24,T1,1,Total,7,,,,,1
D6006,C007,2025-03-24,T2,1,Total,8,,,,,1
D6007,C007,2025-03-25,T1,1,Total,7,,,,,1
D6008,C007,2025-03-25,T2,1,Total,8,,,,,1
D6009,C007,2025-03-26,T1,1,Total,7,,,,,1
D6010,C007,2025-03-26,T2,1,Total,8,,,,,1
D6011,C007,2025-03-27,T1,1,Total,7,,,,,1
D6012,C007,2025-03-27,T2,1,Parcial,4,preferencia_pessoal,planeada,2025-03-17 20:54,233.1,1
D6013,C007,2025-03-28,T1,1,Total,7,,,,,1
D6014,C007,2025-03-28,T2,1,Total,8,,,,,1
D6015,C007,2025-03-29,T1,1,Total,7,,,,,1
D6016,C007,2025-03-29,T2,1,Total,8,,,,,1
D6017,C007,2025-03-30,T1,1,Total,7,,,,,1
D6018,C007,2025-03-30,T2,1,Total,8,,,,,1
D6019,C007,2025-03-31,T1,1,Total,7,,,,,1
D6020,C007,2025-03-31,T2,1,Total,8,,,,,1
D6021,C007,2025-04-01,T1,1,Total,7,,,,,1
D6022,C007,2025-04-01,T2,1,Parcial,4,consulta_medica,planeada,2025-03-23 15:18,214.7,1
D6023,C007,2025-04-02,T1,1,Total,7,,,,,1
D6024,C007,2025-04-02,T2,1,Parcial,4,formação,planeada,2025-03-31 17:18,44.7,1
D6025,C007,2025-04-03,T1,1,Total,7,,,,,1
D6026,C007,2025-04-03,T2,1,Total,8,,,,,1
D6027,C007,2025-04-04,T1,1,Total,7,,,,,1
D6028,C007,2025-04-04,T2,1,Total,8,,,,,1
D6029,C007,2025-04-05,T1,1,Total,7,,,,,1
D6030,C007,2025-04-05,T2,1,Total,8,,,,,1
D6031,C007,2025-04-06,T1,1,Total,7,,,,,1
D6032,C007,2025-04-06,T2,1,Total,8,,,,,1
D6033,C007,2025-04-07,T1,1,Parcial,4,consulta_medica,planeada,2025-03-24 17:18,325.7,1
D6034,C007,2025-04-07,T2,1,Total,8,,,,,1
D6035,C007,2025-04-08,T1,1,Total,7,,,,,1
D6036,C007,2025-04-08,T2,1,Total,8,,,,,1
D6037,C007,2025-04-09,T1,1,Total,7,,,,,1
D6038,C007,2025-04-09,T2,1,Total,8,,,,,1
D6039,C007,2025-04-10,T1,1,Total,7,,,,,1
D6040,C007,2025-04-10,T2,1,Total,8,,,,,1
D6041,C007,2025-04-11,T1,1,Total,7,,,,,1
D6042,C007,2025-04-11,T2,1,Total,8,,,,,1
D6043,C007,2025-04-12,T1,1,Total,7,,,,,1
D6044,C007,2025-04-12,T2,1,Total,8,,,,,1
D6045,C007,2025-04-13,T1,1,Total,7,,,,,1
D6046,C007,2025-04-13,T2,0,Indisponível,0,férias,planeada,2025-04-07 04:00,154.0,1
D6047,C007,2025-04-14,T1,1,Total,7,,,,,1
D6048,C007,2025-04-14,T2,1,Parcial,4,preferencia_pessoal,planeada,2025-04-06 16:42,189.3,1
D6049,C007,2025-04-15,T1,1,Total,7,,,,,1
D6050,C007,2025-04-15,T2,1,Total,8,,,,,1
D6051,C007,2025-04-16,T1,1,Total,7,,,,,1
D6052,C007,2025-04-16,T2,1,Parcial,4,preferencia_pessoal,planeada,2025-04-15 02:24,35.6,1
D6053,C007,2025-04-17,T1,1,Total,7,,,,,1
D6054,C007,2025-04-17,T2,1,Total,8,,,,,1
D6055,C007,2025-04-18,T1,1,Total,7,,,,,1
D6056,C007,2025-04-18,T2,0,Indisponível,0,outro,planeada,2025-03-21 01:30,684.5,1
D6057,C007,2025-04-19,T1,1,Total,7,,,,,1
D6058,C007,2025-04-19,T2,1,Total,8,,,,,1
D6059,C007,2025-04-20,T1,1,Parcial,4,formação,planeada,2025-04-07 00:18,318.7,1
D6060,C007,2025-04-20,T2,1,Total,8,,,,,1
D6061,C007,2025-04-21,T1,1,Parcial,4,preferencia_pessoal,planeada,2025-04-13 22:30,176.5,1
D6062,C007,2025-04-21,T2,1,Total,8,,,,,1
D6063,C007,2025-04-22,T1,1,Total,7,,,,,1
D6064,C007,2025-04-22,T2,1,Total,8,,,,,1
D6065,C007,2025-04-23,T1,1,Total,7,,,,,1
D6066,C007,2025-04-23,T2,1,Total,8,,,,,1
D6067,C007,2025-04-24,T1,1,Total,7,,,,,1
D6068,C007,2025-04-24,T2,0,Indisponível,0,baixa,inesperada,2025-04-24 06:36,7.4,1
D6069,C007,2025-04-25,T1,1,Total,7,,,,,1
D6070,C007,2025-04-25,T2,0,Indisponível,0,baixa,planeada,2025-04-13 22:54,279.1,1
D6071,C007,2025-04-26,T1,1,Parcial,4,consulta_medica,planeada,2025-04-18 08:54,190.1,1
D6072,C007,2025-04-26,T2,1,Total,8,,,,,1
D6073,C007,2025-04-27,T1,1,Total,7,,,,,1
D6074,C007,2025-04-27,T2,1,Total,8,,,,,1
D6075,C007,2025-04-28,T1,1,Total,7,,,,,1
D6076,C007,2025-04-28,T2,1,Total,8,,,,,1
D6077,C007,2025-04-29,T1,1,Total,7,,,,,1
D6078,C007,2025-04-29,T2,1,Parcial,4,consulta_medica,planeada,2025-04-27 20:12,41.8,1
D6079,C007,2025-04-30,T1,1,Total,7,,,,,1
D6080,C007,2025-04-30,T2,1,Total,8,,,,,1
D6081,C007,2025-05-01,T1,1,Total,7,,,,,1
D6082,C007,2025-05-01,T2,1,Total,8,,,,,1
D6083,C007,2025-05-02,T1,1,Total,7,,,,,1
D6084,C007,2025-05-02,T2,1,Total,8,,,,,1
D6085,C007,2025-05-03,T1,0,Indisponível,0,consulta_medica,planeada,2025-04-30 12:48,66.2,1
D6086,C007,2025-05-03,T2,1,Parcial,4,formação,planeada,2025-04-29 06:24,103.6,1
D6087,C007,2025-05-04,T1,1,Total,7,,,,,1
D6088,C007,2025-05-04,T2,1,Total,8,,,,,1
D6089,C007,2025-05-05,T1,1,Total,7,,,,,1
D6090,C007,2025-05-05,T2,1,Total,8,,,,,1
D6091,C007,2025-05-06,T1,1,Total,7,,,,,1
D6092,C007,2025-05-06,T2,1,Total,8,,,,,1
D6093,C007,2025-05-07,T1,1,Parcial,4,preferencia_pessoal,planeada,2025-05-05 18:18,36.7,1
D6094,C007,2025-05-07,T2,1,Total,8,,,,,1
D6095,C007,2025-05-08,T1,1,Total,7,,,,,1
D6096,C007,2025-05-08,T2,1,Total,8,,,,,1
D6097,C007,2025-05-09,T1,1,Total,7,,,,,1
D6098,C007,2025-05-09,T2,1,Total,8,,,,,1
D6099,C007,2025-05-10,T1,1,Total,7,,,,,1
D6100,C007,2025-05-10,T2,1,Total,8,,,,,1
D6101,C007,2025-05-11,T1,1,Total,7,,,,,1
D6102,C007,2025-05-11,T2,1,Total,8,,,,,1
D6103,C007,2025-05-12,T1,1,Total,7,,,,,1
D6104,C007,2025-05-12,T2,1,Total,8,,,,,1
D6105,C007,2025-05-13,T1,1,Total,7,,,,,1
D6106,C007,2025-05-13,T2,1,Total,8,,,,,1
D6107,C007,2025-05-14,T1,1,Total,7,,,,,1
D6108,C007,2025-05-14,T2,1,Parcial,4,preferencia_pessoal,planeada,2025-05-01 22:18,303.7,1
D6109,C007,2025-05-15,T1,1,Total,7,,,,,1
D6110,C007,2025-05-15,T2,1,Total,8,,,,,1
D6111,C007,2025-05-16,T1,1,Parcial,4,preferencia_pessoal,planeada,2025-05-04 10:24,284.6,1
D6112,C007,2025-05-16,T2,1,Total,8,,,,,1
D6113,C007,2025-05-17,T1,1,Total,7,,,,,1
D6114,C007,2025-05-17,T2,1,Total,8,,,,,1
D6115,C007,2025-05-18,T1,1,Total,7,,,,,1
D6116,C007,2025-05-18,T2,1,Total,8,,,,,1
D6117,C007,2025-05-19,T1,1,Total,7,,,,,1
D6118,C007,2025-05-19,T2,1,Total,8,,,,,1
D6119,C007,2025-05-20,T1,1,Total,7,,,,,1
D6120,C007,2025-05-20,T2,1,Total,8,,,,,1
D6121,C007,2025-05-21,T1,1,Total,7,,,,,1
D6122,C007,2025-05-21,T2,1,Parcial,4,formação,planeada,2025-05-09 19:00,283.0,1
D6123,C007,2025-05-22,T1,1,Total,7,,,,,1
D6124,C007,2025-05-22,T2,1,Total,8,,,,,1
D6125,C007,2025-05-23,T1,1,Total,7,,,,,1
D6126,C007,2025-05-23,T2,1,Parcial,4,formação,planeada,2025-05-11 13:06,288.9,1
D6127,C007,2025-05-24,T1,1,Total,7,,,,,1
D6128,C007,2025-05-24,T2,1,Total,8,,,,,1
D6129,C007,2025-05-25,T1,1,Total,7,,,,,1
D6130,C007,2025-05-25,T2,0,Indisponível,0,folga,planeada,2025-05-19 15:24,142.6,1
D6131,C007,2025-05-26,T1,1,Total,7,,,,,1
D6132,C007,2025-05-26,T2,1,Parcial,4,formação,planeada,2025-05-25 15:54,22.1,1
D6133,C007,2025-05-27,T1,1,Total,7,,,,,1
D6134,C007,2025-05-27,T2,1,Total,8,,,,,1
D6135,C007,2025-05-28,T1,1,Total,7,,,,,1
D6136,C007,2025-05-28,T2,1,Total,8,,,,,1
D6137,C007,2025-05-29,T1,1,Total,7,,,,,1
D6138,C007,2025-05-29,T2,1,Total,8,,,,,1
D6139,C007,2025-05-30,T1,1,Total,7,,,,,1
D6140,C007,2025-05-30,T2,1,Total,8,,,,,1
D6141,C007,2025-05-31,T1,0,Indisponível,0,consulta_medica,planeada,2025-05-05 06:06,624.9,1
D6142,C007,2025-05-31,T2,1,Total,8,,,,,1
D6143,C007,2025-06-01,T1,1,Total,7,,,,,1
D6144,C007,2025-06-01,T2,1,Total,8,,,,,1
D6145,C007,2025-06-02,T1,1,Total,7,,,,,1
D6146,C007,2025-06-02,T2,1,Total,8,,,,,1
D6147,C007,2025-06-03,T1,1,Total,7,,,,,1
D6148,C007,2025-06-03,T2,1,Total,8,,,,,1
D6149,C007,2025-06-04,T1,1,Total,7,,,,,1
D6150,C007,2025-06-04,T2,1,Total,8,,,,,1
D6151,C007,2025-06-05,T1,1,Total,7,,,,,1
D6152,C007,2025-06-05,T2,1,Total,8,,,,,1
D6153,C007,2025-06-06,T1,1,Total,7,,,,,1
D6154,C007,2025-06-06,T2,1,Total,8,,,,,1
D6155,C007,2025-06-07,T1,1,Total,7,,,,,1
D6156,C007,2025-06-07,T2,1,Total,8,,,,,1
D6157,C007,2025-06-08,T1,1,Total,7,,,,,1
D6158,C007,2025-06-08,T2,1,Total,8,,,,,1
D6159,C007,2025-06-09,T1,1,Total,7,,,,,1
D6160,C007,2025-06-09,T2,1,Total,8,,,,,1
D6161,C007,2025-06-10,T1,1,Total,7,,,,,1
D6162,C007,2025-06-10,T2,1,Total,8,,,,,1
D6163,C007,2025-06-11,T1,1,Total,7,,,,,1
D6164,C007,2025-06-11,T2,1,Total,8,,,,,1
D6165,C007,2025-06-12,T1,1,Total,7,,,,,1
D6166,C007,2025-06-12,T2,1,Total,8,,,,,1
D6167,C007,2025-06-13,T1,1,Total,7,,,,,1
D6168,C007,2025-06-13,T2,0,Indisponível,0,férias,planeada,2025-06-05 03:42,202.3,1
D6169,C007,2025-06-14,T1,1,Total,7,,,,,1
D6170,C007,2025-06-14,T2,1,Total,8,,,,,1
D6171,C007,2025-06-15,T1,1,Total,7,,,,,1
D6172,C007,2025-06-15,T2,0,Indisponível,0,férias,planeada,2025-05-26 14:12,479.8,1
D6173,C007,2025-06-16,T1,1,Total,7,,,,,1
D6174,C007,2025-06-16,T2,1,Total,8,,,,,1
D6175,C007,2025-06-17,T1,1,Total,7,,,,,1
D6176,C007,2025-06-17,T2,0,Indisponível,0,folga,planeada,2025-06-15 23:48,38.2,1
D6177,C007,2025-06-18,T1,1,Total,7,,,,,1
D6178,C007,2025-06-18,T2,1,Total,8,,,,,1
D6179,C007,2025-06-19,T1,1,Total,7,,,,,1
D6180,C007,2025-06-19,T2,1,Total,8,,,,,1
D6181,C007,2025-06-20,T1,1,Total,7,,,,,1
D6182,C007,2025-06-20,T2,1,Parcial,4,formação,planeada,2025-06-07 05:06,320.9,1
D6183,C007,2025-06-21,T1,1,Total,7,,,,,1
D6184,C007,2025-06-21,T2,1,Total,8,,,,,1
D6185,C007,2025-06-22,T1,1,Total,7,,,,,1
D6186,C007,2025-06-22,T2,1,Total,8,,,,,1
D6187,C007,2025-06-23,T1,1,Parcial,4,preferencia_pessoal,planeada,2025-06-20 19:24,59.6,1
D6188,C007,2025-06-23,T2,1,Total,8,,,,,1
D6189,C007,2025-06-24,T1,1,Total,7,,,,,1
D6190,C007,2025-06-24,T2,1,Total,8,,,,,1
D6191,C007,2025-06-25,T1,1,Total,7,,,,,1
D6192,C007,2025-06-25,T2,1,Total,8,,,,,1
D6193,C007,2025-06-26,T1,1,Total,7,,,,,1
D6194,C007,2025-06-26,T2,1,Total,8,,,,,1
D6195,C007,2025-06-27,T1,1,Total,7,,,,,1
D6196,C007,2025-06-27,T2,1,Total,8,,,,,1
D6197,C007,2025-06-28,T1,1,Total,7,,,,,1
D6198,C007,2025-06-28,T2,1,Total,8,,,,,1
D6199,C007,2025-06-29,T1,1,Total,7,,,,,1
D6200,C007,2025-06-29,T2,0,Indisponível,0,restrição_noite,planeada,2025-06-04 00:36,613.4,1
D6201,C007,2025-06-30,T1,1,Total,7,,,,,1
D6202,C007,2025-06-30,T2,0,Indisponível,0,folga,planeada,2025-06-26 20:42,89.3,1
D6203,C007,2025-07-01,T1,1,Total,7,,,,,1
D6204,C007,2025-07-01,T2,1,Parcial,4,formação,planeada,2025-06-27 21:12,88.8,1
D6205,C007,2025-07-02,T1,1,Total,7,,,,,1
D6206,C007,2025-07-02,T2,1,Total,8,,,,,1
D6207,C007,2025-07-03,T1,1,Total,7,,,,,1
D6208,C007,2025-07-03,T2,1,Parcial,4,consulta_medica,planeada,2025-06-21 06:12,295.8,1
D6209,C007,2025-07-04,T1,0,Indisponível,0,formação,planeada,2025-06-23 03:54,267.1,1
D6210,C007,2025-07-04,T2,1,Total,8,,,,,1
D6211,C007,2025-07-05,T1,1,Total,7,,,,,1
D6212,C007,2025-07-05,T2,1,Total,8,,,,,1
D6213,C007,2025-07-06,T1,1,Total,7,,,,,1
D6214,C007,2025-07-06,T2,1,Total,8,,,,,1
D6215,C007,2025-07-07,T1,0,Indisponível,0,férias,planeada,2025-06-28 05:06,217.9,1
D6216,C007,2025-07-07,T2,1,Total,8,,,,,1
D6217,C007,2025-07-08,T1,1,Total,7,,,,,1
D6218,C007,2025-07-08,T2,1,Parcial,4,preferencia_pessoal,planeada,2025-06-27 04:12,273.8,1
D6219,C007,2025-07-09,T1,1,Total,7,,,,,1
D6220,C007,2025-07-09,T2,1,Total,8,,,,,1
D6221,C007,2025-07-10,T1,1,Total,7,,,,,1
D6222,C007,2025-07-10,T2,1,Total,8,,,,,1
D6223,C007,2025-07-11,T1,1,Total,7,,,,,1
D6224,C007,2025-07-11,T2,1,Total,8,,,,,1
D6225,C007,2025-07-12,T1,1,Total,7,,,,,1
D6226,C007,2025-07-12,T2,1,Total,8,,,,,1
D6227,C007,2025-07-13,T1,1,Total,7,,,,,1
D6228,C007,2025-07-13,T2,1,Total,8,,,,,1
D6229,C007,2025-07-14,T1,1,Total,7,,,,,1
D6230,C007,2025-07-14,T2,1,Total,8,,,,,1
D6231,C007,2025-07-15,T1,1,Total,7,,,,,1
D6232,C007,2025-07-15,T2,1,Total,8,,,,,1
D6233,C007,2025-07-16,T1,1,Total,7,,,,,1
D6234,C007,2025-07-16,T2,1,Total,8,,,,,1
D6235,C007,2025-07-17,T1,1,Total,7,,,,,1
D6236,C007,2025-07-17,T2,1,Total,8,,,,,1
D6237,C007,2025-07-18,T1,1,Total,7,,,,,1
D6238,C007,2025-07-18,T2,1,Parcial,4,preferencia_pessoal,planeada,2025-07-09 21:18,208.7,1
D6239,C007,2025-07-19,T1,1,Total,7,,,,,1
D6240,C007,2025-07-19,T2,1,Total,8,,,,,1
D6241,C007,2025-07-20,T1,1,Total,7,,,,,1
D6242,C007,2025-07-20,T2,1,Total,8,,,,,1
D6243,C007,2025-07-21,T1,1,Total,7,,,,,1
D6244,C007,2025-07-21,T2,1,Total,8,,,,,1
D6245,C007,2025-07-22,T1,1,Total,7,,,,,1
D6246,C007,2025-07-22,T2,1,Total,8,,,,,1
D6247,C007,2025-07-23,T1,1,Total,7,,,,,1
D6248,C007,2025-07-23,T2,1,Total,8,,,,,1
D6249,C007,2025-07-24,T1,1,Total,7,,,,,1
D6250,C007,2025-07-24,T2,1,Parcial,4,formação,planeada,2025-07-18 01:48,156.2,1
D6251,C007,2025-07-25,T1,1,Total,7,,,,,1
D6252,C007,2025-07-25,T2,1,Total,8,,,,,1
D6253,C007,2025-07-26,T1,1,Total,7,,,,,1
D6254,C007,2025-07-26,T2,1,Total,8,,,,,1
D6255,C007,2025-07-27,T1,1,Total,7,,,,,1
D6256,C007,2025-07-27,T2,1,Total,8,,,,,1
D6257,C007,2025-07-28,T1,1,Total,7,,,,,1
D6258,C007,2025-07-28,T2,1,Total,8,,,,,1
D6259,C007,2025-07-29,T1,1,Total,7,,,,,1
D6260,C007,2025-07-29,T2,1,Total,8,,,,,1
D6261,C007,2025-07-30,T1,1,Parcial,4,formação,planeada,2025-07-19 07:24,263.6,1
D6262,C007,2025-07-30,T2,1,Total,8,,,,,1
D6263,C007,2025-07-31,T1,1,Total,7,,,,,1
D6264,C007,2025-07-31,T2,1,Total,8,,,,,1
D6265,C007,2025-08-01,T1,1,Total,7,,,,,1
D6266,C007,2025-08-01,T2,1,Total,8,,,,,1
D6267,C007,2025-08-02,T1,1,Parcial,4,consulta_medica,planeada,2025-07-27 02:36,148.4,1
D6268,C007,2025-08-02,T2,1,Total,8,,,,,1
D6269,C007,2025-08-03,T1,1,Total,7,,,,,1
D6270,C007,2025-08-03,T2,1,Total,8,,,,,1
D6271,C007,2025-08-04,T1,1,Total,7,,,,,1
D6272,C007,2025-08-04,T2,1,Total,8,,,,,1
D6273,C007,2025-08-05,T1,0,Indisponível,0,folga,planeada,2025-07-28 00:30,198.5,1
D6274,C007,2025-08-05,T2,1,Total,8,,,,,1
D6275,C007,2025-08-06,T1,1,Total,7,,,,,1
D6276,C007,2025-08-06,T2,1,Total,8,,,,,1
D6277,C007,2025-08-07,T1,1,Parcial,4,consulta_medica,planeada,2025-07-26 12:48,282.2,1
D6278,C007,2025-08-07,T2,1,Total,8,,,,,1
D6279,C007,2025-08-08,T1,1,Total,7,,,,,1
D6280,C007,2025-08-08,T2,1,Total,8,,,,,1
D6281,C007,2025-08-09,T1,1,Total,7,,,,,1
D6282,C007,2025-08-09,T2,1,Total,8,,,,,1
D6283,C007,2025-08-10,T1,1,Total,7,,,,,1
D6284,C007,2025-08-10,T2,1,Total,8,,,,,1
D6285,C007,2025-08-11,T1,1,Total,7,,,,,1
D6286,C007,2025-08-11,T2,1,Total,8,,,,,1
D6287,C007,2025-08-12,T1,1,Total,7,,,,,1
D6288,C007,2025-08-12,T2,1,Parcial,4,preferencia_pessoal,planeada,2025-08-04 02:24,203.6,1
D6289,C007,2025-08-13,T1,1,Parcial,4,formação,planeada,2025-08-11 19:06,35.9,1
D6290,C007,2025-08-13,T2,1,Total,8,,,,,1
D6291,C007,2025-08-14,T1,1,Total,7,,,,,1
D6292,C007,2025-08-14,T2,1,Total,8,,,,,1
D6293,C007,2025-08-15,T1,1,Total,7,,,,,1
D6294,C007,2025-08-15,T2,1,Total,8,,,,,1
D6295,C007,2025-08-16,T1,1,Total,7,,,,,1
D6296,C007,2025-08-16,T2,1,Total,8,,,,,1
D6297,C007,2025-08-17,T1,1,Total,7,,,,,1
D6298,C007,2025-08-17,T2,1,Total,8,,,,,1
D6299,C007,2025-08-18,T1,1,Total,7,,,,,1
D6300,C007,2025-08-18,T2,1,Total,8,,,,,1
D6301,C007,2025-08-19,T1,1,Total,7,,,,,1
D6302,C007,2025-08-19,T2,1,Total,8,,,,,1
D6303,C007,2025-08-20,T1,0,Indisponível,0,baixa,planeada,2025-08-06 09:54,333.1,1
D6304,C007,2025-08-20,T2,1,Total,8,,,,,1
D6305,C007,2025-08-21,T1,1,Total,7,,,,,1
D6306,C007,2025-08-21,T2,1,Total,8,,,,,1
D6307,C007,2025-08-22,T1,1,Total,7,,,,,1
D6308,C007,2025-08-22,T2,1,Total,8,,,,,1
D6309,C007,2025-08-23,T1,1,Total,7,,,,,1
D6310,C007,2025-08-23,T2,1,Total,8,,,,,1
D6311,C007,2025-08-24,T1,0,Indisponível,0,baixa,planeada,2025-08-08 19:12,371.8,1
D6312,C007,2025-08-24,T2,1,Total,8,,,,,1
D6313,C007,2025-08-25,T1,1,Total,7,,,,,1
D6314,C007,2025-08-25,T2,1,Total,8,,,,,1
D6315,C007,2025-08-26,T1,1,Total,7,,,,,1
D6316,C007,2025-08-26,T2,1,Total,8,,,,,1
D6317,C007,2025-08-27,T1,0,Indisponível,0,preferencia_pessoal,planeada,2025-07-31 18:18,636.7,1
D6318,C007,2025-08-27,T2,1,Total,8,,,,,1
D6319,C007,2025-08-28,T1,1,Total,7,,,,,1
D6320,C007,2025-08-28,T2,1,Total,8,,,,,1
D6321,C007,2025-08-29,T1,1,Total,7,,,,,1
D6322,C007,2025-08-29,T2,1,Total,8,,,,,1
D6323,C007,2025-08-30,T1,1,Total,7,,,,,1
D6324,C007,2025-08-30,T2,1,Total,8,,,,,1
D6325,C007,2025-08-31,T1,1,Total,7,,,,,1
D6326,C007,2025-08-31,T2,1,Total,8,,,,,1
D6327,C007,2025-09-01,T1,1,Total,7,,,,,1
D6328,C007,2025-09-01,T2,1,Total,8,,,,,1
D6329,C007,2025-09-02,T1,1,Total,7,,,,,1
D6330,C007,2025-09-02,T2,1,Total,8,,,,,1
D6331,C007,2025-09-03,T1,1,Total,7,,,,,1
D6332,C007,2025-09-03,T2,1,Parcial,4,consulta_medica,planeada,2025-08-25 02:06,227.9,1
D6333,C007,2025-09-04,T1,1,Parcial,4,consulta_medica,planeada,2025-09-03 10:06,20.9,1
D6334,C007,2025-09-04,T2,1,Total,8,,,,,1
D6335,C007,2025-09-05,T1,1,Total,7,,,,,1
D6336,C007,2025-09-05,T2,1,Total,8,,,,,1
D6337,C007,2025-09-06,T1,0,Indisponível,0,restrição_noite,planeada,2025-09-05 00:42,30.3,1
D6338,C007,2025-09-06,T2,1,Total,8,,,,,1
D6339,C007,2025-09-07,T1,1,Total,7,,,,,1
D6340,C007,2025-09-07,T2,1,Total,8,,,,,1
D6341,C007,2025-09-08,T1,1,Total,7,,,,,1
D6342,C007,2025-09-08,T2,1,Total,8,,,,,1
D6343,C007,2025-09-09,T1,1,Total,7,,,,,1
D6344,C007,2025-09-09,T2,1,Total,8,,,,,1
D6345,C007,2025-09-10,T1,1,Parcial,4,formação,planeada,2025-09-03 19:00,156.0,1
D6346,C007,2025-09-10,T2,1,Total,8,,,,,1
D6347,C007,2025-09-11,T1,1,Parcial,4,preferencia_pessoal,planeada,2025-08-28 09:12,333.8,1
D6348,C007,2025-09-11,T2,1,Total,8,,,,,1
D6349,C007,2025-09-12,T1,1,Total,7,,,,,1
D6350,C007,2025-09-12,T2,1,Total,8,,,,,1
D6351,C007,2025-09-13,T1,1,Total,7,,,,,1
D6352,C007,2025-09-13,T2,1,Total,8,,,,,1
D6353,C007,2025-09-14,T1,1,Parcial,4,formação,planeada,2025-09-06 22:42,176.3,1
D6354,C007,2025-09-14,T2,1,Total,8,,,,,1
D6355,C007,2025-09-15,T1,1,Total,7,,,,,1
D6356,C007,2025-09-15,T2,1,Total,8,,,,,1
D6357,C007,2025-09-16,T1,1,Parcial,4,consulta_medica,planeada,2025-09-03 17:54,301.1,1
D6358,C007,2025-09-16,T2,1,Total,8,,,,,1
D6359,C007,2025-09-17,T1,1,Total,7,,,,,1
D6360,C007,2025-09-17,T2,1,Total,8,,,,,1
D6361,C007,2025-09-18,T1,1,Total,7,,,,,1
D6362,C007,2025-09-18,T2,1,Total,8,,,,,1
D6363,C007,2025-09-19,T1,1,Total,7,,,,,1
D6364,C007,2025-09-19,T2,1,Total,8,,,,,1
D6365,C007,2025-09-20,T1,0,Indisponível,0,formação,planeada,2025-09-19 13:24,17.6,1
D6366,C007,2025-09-20,T2,1,Total,8,,,,,1
D6367,C007,2025-09-21,T1,1,Total,7,,,,,1
D6368,C007,2025-09-21,T2,1,Total,8,,,,,1
D6369,C007,2025-09-22,T1,1,Total,7,,,,,1
D6370,C007,2025-09-22,T2,1,Total,8,,,,,1
D6371,C007,2025-09-23,T1,1,Total,7,,,,,1
D6372,C007,2025-09-23,T2,1,Total,8,,,,,1
D6373,C007,2025-09-24,T1,1,Total,7,,,,,1
D6374,C007,2025-09-24,T2,1,Total,8,,,,,1
D6375,C007,2025-09-25,T1,1,Total,7,,,,,1
D6376,C007,2025-09-25,T2,1,Total,8,,,,,1
D6377,C007,2025-09-26,T1,1,Total,7,,,,,1
D6378,C007,2025-09-26,T2,1,Total,8,,,,,1
D6379,C007,2025-09-27,T1,1,Total,7,,,,,1
D6380,C007,2025-09-27,T2,0,Indisponível,0,folga,planeada,2025-09-10 15:06,406.9,1
D6381,C007,2025-09-28,T1,1,Total,7,,,,,1
D6382,C007,2025-09-28,T2,1,Total,8,,,,,1
D6383,C007,2025-09-29,T1,1,Total,7,,,,,1
D6384,C007,2025-09-29,T2,1,Total,8,,,,,1
D6385,C007,2025-09-30,T1,1,Total,7,,,,,1
D6386,C007,2025-09-30,T2,1,Total,8,,,,,1
D6387,C007,2025-10-01,T1,1,Total,7,,,,,1
D6388,C007,2025-10-01,T2,1,Total,8,,,,,1
D6389,C007,2025-10-02,T1,1,Total,7,,,,,1
D6390,C007,2025-10-02,T2,1,Total,8,,,,,1
D6391,C007,2025-10-03,T1,1,Total,7,,,,,1
D6392,C007,2025-10-03,T2,1,Total,8,,,,,1
D6393,C007,2025-10-04,T1,1,Total,7,,,,,1
D6394,C007,2025-10-04,T2,1,Total,8,,,,,1
D6395,C007,2025-10-05,T1,1,Total,7,,,,,1
D6396,C007,2025-10-05,T2,1,Total,8,,,,,1
D6397,C007,2025-10-06,T1,1,Total,7,,,,,1
D6398,C007,2025-10-06,T2,1,Total,8,,,,,1
D6399,C007,2025-10-07,T1,1,Parcial,4,formação,planeada,2025-09-23 19:00,324.0,1
D6400,C007,2025-10-07,T2,1,Total,8,,,,,1
D6401,C007,2025-10-08,T1,1,Total,7,,,,,1
D6402,C007,2025-10-08,T2,1,Total,8,,,,,1
D6403,C007,2025-10-09,T1,1,Total,7,,,,,1
D6404,C007,2025-10-09,T2,1,Total,8,,,,,1
D6405,C007,2025-10-10,T1,1,Total,7,,,,,1
D6406,C007,2025-10-10,T2,1,Total,8,,,,,1
D6407,C007,2025-10-11,T1,1,Total,7,,,,,1
D6408,C007,2025-10-11,T2,1,Total,8,,,,,1
D6409,C007,2025-10-12,T1,1,Parcial,4,formação,planeada,2025-09-30 10:48,284.2,1
D6410,C007,2025-10-12,T2,1,Total,8,,,,,1
D6411,C007,2025-10-13,T1,1,Total,7,,,,,1
D6412,C007,2025-10-13,T2,0,Indisponível,0,férias,planeada,2025-10-06 17:42,164.3,1
D6413,C007,2025-10-14,T1,1,Total,7,,,,,1
D6414,C007,2025-10-14,T2,1,Total,8,,,,,1
D6415,C007,2025-10-15,T1,1,Total,7,,,,,1
D6416,C007,2025-10-15,T2,1,Total,8,,,,,1
D6417,C007,2025-10-16,T1,1,Total,7,,,,,1
D6418,C007,2025-10-16,T2,1,Total,8,,,,,1
D6419,C007,2025-10-17,T1,1,Total,7,,,,,1
D6420,C007,2025-10-17,T2,1,Total,8,,,,,1
D6421,C007,2025-10-18,T1,1,Total,7,,,,,1
D6422,C007,2025-10-18,T2,1,Parcial,4,formação,planeada,2025-10-08 06:06,247.9,1
D6423,C007,2025-10-19,T1,1,Total,7,,,,,1
D6424,C007,2025-10-19,T2,0,Indisponível,0,férias,planeada,2025-10-12 13:18,168.7,1
D6425,C007,2025-10-20,T1,1,Total,7,,,,,1
D6426,C007,2025-10-20,T2,1,Total,8,,,,,1
D6427,C007,2025-10-21,T1,1,Total,7,,,,,1
D6428,C007,2025-10-21,T2,1,Parcial,4,preferencia_pessoal,planeada,2025-10-19 08:06,53.9,1
D6429,C007,2025-10-22,T1,0,Indisponível,0,consulta_medica,planeada,2025-10-19 03:06,75.9,1
D6430,C007,2025-10-22,T2,1,Total,8,,,,,1
D6431,C007,2025-10-23,T1,1,Total,7,,,,,1
D6432,C007,2025-10-23,T2,1,Total,8,,,,,1
D6433,C007,2025-10-24,T1,1,Total,7,,,,,1
D6434,C007,2025-10-24,T2,1,Total,8,,,,,1
D6435,C007,2025-10-25,T1,1,Total,7,,,,,1
D6436,C007,2025-10-25,T2,1,Total,8,,,,,1
D6437,C007,2025-10-26,T1,1,Total,7,,,,,1
D6438,C007,2025-10-26,T2,1,Total,8,,,,,1
D6439,C007,2025-10-27,T1,1,Total,7,,,,,1
D6440,C007,2025-10-27,T2,1,Total,8,,,,,1
D6441,C007,2025-10-28,T1,1,Total,7,,,,,1
D6442,C007,2025-10-28,T2,1,Total,8,,,,,1
D6443,C007,2025-10-29,T1,1,Total,7,,,,,1
D6444,C007,2025-10-29,T2,1,Total,8,,,,,1
D6445,C007,2025-10-30,T1,1,Total,7,,,,,1
D6446,C007,2025-10-30,T2,1,Total,8,,,,,1
D6447,C007,2025-10-31,T1,1,Total,7,,,,,1
D6448,C007,2025-10-31,T2,0,Indisponível,0,folga,planeada,2025-10-03 08:12,677.8,1
D6449,C007,2025-11-01,T1,1,Parcial,4,consulta_medica,planeada,2025-10-21 02:36,268.4,1
D6450,C007,2025-11-01,T2,1,Total,8,,,,,1
D6451,C007,2025-11-02,T1,1,Total,7,,,,,1
D6452,C007,2025-11-02,T2,1,Total,8,,,,,1
D6453,C007,2025-11-03,T1,1,Total,7,,,,,1
D6454,C007,2025-11-03,T2,1,Total,8,,,,,1
D6455,C007,2025-11-04,T1,1,Total,7,,,,,1
D6456,C007,2025-11-04,T2,1,Parcial,4,consulta_medica,planeada,2025-10-26 05:42,224.3,1
D6457,C007,2025-11-05,T1,1,Total,7,,,,,1
D6458,C007,2025-11-05,T2,1,Total,8,,,,,1
D6459,C007,2025-11-06,T1,1,Total,7,,,,,1
D6460,C007,2025-11-06,T2,1,Parcial,4,preferencia_pessoal,planeada,2025-11-05 19:30,18.5,1
D6461,C007,2025-11-07,T1,1,Total,7,,,,,1
D6462,C007,2025-11-07,T2,1,Total,8,,,,,1
D6463,C007,2025-11-08,T1,1,Total,7,,,,,1
D6464,C007,2025-11-08,T2,1,Total,8,,,,,1
D6465,C007,2025-11-09,T1,1,Total,7,,,,,1
D6466,C007,2025-11-09,T2,1,Total,8,,,,,1
D6467,C007,2025-11-10,T1,1,Total,7,,,,,1
D6468,C007,2025-11-10,T2,1,Total,8,,,,,1
D6469,C007,2025-11-11,T1,1,Total,7,,,,,1
D6470,C007,2025-11-11,T2,1,Total,8,,,,,1
D6471,C007,2025-11-12,T1,0,Indisponível,0,férias,planeada,2025-11-05 19:30,155.5,1
D6472,C007,2025-11-12,T2,1,Total,8,,,,,1
D6473,C007,2025-11-13,T1,1,Total,7,,,,,1
D6474,C007,2025-11-13,T2,1,Total,8,,,,,1
D6475,C007,2025-11-14,T1,1,Total,7,,,,,1
D6476,C007,2025-11-14,T2,1,Parcial,4,formação,planeada,2025-11-06 12:12,193.8,1
D6477,C007,2025-11-15,T1,1,Total,7,,,,,1
D6478,C007,2025-11-15,T2,1,Total,8,,,,,1
D6479,C007,2025-11-16,T1,1,Total,7,,,,,1
D6480,C007,2025-11-16,T2,1,Total,8,,,,,1
D6481,C007,2025-11-17,T1,1,Total,7,,,,,1
D6482,C007,2025-11-17,T2,1,Total,8,,,,,1
D6483,C007,2025-11-18,T1,1,Total,7,,,,,1
D6484,C007,2025-11-18,T2,1,Total,8,,,,,1
D6485,C007,2025-11-19,T1,1,Total,7,,,,,1
D6486,C007,2025-11-19,T2,1,Total,8,,,,,1
D6487,C007,2025-11-20,T1,1,Total,7,,,,,1
D6488,C007,2025-11-20,T2,0,Indisponível,0,consulta_medica,planeada,2025-11-06 00:24,349.6,1
D6489,C007,2025-11-21,T1,1,Parcial,4,preferencia_pessoal,planeada,2025-11-16 07:18,119.7,1
D6490,C007,2025-11-21,T2,1,Total,8,,,,,1
D6491,C007,2025-11-22,T1,1,Parcial,4,formação,planeada,2025-11-18 23:42,79.3,1
D6492,C007,2025-11-22,T2,1,Total,8,,,,,1
D6493,C007,2025-11-23,T1,1,Parcial,4,formação,planeada,2025-11-14 11:18,211.7,1
D6494,C007,2025-11-23,T2,1,Total,8,,,,,1
D6495,C007,2025-11-24,T1,1,Total,7,,,,,1
D6496,C007,2025-11-24,T2,1,Total,8,,,,,1
D6497,C007,2025-11-25,T1,1,Parcial,4,formação,planeada,2025-11-21 09:18,93.7,1
D6498,C007,2025-11-25,T2,1,Total,8,,,,,1
D6499,C007,2025-11-26,T1,1,Total,7,,,,,1
D6500,C007,2025-11-26,T2,0,Indisponível,0,formação,planeada,2025-11-08 10:06,435.9,1
D6501,C007,2025-11-27,T1,1,Total,7,,,,,1
D6502,C007,2025-11-27,T2,1,Total,8,,,,,1
D6503,C007,2025-11-28,T1,1,Total,7,,,,,1
D6504,C007,2025-11-28,T2,1,Total,8,,,,,1
D6505,C007,2025-11-29,T1,1,Total,7,,,,,1
D6506,C007,2025-11-29,T2,1,Total,8,,,,,1
D6507,C007,2025-11-30,T1,1,Total,7,,,,,1
D6508,C007,2025-11-30,T2,1,Total,8,,,,,1
D6509,C007,2025-12-01,T1,1,Total,7,,,,,1
D6510,C007,2025-12-01,T2,1,Total,8,,,,,1
D6511,C007,2025-12-02,T1,1,Total,7,,,,,1
D6512,C007,2025-12-02,T2,1,Total,8,,,,,1
D6513,C007,2025-12-03,T1,1,Total,7,,,,,1
D6514,C007,2025-12-03,T2,1,Total,8,,,,,1
D6515,C007,2025-12-04,T1,1,Total,7,,,,,1
D6516,C007,2025-12-04,T2,1,Parcial,4,consulta_medica,planeada,2025-11-23 20:48,257.2,1
D6517,C007,2025-12-05,T1,1,Total,7,,,,,1
D6518,C007,2025-12-05,T2,1,Parcial,4,consulta_medica,planeada,2025-11-29 04:12,153.8,1
D6519,C007,2025-12-06,T1,0,Indisponível,0,férias,planeada,2025-11-30 18:06,132.9,1
D6520,C007,2025-12-06,T2,1,Total,8,,,,,1
D6521,C007,2025-12-07,T1,1,Total,7,,,,,1
D6522,C007,2025-12-07,T2,1,Total,8,,,,,1
D6523,C007,2025-12-08,T1,1,Total,7,,,,,1
D6524,C007,2025-12-08,T2,1,Total,8,,,,,1
D6525,C007,2025-12-09,T1,1,Total,7,,,,,1
D6526,C007,2025-12-09,T2,1,Total,8,,,,,1
D6527,C007,2025-12-10,T1,1,Total,7,,,,,1
D6528,C007,2025-12-10,T2,1,Total,8,,,,,1
D6529,C007,2025-12-11,T1,1,Total,7,,,,,1
D6530,C007,2025-12-11,T2,1,Total,8,,,,,1
D6531,C007,2025-12-12,T1,1,Total,7,,,,,1
D6532,C007,2025-12-12,T2,1,Total,8,,,,,1
D6533,C007,2025-12-13,T1,1,Total,7,,,,,1
D6534,C007,2025-12-13,T2,1,Total,8,,,,,1
D6535,C007,2025-12-14,T1,1,Total,7,,,,,1
D6536,C007,2025-12-14,T2,1,Total,8,,,,,1
D6537,C007,2025-12-15,T1,1,Total,7,,,,,1
D6538,C007,2025-12-15,T2,1,Total,8,,,,,1
D6539,C007,2025-12-16,T1,1,Total,7,,,,,1
D6540,C007,2025-12-16,T2,1,Total,8,,,,,1
D6541,C007,2025-12-17,T1,1,Total,7,,,,,1
D6542,C007,2025-12-17,T2,1,Total,8,,,,,1
D6543,C007,2025-12-18,T1,1,Total,7,,,,,1
D6544,C007,2025-12-18,T2,1,Total,8,,,,,1
D6545,C007,2025-12-19,T1,1,Total,7,,,,,1
D6546,C007,2025-12-19,T2,1,Total,8,,,,,1
D6547,C007,2025-12-20,T1,1,Total,7,,,,,1
D6548,C007,2025-12-20,T2,1,Total,8,,,,,1
D6549,C007,2025-12-21,T1,0,Indisponível,0,férias,planeada,2025-12-16 08:36,118.4,1
D6550,C007,2025-12-21,T2,1,Parcial,4,consulta_medica,planeada,2025-12-16 21:00,113.0,1
D6551,C007,2025-12-22,T1,1,Total,7,,,,,1
D6552,C007,2025-12-22,T2,1,Parcial,4,consulta_medica,planeada,2025-12-17 14:42,119.3,1
D6553,C007,2025-12-23,T1,1,Total,7,,,,,1
D6554,C007,2025-12-23,T2,1,Total,8,,,,,1
D6555,C007,2025-12-24,T1,1,Parcial,4,consulta_medica,planeada,2025-12-19 03:12,123.8,1
D6556,C007,2025-12-24,T2,1,Total,8,,,,,1
D6557,C007,2025-12-25,T1,1,Total,7,,,,,1
D6558,C007,2025-12-25,T2,1,Total,8,,,,,1
D6559,C007,2025-12-26,T1,1,Total,7,,,,,1
D6560,C007,2025-12-26,T2,1,Total,8,,,,,1
D6561,C007,2025-12-27,T1,1,Total,7,,,,,1
D6562,C007,2025-12-27,T2,1,Total,8,,,,,1
D6563,C007,2025-12-28,T1,1,Total,7,,,,,1
D6564,C007,2025-12-28,T2,1,Total,8,,,,,1
D6565,C007,2025-12-29,T1,1,Total,7,,,,,1
D6566,C007,2025-12-29,T2,1,Total,8,,,,,1
D6567,C007,2025-12-30,T1,1,Parcial,4,consulta_medica,planeada,2025-12-28 09:36,45.4,1
D6568,C007,2025-12-30,T2,1,Total,8,,,,,1
D6569,C007,2025-12-31,T1,1,Total,7,,,,,1
D6570,C007,2025-12-31,T2,1,Parcial,4,preferencia_pessoal,planeada,2025-12-26 15:00,119.0,1
D6571,C008,2025-01-01,T1,1,Total,7,,,,,1
D6572,C008,2025-01-01,T2,1,Total,8,,,,,1
D6573,C008,2025-01-02,T1,1,Total,7,,,,,1
D6574,C008,2025-01-02,T2,1,Total,8,,,,,1
D6575,C008,2025-01-03,T1,1,Total,7,,,,,1
D6576,C008,2025-01-03,T2,1,Total,8,,,,,1
D6577,C008,2025-01-04,T1,0,Indisponível,0,folga,planeada,2024-12-28 09:48,165.2,1
D6578,C008,2025-01-04,T2,1,Total,8,,,,,1
D6579,C008,2025-01-05,T1,1,Total,7,,,,,1
D6580,C008,2025-01-05,T2,1,Total,8,,,,,1
D6581,C008,2025-01-06,T1,1,Total,7,,,,,1
D6582,C008,2025-01-06,T2,0,Indisponível,0,folga,planeada,2024-12-08 11:24,698.6,1
D6583,C008,2025-01-07,T1,1,Total,7,,,,,1
D6584,C008,2025-01-07,T2,1,Total,8,,,,,1
D6585,C008,2025-01-08,T1,1,Total,7,,,,,1
D6586,C008,2025-01-08,T2,1,Total,8,,,,,1
D6587,C008,2025-01-09,T1,1,Total,7,,,,,1
D6588,C008,2025-01-09,T2,1,Total,8,,,,,1
D6589,C008,2025-01-10,T1,1,Total,7,,,,,1
D6590,C008,2025-01-10,T2,1,Total,8,,,,,1
D6591,C008,2025-01-11,T1,1,Total,7,,,,,1
D6592,C008,2025-01-11,T2,1,Total,8,,,,,1
D6593,C008,2025-01-12,T1,1,Total,7,,,,,1
D6594,C008,2025-01-12,T2,1,Total,8,,,,,1
D6595,C008,2025-01-13,T1,1,Total,7,,,,,1
D6596,C008,2025-01-13,T2,1,Parcial,4,preferencia_pessoal,planeada,2024-12-31 04:30,321.5,1
D6597,C008,2025-01-14,T1,1,Total,7,,,,,1
D6598,C008,2025-01-14,T2,1,Total,8,,,,,1
D6599,C008,2025-01-15,T1,1,Total,7,,,,,1
D6600,C008,2025-01-15,T2,1,Total,8,,,,,1
D6601,C008,2025-01-16,T1,1,Total,7,,,,,1
D6602,C008,2025-01-16,T2,1,Total,8,,,,,1
D6603,C008,2025-01-17,T1,1,Total,7,,,,,1
D6604,C008,2025-01-17,T2,1,Total,8,,,,,1
D6605,C008,2025-01-18,T1,1,Total,7,,,,,1
D6606,C008,2025-01-18,T2,1,Total,8,,,,,1
D6607,C008,2025-01-19,T1,0,Indisponível,0,férias,planeada,2025-01-05 01:00,342.0,1
D6608,C008,2025-01-19,T2,1,Total,8,,,,,1
D6609,C008,2025-01-20,T1,1,Total,7,,,,,1
D6610,C008,2025-01-20,T2,1,Total,8,,,,,1
D6611,C008,2025-01-21,T1,1,Total,7,,,,,1
D6612,C008,2025-01-21,T2,1,Total,8,,,,,1
D6613,C008,2025-01-22,T1,1,Total,7,,,,,1
D6614,C008,2025-01-22,T2,1,Total,8,,,,,1
D6615,C008,2025-01-23,T1,1,Total,7,,,,,1
D6616,C008,2025-01-23,T2,1,Total,8,,,,,1
D6617,C008,2025-01-24,T1,0,Indisponível,0,férias,planeada,2025-01-08 06:36,384.4,1
D6618,C008,2025-01-24,T2,0,Indisponível,0,férias,planeada,2025-01-21 07:24,78.6,1
D6619,C008,2025-01-25,T1,1,Total,7,,,,,1
D6620,C008,2025-01-25,T2,1,Total,8,,,,,1
D6621,C008,2025-01-26,T1,1,Total,7,,,,,1
D6622,C008,2025-01-26,T2,1,Total,8,,,,,1
D6623,C008,2025-01-27,T1,0,Indisponível,0,férias,planeada,2025-01-12 16:06,350.9,1
D6624,C008,2025-01-27,T2,0,Indisponível,0,formação,planeada,2025-01-19 14:48,191.2,1
D6625,C008,2025-01-28,T1,1,Total,7,,,,,1
D6626,C008,2025-01-28,T2,1,Total,8,,,,,1
D6627,C008,2025-01-29,T1,1,Total,7,,,,,1
D6628,C008,2025-01-29,T2,1,Total,8,,,,,1
D6629,C008,2025-01-30,T1,1,Total,7,,,,,1
D6630,C008,2025-01-30,T2,1,Total,8,,,,,1
D6631,C008,2025-01-31,T1,1,Total,7,,,,,1
D6632,C008,2025-01-31,T2,1,Total,8,,,,,1
D6633,C008,2025-02-01,T1,1,Total,7,,,,,1
D6634,C008,2025-02-01,T2,1,Total,8,,,,,1
D6635,C008,2025-02-02,T1,1,Total,7,,,,,1
D6636,C008,2025-02-02,T2,1,Total,8,,,,,1
D6637,C008,2025-02-03,T1,0,Indisponível,0,folga,planeada,2025-01-07 09:54,645.1,1
D6638,C008,2025-02-03,T2,1,Total,8,,,,,1
D6639,C008,2025-02-04,T1,1,Total,7,,,,,1
D6640,C008,2025-02-04,T2,1,Total,8,,,,,1
D6641,C008,2025-02-05,T1,1,Total,7,,,,,1
D6642,C008,2025-02-05,T2,1,Total,8,,,,,1
D6643,C008,2025-02-06,T1,1,Total,7,,,,,1
D6644,C008,2025-02-06,T2,1,Parcial,4,preferencia_pessoal,planeada,2025-02-01 20:12,113.8,1
D6645,C008,2025-02-07,T1,1,Total,7,,,,,1
D6646,C008,2025-02-07,T2,1,Total,8,,,,,1
D6647,C008,2025-02-08,T1,1,Total,7,,,,,1
D6648,C008,2025-02-08,T2,1,Total,8,,,,,1
D6649,C008,2025-02-09,T1,1,Total,7,,,,,1
D6650,C008,2025-02-09,T2,1,Total,8,,,,,1
D6651,C008,2025-02-10,T1,1,Total,7,,,,,1
D6652,C008,2025-02-10,T2,1,Total,8,,,,,1
D6653,C008,2025-02-11,T1,1,Total,7,,,,,1
D6654,C008,2025-02-11,T2,1,Total,8,,,,,1
D6655,C008,2025-02-12,T1,1,Total,7,,,,,1
D6656,C008,2025-02-12,T2,1,Total,8,,,,,1
D6657,C008,2025-02-13,T1,0,Indisponível,0,formação,planeada,2025-01-31 12:12,306.8,1
D6658,C008,2025-02-13,T2,1,Total,8,,,,,1
D6659,C008,2025-02-14,T1,1,Parcial,4,preferencia_pessoal,planeada,2025-02-02 15:42,279.3,1
D6660,C008,2025-02-14,T2,1,Total,8,,,,,1
D6661,C008,2025-02-15,T1,1,Total,7,,,,,1
D6662,C008,2025-02-15,T2,1,Total,8,,,,,1
D6663,C008,2025-02-16,T1,0,Indisponível,0,formação,planeada,2025-01-26 11:24,499.6,1
D6664,C008,2025-02-16,T2,1,Total,8,,,,,1
D6665,C008,2025-02-17,T1,1,Total,7,,,,,1
D6666,C008,2025-02-17,T2,1,Total,8,,,,,1
D6667,C008,2025-02-18,T1,1,Total,7,,,,,1
D6668,C008,2025-02-18,T2,1,Total,8,,,,,1
D6669,C008,2025-02-19,T1,1,Total,7,,,,,1
D6670,C008,2025-02-19,T2,1,Parcial,4,preferencia_pessoal,planeada,2025-02-11 09:54,196.1,1
D6671,C008,2025-02-20,T1,1,Parcial,4,consulta_medica,planeada,2025-02-18 14:24,40.6,1
D6672,C008,2025-02-20,T2,1,Total,8,,,,,1
D6673,C008,2025-02-21,T1,1,Parcial,4,consulta_medica,planeada,2025-02-12 19:30,203.5,1
D6674,C008,2025-02-21,T2,1,Total,8,,,,,1
D6675,C008,2025-02-22,T1,1,Total,7,,,,,1
D6676,C008,2025-02-22,T2,1,Total,8,,,,,1
D6677,C008,2025-02-23,T1,1,Total,7,,,,,1
D6678,C008,2025-02-23,T2,1,Parcial,4,preferencia_pessoal,planeada,2025-02-18 22:18,111.7,1
D6679,C008,2025-02-24,T1,1,Total,7,,,,,1
D6680,C008,2025-02-24,T2,1,Total,8,,,,,1
D6681,C008,2025-02-25,T1,1,Total,7,,,,,1
D6682,C008,2025-02-25,T2,1,Total,8,,,,,1
D6683,C008,2025-02-26,T1,1,Total,7,,,,,1
D6684,C008,2025-02-26,T2,1,Parcial,4,consulta_medica,planeada,2025-02-23 16:18,69.7,1
D6685,C008,2025-02-27,T1,1,Total,7,,,,,1
D6686,C008,2025-02-27,T2,1,Total,8,,,,,1
D6687,C008,2025-02-28,T1,1,Total,7,,,,,1
D6688,C008,2025-02-28,T2,1,Total,8,,,,,1
D6689,C008,2025-03-01,T1,1,Total,7,,,,,1
D6690,C008,2025-03-01,T2,1,Total,8,,,,,1
D6691,C008,2025-03-02,T1,1,Total,7,,,,,1
D6692,C008,2025-03-02,T2,1,Total,8,,,,,1
D6693,C008,2025-03-03,T1,1,Parcial,4,formação,planeada,2025-02-22 23:30,199.5,1
D6694,C008,2025-03-03,T2,1,Total,8,,,,,1
D6695,C008,2025-03-04,T1,1,Total,7,,,,,1
D6696,C008,2025-03-04,T2,1,Total,8,,,,,1
D6697,C008,2025-03-05,T1,1,Total,7,,,,,1
D6698,C008,2025-03-05,T2,1,Total,8,,,,,1
D6699,C008,2025-03-06,T1,1,Total,7,,,,,1
D6700,C008,2025-03-06,T2,1,Total,8,,,,,1
D6701,C008,2025-03-07,T1,1,Total,7,,,,,1
D6702,C008,2025-03-07,T2,1,Total,8,,,,,1
D6703,C008,2025-03-08,T1,1,Total,7,,,,,1
D6704,C008,2025-03-08,T2,1,Total,8,,,,,1
D6705,C008,2025-03-09,T1,1,Total,7,,,,,1
D6706,C008,2025-03-09,T2,1,Total,8,,,,,1
D6707,C008,2025-03-10,T1,1,Total,7,,,,,1
D6708,C008,2025-03-10,T2,1,Total,8,,,,,1
D6709,C008,2025-03-11,T1,1,Total,7,,,,,1
D6710,C008,2025-03-11,T2,1,Total,8,,,,,1
D6711,C008,2025-03-12,T1,1,Total,7,,,,,1
D6712,C008,2025-03-12,T2,1,Total,8,,,,,1
D6713,C008,2025-03-13,T1,1,Total,7,,,,,1
D6714,C008,2025-03-13,T2,1,Total,8,,,,,1
D6715,C008,2025-03-14,T1,1,Total,7,,,,,1
D6716,C008,2025-03-14,T2,1,Total,8,,,,,1
D6717,C008,2025-03-15,T1,1,Total,7,,,,,1
D6718,C008,2025-03-15,T2,1,Total,8,,,,,1
D6719,C008,2025-03-16,T1,1,Total,7,,,,,1
D6720,C008,2025-03-16,T2,1,Total,8,,,,,1
D6721,C008,2025-03-17,T1,1,Total,7,,,,,1
D6722,C008,2025-03-17,T2,1,Total,8,,,,,1
D6723,C008,2025-03-18,T1,1,Total,7,,,,,1
D6724,C008,2025-03-18,T2,1,Total,8,,,,,1
D6725,C008,2025-03-19,T1,1,Total,7,,,,,1
D6726,C008,2025-03-19,T2,1,Total,8,,,,,1
D6727,C008,2025-03-20,T1,1,Parcial,4,consulta_medica,planeada,2025-03-08 01:18,293.7,1
D6728,C008,2025-03-20,T2,1,Total,8,,,,,1
D6729,C008,2025-03-21,T1,1,Total,7,,,,,1
D6730,C008,2025-03-21,T2,1,Total,8,,,,,1
D6731,C008,2025-03-22,T1,1,Total,7,,,,,1
D6732,C008,2025-03-22,T2,1,Total,8,,,,,1
D6733,C008,2025-03-23,T1,1,Total,7,,,,,1
D6734,C008,2025-03-23,T2,1,Total,8,,,,,1
D6735,C008,2025-03-24,T1,1,Total,7,,,,,1
D6736,C008,2025-03-24,T2,1,Total,8,,,,,1
D6737,C008,2025-03-25,T1,1,Total,7,,,,,1
D6738,C008,2025-03-25,T2,1,Total,8,,,,,1
D6739,C008,2025-03-26,T1,1,Total,7,,,,,1
D6740,C008,2025-03-26,T2,1,Total,8,,,,,1
D6741,C008,2025-03-27,T1,1,Total,7,,,,,1
D6742,C008,2025-03-27,T2,1,Total,8,,,,,1
D6743,C008,2025-03-28,T1,1,Total,7,,,,,1
D6744,C008,2025-03-28,T2,1,Total,8,,,,,1
D6745,C008,2025-03-29,T1,1,Total,7,,,,,1
D6746,C008,2025-03-29,T2,1,Total,8,,,,,1
D6747,C008,2025-03-30,T1,1,Total,7,,,,,1
D6748,C008,2025-03-30,T2,0,Indisponível,0,nao_autorizado_fds,planeada,2025-03-23 04:06,177.9,1
D6749,C008,2025-03-31,T1,1,Total,7,,,,,1
D6750,C008,2025-03-31,T2,1,Total,8,,,,,1
D6751,C008,2025-04-01,T1,1,Parcial,4,preferencia_pessoal,planeada,2025-03-21 08:12,262.8,1
D6752,C008,2025-04-01,T2,1,Total,8,,,,,1
D6753,C008,2025-04-02,T1,0,Indisponível,0,baixa,planeada,2025-03-06 15:18,639.7,1
D6754,C008,2025-04-02,T2,1,Total,8,,,,,1
D6755,C008,2025-04-03,T1,1,Total,7,,,,,1
D6756,C008,2025-04-03,T2,1,Total,8,,,,,1
D6757,C008,2025-04-04,T1,1,Total,7,,,,,1
D6758,C008,2025-04-04,T2,1,Total,8,,,,,1
D6759,C008,2025-04-05,T1,1,Parcial,4,consulta_medica,planeada,2025-03-25 03:30,267.5,1
D6760,C008,2025-04-05,T2,1,Total,8,,,,,1
D6761,C008,2025-04-06,T1,1,Total,7,,,,,1
D6762,C008,2025-04-06,T2,1,Total,8,,,,,1
D6763,C008,2025-04-07,T1,1,Total,7,,,,,1
D6764,C008,2025-04-07,T2,1,Total,8,,,,,1
D6765,C008,2025-04-08,T1,1,Total,7,,,,,1
D6766,C008,2025-04-08,T2,0,Indisponível,0,folga,planeada,2025-03-13 00:54,637.1,1
D6767,C008,2025-04-09,T1,1,Total,7,,,,,1
D6768,C008,2025-04-09,T2,1,Parcial,4,formação,planeada,2025-03-28 12:06,289.9,1
D6769,C008,2025-04-10,T1,1,Parcial,4,preferencia_pessoal,planeada,2025-04-07 17:06,61.9,1
D6770,C008,2025-04-10,T2,1,Total,8,,,,,1
D6771,C008,2025-04-11,T1,1,Total,7,,,,,1
D6772,C008,2025-04-11,T2,1,Total,8,,,,,1
D6773,C008,2025-04-12,T1,1,Total,7,,,,,1
D6774,C008,2025-04-12,T2,1,Total,8,,,,,1
D6775,C008,2025-04-13,T1,1,Total,7,,,,,1
D6776,C008,2025-04-13,T2,1,Total,8,,,,,1
D6777,C008,2025-04-14,T1,1,Total,7,,,,,1
D6778,C008,2025-04-14,T2,1,Total,8,,,,,1
D6779,C008,2025-04-15,T1,1,Total,7,,,,,1
D6780,C008,2025-04-15,T2,1,Total,8,,,,,1
D6781,C008,2025-04-16,T1,1,Total,7,,,,,1
D6782,C008,2025-04-16,T2,1,Parcial,4,consulta_medica,planeada,2025-04-11 18:54,115.1,1
D6783,C008,2025-04-17,T1,1,Total,7,,,,,1
D6784,C008,2025-04-17,T2,1,Total,8,,,,,1
D6785,C008,2025-04-18,T1,1,Total,7,,,,,1
D6786,C008,2025-04-18,T2,1,Total,8,,,,,1
D6787,C008,2025-04-19,T1,1,Total,7,,,,,1
D6788,C008,2025-04-19,T2,1,Total,8,,,,,1
D6789,C008,2025-04-20,T1,1,Total,7,,,,,1
D6790,C008,2025-04-20,T2,1,Total,8,,,,,1
D6791,C008,2025-04-21,T1,1,Total,7,,,,,1
D6792,C008,2025-04-21,T2,1,Total,8,,,,,1
D6793,C008,2025-04-22,T1,0,Indisponível,0,nao_autorizado_fds,planeada,2025-04-16 12:54,138.1,1
D6794,C008,2025-04-22,T2,1,Total,8,,,,,1
D6795,C008,2025-04-23,T1,1,Total,7,,,,,1
D6796,C008,2025-04-23,T2,1,Total,8,,,,,1
D6797,C008,2025-04-24,T1,0,Indisponível,0,baixa,planeada,2025-04-21 12:18,66.7,1
D6798,C008,2025-04-24,T2,1,Total,8,,,,,1
D6799,C008,2025-04-25,T1,1,Total,7,,,,,1
D6800,C008,2025-04-25,T2,0,Indisponível,0,férias,planeada,2025-04-22 08:18,77.7,1
D6801,C008,2025-04-26,T1,1,Total,7,,,,,1
D6802,C008,2025-04-26,T2,1,Total,8,,,,,1
D6803,C008,2025-04-27,T1,1,Total,7,,,,,1
D6804,C008,2025-04-27,T2,1,Total,8,,,,,1
D6805,C008,2025-04-28,T1,1,Total,7,,,,,1
D6806,C008,2025-04-28,T2,1,Total,8,,,,,1
D6807,C008,2025-04-29,T1,1,Total,7,,,,,1
D6808,C008,2025-04-29,T2,1,Total,8,,,,,1
D6809,C008,2025-04-30,T1,1,Total,7,,,,,1
D6810,C008,2025-04-30,T2,1,Total,8,,,,,1
D6811,C008,2025-05-01,T1,1,Total,7,,,,,1
D6812,C008,2025-05-01,T2,1,Parcial,4,preferencia_pessoal,planeada,2025-04-26 09:48,124.2,1
D6813,C008,2025-05-02,T1,1,Parcial,4,consulta_medica,planeada,2025-04-20 22:36,272.4,1
D6814,C008,2025-05-02,T2,1,Total,8,,,,,1
D6815,C008,2025-05-03,T1,1,Parcial,4,consulta_medica,planeada,2025-04-23 12:36,234.4,1
D6816,C008,2025-05-03,T2,1,Total,8,,,,,1
D6817,C008,2025-05-04,T1,1,Total,7,,,,,1
D6818,C008,2025-05-04,T2,1,Total,8,,,,,1
D6819,C008,2025-05-05,T1,1,Total,7,,,,,1
D6820,C008,2025-05-05,T2,1,Total,8,,,,,1
D6821,C008,2025-05-06,T1,1,Total,7,,,,,1
D6822,C008,2025-05-06,T2,1,Total,8,,,,,1
D6823,C008,2025-05-07,T1,1,Total,7,,,,,1
D6824,C008,2025-05-07,T2,1,Total,8,,,,,1
D6825,C008,2025-05-08,T1,1,Total,7,,,,,1
D6826,C008,2025-05-08,T2,1,Total,8,,,,,1
D6827,C008,2025-05-09,T1,1,Total,7,,,,,1
D6828,C008,2025-05-09,T2,1,Total,8,,,,,1
D6829,C008,2025-05-10,T1,1,Total,7,,,,,1
D6830,C008,2025-05-10,T2,1,Total,8,,,,,1
D6831,C008,2025-05-11,T1,1,Total,7,,,,,1
D6832,C008,2025-05-11,T2,1,Total,8,,,,,1
D6833,C008,2025-05-12,T1,1,Total,7,,,,,1
D6834,C008,2025-05-12,T2,1,Total,8,,,,,1
D6835,C008,2025-05-13,T1,1,Total,7,,,,,1
D6836,C008,2025-05-13,T2,1,Total,8,,,,,1
D6837,C008,2025-05-14,T1,1,Total,7,,,,,1
D6838,C008,2025-05-14,T2,1,Total,8,,,,,1
D6839,C008,2025-05-15,T1,1,Total,7,,,,,1
D6840,C008,2025-05-15,T2,1,Total,8,,,,,1
D6841,C008,2025-05-16,T1,1,Total,7,,,,,1
D6842,C008,2025-05-16,T2,1,Total,8,,,,,1
D6843,C008,2025-05-17,T1,1,Total,7,,,,,1
D6844,C008,2025-05-17,T2,0,Indisponível,0,férias,planeada,2025-05-13 11:54,98.1,1
D6845,C008,2025-05-18,T1,1,Total,7,,,,,1
D6846,C008,2025-05-18,T2,1,Total,8,,,,,1
D6847,C008,2025-05-19,T1,1,Total,7,,,,,1
D6848,C008,2025-05-19,T2,1,Total,8,,,,,1
D6849,C008,2025-05-20,T1,1,Total,7,,,,,1
D6850,C008,2025-05-20,T2,1,Total,8,,,,,1
D6851,C008,2025-05-21,T1,1,Total,7,,,,,1
D6852,C008,2025-05-21,T2,1,Total,8,,,,,1
D6853,C008,2025-05-22,T1,1,Total,7,,,,,1
D6854,C008,2025-05-22,T2,1,Total,8,,,,,1
D6855,C008,2025-05-23,T1,1,Total,7,,,,,1
D6856,C008,2025-05-23,T2,0,Indisponível,0,férias,planeada,2025-05-04 07:42,462.3,1
D6857,C008,2025-05-24,T1,1,Total,7,,,,,1
D6858,C008,2025-05-24,T2,1,Total,8,,,,,1
D6859,C008,2025-05-25,T1,0,Indisponível,0,baixa,inesperada,2025-05-25 05:30,1.5,1
D6860,C008,2025-05-25,T2,1,Total,8,,,,,1
D6861,C008,2025-05-26,T1,1,Total,7,,,,,1
D6862,C008,2025-05-26,T2,1,Total,8,,,,,1
D6863,C008,2025-05-27,T1,1,Total,7,,,,,1
D6864,C008,2025-05-27,T2,1,Total,8,,,,,1
D6865,C008,2025-05-28,T1,1,Total,7,,,,,1
D6866,C008,2025-05-28,T2,1,Total,8,,,,,1
D6867,C008,2025-05-29,T1,1,Total,7,,,,,1
D6868,C008,2025-05-29,T2,1,Total,8,,,,,1
D6869,C008,2025-05-30,T1,1,Total,7,,,,,1
D6870,C008,2025-05-30,T2,1,Total,8,,,,,1
D6871,C008,2025-05-31,T1,1,Total,7,,,,,1
D6872,C008,2025-05-31,T2,1,Parcial,4,preferencia_pessoal,planeada,2025-05-30 13:36,24.4,1
D6873,C008,2025-06-01,T1,1,Total,7,,,,,1
D6874,C008,2025-06-01,T2,1,Total,8,,,,,1
D6875,C008,2025-06-02,T1,1,Total,7,,,,,1
D6876,C008,2025-06-02,T2,1,Total,8,,,,,1
D6877,C008,2025-06-03,T1,1,Total,7,,,,,1
D6878,C008,2025-06-03,T2,1,Parcial,4,consulta_medica,planeada,2025-05-28 09:06,148.9,1
D6879,C008,2025-06-04,T1,1,Total,7,,,,,1
D6880,C008,2025-06-04,T2,1,Total,8,,,,,1
D6881,C008,2025-06-05,T1,1,Total,7,,,,,1
D6882,C008,2025-06-05,T2,1,Total,8,,,,,1
D6883,C008,2025-06-06,T1,1,Parcial,4,consulta_medica,planeada,2025-05-23 18:18,324.7,1
D6884,C008,2025-06-06,T2,1,Total,8,,,,,1
D6885,C008,2025-06-07,T1,1,Total,7,,,,,1
D6886,C008,2025-06-07,T2,1,Total,8,,,,,1
D6887,C008,2025-06-08,T1,1,Total,7,,,,,1
D6888,C008,2025-06-08,T2,1,Total,8,,,,,1
D6889,C008,2025-06-09,T1,1,Total,7,,,,,1
D6890,C008,2025-06-09,T2,0,Indisponível,0,baixa,inesperada,2025-06-09 02:48,11.2,1
D6891,C008,2025-06-10,T1,1,Total,7,,,,,1
D6892,C008,2025-06-10,T2,1,Total,8,,,,,1
D6893,C008,2025-06-11,T1,1,Total,7,,,,,1
D6894,C008,2025-06-11,T2,0,Indisponível,0,férias,planeada,2025-06-05 17:42,140.3,1
D6895,C008,2025-06-12,T1,1,Total,7,,,,,1
D6896,C008,2025-06-12,T2,0,Indisponível,0,folga,planeada,2025-05-20 00:18,565.7,1
D6897,C008,2025-06-13,T1,1,Total,7,,,,,1
D6898,C008,2025-06-13,T2,1,Total,8,,,,,1
D6899,C008,2025-06-14,T1,1,Total,7,,,,,1
D6900,C008,2025-06-14,T2,1,Total,8,,,,,1
D6901,C008,2025-06-15,T1,1,Total,7,,,,,1
D6902,C008,2025-06-15,T2,1,Parcial,4,formação,planeada,2025-06-14 20:06,17.9,1
D6903,C008,2025-06-16,T1,1,Total,7,,,,,1
D6904,C008,2025-06-16,T2,1,Total,8,,,,,1
D6905,C008,2025-06-17,T1,1,Total,7,,,,,1
D6906,C008,2025-06-17,T2,1,Total,8,,,,,1
D6907,C008,2025-06-18,T1,1,Total,7,,,,,1
D6908,C008,2025-06-18,T2,1,Total,8,,,,,1
D6909,C008,2025-06-19,T1,1,Total,7,,,,,1
D6910,C008,2025-06-19,T2,1,Total,8,,,,,1
D6911,C008,2025-06-20,T1,1,Total,7,,,,,1
D6912,C008,2025-06-20,T2,1,Total,8,,,,,1
D6913,C008,2025-06-21,T1,1,Total,7,,,,,1
D6914,C008,2025-06-21,T2,1,Total,8,,,,,1
D6915,C008,2025-06-22,T1,1,Total,7,,,,,1
D6916,C008,2025-06-22,T2,1,Total,8,,,,,1
D6917,C008,2025-06-23,T1,1,Total,7,,,,,1
D6918,C008,2025-06-23,T2,1,Total,8,,,,,1
D6919,C008,2025-06-24,T1,1,Total,7,,,,,1
D6920,C008,2025-06-24,T2,1,Total,8,,,,,1
D6921,C008,2025-06-25,T1,1,Total,7,,,,,1
D6922,C008,2025-06-25,T2,1,Total,8,,,,,1
D6923,C008,2025-06-26,T1,1,Total,7,,,,,1
D6924,C008,2025-06-26,T2,1,Total,8,,,,,1
D6925,C008,2025-06-27,T1,1,Parcial,4,formação,planeada,2025-06-19 05:06,193.9,1
D6926,C008,2025-06-27,T2,1,Parcial,4,formação,planeada,2025-06-22 23:30,110.5,1
D6927,C008,2025-06-28,T1,1,Total,7,,,,,1
D6928,C008,2025-06-28,T2,1,Total,8,,,,,1
D6929,C008,2025-06-29,T1,1,Total,7,,,,,1
D6930,C008,2025-06-29,T2,1,Total,8,,,,,1
D6931,C008,2025-06-30,T1,1,Total,7,,,,,1
D6932,C008,2025-06-30,T2,1,Total,8,,,,,1
D6933,C008,2025-07-01,T1,1,Total,7,,,,,1
D6934,C008,2025-07-01,T2,1,Total,8,,,,,1
D6935,C008,2025-07-02,T1,1,Total,7,,,,,1
D6936,C008,2025-07-02,T2,1,Total,8,,,,,1
D6937,C008,2025-07-03,T1,1,Total,7,,,,,1
D6938,C008,2025-07-03,T2,1,Total,8,,,,,1
D6939,C008,2025-07-04,T1,1,Total,7,,,,,1
D6940,C008,2025-07-04,T2,1,Total,8,,,,,1
D6941,C008,2025-07-05,T1,1,Total,7,,,,,1
D6942,C008,2025-07-05,T2,1,Total,8,,,,,1
D6943,C008,2025-07-06,T1,1,Parcial,4,consulta_medica,planeada,2025-07-02 20:18,82.7,1
D6944,C008,2025-07-06,T2,1,Total,8,,,,,1
D6945,C008,2025-07-07,T1,1,Total,7,,,,,1
D6946,C008,2025-07-07,T2,1,Total,8,,,,,1
D6947,C008,2025-07-08,T1,1,Total,7,,,,,1
D6948,C008,2025-07-08,T2,1,Total,8,,,,,1
D6949,C008,2025-07-09,T1,1,Total,7,,,,,1
D6950,C008,2025-07-09,T2,1,Total,8,,,,,1
D6951,C008,2025-07-10,T1,1,Total,7,,,,,1
D6952,C008,2025-07-10,T2,1,Total,8,,,,,1
D6953,C008,2025-07-11,T1,1,Total,7,,,,,1
D6954,C008,2025-07-11,T2,1,Total,8,,,,,1
D6955,C008,2025-07-12,T1,1,Total,7,,,,,1
D6956,C008,2025-07-12,T2,1,Parcial,4,preferencia_pessoal,planeada,2025-07-05 07:18,174.7,1
D6957,C008,2025-07-13,T1,1,Total,7,,,,,1
D6958,C008,2025-07-13,T2,1,Total,8,,,,,1
D6959,C008,2025-07-14,T1,1,Total,7,,,,,1
D6960,C008,2025-07-14,T2,1,Total,8,,,,,1
D6961,C008,2025-07-15,T1,1,Total,7,,,,,1
D6962,C008,2025-07-15,T2,1,Total,8,,,,,1
D6963,C008,2025-07-16,T1,1,Total,7,,,,,1
D6964,C008,2025-07-16,T2,1,Total,8,,,,,1
D6965,C008,2025-07-17,T1,1,Total,7,,,,,1
D6966,C008,2025-07-17,T2,1,Total,8,,,,,1
D6967,C008,2025-07-18,T1,1,Total,7,,,,,1
D6968,C008,2025-07-18,T2,1,Total,8,,,,,1
D6969,C008,2025-07-19,T1,1,Total,7,,,,,1
D6970,C008,2025-07-19,T2,1,Total,8,,,,,1
D6971,C008,2025-07-20,T1,1,Total,7,,,,,1
D6972,C008,2025-07-20,T2,1,Total,8,,,,,1
D6973,C008,2025-07-21,T1,1,Total,7,,,,,1
D6974,C008,2025-07-21,T2,1,Total,8,,,,,1
D6975,C008,2025-07-22,T1,1,Total,7,,,,,1
D6976,C008,2025-07-22,T2,1,Total,8,,,,,1
D6977,C008,2025-07-23,T1,1,Total,7,,,,,1
D6978,C008,2025-07-23,T2,1,Total,8,,,,,1
D6979,C008,2025-07-24,T1,1,Total,7,,,,,1
D6980,C008,2025-07-24,T2,1,Total,8,,,,,1
D6981,C008,2025-07-25,T1,1,Total,7,,,,,1
D6982,C008,2025-07-25,T2,1,Total,8,,,,,1
D6983,C008,2025-07-26,T1,1,Total,7,,,,,1
D6984,C008,2025-07-26,T2,1,Total,8,,,,,1
D6985,C008,2025-07-27,T1,1,Total,7,,,,,1
D6986,C008,2025-07-27,T2,1,Total,8,,,,,1
D6987,C008,2025-07-28,T1,1,Parcial,4,preferencia_pessoal,planeada,2025-07-27 11:36,19.4,1
D6988,C008,2025-07-28,T2,1,Total,8,,,,,1
D6989,C008,2025-07-29,T1,1,Total,7,,,,,1
D6990,C008,2025-07-29,T2,1,Total,8,,,,,1
D6991,C008,2025-07-30,T1,1,Total,7,,,,,1
D6992,C008,2025-07-30,T2,1,Total,8,,,,,1
D6993,C008,2025-07-31,T1,1,Total,7,,,,,1
D6994,C008,2025-07-31,T2,1,Total,8,,,,,1
D6995,C008,2025-08-01,T1,1,Total,7,,,,,1
D6996,C008,2025-08-01,T2,1,Total,8,,,,,1
D6997,C008,2025-08-02,T1,1,Total,7,,,,,1
D6998,C008,2025-08-02,T2,1,Total,8,,,,,1
D6999,C008,2025-08-03,T1,1,Total,7,,,,,1
D7000,C008,2025-08-03,T2,1,Total,8,,,,,1
D7001,C008,2025-08-04,T1,1,Total,7,,,,,1
D7002,C008,2025-08-04,T2,1,Total,8,,,,,1
D7003,C008,2025-08-05,T1,1,Total,7,,,,,1
D7004,C008,2025-08-05,T2,1,Total,8,,,,,1
D7005,C008,2025-08-06,T1,1,Total,7,,,,,1
D7006,C008,2025-08-06,T2,1,Total,8,,,,,1
D7007,C008,2025-08-07,T1,1,Total,7,,,,,1
D7008,C008,2025-08-07,T2,1,Total,8,,,,,1
D7009,C008,2025-08-08,T1,1,Total,7,,,,,1
D7010,C008,2025-08-08,T2,1,Parcial,4,consulta_medica,planeada,2025-07-27 07:24,294.6,1
D7011,C008,2025-08-09,T1,1,Total,7,,,,,1
D7012,C008,2025-08-09,T2,1,Total,8,,,,,1
D7013,C008,2025-08-10,T1,1,Parcial,4,formação,planeada,2025-07-31 14:00,233.0,1
D7014,C008,2025-08-10,T2,1,Total,8,,,,,1
D7015,C008,2025-08-11,T1,1,Total,7,,,,,1
D7016,C008,2025-08-11,T2,1,Total,8,,,,,1
D7017,C008,2025-08-12,T1,1,Parcial,4,preferencia_pessoal,planeada,2025-07-29 20:42,322.3,1
D7018,C008,2025-08-12,T2,1,Total,8,,,,,1
D7019,C008,2025-08-13,T1,1,Total,7,,,,,1
D7020,C008,2025-08-13,T2,1,Total,8,,,,,1
D7021,C008,2025-08-14,T1,1,Total,7,,,,,1
D7022,C008,2025-08-14,T2,1,Total,8,,,,,1
D7023,C008,2025-08-15,T1,1,Total,7,,,,,1
D7024,C008,2025-08-15,T2,1,Total,8,,,,,1
D7025,C008,2025-08-16,T1,1,Parcial,4,preferencia_pessoal,planeada,2025-08-04 14:36,280.4,1
D7026,C008,2025-08-16,T2,1,Total,8,,,,,1
D7027,C008,2025-08-17,T1,1,Total,7,,,,,1
D7028,C008,2025-08-17,T2,1,Total,8,,,,,1
D7029,C008,2025-08-18,T1,1,Total,7,,,,,1
D7030,C008,2025-08-18,T2,1,Total,8,,,,,1
D7031,C008,2025-08-19,T1,1,Total,7,,,,,1
D7032,C008,2025-08-19,T2,1,Parcial,4,preferencia_pessoal,planeada,2025-08-07 15:30,286.5,1
D7033,C008,2025-08-20,T1,1,Total,7,,,,,1
D7034,C008,2025-08-20,T2,1,Parcial,4,preferencia_pessoal,planeada,2025-08-15 03:18,130.7,1
D7035,C008,2025-08-21,T1,1,Total,7,,,,,1
D7036,C008,2025-08-21,T2,1,Total,8,,,,,1
D7037,C008,2025-08-22,T1,1,Total,7,,,,,1
D7038,C008,2025-08-22,T2,1,Total,8,,,,,1
D7039,C008,2025-08-23,T1,1,Parcial,4,preferencia_pessoal,planeada,2025-08-16 14:30,160.5,1
D7040,C008,2025-08-23,T2,1,Total,8,,,,,1
D7041,C008,2025-08-24,T1,1,Total,7,,,,,1
D7042,C008,2025-08-24,T2,1,Total,8,,,,,1
D7043,C008,2025-08-25,T1,1,Total,7,,,,,1
D7044,C008,2025-08-25,T2,1,Total,8,,,,,1
D7045,C008,2025-08-26,T1,1,Total,7,,,,,1
D7046,C008,2025-08-26,T2,1,Total,8,,,,,1
D7047,C008,2025-08-27,T1,1,Total,7,,,,,1
D7048,C008,2025-08-27,T2,1,Total,8,,,,,1
D7049,C008,2025-08-28,T1,1,Total,7,,,,,1
D7050,C008,2025-08-28,T2,1,Total,8,,,,,1
D7051,C008,2025-08-29,T1,1,Total,7,,,,,1
D7052,C008,2025-08-29,T2,1,Total,8,,,,,1
D7053,C008,2025-08-30,T1,1,Total,7,,,,,1
D7054,C008,2025-08-30,T2,1,Total,8,,,,,1
D7055,C008,2025-08-31,T1,1,Total,7,,,,,1
D7056,C008,2025-08-31,T2,1,Total,8,,,,,1
D7057,C008,2025-09-01,T1,1,Total,7,,,,,1
D7058,C008,2025-09-01,T2,1,Total,8,,,,,1
D7059,C008,2025-09-02,T1,1,Total,7,,,,,1
D7060,C008,2025-09-02,T2,1,Total,8,,,,,1
D7061,C008,2025-09-03,T1,1,Total,7,,,,,1
D7062,C008,2025-09-03,T2,1,Total,8,,,,,1
D7063,C008,2025-09-04,T1,1,Total,7,,,,,1
D7064,C008,2025-09-04,T2,1,Total,8,,,,,1
D7065,C008,2025-09-05,T1,1,Total,7,,,,,1
D7066,C008,2025-09-05,T2,1,Total,8,,,,,1
D7067,C008,2025-09-06,T1,1,Total,7,,,,,1
D7068,C008,2025-09-06,T2,0,Indisponível,0,folga,planeada,2025-08-28 03:30,226.5,1
D7069,C008,2025-09-07,T1,1,Total,7,,,,,1
D7070,C008,2025-09-07,T2,1,Total,8,,,,,1
D7071,C008,2025-09-08,T1,1,Total,7,,,,,1
D7072,C008,2025-09-08,T2,1,Total,8,,,,,1
D7073,C008,2025-09-09,T1,1,Total,7,,,,,1
D7074,C008,2025-09-09,T2,1,Total,8,,,,,1
D7075,C008,2025-09-10,T1,1,Total,7,,,,,1
D7076,C008,2025-09-10,T2,1,Total,8,,,,,1
D7077,C008,2025-09-11,T1,1,Total,7,,,,,1
D7078,C008,2025-09-11,T2,1,Total,8,,,,,1
D7079,C008,2025-09-12,T1,1,Total,7,,,,,1
D7080,C008,2025-09-12,T2,1,Total,8,,,,,1
D7081,C008,2025-09-13,T1,1,Total,7,,,,,1
D7082,C008,2025-09-13,T2,1,Total,8,,,,,1
D7083,C008,2025-09-14,T1,1,Total,7,,,,,1
D7084,C008,2025-09-14,T2,1,Total,8,,,,,1
D7085,C008,2025-09-15,T1,1,Total,7,,,,,1
D7086,C008,2025-09-15,T2,1,Total,8,,,,,1
D7087,C008,2025-09-16,T1,1,Total,7,,,,,1
D7088,C008,2025-09-16,T2,0,Indisponível,0,preferencia_pessoal,planeada,2025-09-05 23:36,254.4,1
D7089,C008,2025-09-17,T1,1,Total,7,,,,,1
D7090,C008,2025-09-17,T2,1,Total,8,,,,,1
D7091,C008,2025-09-18,T1,1,Total,7,,,,,1
D7092,C008,2025-09-18,T2,1,Total,8,,,,,1
D7093,C008,2025-09-19,T1,1,Total,7,,,,,1
D7094,C008,2025-09-19,T2,1,Total,8,,,,,1
D7095,C008,2025-09-20,T1,1,Total,7,,,,,1
D7096,C008,2025-09-20,T2,1,Total,8,,,,,1
D7097,C008,2025-09-21,T1,1,Total,7,,,,,1
D7098,C008,2025-09-21,T2,1,Total,8,,,,,1
D7099,C008,2025-09-22,T1,1,Total,7,,,,,1
D7100,C008,2025-09-22,T2,1,Total,8,,,,,1
D7101,C008,2025-09-23,T1,1,Total,7,,,,,1
D7102,C008,2025-09-23,T2,1,Total,8,,,,,1
D7103,C008,2025-09-24,T1,1,Total,7,,,,,1
D7104,C008,2025-09-24,T2,1,Total,8,,,,,1
D7105,C008,2025-09-25,T1,1,Total,7,,,,,1
D7106,C008,2025-09-25,T2,1,Total,8,,,,,1
D7107,C008,2025-09-26,T1,1,Parcial,4,formação,planeada,2025-09-18 22:36,176.4,1
D7108,C008,2025-09-26,T2,1,Total,8,,,,,1
D7109,C008,2025-09-27,T1,1,Total,7,,,,,1
D7110,C008,2025-09-27,T2,1,Total,8,,,,,1
D7111,C008,2025-09-28,T1,1,Total,7,,,,,1
D7112,C008,2025-09-28,T2,1,Total,8,,,,,1
D7113,C008,2025-09-29,T1,1,Parcial,4,preferencia_pessoal,planeada,2025-09-25 11:42,91.3,1
D7114,C008,2025-09-29,T2,1,Total,8,,,,,1
D7115,C008,2025-09-30,T1,1,Total,7,,,,,1
D7116,C008,2025-09-30,T2,1,Total,8,,,,,1
D7117,C008,2025-10-01,T1,1,Total,7,,,,,1
D7118,C008,2025-10-01,T2,1,Total,8,,,,,1
D7119,C008,2025-10-02,T1,1,Total,7,,,,,1
D7120,C008,2025-10-02,T2,1,Total,8,,,,,1
D7121,C008,2025-10-03,T1,1,Total,7,,,,,1
D7122,C008,2025-10-03,T2,1,Total,8,,,,,1
D7123,C008,2025-10-04,T1,1,Total,7,,,,,1
D7124,C008,2025-10-04,T2,1,Total,8,,,,,1
D7125,C008,2025-10-05,T1,1,Total,7,,,,,1
D7126,C008,2025-10-05,T2,1,Total,8,,,,,1
D7127,C008,2025-10-06,T1,1,Total,7,,,,,1
D7128,C008,2025-10-06,T2,1,Total,8,,,,,1
D7129,C008,2025-10-07,T1,1,Total,7,,,,,1
D7130,C008,2025-10-07,T2,1,Total,8,,,,,1
D7131,C008,2025-10-08,T1,1,Total,7,,,,,1
D7132,C008,2025-10-08,T2,1,Total,8,,,,,1
D7133,C008,2025-10-09,T1,1,Parcial,4,preferencia_pessoal,planeada,2025-10-04 11:42,115.3,1
D7134,C008,2025-10-09,T2,1,Parcial,4,consulta_medica,planeada,2025-10-07 12:18,49.7,1
D7135,C008,2025-10-10,T1,1,Total,7,,,,,1
D7136,C008,2025-10-10,T2,1,Parcial,4,formação,planeada,2025-10-02 00:12,205.8,1
D7137,C008,2025-10-11,T1,1,Total,7,,,,,1
D7138,C008,2025-10-11,T2,1,Total,8,,,,,1
D7139,C008,2025-10-12,T1,1,Total,7,,,,,1
D7140,C008,2025-10-12,T2,1,Parcial,4,consulta_medica,planeada,2025-10-01 14:06,263.9,1
D7141,C008,2025-10-13,T1,1,Total,7,,,,,1
D7142,C008,2025-10-13,T2,1,Total,8,,,,,1
D7143,C008,2025-10-14,T1,1,Total,7,,,,,1
D7144,C008,2025-10-14,T2,1,Total,8,,,,,1
D7145,C008,2025-10-15,T1,1,Total,7,,,,,1
D7146,C008,2025-10-15,T2,1,Total,8,,,,,1
D7147,C008,2025-10-16,T1,1,Total,7,,,,,1
D7148,C008,2025-10-16,T2,1,Total,8,,,,,1
D7149,C008,2025-10-17,T1,1,Total,7,,,,,1
D7150,C008,2025-10-17,T2,1,Total,8,,,,,1
D7151,C008,2025-10-18,T1,1,Total,7,,,,,1
D7152,C008,2025-10-18,T2,1,Total,8,,,,,1
D7153,C008,2025-10-19,T1,1,Total,7,,,,,1
D7154,C008,2025-10-19,T2,1,Total,8,,,,,1
D7155,C008,2025-10-20,T1,1,Total,7,,,,,1
D7156,C008,2025-10-20,T2,1,Total,8,,,,,1
D7157,C008,2025-10-21,T1,1,Total,7,,,,,1
D7158,C008,2025-10-21,T2,1,Total,8,,,,,1
D7159,C008,2025-10-22,T1,1,Parcial,4,formação,planeada,2025-10-15 05:00,170.0,1
D7160,C008,2025-10-22,T2,1,Total,8,,,,,1
D7161,C008,2025-10-23,T1,1,Total,7,,,,,1
D7162,C008,2025-10-23,T2,1,Total,8,,,,,1
D7163,C008,2025-10-24,T1,1,Total,7,,,,,1
D7164,C008,2025-10-24,T2,1,Total,8,,,,,1
D7165,C008,2025-10-25,T1,1,Total,7,,,,,1
D7166,C008,2025-10-25,T2,1,Parcial,4,preferencia_pessoal,planeada,2025-10-20 11:06,122.9,1
D7167,C008,2025-10-26,T1,1,Total,7,,,,,1
D7168,C008,2025-10-26,T2,1,Total,8,,,,,1
D7169,C008,2025-10-27,T1,1,Total,7,,,,,1
D7170,C008,2025-10-27,T2,1,Total,8,,,,,1
D7171,C008,2025-10-28,T1,1,Total,7,,,,,1
D7172,C008,2025-10-28,T2,1,Total,8,,,,,1
D7173,C008,2025-10-29,T1,1,Total,7,,,,,1
D7174,C008,2025-10-29,T2,1,Total,8,,,,,1
D7175,C008,2025-10-30,T1,1,Parcial,4,consulta_medica,planeada,2025-10-17 06:30,312.5,1
D7176,C008,2025-10-30,T2,1,Total,8,,,,,1
D7177,C008,2025-10-31,T1,1,Total,7,,,,,1
D7178,C008,2025-10-31,T2,1,Total,8,,,,,1
D7179,C008,2025-11-01,T1,1,Total,7,,,,,1
D7180,C008,2025-11-01,T2,1,Total,8,,,,,1
D7181,C008,2025-11-02,T1,1,Total,7,,,,,1
D7182,C008,2025-11-02,T2,1,Total,8,,,,,1
D7183,C008,2025-11-03,T1,1,Total,7,,,,,1
D7184,C008,2025-11-03,T2,1,Total,8,,,,,1
D7185,C008,2025-11-04,T1,1,Total,7,,,,,1
D7186,C008,2025-11-04,T2,1,Total,8,,,,,1
D7187,C008,2025-11-05,T1,1,Total,7,,,,,1
D7188,C008,2025-11-05,T2,1,Total,8,,,,,1
D7189,C008,2025-11-06,T1,1,Total,7,,,,,1
D7190,C008,2025-11-06,T2,1,Total,8,,,,,1
D7191,C008,2025-11-07,T1,1,Total,7,,,,,1
D7192,C008,2025-11-07,T2,1,Total,8,,,,,1
D7193,C008,2025-11-08,T1,1,Total,7,,,,,1
D7194,C008,2025-11-08,T2,1,Total,8,,,,,1
D7195,C008,2025-11-09,T1,1,Total,7,,,,,1
D7196,C008,2025-11-09,T2,1,Total,8,,,,,1
D7197,C008,2025-11-10,T1,1,Total,7,,,,,1
D7198,C008,2025-11-10,T2,1,Total,8,,,,,1
D7199,C008,2025-11-11,T1,1,Total,7,,,,,1
D7200,C008,2025-11-11,T2,1,Total,8,,,,,1
D7201,C008,2025-11-12,T1,1,Total,7,,,,,1
D7202,C008,2025-11-12,T2,1,Total,8,,,,,1
D7203,C008,2025-11-13,T1,1,Total,7,,,,,1
D7204,C008,2025-11-13,T2,1,Total,8,,,,,1
D7205,C008,2025-11-14,T1,1,Total,7,,,,,1
D7206,C008,2025-11-14,T2,1,Total,8,,,,,1
D7207,C008,2025-11-15,T1,1,Total,7,,,,,1
D7208,C008,2025-11-15,T2,1,Total,8,,,,,1
D7209,C008,2025-11-16,T1,0,Indisponível,0,baixa,inesperada,2025-11-15 22:18,8.7,1
D7210,C008,2025-11-16,T2,1,Total,8,,,,,1
D7211,C008,2025-11-17,T1,1,Total,7,,,,,1
D7212,C008,2025-11-17,T2,1,Total,8,,,,,1
D7213,C008,2025-11-18,T1,1,Total,7,,,,,1
D7214,C008,2025-11-18,T2,1,Total,8,,,,,1
D7215,C008,2025-11-19,T1,1,Total,7,,,,,1
D7216,C008,2025-11-19,T2,1,Total,8,,,,,1
D7217,C008,2025-11-20,T1,1,Total,7,,,,,1
D7218,C008,2025-11-20,T2,1,Total,8,,,,,1
D7219,C008,2025-11-21,T1,1,Parcial,4,preferencia_pessoal,planeada,2025-11-18 15:00,64.0,1
D7220,C008,2025-11-21,T2,1,Total,8,,,,,1
D7221,C008,2025-11-22,T1,1,Total,7,,,,,1
D7222,C008,2025-11-22,T2,1,Total,8,,,,,1
D7223,C008,2025-11-23,T1,1,Total,7,,,,,1
D7224,C008,2025-11-23,T2,0,Indisponível,0,formação,planeada,2025-11-02 19:00,499.0,1
D7225,C008,2025-11-24,T1,1,Total,7,,,,,1
D7226,C008,2025-11-24,T2,1,Total,8,,,,,1
D7227,C008,2025-11-25,T1,1,Total,7,,,,,1
D7228,C008,2025-11-25,T2,1,Total,8,,,,,1
D7229,C008,2025-11-26,T1,1,Total,7,,,,,1
D7230,C008,2025-11-26,T2,1,Parcial,4,formação,planeada,2025-11-22 08:36,101.4,1
D7231,C008,2025-11-27,T1,1,Total,7,,,,,1
D7232,C008,2025-11-27,T2,1,Total,8,,,,,1
D7233,C008,2025-11-28,T1,1,Total,7,,,,,1
D7234,C008,2025-11-28,T2,1,Total,8,,,,,1
D7235,C008,2025-11-29,T1,1,Parcial,4,consulta_medica,planeada,2025-11-17 15:54,279.1,1
D7236,C008,2025-11-29,T2,1,Total,8,,,,,1
D7237,C008,2025-11-30,T1,1,Total,7,,,,,1
D7238,C008,2025-11-30,T2,1,Total,8,,,,,1
D7239,C008,2025-12-01,T1,1,Total,7,,,,,1
D7240,C008,2025-12-01,T2,1,Total,8,,,,,1
D7241,C008,2025-12-02,T1,1,Total,7,,,,,1
D7242,C008,2025-12-02,T2,1,Total,8,,,,,1
D7243,C008,2025-12-03,T1,1,Total,7,,,,,1
D7244,C008,2025-12-03,T2,1,Total,8,,,,,1
D7245,C008,2025-12-04,T1,1,Total,7,,,,,1
D7246,C008,2025-12-04,T2,1,Total,8,,,,,1
D7247,C008,2025-12-05,T1,1,Total,7,,,,,1
D7248,C008,2025-12-05,T2,1,Total,8,,,,,1
D7249,C008,2025-12-06,T1,1,Total,7,,,,,1
D7250,C008,2025-12-06,T2,1,Total,8,,,,,1
D7251,C008,2025-12-07,T1,1,Total,7,,,,,1
D7252,C008,2025-12-07,T2,1,Total,8,,,,,1
D7253,C008,2025-12-08,T1,1,Total,7,,,,,1
D7254,C008,2025-12-08,T2,1,Total,8,,,,,1
D7255,C008,2025-12-09,T1,1,Total,7,,,,,1
D7256,C008,2025-12-09,T2,1,Total,8,,,,,1
D7257,C008,2025-12-10,T1,1,Total,7,,,,,1
D7258,C008,2025-12-10,T2,1,Total,8,,,,,1
D7259,C008,2025-12-11,T1,1,Total,7,,,,,1
D7260,C008,2025-12-11,T2,1,Total,8,,,,,1
D7261,C008,2025-12-12,T1,1,Total,7,,,,,1
D7262,C008,2025-12-12,T2,1,Total,8,,,,,1
D7263,C008,2025-12-13,T1,1,Total,7,,,,,1
D7264,C008,2025-12-13,T2,1,Total,8,,,,,1
D7265,C008,2025-12-14,T1,1,Total,7,,,,,1
D7266,C008,2025-12-14,T2,1,Total,8,,,,,1
D7267,C008,2025-12-15,T1,1,Total,7,,,,,1
D7268,C008,2025-12-15,T2,1,Total,8,,,,,1
D7269,C008,2025-12-16,T1,1,Total,7,,,,,1
D7270,C008,2025-12-16,T2,1,Parcial,4,formação,planeada,2025-12-15 20:48,17.2,1
D7271,C008,2025-12-17,T1,1,Total,7,,,,,1
D7272,C008,2025-12-17,T2,1,Total,8,,,,,1
D7273,C008,2025-12-18,T1,1,Total,7,,,,,1
D7274,C008,2025-12-18,T2,1,Total,8,,,,,1
D7275,C008,2025-12-19,T1,1,Total,7,,,,,1
D7276,C008,2025-12-19,T2,1,Total,8,,,,,1
D7277,C008,2025-12-20,T1,1,Total,7,,,,,1
D7278,C008,2025-12-20,T2,1,Parcial,4,preferencia_pessoal,planeada,2025-12-12 10:48,195.2,1
D7279,C008,2025-12-21,T1,1,Total,7,,,,,1
D7280,C008,2025-12-21,T2,1,Total,8,,,,,1
D7281,C008,2025-12-22,T1,1,Total,7,,,,,1
D7282,C008,2025-12-22,T2,1,Total,8,,,,,1
D7283,C008,2025-12-23,T1,1,Parcial,4,consulta_medica,planeada,2025-12-14 13:18,209.7,1
D7284,C008,2025-12-23,T2,1,Total,8,,,,,1
D7285,C008,2025-12-24,T1,1,Total,7,,,,,1
D7286,C008,2025-12-24,T2,1,Total,8,,,,,1
D7287,C008,2025-12-25,T1,1,Total,7,,,,,1
D7288,C008,2025-12-25,T2,1,Total,8,,,,,1
D7289,C008,2025-12-26,T1,1,Total,7,,,,,1
D7290,C008,2025-12-26,T2,1,Total,8,,,,,1
D7291,C008,2025-12-27,T1,1,Total,7,,,,,1
D7292,C008,2025-12-27,T2,1,Parcial,4,preferencia_pessoal,planeada,2025-12-20 22:54,159.1,1
D7293,C008,2025-12-28,T1,1,Total,7,,,,,1
D7294,C008,2025-12-28,T2,1,Total,8,,,,,1
D7295,C008,2025-12-29,T1,1,Total,7,,,,,1
D7296,C008,2025-12-29,T2,1,Total,8,,,,,1
D7297,C008,2025-12-30,T1,1,Total,7,,,,,1
D7298,C008,2025-12-30,T2,1,Total,8,,,,,1
D7299,C008,2025-12-31,T1,1,Total,7,,,,,1
D7300,C008,2025-12-31,T2,0,Indisponível,0,férias,planeada,2025-12-26 15:24,118.6,1
D7301,C009,2025-01-01,T1,1,Total,7,,,,,1
D7302,C009,2025-01-01,T2,1,Total,8,,,,,1
D7303,C009,2025-01-01,T3,1,Total,9,,,,,1
D7304,C009,2025-01-02,T1,1,Total,7,,,,,1
D7305,C009,2025-01-02,T2,1,Total,8,,,,,1
D7306,C009,2025-01-02,T3,1,Total,9,,,,,1
D7307,C009,2025-01-03,T1,1,Total,7,,,,,1
D7308,C009,2025-01-03,T2,1,Total,8,,,,,1
D7309,C009,2025-01-03,T3,1,Total,9,,,,,1
D7310,C009,2025-01-04,T1,1,Total,7,,,,,1
D7311,C009,2025-01-04,T2,1,Total,8,,,,,1
D7312,C009,2025-01-04,T3,1,Total,9,,,,,1
D7313,C009,2025-01-05,T1,1,Total,7,,,,,1
D7314,C009,2025-01-05,T2,1,Total,8,,,,,1
D7315,C009,2025-01-05,T3,1,Parcial,4,preferencia_pessoal,planeada,2024-12-25 21:30,264.5,1
D7316,C009,2025-01-06,T1,1,Total,7,,,,,1
D7317,C009,2025-01-06,T2,1,Parcial,4,preferencia_pessoal,planeada,2024-12-24 13:12,312.8,1
D7318,C009,2025-01-06,T3,1,Total,9,,,,,1
D7319,C009,2025-01-07,T1,1,Total,7,,,,,1
D7320,C009,2025-01-07,T2,1,Total,8,,,,,1
D7321,C009,2025-01-07,T3,1,Total,9,,,,,1
D7322,C009,2025-01-08,T1,1,Total,7,,,,,1
D7323,C009,2025-01-08,T2,1,Total,8,,,,,1
D7324,C009,2025-01-08,T3,1,Total,9,,,,,1
D7325,C009,2025-01-09,T1,1,Total,7,,,,,1
D7326,C009,2025-01-09,T2,1,Total,8,,,,,1
D7327,C009,2025-01-09,T3,1,Total,9,,,,,1
D7328,C009,2025-01-10,T1,1,Total,7,,,,,1
D7329,C009,2025-01-10,T2,1,Total,8,,,,,1
D7330,C009,2025-01-10,T3,1,Total,9,,,,,1
D7331,C009,2025-01-11,T1,1,Total,7,,,,,1
D7332,C009,2025-01-11,T2,1,Total,8,,,,,1
D7333,C009,2025-01-11,T3,1,Total,9,,,,,1
D7334,C009,2025-01-12,T1,1,Total,7,,,,,1
D7335,C009,2025-01-12,T2,1,Total,8,,,,,1
D7336,C009,2025-01-12,T3,1,Total,9,,,,,1
D7337,C009,2025-01-13,T1,1,Total,7,,,,,1
D7338,C009,2025-01-13,T2,1,Total,8,,,,,1
D7339,C009,2025-01-13,T3,1,Parcial,4,preferencia_pessoal,planeada,2025-01-06 13:48,176.2,1
D7340,C009,2025-01-14,T1,1,Total,7,,,,,1
D7341,C009,2025-01-14,T2,1,Parcial,4,formação,planeada,2025-01-12 11:00,51.0,1
D7342,C009,2025-01-14,T3,1,Total,9,,,,,1
D7343,C009,2025-01-15,T1,1,Total,7,,,,,1
D7344,C009,2025-01-15,T2,1,Total,8,,,,,1
D7345,C009,2025-01-15,T3,1,Total,9,,,,,1
D7346,C009,2025-01-16,T1,1,Total,7,,,,,1
D7347,C009,2025-01-16,T2,1,Parcial,4,preferencia_pessoal,planeada,2025-01-09 15:06,166.9,1
D7348,C009,2025-01-16,T3,1,Parcial,4,formação,planeada,2025-01-16 04:48,17.2,1
D7349,C009,2025-01-17,T1,1,Total,7,,,,,1
D7350,C009,2025-01-17,T2,1,Total,8,,,,,1
D7351,C009,2025-01-17,T3,1,Total,9,,,,,1
D7352,C009,2025-01-18,T1,1,Total,7,,,,,1
D7353,C009,2025-01-18,T2,1,Total,8,,,,,1
D7354,C009,2025-01-18,T3,1,Total,9,,,,,1
D7355,C009,2025-01-19,T1,1,Total,7,,,,,1
D7356,C009,2025-01-19,T2,1,Total,8,,,,,1
D7357,C009,2025-01-19,T3,1,Total,9,,,,,1
D7358,C009,2025-01-20,T1,1,Total,7,,,,,1
D7359,C009,2025-01-20,T2,1,Parcial,4,consulta_medica,planeada,2025-01-08 06:12,295.8,1
D7360,C009,2025-01-20,T3,1,Total,9,,,,,1
D7361,C009,2025-01-21,T1,1,Total,7,,,,,1
D7362,C009,2025-01-21,T2,1,Total,8,,,,,1
D7363,C009,2025-01-21,T3,1,Total,9,,,,,1
D7364,C009,2025-01-22,T1,1,Total,7,,,,,1
D7365,C009,2025-01-22,T2,1,Total,8,,,,,1
D7366,C009,2025-01-22,T3,1,Total,9,,,,,1
D7367,C009,2025-01-23,T1,1,Parcial,4,formação,planeada,2025-01-20 21:36,57.4,1
D7368,C009,2025-01-23,T2,1,Total,8,,,,,1
D7369,C009,2025-01-23,T3,1,Parcial,4,preferencia_pessoal,planeada,2025-01-11 17:18,292.7,1
D7370,C009,2025-01-24,T1,1,Total,7,,,,,1
D7371,C009,2025-01-24,T2,1,Total,8,,,,,1
D7372,C009,2025-01-24,T3,1,Total,9,,,,,1
D7373,C009,2025-01-25,T1,1,Total,7,,,,,1
D7374,C009,2025-01-25,T2,1,Total,8,,,,,1
D7375,C009,2025-01-25,T3,1,Total,9,,,,,1
D7376,C009,2025-01-26,T1,1,Total,7,,,,,1
D7377,C009,2025-01-26,T2,1,Total,8,,,,,1
D7378,C009,2025-01-26,T3,1,Total,9,,,,,1
D7379,C009,2025-01-27,T1,1,Total,7,,,,,1
D7380,C009,2025-01-27,T2,1,Total,8,,,,,1
D7381,C009,2025-01-27,T3,1,Total,9,,,,,1
D7382,C009,2025-01-28,T1,0,Indisponível,0,folga,planeada,2025-01-15 21:12,297.8,1
D7383,C009,2025-01-28,T2,1,Total,8,,,,,1
D7384,C009,2025-01-28,T3,1,Total,9,,,,,1
D7385,C009,2025-01-29,T1,1,Total,7,,,,,1
D7386,C009,2025-01-29,T2,0,Indisponível,0,folga,planeada,2025-01-28 05:48,32.2,1
D7387,C009,2025-01-29,T3,1,Total,9,,,,,1
D7388,C009,2025-01-30,T1,1,Total,7,,,,,1
D7389,C009,2025-01-30,T2,1,Total,8,,,,,1
D7390,C009,2025-01-30,T3,1,Total,9,,,,,1
D7391,C009,2025-01-31,T1,1,Total,7,,,,,1
D7392,C009,2025-01-31,T2,1,Total,8,,,,,1
D7393,C009,2025-01-31,T3,1,Total,9,,,,,1
D7394,C009,2025-02-01,T1,1,Total,7,,,,,1
D7395,C009,2025-02-01,T2,1,Parcial,4,consulta_medica,planeada,2025-01-19 23:18,302.7,1
D7396,C009,2025-02-01,T3,1,Total,9,,,,,1
D7397,C009,2025-02-02,T1,1,Parcial,4,formação,planeada,2025-01-26 12:30,162.5,1
D7398,C009,2025-02-02,T2,1,Total,8,,,,,1
D7399,C009,2025-02-02,T3,1,Total,9,,,,,1
D7400,C009,2025-02-03,T1,1,Total,7,,,,,1
D7401,C009,2025-02-03,T2,1,Total,8,,,,,1
D7402,C009,2025-02-03,T3,1,Total,9,,,,,1
D7403,C009,2025-02-04,T1,1,Total,7,,,,,1
D7404,C009,2025-02-04,T2,1,Total,8,,,,,1
D7405,C009,2025-02-04,T3,1,Total,9,,,,,1
D7406,C009,2025-02-05,T1,1,Parcial,4,preferencia_pessoal,planeada,2025-01-22 21:00,322.0,1
D7407,C009,2025-02-05,T2,1,Total,8,,,,,1
D7408,C009,2025-02-05,T3,1,Total,9,,,,,1
D7409,C009,2025-02-06,T1,1,Total,7,,,,,1
D7410,C009,2025-02-06,T2,1,Total,8,,,,,1
D7411,C009,2025-02-06,T3,1,Total,9,,,,,1
D7412,C009,2025-02-07,T1,1,Total,7,,,,,1
D7413,C009,2025-02-07,T2,1,Parcial,4,consulta_medica,planeada,2025-02-04 00:54,85.1,1
D7414,C009,2025-02-07,T3,1,Total,9,,,,,1
D7415,C009,2025-02-08,T1,1,Total,7,,,,,1
D7416,C009,2025-02-08,T2,1,Total,8,,,,,1
D7417,C009,2025-02-08,T3,1,Total,9,,,,,1
D7418,C009,2025-02-09,T1,1,Total,7,,,,,1
D7419,C009,2025-02-09,T2,1,Total,8,,,,,1
D7420,C009,2025-02-09,T3,1,Total,9,,,,,1
D7421,C009,2025-02-10,T1,1,Total,7,,,,,1
D7422,C009,2025-02-10,T2,1,Total,8,,,,,1
D7423,C009,2025-02-10,T3,1,Total,9,,,,,1
D7424,C009,2025-02-11,T1,1,Total,7,,,,,1
D7425,C009,2025-02-11,T2,1,Total,8,,,,,1
D7426,C009,2025-02-11,T3,1,Total,9,,,,,1
D7427,C009,2025-02-12,T1,1,Total,7,,,,,1
D7428,C009,2025-02-12,T2,1,Total,8,,,,,1
D7429,C009,2025-02-12,T3,1,Total,9,,,,,1
D7430,C009,2025-02-13,T1,1,Total,7,,,,,1
D7431,C009,2025-02-13,T2,1,Total,8,,,,,1
D7432,C009,2025-02-13,T3,1,Total,9,,,,,1
D7433,C009,2025-02-14,T1,1,Total,7,,,,,1
D7434,C009,2025-02-14,T2,1,Total,8,,,,,1
D7435,C009,2025-02-14,T3,1,Total,9,,,,,1
D7436,C009,2025-02-15,T1,1,Total,7,,,,,1
D7437,C009,2025-02-15,T2,1,Total,8,,,,,1
D7438,C009,2025-02-15,T3,1,Total,9,,,,,1
D7439,C009,2025-02-16,T1,0,Indisponível,0,formação,planeada,2025-01-22 03:36,603.4,1
D7440,C009,2025-02-16,T2,1,Total,8,,,,,1
D7441,C009,2025-02-16,T3,1,Total,9,,,,,1
D7442,C009,2025-02-17,T1,0,Indisponível,0,baixa,planeada,2025-02-11 06:06,144.9,1
D7443,C009,2025-02-17,T2,1,Total,8,,,,,1
D7444,C009,2025-02-17,T3,1,Total,9,,,,,1
D7445,C009,2025-02-18,T1,1,Total,7,,,,,1
D7446,C009,2025-02-18,T2,1,Total,8,,,,,1
D7447,C009,2025-02-18,T3,1,Total,9,,,,,1
D7448,C009,2025-02-19,T1,1,Total,7,,,,,1
D7449,C009,2025-02-19,T2,1,Total,8,,,,,1
D7450,C009,2025-02-19,T3,1,Total,9,,,,,1
D7451,C009,2025-02-20,T1,1,Total,7,,,,,1
D7452,C009,2025-02-20,T2,1,Total,8,,,,,1
D7453,C009,2025-02-20,T3,1,Total,9,,,,,1
D7454,C009,2025-02-21,T1,1,Total,7,,,,,1
D7455,C009,2025-02-21,T2,1,Total,8,,,,,1
D7456,C009,2025-02-21,T3,1,Total,9,,,,,1
D7457,C009,2025-02-22,T1,1,Total,7,,,,,1
D7458,C009,2025-02-22,T2,1,Total,8,,,,,1
D7459,C009,2025-02-22,T3,1,Total,9,,,,,1
D7460,C009,2025-02-23,T1,1,Parcial,4,formação,planeada,2025-02-12 11:42,259.3,1
D7461,C009,2025-02-23,T2,1,Parcial,4,consulta_medica,planeada,2025-02-17 07:48,150.2,1
D7462,C009,2025-02-23,T3,1,Total,9,,,,,1
D7463,C009,2025-02-24,T1,1,Parcial,4,consulta_medica,planeada,2025-02-10 15:06,327.9,1
D7464,C009,2025-02-24,T2,1,Parcial,4,formação,planeada,2025-02-22 09:06,52.9,1
D7465,C009,2025-02-24,T3,1,Total,9,,,,,1
D7466,C009,2025-02-25,T1,1,Total,7,,,,,1
D7467,C009,2025-02-25,T2,1,Total,8,,,,,1
D7468,C009,2025-02-25,T3,1,Parcial,4,preferencia_pessoal,planeada,2025-02-20 01:12,140.8,1
D7469,C009,2025-02-26,T1,1,Total,7,,,,,1
D7470,C009,2025-02-26,T2,1,Total,8,,,,,1
D7471,C009,2025-02-26,T3,1,Total,9,,,,,1
D7472,C009,2025-02-27,T1,0,Indisponível,0,consulta_medica,planeada,2025-02-09 01:30,437.5,1
D7473,C009,2025-02-27,T2,1,Total,8,,,,,1
D7474,C009,2025-02-27,T3,1,Total,9,,,,,1
D7475,C009,2025-02-28,T1,1,Total,7,,,,,1
D7476,C009,2025-02-28,T2,1,Total,8,,,,,1
D7477,C009,2025-02-28,T3,1,Total,9,,,,,1
D7478,C009,2025-03-01,T1,1,Total,7,,,,,1
D7479,C009,2025-03-01,T2,1,Total,8,,,,,1
D7480,C009,2025-03-01,T3,1,Total,9,,,,,1
D7481,C009,2025-03-02,T1,1,Total,7,,,,,1
D7482,C009,2025-03-02,T2,1,Parcial,4,preferencia_pessoal,planeada,2025-02-21 12:18,217.7,1
D7483,C009,2025-03-02,T3,1,Total,9,,,,,1
D7484,C009,2025-03-03,T1,1,Total,7,,,,,1
D7485,C009,2025-03-03,T2,1,Total,8,,,,,1
D7486,C009,2025-03-03,T3,1,Total,9,,,,,1
D7487,C009,2025-03-04,T1,1,Total,7,,,,,1
D7488,C009,2025-03-04,T2,1,Total,8,,,,,1
D7489,C009,2025-03-04,T3,1,Total,9,,,,,1
D7490,C009,2025-03-05,T1,0,Indisponível,0,preferencia_pessoal,planeada,2025-02-20 23:12,295.8,1
D7491,C009,2025-03-05,T2,1,Total,8,,,,,1
D7492,C009,2025-03-05,T3,1,Total,9,,,,,1
D7493,C009,2025-03-06,T1,1,Total,7,,,,,1
D7494,C009,2025-03-06,T2,1,Total,8,,,,,1
D7495,C009,2025-03-06,T3,1,Total,9,,,,,1
D7496,C009,2025-03-07,T1,1,Total,7,,,,,1
D7497,C009,2025-03-07,T2,1,Total,8,,,,,1
D7498,C009,2025-03-07,T3,1,Parcial,4,preferencia_pessoal,planeada,2025-03-04 14:24,79.6,1
D7499,C009,2025-03-08,T1,1,Total,7,,,,,1
D7500,C009,2025-03-08,T2,1,Total,8,,,,,1
D7501,C009,2025-03-08,T3,1,Parcial,4,formação,planeada,2025-03-06 12:30,57.5,1
D7502,C009,2025-03-09,T1,1,Total,7,,,,,1
D7503,C009,2025-03-09,T2,1,Total,8,,,,,1
D7504,C009,2025-03-09,T3,1,Total,9,,,,,1
D7505,C009,2025-03-10,T1,1,Total,7,,,,,1
D7506,C009,2025-03-10,T2,1,Total,8,,,,,1
D7507,C009,2025-03-10,T3,1,Total,9,,,,,1
D7508,C009,2025-03-11,T1,1,Total,7,,,,,1
D7509,C009,2025-03-11,T2,1,Total,8,,,,,1
D7510,C009,2025-03-11,T3,1,Total,9,,,,,1
D7511,C009,2025-03-12,T1,1,Total,7,,,,,1
D7512,C009,2025-03-12,T2,1,Parcial,4,formação,planeada,2025-03-10 04:30,57.5,1
D7513,C009,2025-03-12,T3,1,Parcial,4,consulta_medica,planeada,2025-03-09 15:18,78.7,1
D7514,C009,2025-03-13,T1,1,Total,7,,,,,1
D7515,C009,2025-03-13,T2,1,Total,8,,,,,1
D7516,C009,2025-03-13,T3,0,Indisponível,0,folga,planeada,2025-03-04 05:42,232.3,1
D7517,C009,2025-03-14,T1,1,Parcial,4,formação,planeada,2025-03-10 15:48,87.2,1
D7518,C009,2025-03-14,T2,1,Total,8,,,,,1
D7519,C009,2025-03-14,T3,1,Parcial,4,preferencia_pessoal,planeada,2025-03-12 08:12,61.8,1
D7520,C009,2025-03-15,T1,1,Total,7,,,,,1
D7521,C009,2025-03-15,T2,1,Total,8,,,,,1
D7522,C009,2025-03-15,T3,1,Total,9,,,,,1
D7523,C009,2025-03-16,T1,1,Total,7,,,,,1
D7524,C009,2025-03-16,T2,1,Total,8,,,,,1
D7525,C009,2025-03-16,T3,1,Parcial,4,consulta_medica,planeada,2025-03-10 16:00,150.0,1
D7526,C009,2025-03-17,T1,1,Total,7,,,,,1
D7527,C009,2025-03-17,T2,1,Total,8,,,,,1
D7528,C009,2025-03-17,T3,1,Total,9,,,,,1
D7529,C009,2025-03-18,T1,1,Total,7,,,,,1
D7530,C009,2025-03-18,T2,1,Total,8,,,,,1
D7531,C009,2025-03-18,T3,1,Parcial,4,preferencia_pessoal,planeada,2025-03-15 03:48,90.2,1
D7532,C009,2025-03-19,T1,1,Total,7,,,,,1
D7533,C009,2025-03-19,T2,1,Total,8,,,,,1
D7534,C009,2025-03-19,T3,1,Total,9,,,,,1
D7535,C009,2025-03-20,T1,1,Parcial,4,formação,planeada,2025-03-08 02:42,292.3,1
D7536,C009,2025-03-20,T2,1,Total,8,,,,,1
D7537,C009,2025-03-20,T3,1,Total,9,,,,,1
D7538,C009,2025-03-21,T1,1,Total,7,,,,,1
D7539,C009,2025-03-21,T2,1,Total,8,,,,,1
D7540,C009,2025-03-21,T3,1,Total,9,,,,,1
D7541,C009,2025-03-22,T1,1,Total,7,,,,,1
D7542,C009,2025-03-22,T2,1,Total,8,,,,,1
D7543,C009,2025-03-22,T3,1,Total,9,,,,,1
D7544,C009,2025-03-23,T1,0,Indisponível,0,consulta_medica,planeada,2025-03-05 12:18,426.7,1
D7545,C009,2025-03-23,T2,1,Total,8,,,,,1
D7546,C009,2025-03-23,T3,1,Total,9,,,,,1
D7547,C009,2025-03-24,T1,1,Total,7,,,,,1
D7548,C009,2025-03-24,T2,1,Total,8,,,,,1
D7549,C009,2025-03-24,T3,1,Total,9,,,,,1
D7550,C009,2025-03-25,T1,1,Total,7,,,,,1
D7551,C009,2025-03-25,T2,1,Total,8,,,,,1
D7552,C009,2025-03-25,T3,1,Total,9,,,,,1
D7553,C009,2025-03-26,T1,1,Total,7,,,,,1
D7554,C009,2025-03-26,T2,1,Total,8,,,,,1
D7555,C009,2025-03-26,T3,1,Total,9,,,,,1
D7556,C009,2025-03-27,T1,0,Indisponível,0,folga,planeada,2025-03-02 01:36,605.4,1
D7557,C009,2025-03-27,T2,1,Total,8,,,,,1
D7558,C009,2025-03-27,T3,1,Parcial,4,consulta_medica,planeada,2025-03-25 19:54,50.1,1
D7559,C009,2025-03-28,T1,1,Total,7,,,,,1
D7560,C009,2025-03-28,T2,1,Total,8,,,,,1
D7561,C009,2025-03-28,T3,1,Total,9,,,,,1
D7562,C009,2025-03-29,T1,1,Total,7,,,,,1
D7563,C009,2025-03-29,T2,1,Total,8,,,,,1
D7564,C009,2025-03-29,T3,1,Total,9,,,,,1
D7565,C009,2025-03-30,T1,1,Total,7,,,,,1
D7566,C009,2025-03-30,T2,1,Total,8,,,,,1
D7567,C009,2025-03-30,T3,1,Total,9,,,,,1
D7568,C009,2025-03-31,T1,1,Total,7,,,,,1
D7569,C009,2025-03-31,T2,1,Total,8,,,,,1
D7570,C009,2025-03-31,T3,1,Total,9,,,,,1
D7571,C009,2025-04-01,T1,1,Total,7,,,,,1
D7572,C009,2025-04-01,T2,1,Total,8,,,,,1
D7573,C009,2025-04-01,T3,1,Total,9,,,,,1
D7574,C009,2025-04-02,T1,1,Total,7,,,,,1
D7575,C009,2025-04-02,T2,0,Indisponível,0,baixa,inesperada,2025-04-02 02:42,11.3,1
D7576,C009,2025-04-02,T3,1,Total,9,,,,,1
D7577,C009,2025-04-03,T1,1,Total,7,,,,,1
D7578,C009,2025-04-03,T2,1,Total,8,,,,,1
D7579,C009,2025-04-03,T3,1,Total,9,,,,,1
D7580,C009,2025-04-04,T1,1,Total,7,,,,,1
D7581,C009,2025-04-04,T2,1,Total,8,,,,,1
D7582,C009,2025-04-04,T3,1,Total,9,,,,,1
D7583,C009,2025-04-05,T1,1,Total,7,,,,,1
D7584,C009,2025-04-05,T2,1,Total,8,,,,,1
D7585,C009,2025-04-05,T3,1,Total,9,,,,,1
D7586,C009,2025-04-06,T1,0,Indisponível,0,baixa,planeada,2025-03-29 00:42,198.3,1
D7587,C009,2025-04-06,T2,1,Total,8,,,,,1
D7588,C009,2025-04-06,T3,1,Total,9,,,,,1
D7589,C009,2025-04-07,T1,1,Total,7,,,,,1
D7590,C009,2025-04-07,T2,1,Total,8,,,,,1
D7591,C009,2025-04-07,T3,1,Total,9,,,,,1
D7592,C009,2025-04-08,T1,1,Total,7,,,,,1
D7593,C009,2025-04-08,T2,1,Total,8,,,,,1
D7594,C009,2025-04-08,T3,1,Total,9,,,,,1
D7595,C009,2025-04-09,T1,1,Total,7,,,,,1
D7596,C009,2025-04-09,T2,1,Total,8,,,,,1
D7597,C009,2025-04-09,T3,1,Total,9,,,,,1
D7598,C009,2025-04-10,T1,1,Total,7,,,,,1
D7599,C009,2025-04-10,T2,1,Total,8,,,,,1
D7600,C009,2025-04-10,T3,1,Total,9,,,,,1
D7601,C009,2025-04-11,T1,1,Total,7,,,,,1
D7602,C009,2025-04-11,T2,1,Total,8,,,,,1
D7603,C009,2025-04-11,T3,1,Parcial,4,formação,planeada,2025-04-02 18:48,219.2,1
D7604,C009,2025-04-12,T1,1,Total,7,,,,,1
D7605,C009,2025-04-12,T2,1,Total,8,,,,,1
D7606,C009,2025-04-12,T3,1,Total,9,,,,,1
D7607,C009,2025-04-13,T1,1,Total,7,,,,,1
D7608,C009,2025-04-13,T2,1,Total,8,,,,,1
D7609,C009,2025-04-13,T3,1,Total,9,,,,,1
D7610,C009,2025-04-14,T1,1,Total,7,,,,,1
D7611,C009,2025-04-14,T2,1,Total,8,,,,,1
D7612,C009,2025-04-14,T3,1,Total,9,,,,,1
D7613,C009,2025-04-15,T1,1,Total,7,,,,,1
D7614,C009,2025-04-15,T2,1,Total,8,,,,,1
D7615,C009,2025-04-15,T3,0,Indisponível,0,folga,planeada,2025-04-06 06:06,231.9,1
D7616,C009,2025-04-16,T1,1,Total,7,,,,,1
D7617,C009,2025-04-16,T2,1,Total,8,,,,,1
D7618,C009,2025-04-16,T3,1,Total,9,,,,,1
D7619,C009,2025-04-17,T1,1,Total,7,,,,,1
D7620,C009,2025-04-17,T2,1,Total,8,,,,,1
D7621,C009,2025-04-17,T3,1,Total,9,,,,,1
D7622,C009,2025-04-18,T1,1,Parcial,4,preferencia_pessoal,planeada,2025-04-16 13:42,41.3,1
D7623,C009,2025-04-18,T2,1,Total,8,,,,,1
D7624,C009,2025-04-18,T3,1,Total,9,,,,,1
D7625,C009,2025-04-19,T1,1,Total,7,,,,,1
D7626,C009,2025-04-19,T2,1,Total,8,,,,,1
D7627,C009,2025-04-19,T3,1,Total,9,,,,,1
D7628,C009,2025-04-20,T1,1,Total,7,,,,,1
D7629,C009,2025-04-20,T2,1,Total,8,,,,,1
D7630,C009,2025-04-20,T3,1,Total,9,,,,,1
D7631,C009,2025-04-21,T1,1,Total,7,,,,,1
D7632,C009,2025-04-21,T2,1,Total,8,,,,,1
D7633,C009,2025-04-21,T3,1,Total,9,,,,,1
D7634,C009,2025-04-22,T1,1,Total,7,,,,,1
D7635,C009,2025-04-22,T2,1,Total,8,,,,,1
D7636,C009,2025-04-22,T3,1,Total,9,,,,,1
D7637,C009,2025-04-23,T1,1,Total,7,,,,,1
D7638,C009,2025-04-23,T2,1,Total,8,,,,,1
D7639,C009,2025-04-23,T3,1,Total,9,,,,,1
D7640,C009,2025-04-24,T1,1,Total,7,,,,,1
D7641,C009,2025-04-24,T2,1,Total,8,,,,,1
D7642,C009,2025-04-24,T3,1,Total,9,,,,,1
D7643,C009,2025-04-25,T1,0,Indisponível,0,folga,planeada,2025-04-04 06:54,504.1,1
D7644,C009,2025-04-25,T2,1,Total,8,,,,,1
D7645,C009,2025-04-25,T3,1,Total,9,,,,,1
D7646,C009,2025-04-26,T1,1,Total,7,,,,,1
D7647,C009,2025-04-26,T2,1,Total,8,,,,,1
D7648,C009,2025-04-26,T3,1,Total,9,,,,,1
D7649,C009,2025-04-27,T1,1,Total,7,,,,,1
D7650,C009,2025-04-27,T2,1,Total,8,,,,,1
D7651,C009,2025-04-27,T3,1,Total,9,,,,,1
D7652,C009,2025-04-28,T1,1,Total,7,,,,,1
D7653,C009,2025-04-28,T2,1,Total,8,,,,,1
D7654,C009,2025-04-28,T3,1,Total,9,,,,,1
D7655,C009,2025-04-29,T1,1,Total,7,,,,,1
D7656,C009,2025-04-29,T2,1,Total,8,,,,,1
D7657,C009,2025-04-29,T3,1,Total,9,,,,,1
D7658,C009,2025-04-30,T1,1,Total,7,,,,,1
D7659,C009,2025-04-30,T2,1,Total,8,,,,,1
D7660,C009,2025-04-30,T3,1,Total,9,,,,,1
D7661,C009,2025-05-01,T1,1,Total,7,,,,,1
D7662,C009,2025-05-01,T2,1,Total,8,,,,,1
D7663,C009,2025-05-01,T3,1,Total,9,,,,,1
D7664,C009,2025-05-02,T1,1,Total,7,,,,,1
D7665,C009,2025-05-02,T2,1,Total,8,,,,,1
D7666,C009,2025-05-02,T3,1,Total,9,,,,,1
D7667,C009,2025-05-03,T1,1,Total,7,,,,,1
D7668,C009,2025-05-03,T2,1,Total,8,,,,,1
D7669,C009,2025-05-03,T3,1,Total,9,,,,,1
D7670,C009,2025-05-04,T1,1,Total,7,,,,,1
D7671,C009,2025-05-04,T2,1,Total,8,,,,,1
D7672,C009,2025-05-04,T3,1,Parcial,4,preferencia_pessoal,planeada,2025-04-30 01:48,116.2,1
D7673,C009,2025-05-05,T1,1,Total,7,,,,,1
D7674,C009,2025-05-05,T2,1,Total,8,,,,,1
D7675,C009,2025-05-05,T3,1,Parcial,4,consulta_medica,planeada,2025-04-28 04:30,185.5,1
D7676,C009,2025-05-06,T1,1,Total,7,,,,,1
D7677,C009,2025-05-06,T2,1,Total,8,,,,,1
D7678,C009,2025-05-06,T3,1,Total,9,,,,,1
D7679,C009,2025-05-07,T1,1,Total,7,,,,,1
D7680,C009,2025-05-07,T2,1,Total,8,,,,,1
D7681,C009,2025-05-07,T3,1,Total,9,,,,,1
D7682,C009,2025-05-08,T1,1,Total,7,,,,,1
D7683,C009,2025-05-08,T2,1,Total,8,,,,,1
D7684,C009,2025-05-08,T3,1,Total,9,,,,,1
D7685,C009,2025-05-09,T1,1,Parcial,4,formação,planeada,2025-05-02 01:54,173.1,1
D7686,C009,2025-05-09,T2,1,Parcial,4,formação,planeada,2025-05-08 18:48,19.2,1
D7687,C009,2025-05-09,T3,1,Total,9,,,,,1
D7688,C009,2025-05-10,T1,1,Parcial,4,preferencia_pessoal,planeada,2025-05-03 08:36,166.4,1
D7689,C009,2025-05-10,T2,1,Total,8,,,,,1
D7690,C009,2025-05-10,T3,1,Total,9,,,,,1
D7691,C009,2025-05-11,T1,1,Parcial,4,preferencia_pessoal,planeada,2025-05-03 02:24,196.6,1
D7692,C009,2025-05-11,T2,0,Indisponível,0,baixa,planeada,2025-04-18 12:48,553.2,1
D7693,C009,2025-05-11,T3,1,Total,9,,,,,1
D7694,C009,2025-05-12,T1,1,Total,7,,,,,1
D7695,C009,2025-05-12,T2,1,Total,8,,,,,1
D7696,C009,2025-05-12,T3,1,Total,9,,,,,1
D7697,C009,2025-05-13,T1,1,Total,7,,,,,1
D7698,C009,2025-05-13,T2,1,Total,8,,,,,1
D7699,C009,2025-05-13,T3,1,Total,9,,,,,1
D7700,C009,2025-05-14,T1,1,Total,7,,,,,1
D7701,C009,2025-05-14,T2,1,Total,8,,,,,1
D7702,C009,2025-05-14,T3,1,Total,9,,,,,1
D7703,C009,2025-05-15,T1,1,Total,7,,,,,1
D7704,C009,2025-05-15,T2,1,Total,8,,,,,1
D7705,C009,2025-05-15,T3,1,Total,9,,,,,1
D7706,C009,2025-05-16,T1,1,Total,7,,,,,1
D7707,C009,2025-05-16,T2,1,Total,8,,,,,1
D7708,C009,2025-05-16,T3,1,Parcial,4,consulta_medica,planeada,2025-05-08 11:42,202.3,1
D7709,C009,2025-05-17,T1,1,Total,7,,,,,1
D7710,C009,2025-05-17,T2,1,Total,8,,,,,1
D7711,C009,2025-05-17,T3,1,Total,9,,,,,1
D7712,C009,2025-05-18,T1,1,Total,7,,,,,1
D7713,C009,2025-05-18,T2,1,Total,8,,,,,1
D7714,C009,2025-05-18,T3,1,Total,9,,,,,1
D7715,C009,2025-05-19,T1,1,Total,7,,,,,1
D7716,C009,2025-05-19,T2,1,Total,8,,,,,1
D7717,C009,2025-05-19,T3,1,Total,9,,,,,1
D7718,C009,2025-05-20,T1,1,Total,7,,,,,1
D7719,C009,2025-05-20,T2,1,Total,8,,,,,1
D7720,C009,2025-05-20,T3,1,Parcial,4,formação,planeada,2025-05-19 03:30,42.5,1
D7721,C009,2025-05-21,T1,1,Total,7,,,,,1
D7722,C009,2025-05-21,T2,1,Total,8,,,,,1
D7723,C009,2025-05-21,T3,1,Total,9,,,,,1
D7724,C009,2025-05-22,T1,1,Total,7,,,,,1
D7725,C009,2025-05-22,T2,1,Total,8,,,,,1
D7726,C009,2025-05-22,T3,1,Total,9,,,,,1
D7727,C009,2025-05-23,T1,1,Total,7,,,,,1
D7728,C009,2025-05-23,T2,1,Parcial,4,formação,planeada,2025-05-20 16:30,69.5,1
D7729,C009,2025-05-23,T3,1,Total,9,,,,,1
D7730,C009,2025-05-24,T1,1,Total,7,,,,,1
D7731,C009,2025-05-24,T2,1,Total,8,,,,,1
D7732,C009,2025-05-24,T3,1,Total,9,,,,,1
D7733,C009,2025-05-25,T1,1,Total,7,,,,,1
D7734,C009,2025-05-25,T2,1,Total,8,,,,,1
D7735,C009,2025-05-25,T3,1,Total,9,,,,,1
D7736,C009,2025-05-26,T1,1,Total,7,,,,,1
D7737,C009,2025-05-26,T2,1,Total,8,,,,,1
D7738,C009,2025-05-26,T3,1,Total,9,,,,,1
D7739,C009,2025-05-27,T1,0,Indisponível,0,formação,planeada,2025-04-27 19:42,707.3,1
D7740,C009,2025-05-27,T2,1,Parcial,4,consulta_medica,planeada,2025-05-25 19:06,42.9,1
D7741,C009,2025-05-27,T3,1,Total,9,,,,,1
D7742,C009,2025-05-28,T1,1,Total,7,,,,,1
D7743,C009,2025-05-28,T2,0,Indisponível,0,férias,planeada,2025-05-27 06:24,31.6,1
D7744,C009,2025-05-28,T3,1,Total,9,,,,,1
D7745,C009,2025-05-29,T1,1,Total,7,,,,,1
D7746,C009,2025-05-29,T2,1,Total,8,,,,,1
D7747,C009,2025-05-29,T3,1,Total,9,,,,,1
D7748,C009,2025-05-30,T1,1,Total,7,,,,,1
D7749,C009,2025-05-30,T2,1,Total,8,,,,,1
D7750,C009,2025-05-30,T3,1,Total,9,,,,,1
D7751,C009,2025-05-31,T1,1,Total,7,,,,,1
D7752,C009,2025-05-31,T2,1,Total,8,,,,,1
D7753,C009,2025-05-31,T3,1,Total,9,,,,,1
D7754,C009,2025-06-01,T1,1,Total,7,,,,,1
D7755,C009,2025-06-01,T2,1,Total,8,,,,,1
D7756,C009,2025-06-01,T3,1,Total,9,,,,,1
D7757,C009,2025-06-02,T1,1,Total,7,,,,,1
D7758,C009,2025-06-02,T2,1,Total,8,,,,,1
D7759,C009,2025-06-02,T3,1,Total,9,,,,,1
D7760,C009,2025-06-03,T1,1,Total,7,,,,,1
D7761,C009,2025-06-03,T2,1,Total,8,,,,,1
D7762,C009,2025-06-03,T3,1,Total,9,,,,,1
D7763,C009,2025-06-04,T1,0,Indisponível,0,folga,planeada,2025-05-18 22:24,392.6,1
D7764,C009,2025-06-04,T2,1,Total,8,,,,,1
D7765,C009,2025-06-04,T3,1,Total,9,,,,,1
D7766,C009,2025-06-05,T1,1,Total,7,,,,,1
D7767,C009,2025-06-05,T2,1,Total,8,,,,,1
D7768,C009,2025-06-05,T3,1,Total,9,,,,,1
D7769,C009,2025-06-06,T1,1,Total,7,,,,,1
D7770,C009,2025-06-06,T2,1,Total,8,,,,,1
D7771,C009,2025-06-06,T3,1,Total,9,,,,,1
D7772,C009,2025-06-07,T1,1,Total,7,,,,,1
D7773,C009,2025-06-07,T2,1,Total,8,,,,,1
D7774,C009,2025-06-07,T3,1,Total,9,,,,,1
D7775,C009,2025-06-08,T1,1,Total,7,,,,,1
D7776,C009,2025-06-08,T2,1,Total,8,,,,,1
D7777,C009,2025-06-08,T3,1,Total,9,,,,,1
D7778,C009,2025-06-09,T1,1,Total,7,,,,,1
D7779,C009,2025-06-09,T2,1,Total,8,,,,,1
D7780,C009,2025-06-09,T3,1,Total,9,,,,,1
D7781,C009,2025-06-10,T1,1,Total,7,,,,,1
D7782,C009,2025-06-10,T2,1,Parcial,4,formação,planeada,2025-06-05 12:24,121.6,1
D7783,C009,2025-06-10,T3,1,Total,9,,,,,1
D7784,C009,2025-06-11,T1,1,Total,7,,,,,1
D7785,C009,2025-06-11,T2,1,Total,8,,,,,1
D7786,C009,2025-06-11,T3,1,Total,9,,,,,1
D7787,C009,2025-06-12,T1,0,Indisponível,0,folga,planeada,2025-05-13 19:30,707.5,1
D7788,C009,2025-06-12,T2,1,Total,8,,,,,1
D7789,C009,2025-06-12,T3,1,Total,9,,,,,1
D7790,C009,2025-06-13,T1,1,Total,7,,,,,1
D7791,C009,2025-06-13,T2,1,Total,8,,,,,1
D7792,C009,2025-06-13,T3,1,Total,9,,,,,1
D7793,C009,2025-06-14,T1,1,Total,7,,,,,1
D7794,C009,2025-06-14,T2,1,Parcial,4,preferencia_pessoal,planeada,2025-06-01 18:36,307.4,1
D7795,C009,2025-06-14,T3,1,Total,9,,,,,1
D7796,C009,2025-06-15,T1,1,Total,7,,,,,1
D7797,C009,2025-06-15,T2,1,Total,8,,,,,1
D7798,C009,2025-06-15,T3,1,Total,9,,,,,1
D7799,C009,2025-06-16,T1,1,Total,7,,,,,1
D7800,C009,2025-06-16,T2,1,Total,8,,,,,1
D7801,C009,2025-06-16,T3,1,Total,9,,,,,1
D7802,C009,2025-06-17,T1,1,Total,7,,,,,1
D7803,C009,2025-06-17,T2,1,Total,8,,,,,1
D7804,C009,2025-06-17,T3,1,Total,9,,,,,1
D7805,C009,2025-06-18,T1,1,Total,7,,,,,1
D7806,C009,2025-06-18,T2,1,Parcial,4,formação,planeada,2025-06-11 10:48,171.2,1
D7807,C009,2025-06-18,T3,1,Total,9,,,,,1
D7808,C009,2025-06-19,T1,1,Total,7,,,,,1
D7809,C009,2025-06-19,T2,1,Total,8,,,,,1
D7810,C009,2025-06-19,T3,1,Total,9,,,,,1
D7811,C009,2025-06-20,T1,1,Total,7,,,,,1
D7812,C009,2025-06-20,T2,1,Total,8,,,,,1
D7813,C009,2025-06-20,T3,1,Total,9,,,,,1
D7814,C009,2025-06-21,T1,1,Total,7,,,,,1
D7815,C009,2025-06-21,T2,0,Indisponível,0,preferencia_pessoal,planeada,2025-06-12 00:36,229.4,1
D7816,C009,2025-06-21,T3,1,Total,9,,,,,1
D7817,C009,2025-06-22,T1,1,Total,7,,,,,1
D7818,C009,2025-06-22,T2,1,Total,8,,,,,1
D7819,C009,2025-06-22,T3,1,Total,9,,,,,1
D7820,C009,2025-06-23,T1,1,Total,7,,,,,1
D7821,C009,2025-06-23,T2,1,Total,8,,,,,1
D7822,C009,2025-06-23,T3,0,Indisponível,0,férias,planeada,2025-06-17 20:42,145.3,1
D7823,C009,2025-06-24,T1,1,Total,7,,,,,1
D7824,C009,2025-06-24,T2,1,Parcial,4,preferencia_pessoal,planeada,2025-06-14 02:42,251.3,1
D7825,C009,2025-06-24,T3,1,Total,9,,,,,1
D7826,C009,2025-06-25,T1,1,Total,7,,,,,1
D7827,C009,2025-06-25,T2,1,Total,8,,,,,1
D7828,C009,2025-06-25,T3,0,Indisponível,0,folga,planeada,2025-06-11 22:18,335.7,1
D7829,C009,2025-06-26,T1,1,Total,7,,,,,1
D7830,C009,2025-06-26,T2,1,Total,8,,,,,1
D7831,C009,2025-06-26,T3,1,Total,9,,,,,1
D7832,C009,2025-06-27,T1,1,Total,7,,,,,1
D7833,C009,2025-06-27,T2,1,Total,8,,,,,1
D7834,C009,2025-06-27,T3,1,Total,9,,,,,1
D7835,C009,2025-06-28,T1,1,Total,7,,,,,1
D7836,C009,2025-06-28,T2,0,Indisponível,0,férias,planeada,2025-06-01 12:36,649.4,1
D7837,C009,2025-06-28,T3,1,Parcial,4,consulta_medica,planeada,2025-06-28 08:30,13.5,1
D7838,C009,2025-06-29,T1,1,Total,7,,,,,1
D7839,C009,2025-06-29,T2,1,Total,8,,,,,1
D7840,C009,2025-06-29,T3,1,Total,9,,,,,1
D7841,C009,2025-06-30,T1,1,Total,7,,,,,1
D7842,C009,2025-06-30,T2,1,Total,8,,,,,1
D7843,C009,2025-06-30,T3,1,Total,9,,,,,1
D7844,C009,2025-07-01,T1,1,Total,7,,,,,1
D7845,C009,2025-07-01,T2,1,Total,8,,,,,1
D7846,C009,2025-07-01,T3,1,Total,9,,,,,1
D7847,C009,2025-07-02,T1,1,Total,7,,,,,1
D7848,C009,2025-07-02,T2,1,Total,8,,,,,1
D7849,C009,2025-07-02,T3,1,Total,9,,,,,1
D7850,C009,2025-07-03,T1,1,Total,7,,,,,1
D7851,C009,2025-07-03,T2,1,Total,8,,,,,1
D7852,C009,2025-07-03,T3,1,Total,9,,,,,1
D7853,C009,2025-07-04,T1,1,Total,7,,,,,1
D7854,C009,2025-07-04,T2,1,Total,8,,,,,1
D7855,C009,2025-07-04,T3,1,Total,9,,,,,1
D7856,C009,2025-07-05,T1,1,Total,7,,,,,1
D7857,C009,2025-07-05,T2,1,Total,8,,,,,1
D7858,C009,2025-07-05,T3,1,Total,9,,,,,1
D7859,C009,2025-07-06,T1,0,Indisponível,0,restrição_noite,planeada,2025-06-24 16:00,279.0,1
D7860,C009,2025-07-06,T2,1,Total,8,,,,,1
D7861,C009,2025-07-06,T3,1,Total,9,,,,,1
D7862,C009,2025-07-07,T1,1,Total,7,,,,,1
D7863,C009,2025-07-07,T2,1,Total,8,,,,,1
D7864,C009,2025-07-07,T3,0,Indisponível,0,formação,planeada,2025-07-06 04:24,41.6,1
D7865,C009,2025-07-08,T1,1,Total,7,,,,,1
D7866,C009,2025-07-08,T2,1,Parcial,4,consulta_medica,planeada,2025-07-07 03:12,34.8,1
D7867,C009,2025-07-08,T3,1,Parcial,4,preferencia_pessoal,planeada,2025-07-07 12:30,33.5,1
D7868,C009,2025-07-09,T1,1,Total,7,,,,,1
D7869,C009,2025-07-09,T2,1,Total,8,,,,,1
D7870,C009,2025-07-09,T3,1,Total,9,,,,,1
D7871,C009,2025-07-10,T1,1,Total,7,,,,,1
D7872,C009,2025-07-10,T2,1,Total,8,,,,,1
D7873,C009,2025-07-10,T3,1,Total,9,,,,,1
D7874,C009,2025-07-11,T1,1,Total,7,,,,,1
D7875,C009,2025-07-11,T2,1,Total,8,,,,,1
D7876,C009,2025-07-11,T3,1,Total,9,,,,,1
D7877,C009,2025-07-12,T1,1,Parcial,4,consulta_medica,planeada,2025-07-06 11:06,139.9,1
D7878,C009,2025-07-12,T2,1,Total,8,,,,,1
D7879,C009,2025-07-12,T3,1,Total,9,,,,,1
D7880,C009,2025-07-13,T1,1,Total,7,,,,,1
D7881,C009,2025-07-13,T2,1,Parcial,4,consulta_medica,planeada,2025-07-06 18:06,163.9,1
D7882,C009,2025-07-13,T3,1,Parcial,4,consulta_medica,planeada,2025-07-02 04:06,281.9,1
D7883,C009,2025-07-14,T1,1,Parcial,4,preferencia_pessoal,planeada,2025-07-10 12:42,90.3,1
D7884,C009,2025-07-14,T2,1,Total,8,,,,,1
D7885,C009,2025-07-14,T3,1,Total,9,,,,,1
D7886,C009,2025-07-15,T1,1,Total,7,,,,,1
D7887,C009,2025-07-15,T2,1,Total,8,,,,,1
D7888,C009,2025-07-15,T3,1,Total,9,,,,,1
D7889,C009,2025-07-16,T1,1,Total,7,,,,,1
D7890,C009,2025-07-16,T2,1,Total,8,,,,,1
D7891,C009,2025-07-16,T3,1,Total,9,,,,,1
D7892,C009,2025-07-17,T1,1,Total,7,,,,,1
D7893,C009,2025-07-17,T2,0,Indisponível,0,folga,planeada,2025-07-12 13:54,120.1,1
D7894,C009,2025-07-17,T3,1,Total,9,,,,,1
D7895,C009,2025-07-18,T1,1,Total,7,,,,,1
D7896,C009,2025-07-18,T2,1,Total,8,,,,,1
D7897,C009,2025-07-18,T3,1,Total,9,,,,,1
D7898,C009,2025-07-19,T1,1,Total,7,,,,,1
D7899,C009,2025-07-19,T2,1,Parcial,4,formação,planeada,2025-07-17 00:24,61.6,1
D7900,C009,2025-07-19,T3,1,Total,9,,,,,1
D7901,C009,2025-07-20,T1,1,Total,7,,,,,1
D7902,C009,2025-07-20,T2,1,Total,8,,,,,1
D7903,C009,2025-07-20,T3,1,Total,9,,,,,1
D7904,C009,2025-07-21,T1,1,Total,7,,,,,1
D7905,C009,2025-07-21,T2,0,Indisponível,0,férias,planeada,2025-06-26 04:54,609.1,1
D7906,C009,2025-07-21,T3,1,Total,9,,,,,1
D7907,C009,2025-07-22,T1,1,Total,7,,,,,1
D7908,C009,2025-07-22,T2,1,Total,8,,,,,1
D7909,C009,2025-07-22,T3,1,Total,9,,,,,1
D7910,C009,2025-07-23,T1,1,Total,7,,,,,1
D7911,C009,2025-07-23,T2,1,Parcial,4,preferencia_pessoal,planeada,2025-07-17 13:12,144.8,1
D7912,C009,2025-07-23,T3,0,Indisponível,0,consulta_medica,planeada,2025-07-13 22:18,239.7,1
D7913,C009,2025-07-24,T1,0,Indisponível,0,nao_autorizado_fds,planeada,2025-07-03 14:30,496.5,1
D7914,C009,2025-07-24,T2,0,Indisponível,0,folga,planeada,2025-07-22 08:36,53.4,1
D7915,C009,2025-07-24,T3,1,Total,9,,,,,1
D7916,C009,2025-07-25,T1,1,Total,7,,,,,1
D7917,C009,2025-07-25,T2,1,Total,8,,,,,1
D7918,C009,2025-07-25,T3,1,Total,9,,,,,1
D7919,C009,2025-07-26,T1,0,Indisponível,0,baixa,inesperada,2025-07-25 21:06,9.9,1
D7920,C009,2025-07-26,T2,1,Total,8,,,,,1
D7921,C009,2025-07-26,T3,1,Total,9,,,,,1
D7922,C009,2025-07-27,T1,1,Total,7,,,,,1
D7923,C009,2025-07-27,T2,1,Total,8,,,,,1
D7924,C009,2025-07-27,T3,1,Total,9,,,,,1
D7925,C009,2025-07-28,T1,1,Total,7,,,,,1
D7926,C009,2025-07-28,T2,1,Total,8,,,,,1
D7927,C009,2025-07-28,T3,1,Total,9,,,,,1
D7928,C009,2025-07-29,T1,1,Total,7,,,,,1
D7929,C009,2025-07-29,T2,1,Total,8,,,,,1
D7930,C009,2025-07-29,T3,1,Total,9,,,,,1
D7931,C009,2025-07-30,T1,1,Total,7,,,,,1
D7932,C009,2025-07-30,T2,1,Total,8,,,,,1
D7933,C009,2025-07-30,T3,1,Total,9,,,,,1
D7934,C009,2025-07-31,T1,1,Total,7,,,,,1
D7935,C009,2025-07-31,T2,1,Total,8,,,,,1
D7936,C009,2025-07-31,T3,1,Total,9,,,,,1
D7937,C009,2025-08-01,T1,1,Total,7,,,,,1
D7938,C009,2025-08-01,T2,1,Total,8,,,,,1
D7939,C009,2025-08-01,T3,1,Total,9,,,,,1
D7940,C009,2025-08-02,T1,1,Total,7,,,,,1
D7941,C009,2025-08-02,T2,1,Total,8,,,,,1
D7942,C009,2025-08-02,T3,1,Total,9,,,,,1
D7943,C009,2025-08-03,T1,1,Total,7,,,,,1
D7944,C009,2025-08-03,T2,0,Indisponível,0,férias,planeada,2025-07-08 03:06,634.9,1
D7945,C009,2025-08-03,T3,1,Total,9,,,,,1
D7946,C009,2025-08-04,T1,1,Total,7,,,,,1
D7947,C009,2025-08-04,T2,1,Parcial,4,formação,planeada,2025-08-01 06:36,79.4,1
D7948,C009,2025-08-04,T3,1,Total,9,,,,,1
D7949,C009,2025-08-05,T1,1,Total,7,,,,,1
D7950,C009,2025-08-05,T2,1,Total,8,,,,,1
D7951,C009,2025-08-05,T3,1,Total,9,,,,,1
D7952,C009,2025-08-06,T1,1,Total,7,,,,,1
D7953,C009,2025-08-06,T2,1,Total,8,,,,,1
D7954,C009,2025-08-06,T3,1,Total,9,,,,,1
D7955,C009,2025-08-07,T1,1,Total,7,,,,,1
D7956,C009,2025-08-07,T2,1,Total,8,,,,,1
D7957,C009,2025-08-07,T3,1,Total,9,,,,,1
D7958,C009,2025-08-08,T1,1,Total,7,,,,,1
D7959,C009,2025-08-08,T2,1,Total,8,,,,,1
D7960,C009,2025-08-08,T3,1,Total,9,,,,,1
D7961,C009,2025-08-09,T1,1,Total,7,,,,,1
D7962,C009,2025-08-09,T2,1,Total,8,,,,,1
D7963,C009,2025-08-09,T3,1,Total,9,,,,,1
D7964,C009,2025-08-10,T1,1,Total,7,,,,,1
D7965,C009,2025-08-10,T2,1,Total,8,,,,,1
D7966,C009,2025-08-10,T3,1,Total,9,,,,,1
D7967,C009,2025-08-11,T1,1,Total,7,,,,,1
D7968,C009,2025-08-11,T2,1,Total,8,,,,,1
D7969,C009,2025-08-11,T3,1,Total,9,,,,,1
D7970,C009,2025-08-12,T1,1,Total,7,,,,,1
D7971,C009,2025-08-12,T2,1,Parcial,4,preferencia_pessoal,planeada,2025-08-08 00:42,109.3,1
D7972,C009,2025-08-12,T3,1,Total,9,,,,,1
D7973,C009,2025-08-13,T1,1,Total,7,,,,,1
D7974,C009,2025-08-13,T2,1,Total,8,,,,,1
D7975,C009,2025-08-13,T3,1,Total,9,,,,,1
D7976,C009,2025-08-14,T1,1,Total,7,,,,,1
D7977,C009,2025-08-14,T2,1,Total,8,,,,,1
D7978,C009,2025-08-14,T3,1,Total,9,,,,,1
D7979,C009,2025-08-15,T1,1,Total,7,,,,,1
D7980,C009,2025-08-15,T2,0,Indisponível,0,folga,planeada,2025-07-29 08:18,413.7,1
D7981,C009,2025-08-15,T3,1,Total,9,,,,,1
D7982,C009,2025-08-16,T1,1,Total,7,,,,,1
D7983,C009,2025-08-16,T2,1,Total,8,,,,,1
D7984,C009,2025-08-16,T3,1,Total,9,,,,,1
D7985,C009,2025-08-17,T1,1,Total,7,,,,,1
D7986,C009,2025-08-17,T2,1,Total,8,,,,,1
D7987,C009,2025-08-17,T3,1,Total,9,,,,,1
D7988,C009,2025-08-18,T1,1,Total,7,,,,,1
D7989,C009,2025-08-18,T2,1,Total,8,,,,,1
D7990,C009,2025-08-18,T3,1,Total,9,,,,,1
D7991,C009,2025-08-19,T1,1,Total,7,,,,,1
D7992,C009,2025-08-19,T2,1,Total,8,,,,,1
D7993,C009,2025-08-19,T3,1,Total,9,,,,,1
D7994,C009,2025-08-20,T1,1,Total,7,,,,,1
D7995,C009,2025-08-20,T2,1,Total,8,,,,,1
D7996,C009,2025-08-20,T3,1,Total,9,,,,,1
D7997,C009,2025-08-21,T1,1,Total,7,,,,,1
D7998,C009,2025-08-21,T2,0,Indisponível,0,folga,planeada,2025-08-19 03:42,58.3,1
D7999,C009,2025-08-21,T3,0,Indisponível,0,nao_autorizado_fds,planeada,2025-07-26 18:24,627.6,1
D8000,C009,2025-08-22,T1,1,Total,7,,,,,1
D8001,C009,2025-08-22,T2,1,Parcial,4,consulta_medica,planeada,2025-08-19 08:12,77.8,1
D8002,C009,2025-08-22,T3,1,Total,9,,,,,1
D8003,C009,2025-08-23,T1,1,Total,7,,,,,1
D8004,C009,2025-08-23,T2,1,Parcial,4,formação,planeada,2025-08-15 05:00,201.0,1
D8005,C009,2025-08-23,T3,1,Total,9,,,,,1
D8006,C009,2025-08-24,T1,1,Total,7,,,,,1
D8007,C009,2025-08-24,T2,1,Total,8,,,,,1
D8008,C009,2025-08-24,T3,1,Parcial,4,consulta_medica,planeada,2025-08-12 06:06,303.9,1
D8009,C009,2025-08-25,T1,1,Total,7,,,,,1
D8010,C009,2025-08-25,T2,1,Parcial,4,preferencia_pessoal,planeada,2025-08-22 22:42,63.3,1
D8011,C009,2025-08-25,T3,1,Total,9,,,,,1
D8012,C009,2025-08-26,T1,1,Total,7,,,,,1
D8013,C009,2025-08-26,T2,1,Total,8,,,,,1
D8014,C009,2025-08-26,T3,1,Total,9,,,,,1
D8015,C009,2025-08-27,T1,1,Total,7,,,,,1
D8016,C009,2025-08-27,T2,1,Parcial,4,consulta_medica,planeada,2025-08-14 19:24,306.6,1
D8017,C009,2025-08-27,T3,1,Total,9,,,,,1
D8018,C009,2025-08-28,T1,1,Total,7,,,,,1
D8019,C009,2025-08-28,T2,1,Total,8,,,,,1
D8020,C009,2025-08-28,T3,1,Total,9,,,,,1
D8021,C009,2025-08-29,T1,1,Total,7,,,,,1
D8022,C009,2025-08-29,T2,0,Indisponível,0,formação,planeada,2025-08-04 22:54,591.1,1
D8023,C009,2025-08-29,T3,1,Total,9,,,,,1
D8024,C009,2025-08-30,T1,1,Total,7,,,,,1
D8025,C009,2025-08-30,T2,1,Total,8,,,,,1
D8026,C009,2025-08-30,T3,1,Total,9,,,,,1
D8027,C009,2025-08-31,T1,1,Total,7,,,,,1
D8028,C009,2025-08-31,T2,1,Total,8,,,,,1
D8029,C009,2025-08-31,T3,1,Total,9,,,,,1
D8030,C009,2025-09-01,T1,1,Total,7,,,,,1
D8031,C009,2025-09-01,T2,1,Total,8,,,,,1
D8032,C009,2025-09-01,T3,1,Total,9,,,,,1
D8033,C009,2025-09-02,T1,1,Parcial,4,preferencia_pessoal,planeada,2025-08-24 08:48,214.2,1
D8034,C009,2025-09-02,T2,1,Total,8,,,,,1
D8035,C009,2025-09-02,T3,1,Total,9,,,,,1
D8036,C009,2025-09-03,T1,1,Total,7,,,,,1
D8037,C009,2025-09-03,T2,1,Total,8,,,,,1
D8038,C009,2025-09-03,T3,1,Total,9,,,,,1
D8039,C009,2025-09-04,T1,1,Total,7,,,,,1
D8040,C009,2025-09-04,T2,1,Total,8,,,,,1
D8041,C009,2025-09-04,T3,1,Total,9,,,,,1
D8042,C009,2025-09-05,T1,1,Total,7,,,,,1
D8043,C009,2025-09-05,T2,1,Parcial,4,preferencia_pessoal,planeada,2025-09-04 20:48,17.2,1
D8044,C009,2025-09-05,T3,1,Total,9,,,,,1
D8045,C009,2025-09-06,T1,1,Total,7,,,,,1
D8046,C009,2025-09-06,T2,1,Total,8,,,,,1
D8047,C009,2025-09-06,T3,1,Total,9,,,,,1
D8048,C009,2025-09-07,T1,1,Total,7,,,,,1
D8049,C009,2025-09-07,T2,1,Total,8,,,,,1
D8050,C009,2025-09-07,T3,1,Total,9,,,,,1
D8051,C009,2025-09-08,T1,1,Total,7,,,,,1
D8052,C009,2025-09-08,T2,1,Total,8,,,,,1
D8053,C009,2025-09-08,T3,1,Parcial,4,formação,planeada,2025-08-29 23:00,239.0,1
D8054,C009,2025-09-09,T1,1,Total,7,,,,,1
D8055,C009,2025-09-09,T2,1,Total,8,,,,,1
D8056,C009,2025-09-09,T3,0,Indisponível,0,consulta_medica,planeada,2025-08-26 21:42,336.3,1
D8057,C009,2025-09-10,T1,1,Parcial,4,preferencia_pessoal,planeada,2025-09-08 00:42,54.3,1
D8058,C009,2025-09-10,T2,0,Indisponível,0,baixa,planeada,2025-09-04 04:42,153.3,1
D8059,C009,2025-09-10,T3,1,Total,9,,,,,1
D8060,C009,2025-09-11,T1,1,Total,7,,,,,1
D8061,C009,2025-09-11,T2,1,Total,8,,,,,1
D8062,C009,2025-09-11,T3,1,Total,9,,,,,1
D8063,C009,2025-09-12,T1,1,Total,7,,,,,1
D8064,C009,2025-09-12,T2,1,Total,8,,,,,1
D8065,C009,2025-09-12,T3,1,Total,9,,,,,1
D8066,C009,2025-09-13,T1,1,Total,7,,,,,1
D8067,C009,2025-09-13,T2,1,Total,8,,,,,1
D8068,C009,2025-09-13,T3,1,Total,9,,,,,1
D8069,C009,2025-09-14,T1,1,Total,7,,,,,1
D8070,C009,2025-09-14,T2,1,Total,8,,,,,1
D8071,C009,2025-09-14,T3,1,Total,9,,,,,1
D8072,C009,2025-09-15,T1,1,Total,7,,,,,1
D8073,C009,2025-09-15,T2,1,Total,8,,,,,1
D8074,C009,2025-09-15,T3,1,Parcial,4,consulta_medica,planeada,2025-09-03 00:18,309.7,1
D8075,C009,2025-09-16,T1,1,Total,7,,,,,1
D8076,C009,2025-09-16,T2,1,Total,8,,,,,1
D8077,C009,2025-09-16,T3,1,Total,9,,,,,1
D8078,C009,2025-09-17,T1,1,Total,7,,,,,1
D8079,C009,2025-09-17,T2,0,Indisponível,0,folga,planeada,2025-08-25 14:30,551.5,1
D8080,C009,2025-09-17,T3,1,Total,9,,,,,1
D8081,C009,2025-09-18,T1,1,Total,7,,,,,1
D8082,C009,2025-09-18,T2,1,Parcial,4,consulta_medica,planeada,2025-09-07 13:36,264.4,1
D8083,C009,2025-09-18,T3,0,Indisponível,0,folga,planeada,2025-08-25 14:42,583.3,1
D8084,C009,2025-09-19,T1,1,Total,7,,,,,1
D8085,C009,2025-09-19,T2,1,Total,8,,,,,1
D8086,C009,2025-09-19,T3,1,Total,9,,,,,1
D8087,C009,2025-09-20,T1,1,Total,7,,,,,1
D8088,C009,2025-09-20,T2,1,Total,8,,,,,1
D8089,C009,2025-09-20,T3,1,Total,9,,,,,1
D8090,C009,2025-09-21,T1,1,Total,7,,,,,1
D8091,C009,2025-09-21,T2,1,Total,8,,,,,1
D8092,C009,2025-09-21,T3,1,Parcial,4,consulta_medica,planeada,2025-09-20 15:48,30.2,1
D8093,C009,2025-09-22,T1,1,Total,7,,,,,1
D8094,C009,2025-09-22,T2,1,Total,8,,,,,1
D8095,C009,2025-09-22,T3,1,Parcial,4,consulta_medica,planeada,2025-09-12 17:18,244.7,1
D8096,C009,2025-09-23,T1,0,Indisponível,0,baixa,inesperada,2025-09-23 05:54,1.1,1
D8097,C009,2025-09-23,T2,1,Total,8,,,,,1
D8098,C009,2025-09-23,T3,1,Total,9,,,,,1
D8099,C009,2025-09-24,T1,1,Total,7,,,,,1
D8100,C009,2025-09-24,T2,1,Total,8,,,,,1
D8101,C009,2025-09-24,T3,1,Total,9,,,,,1
D8102,C009,2025-09-25,T1,1,Total,7,,,,,1
D8103,C009,2025-09-25,T2,1,Total,8,,,,,1
D8104,C009,2025-09-25,T3,1,Total,9,,,,,1
D8105,C009,2025-09-26,T1,1,Total,7,,,,,1
D8106,C009,2025-09-26,T2,1,Total,8,,,,,1
D8107,C009,2025-09-26,T3,1,Parcial,4,consulta_medica,planeada,2025-09-19 13:30,176.5,1
D8108,C009,2025-09-27,T1,1,Total,7,,,,,1
D8109,C009,2025-09-27,T2,1,Total,8,,,,,1
D8110,C009,2025-09-27,T3,1,Total,9,,,,,1
D8111,C009,2025-09-28,T1,1,Total,7,,,,,1
D8112,C009,2025-09-28,T2,1,Total,8,,,,,1
D8113,C009,2025-09-28,T3,1,Total,9,,,,,1
D8114,C009,2025-09-29,T1,1,Total,7,,,,,1
D8115,C009,2025-09-29,T2,1,Parcial,4,consulta_medica,planeada,2025-09-17 15:00,287.0,1
D8116,C009,2025-09-29,T3,1,Total,9,,,,,1
D8117,C009,2025-09-30,T1,1,Total,7,,,,,1
D8118,C009,2025-09-30,T2,1,Total,8,,,,,1
D8119,C009,2025-09-30,T3,1,Total,9,,,,,1
D8120,C009,2025-10-01,T1,1,Total,7,,,,,1
D8121,C009,2025-10-01,T2,1,Total,8,,,,,1
D8122,C009,2025-10-01,T3,1,Total,9,,,,,1
D8123,C009,2025-10-02,T1,1,Total,7,,,,,1
D8124,C009,2025-10-02,T2,1,Total,8,,,,,1
D8125,C009,2025-10-02,T3,1,Total,9,,,,,1
D8126,C009,2025-10-03,T1,1,Total,7,,,,,1
D8127,C009,2025-10-03,T2,1,Total,8,,,,,1
D8128,C009,2025-10-03,T3,1,Total,9,,,,,1
D8129,C009,2025-10-04,T1,1,Total,7,,,,,1
D8130,C009,2025-10-04,T2,1,Parcial,4,preferencia_pessoal,planeada,2025-09-27 10:00,172.0,1
D8131,C009,2025-10-04,T3,1,Parcial,4,preferencia_pessoal,planeada,2025-10-03 08:06,37.9,1
D8132,C009,2025-10-05,T1,1,Total,7,,,,,1
D8133,C009,2025-10-05,T2,1,Total,8,,,,,1
D8134,C009,2025-10-05,T3,1,Total,9,,,,,1
D8135,C009,2025-10-06,T1,1,Total,7,,,,,1
D8136,C009,2025-10-06,T2,1,Total,8,,,,,1
D8137,C009,2025-10-06,T3,1,Total,9,,,,,1
D8138,C009,2025-10-07,T1,1,Total,7,,,,,1
D8139,C009,2025-10-07,T2,1,Total,8,,,,,1
D8140,C009,2025-10-07,T3,1,Total,9,,,,,1
D8141,C009,2025-10-08,T1,1,Total,7,,,,,1
D8142,C009,2025-10-08,T2,1,Total,8,,,,,1
D8143,C009,2025-10-08,T3,1,Total,9,,,,,1
D8144,C009,2025-10-09,T1,1,Total,7,,,,,1
D8145,C009,2025-10-09,T2,1,Total,8,,,,,1
D8146,C009,2025-10-09,T3,1,Total,9,,,,,1
D8147,C009,2025-10-10,T1,1,Total,7,,,,,1
D8148,C009,2025-10-10,T2,1,Total,8,,,,,1
D8149,C009,2025-10-10,T3,1,Total,9,,,,,1
D8150,C009,2025-10-11,T1,1,Total,7,,,,,1
D8151,C009,2025-10-11,T2,1,Total,8,,,,,1
D8152,C009,2025-10-11,T3,1,Total,9,,,,,1
D8153,C009,2025-10-12,T1,1,Total,7,,,,,1
D8154,C009,2025-10-12,T2,1,Total,8,,,,,1
D8155,C009,2025-10-12,T3,1,Total,9,,,,,1
D8156,C009,2025-10-13,T1,1,Total,7,,,,,1
D8157,C009,2025-10-13,T2,1,Total,8,,,,,1
D8158,C009,2025-10-13,T3,1,Total,9,,,,,1
D8159,C009,2025-10-14,T1,1,Total,7,,,,,1
D8160,C009,2025-10-14,T2,1,Total,8,,,,,1
D8161,C009,2025-10-14,T3,1,Total,9,,,,,1
D8162,C009,2025-10-15,T1,1,Total,7,,,,,1
D8163,C009,2025-10-15,T2,1,Total,8,,,,,1
D8164,C009,2025-10-15,T3,1,Total,9,,,,,1
D8165,C009,2025-10-16,T1,1,Total,7,,,,,1
D8166,C009,2025-10-16,T2,1,Total,8,,,,,1
D8167,C009,2025-10-16,T3,1,Total,9,,,,,1
D8168,C009,2025-10-17,T1,1,Total,7,,,,,1
D8169,C009,2025-10-17,T2,1,Total,8,,,,,1
D8170,C009,2025-10-17,T3,1,Total,9,,,,,1
D8171,C009,2025-10-18,T1,1,Total,7,,,,,1
D8172,C009,2025-10-18,T2,1,Total,8,,,,,1
D8173,C009,2025-10-18,T3,1,Total,9,,,,,1
D8174,C009,2025-10-19,T1,1,Total,7,,,,,1
D8175,C009,2025-10-19,T2,1,Total,8,,,,,1
D8176,C009,2025-10-19,T3,1,Total,9,,,,,1
D8177,C009,2025-10-20,T1,1,Total,7,,,,,1
D8178,C009,2025-10-20,T2,0,Indisponível,0,baixa,inesperada,2025-10-20 11:12,2.8,1
D8179,C009,2025-10-20,T3,1,Total,9,,,,,1
D8180,C009,2025-10-21,T1,1,Total,7,,,,,1
D8181,C009,2025-10-21,T2,1,Total,8,,,,,1
D8182,C009,2025-10-21,T3,1,Total,9,,,,,1
D8183,C009,2025-10-22,T1,1,Total,7,,,,,1
D8184,C009,2025-10-22,T2,1,Total,8,,,,,1
D8185,C009,2025-10-22,T3,1,Total,9,,,,,1
D8186,C009,2025-10-23,T1,1,Total,7,,,,,1
D8187,C009,2025-10-23,T2,1,Total,8,,,,,1
D8188,C009,2025-10-23,T3,1,Total,9,,,,,1
D8189,C009,2025-10-24,T1,1,Total,7,,,,,1
D8190,C009,2025-10-24,T2,1,Total,8,,,,,1
D8191,C009,2025-10-24,T3,1,Parcial,4,preferencia_pessoal,planeada,2025-10-14 21:12,240.8,1
D8192,C009,2025-10-25,T1,1,Total,7,,,,,1
D8193,C009,2025-10-25,T2,1,Total,8,,,,,1
D8194,C009,2025-10-25,T3,1,Total,9,,,,,1
D8195,C009,2025-10-26,T1,1,Total,7,,,,,1
D8196,C009,2025-10-26,T2,1,Total,8,,,,,1
D8197,C009,2025-10-26,T3,0,Indisponível,0,férias,planeada,2025-10-21 17:42,124.3,1
D8198,C009,2025-10-27,T1,1,Total,7,,,,,1
D8199,C009,2025-10-27,T2,1,Total,8,,,,,1
D8200,C009,2025-10-27,T3,1,Total,9,,,,,1
D8201,C009,2025-10-28,T1,1,Parcial,4,formação,planeada,2025-10-20 15:24,183.6,1
D8202,C009,2025-10-28,T2,1,Total,8,,,,,1
D8203,C009,2025-10-28,T3,1,Total,9,,,,,1
D8204,C009,2025-10-29,T1,1,Total,7,,,,,1
D8205,C009,2025-10-29,T2,1,Total,8,,,,,1
D8206,C009,2025-10-29,T3,1,Total,9,,,,,1
D8207,C009,2025-10-30,T1,1,Parcial,4,consulta_medica,planeada,2025-10-24 19:06,131.9,1
D8208,C009,2025-10-30,T2,1,Total,8,,,,,1
D8209,C009,2025-10-30,T3,1,Total,9,,,,,1
D8210,C009,2025-10-31,T1,1,Total,7,,,,,1
D8211,C009,2025-10-31,T2,1,Total,8,,,,,1
D8212,C009,2025-10-31,T3,1,Total,9,,,,,1
D8213,C009,2025-11-01,T1,1,Total,7,,,,,1
D8214,C009,2025-11-01,T2,1,Total,8,,,,,1
D8215,C009,2025-11-01,T3,1,Total,9,,,,,1
D8216,C009,2025-11-02,T1,1,Total,7,,,,,1
D8217,C009,2025-11-02,T2,1,Total,8,,,,,1
D8218,C009,2025-11-02,T3,1,Total,9,,,,,1
D8219,C009,2025-11-03,T1,1,Total,7,,,,,1
D8220,C009,2025-11-03,T2,1,Parcial,4,preferencia_pessoal,planeada,2025-10-23 12:48,265.2,1
D8221,C009,2025-11-03,T3,1,Total,9,,,,,1
D8222,C009,2025-11-04,T1,1,Total,7,,,,,1
D8223,C009,2025-11-04,T2,1,Total,8,,,,,1
D8224,C009,2025-11-04,T3,1,Total,9,,,,,1
D8225,C009,2025-11-05,T1,1,Total,7,,,,,1
D8226,C009,2025-11-05,T2,1,Total,8,,,,,1
D8227,C009,2025-11-05,T3,1,Total,9,,,,,1
D8228,C009,2025-11-06,T1,0,Indisponível,0,baixa,inesperada,2025-11-05 21:54,9.1,1
D8229,C009,2025-11-06,T2,1,Parcial,4,preferencia_pessoal,planeada,2025-10-30 20:06,161.9,1
D8230,C009,2025-11-06,T3,1,Total,9,,,,,1
D8231,C009,2025-11-07,T1,1,Total,7,,,,,1
D8232,C009,2025-11-07,T2,1,Total,8,,,,,1
D8233,C009,2025-11-07,T3,1,Total,9,,,,,1
D8234,C009,2025-11-08,T1,1,Total,7,,,,,1
D8235,C009,2025-11-08,T2,1,Total,8,,,,,1
D8236,C009,2025-11-08,T3,1,Total,9,,,,,1
D8237,C009,2025-11-09,T1,1,Parcial,4,consulta_medica,planeada,2025-11-05 18:36,84.4,1
D8238,C009,2025-11-09,T2,1,Total,8,,,,,1
D8239,C009,2025-11-09,T3,1,Total,9,,,,,1
D8240,C009,2025-11-10,T1,1,Total,7,,,,,1
D8241,C009,2025-11-10,T2,1,Total,8,,,,,1
D8242,C009,2025-11-10,T3,1,Total,9,,,,,1
D8243,C009,2025-11-11,T1,1,Total,7,,,,,1
D8244,C009,2025-11-11,T2,1,Total,8,,,,,1
D8245,C009,2025-11-11,T3,1,Total,9,,,,,1
D8246,C009,2025-11-12,T1,1,Total,7,,,,,1
D8247,C009,2025-11-12,T2,1,Total,8,,,,,1
D8248,C009,2025-11-12,T3,1,Total,9,,,,,1
D8249,C009,2025-11-13,T1,1,Total,7,,,,,1
D8250,C009,2025-11-13,T2,1,Total,8,,,,,1
D8251,C009,2025-11-13,T3,1,Parcial,4,consulta_medica,planeada,2025-11-03 11:42,250.3,1
D8252,C009,2025-11-14,T1,1,Total,7,,,,,1
D8253,C009,2025-11-14,T2,1,Total,8,,,,,1
D8254,C009,2025-11-14,T3,1,Total,9,,,,,1
D8255,C009,2025-11-15,T1,1,Total,7,,,,,1
D8256,C009,2025-11-15,T2,1,Total,8,,,,,1
D8257,C009,2025-11-15,T3,1,Total,9,,,,,1
D8258,C009,2025-11-16,T1,1,Total,7,,,,,1
D8259,C009,2025-11-16,T2,1,Total,8,,,,,1
D8260,C009,2025-11-16,T3,1,Total,9,,,,,1
D8261,C009,2025-11-17,T1,0,Indisponível,0,formação,planeada,2025-11-04 08:36,310.4,1
D8262,C009,2025-11-17,T2,1,Total,8,,,,,1
D8263,C009,2025-11-17,T3,1,Total,9,,,,,1
D8264,C009,2025-11-18,T1,1,Total,7,,,,,1
D8265,C009,2025-11-18,T2,1,Total,8,,,,,1
D8266,C009,2025-11-18,T3,1,Total,9,,,,,1
D8267,C009,2025-11-19,T1,1,Total,7,,,,,1
D8268,C009,2025-11-19,T2,1,Total,8,,,,,1
D8269,C009,2025-11-19,T3,1,Total,9,,,,,1
D8270,C009,2025-11-20,T1,1,Total,7,,,,,1
D8271,C009,2025-11-20,T2,1,Total,8,,,,,1
D8272,C009,2025-11-20,T3,1,Total,9,,,,,1
D8273,C009,2025-11-21,T1,1,Total,7,,,,,1
D8274,C009,2025-11-21,T2,1,Total,8,,,,,1
D8275,C009,2025-11-21,T3,1,Total,9,,,,,1
D8276,C009,2025-11-22,T1,1,Total,7,,,,,1
D8277,C009,2025-11-22,T2,0,Indisponível,0,folga,planeada,2025-11-12 10:48,243.2,1
D8278,C009,2025-11-22,T3,1,Total,9,,,,,1
D8279,C009,2025-11-23,T1,1,Total,7,,,,,1
D8280,C009,2025-11-23,T2,1,Total,8,,,,,1
D8281,C009,2025-11-23,T3,1,Total,9,,,,,1
D8282,C009,2025-11-24,T1,0,Indisponível,0,férias,planeada,2025-11-14 05:42,241.3,1
D8283,C009,2025-11-24,T2,1,Total,8,,,,,1
D8284,C009,2025-11-24,T3,1,Total,9,,,,,1
D8285,C009,2025-11-25,T1,1,Total,7,,,,,1
D8286,C009,2025-11-25,T2,1,Total,8,,,,,1
D8287,C009,2025-11-25,T3,1,Total,9,,,,,1
D8288,C009,2025-11-26,T1,1,Total,7,,,,,1
D8289,C009,2025-11-26,T2,0,Indisponível,0,baixa,planeada,2025-11-05 00:42,517.3,1
D8290,C009,2025-11-26,T3,1,Total,9,,,,,1
D8291,C009,2025-11-27,T1,1,Total,7,,,,,1
D8292,C009,2025-11-27,T2,1,Total,8,,,,,1
D8293,C009,2025-11-27,T3,1,Parcial,4,consulta_medica,planeada,2025-11-14 17:24,316.6,1
D8294,C009,2025-11-28,T1,1,Parcial,4,formação,planeada,2025-11-14 16:00,327.0,1
D8295,C009,2025-11-28,T2,1,Parcial,4,formação,planeada,2025-11-17 22:42,255.3,1
D8296,C009,2025-11-28,T3,1,Total,9,,,,,1
D8297,C009,2025-11-29,T1,1,Parcial,4,formação,planeada,2025-11-20 03:06,219.9,1
D8298,C009,2025-11-29,T2,1,Total,8,,,,,1
D8299,C009,2025-11-29,T3,1,Total,9,,,,,1
D8300,C009,2025-11-30,T1,1,Parcial,4,consulta_medica,planeada,2025-11-23 17:42,157.3,1
D8301,C009,2025-11-30,T2,1,Total,8,,,,,1
D8302,C009,2025-11-30,T3,1,Total,9,,,,,1
D8303,C009,2025-12-01,T1,1,Total,7,,,,,1
D8304,C009,2025-12-01,T2,1,Parcial,4,preferencia_pessoal,planeada,2025-11-30 09:00,29.0,1
D8305,C009,2025-12-01,T3,1,Total,9,,,,,1
D8306,C009,2025-12-02,T1,0,Indisponível,0,folga,planeada,2025-11-24 22:18,176.7,1
D8307,C009,2025-12-02,T2,1,Total,8,,,,,1
D8308,C009,2025-12-02,T3,1,Total,9,,,,,1
D8309,C009,2025-12-03,T1,1,Total,7,,,,,1
D8310,C009,2025-12-03,T2,1,Total,8,,,,,1
D8311,C009,2025-12-03,T3,1,Total,9,,,,,1
D8312,C009,2025-12-04,T1,1,Total,7,,,,,1
D8313,C009,2025-12-04,T2,0,Indisponível,0,consulta_medica,planeada,2025-11-14 07:54,486.1,1
D8314,C009,2025-12-04,T3,1,Total,9,,,,,1
D8315,C009,2025-12-05,T1,1,Total,7,,,,,1
D8316,C009,2025-12-05,T2,0,Indisponível,0,baixa,inesperada,2025-12-05 06:54,7.1,1
D8317,C009,2025-12-05,T3,1,Total,9,,,,,1
D8318,C009,2025-12-06,T1,1,Total,7,,,,,1
D8319,C009,2025-12-06,T2,1,Total,8,,,,,1
D8320,C009,2025-12-06,T3,1,Total,9,,,,,1
D8321,C009,2025-12-07,T1,1,Total,7,,,,,1
D8322,C009,2025-12-07,T2,1,Total,8,,,,,1
D8323,C009,2025-12-07,T3,1,Total,9,,,,,1
D8324,C009,2025-12-08,T1,1,Total,7,,,,,1
D8325,C009,2025-12-08,T2,1,Total,8,,,,,1
D8326,C009,2025-12-08,T3,1,Total,9,,,,,1
D8327,C009,2025-12-09,T1,1,Total,7,,,,,1
D8328,C009,2025-12-09,T2,1,Total,8,,,,,1
D8329,C009,2025-12-09,T3,1,Total,9,,,,,1
D8330,C009,2025-12-10,T1,1,Total,7,,,,,1
D8331,C009,2025-12-10,T2,1,Total,8,,,,,1
D8332,C009,2025-12-10,T3,1,Total,9,,,,,1
D8333,C009,2025-12-11,T1,1,Total,7,,,,,1
D8334,C009,2025-12-11,T2,1,Total,8,,,,,1
D8335,C009,2025-12-11,T3,1,Parcial,4,formação,planeada,2025-12-05 07:42,158.3,1
D8336,C009,2025-12-12,T1,1,Total,7,,,,,1
D8337,C009,2025-12-12,T2,1,Total,8,,,,,1
D8338,C009,2025-12-12,T3,1,Total,9,,,,,1
D8339,C009,2025-12-13,T1,1,Total,7,,,,,1
D8340,C009,2025-12-13,T2,1,Total,8,,,,,1
D8341,C009,2025-12-13,T3,0,Indisponível,0,restrição_noite,planeada,2025-11-21 12:06,537.9,1
D8342,C009,2025-12-14,T1,1,Total,7,,,,,1
D8343,C009,2025-12-14,T2,1,Total,8,,,,,1
D8344,C009,2025-12-14,T3,1,Total,9,,,,,1
D8345,C009,2025-12-15,T1,1,Total,7,,,,,1
D8346,C009,2025-12-15,T2,1,Total,8,,,,,1
D8347,C009,2025-12-15,T3,1,Total,9,,,,,1
D8348,C009,2025-12-16,T1,1,Total,7,,,,,1
D8349,C009,2025-12-16,T2,1,Total,8,,,,,1
D8350,C009,2025-12-16,T3,1,Total,9,,,,,1
D8351,C009,2025-12-17,T1,1,Parcial,4,formação,planeada,2025-12-09 03:18,195.7,1
D8352,C009,2025-12-17,T2,1,Total,8,,,,,1
D8353,C009,2025-12-17,T3,0,Indisponível,0,folga,planeada,2025-11-22 22:42,599.3,1
D8354,C009,2025-12-18,T1,1,Total,7,,,,,1
D8355,C009,2025-12-18,T2,1,Total,8,,,,,1
D8356,C009,2025-12-18,T3,1,Total,9,,,,,1
D8357,C009,2025-12-19,T1,1,Total,7,,,,,1
D8358,C009,2025-12-19,T2,1,Total,8,,,,,1
D8359,C009,2025-12-19,T3,1,Total,9,,,,,1
D8360,C009,2025-12-20,T1,1,Total,7,,,,,1
D8361,C009,2025-12-20,T2,1,Total,8,,,,,1
D8362,C009,2025-12-20,T3,1,Total,9,,,,,1
D8363,C009,2025-12-21,T1,1,Total,7,,,,,1
D8364,C009,2025-12-21,T2,1,Total,8,,,,,1
D8365,C009,2025-12-21,T3,1,Total,9,,,,,1
D8366,C009,2025-12-22,T1,1,Total,7,,,,,1
D8367,C009,2025-12-22,T2,1,Total,8,,,,,1
D8368,C009,2025-12-22,T3,1,Total,9,,,,,1
D8369,C009,2025-12-23,T1,1,Total,7,,,,,1
D8370,C009,2025-12-23,T2,1,Total,8,,,,,1
D8371,C009,2025-12-23,T3,1,Total,9,,,,,1
D8372,C009,2025-12-24,T1,1,Total,7,,,,,1
D8373,C009,2025-12-24,T2,1,Total,8,,,,,1
D8374,C009,2025-12-24,T3,1,Total,9,,,,,1
D8375,C009,2025-12-25,T1,1,Total,7,,,,,1
D8376,C009,2025-12-25,T2,1,Total,8,,,,,1
D8377,C009,2025-12-25,T3,1,Total,9,,,,,1
D8378,C009,2025-12-26,T1,1,Total,7,,,,,1
D8379,C009,2025-12-26,T2,1,Parcial,4,formação,planeada,2025-12-17 08:48,221.2,1
D8380,C009,2025-12-26,T3,1,Total,9,,,,,1
D8381,C009,2025-12-27,T1,1,Total,7,,,,,1
D8382,C009,2025-12-27,T2,1,Total,8,,,,,1
D8383,C009,2025-12-27,T3,1,Total,9,,,,,1
D8384,C009,2025-12-28,T1,1,Total,7,,,,,1
D8385,C009,2025-12-28,T2,0,Indisponível,0,folga,planeada,2025-12-23 21:36,112.4,1
D8386,C009,2025-12-28,T3,1,Total,9,,,,,1
D8387,C009,2025-12-29,T1,1,Total,7,,,,,1
D8388,C009,2025-12-29,T2,1,Total,8,,,,,1
D8389,C009,2025-12-29,T3,1,Total,9,,,,,1
D8390,C009,2025-12-30,T1,1,Parcial,4,formação,planeada,2025-12-17 21:48,297.2,1
D8391,C009,2025-12-30,T2,1,Total,8,,,,,1
D8392,C009,2025-12-30,T3,1,Parcial,4,preferencia_pessoal,planeada,2025-12-24 06:30,159.5,1
D8393,C009,2025-12-31,T1,1,Total,7,,,,,1
D8394,C009,2025-12-31,T2,1,Total,8,,,,,1
D8395,C009,2025-12-31,T3,0,Indisponível,0,baixa,inesperada,2025-12-31 13:36,8.4,1
D8396,C010,2025-01-01,T1,1,Total,7,,,,,1
D8397,C010,2025-01-01,T2,1,Total,8,,,,,1
D8398,C010,2025-01-01,T3,0,Indisponível,0,férias,planeada,2024-12-18 16:18,341.7,1
D8399,C010,2025-01-02,T1,1,Total,7,,,,,1
D8400,C010,2025-01-02,T2,0,Indisponível,0,nao_autorizado_fds,planeada,2024-12-13 17:06,476.9,1
D8401,C010,2025-01-02,T3,1,Total,9,,,,,1
D8402,C010,2025-01-03,T1,1,Total,7,,,,,1
D8403,C010,2025-01-03,T2,1,Total,8,,,,,1
D8404,C010,2025-01-03,T3,1,Total,9,,,,,1
D8405,C010,2025-01-04,T1,1,Total,7,,,,,1
D8406,C010,2025-01-04,T2,1,Total,8,,,,,1
D8407,C010,2025-01-04,T3,1,Total,9,,,,,1
D8408,C010,2025-01-05,T1,1,Total,7,,,,,1
D8409,C010,2025-01-05,T2,1,Total,8,,,,,1
D8410,C010,2025-01-05,T3,1,Total,9,,,,,1
D8411,C010,2025-01-06,T1,1,Total,7,,,,,1
D8412,C010,2025-01-06,T2,1,Total,8,,,,,1
D8413,C010,2025-01-06,T3,0,Indisponível,0,baixa,planeada,2024-12-20 22:18,407.7,1
D8414,C010,2025-01-07,T1,1,Total,7,,,,,1
D8415,C010,2025-01-07,T2,1,Total,8,,,,,1
D8416,C010,2025-01-07,T3,1,Total,9,,,,,1
D8417,C010,2025-01-08,T1,1,Total,7,,,,,1
D8418,C010,2025-01-08,T2,1,Total,8,,,,,1
D8419,C010,2025-01-08,T3,1,Parcial,4,formação,planeada,2025-01-02 06:12,159.8,1
D8420,C010,2025-01-09,T1,1,Total,7,,,,,1
D8421,C010,2025-01-09,T2,1,Total,8,,,,,1
D8422,C010,2025-01-09,T3,1,Total,9,,,,,1
D8423,C010,2025-01-10,T1,1,Total,7,,,,,1
D8424,C010,2025-01-10,T2,1,Total,8,,,,,1
D8425,C010,2025-01-10,T3,1,Total,9,,,,,1
D8426,C010,2025-01-11,T1,1,Total,7,,,,,1
D8427,C010,2025-01-11,T2,1,Total,8,,,,,1
D8428,C010,2025-01-11,T3,1,Total,9,,,,,1
D8429,C010,2025-01-12,T1,1,Total,7,,,,,1
D8430,C010,2025-01-12,T2,1,Total,8,,,,,1
D8431,C010,2025-01-12,T3,1,Total,9,,,,,1
D8432,C010,2025-01-13,T1,1,Total,7,,,,,1
D8433,C010,2025-01-13,T2,1,Total,8,,,,,1
D8434,C010,2025-01-13,T3,1,Total,9,,,,,1
D8435,C010,2025-01-14,T1,1,Total,7,,,,,1
D8436,C010,2025-01-14,T2,1,Total,8,,,,,1
D8437,C010,2025-01-14,T3,1,Total,9,,,,,1
D8438,C010,2025-01-15,T1,1,Parcial,4,formação,planeada,2025-01-02 20:18,298.7,1
D8439,C010,2025-01-15,T2,1,Total,8,,,,,1
D8440,C010,2025-01-15,T3,1,Total,9,,,,,1
D8441,C010,2025-01-16,T1,1,Total,7,,,,,1
D8442,C010,2025-01-16,T2,1,Total,8,,,,,1
D8443,C010,2025-01-16,T3,1,Total,9,,,,,1
D8444,C010,2025-01-17,T1,1,Total,7,,,,,1
D8445,C010,2025-01-17,T2,1,Total,8,,,,,1
D8446,C010,2025-01-17,T3,1,Total,9,,,,,1
D8447,C010,2025-01-18,T1,1,Total,7,,,,,1
D8448,C010,2025-01-18,T2,1,Total,8,,,,,1
D8449,C010,2025-01-18,T3,1,Total,9,,,,,1
D8450,C010,2025-01-19,T1,1,Total,7,,,,,1
D8451,C010,2025-01-19,T2,1,Total,8,,,,,1
D8452,C010,2025-01-19,T3,1,Total,9,,,,,1
D8453,C010,2025-01-20,T1,1,Total,7,,,,,1
D8454,C010,2025-01-20,T2,1,Total,8,,,,,1
D8455,C010,2025-01-20,T3,1,Total,9,,,,,1
D8456,C010,2025-01-21,T1,1,Total,7,,,,,1
D8457,C010,2025-01-21,T2,1,Total,8,,,,,1
D8458,C010,2025-01-21,T3,1,Total,9,,,,,1
D8459,C010,2025-01-22,T1,1,Total,7,,,,,1
D8460,C010,2025-01-22,T2,1,Total,8,,,,,1
D8461,C010,2025-01-22,T3,1,Total,9,,,,,1
D8462,C010,2025-01-23,T1,1,Total,7,,,,,1
D8463,C010,2025-01-23,T2,1,Total,8,,,,,1
D8464,C010,2025-01-23,T3,1,Total,9,,,,,1
D8465,C010,2025-01-24,T1,1,Total,7,,,,,1
D8466,C010,2025-01-24,T2,1,Total,8,,,,,1
D8467,C010,2025-01-24,T3,1,Total,9,,,,,1
D8468,C010,2025-01-25,T1,1,Total,7,,,,,1
D8469,C010,2025-01-25,T2,1,Total,8,,,,,1
D8470,C010,2025-01-25,T3,1,Total,9,,,,,1
D8471,C010,2025-01-26,T1,1,Total,7,,,,,1
D8472,C010,2025-01-26,T2,1,Total,8,,,,,1
D8473,C010,2025-01-26,T3,1,Total,9,,,,,1
D8474,C010,2025-01-27,T1,1,Total,7,,,,,1
D8475,C010,2025-01-27,T2,1,Total,8,,,,,1
D8476,C010,2025-01-27,T3,1,Total,9,,,,,1
D8477,C010,2025-01-28,T1,1,Total,7,,,,,1
D8478,C010,2025-01-28,T2,1,Total,8,,,,,1
D8479,C010,2025-01-28,T3,1,Total,9,,,,,1
D8480,C010,2025-01-29,T1,1,Total,7,,,,,1
D8481,C010,2025-01-29,T2,1,Parcial,4,preferencia_pessoal,planeada,2025-01-26 23:36,62.4,1
D8482,C010,2025-01-29,T3,1,Total,9,,,,,1
D8483,C010,2025-01-30,T1,1,Total,7,,,,,1
D8484,C010,2025-01-30,T2,0,Indisponível,0,consulta_medica,planeada,2025-01-26 21:42,88.3,1
D8485,C010,2025-01-30,T3,1,Total,9,,,,,1
D8486,C010,2025-01-31,T1,1,Parcial,4,formação,planeada,2025-01-27 12:36,90.4,1
D8487,C010,2025-01-31,T2,1,Total,8,,,,,1
D8488,C010,2025-01-31,T3,1,Total,9,,,,,1
D8489,C010,2025-02-01,T1,1,Total,7,,,,,1
D8490,C010,2025-02-01,T2,1,Total,8,,,,,1
D8491,C010,2025-02-01,T3,1,Total,9,,,,,1
D8492,C010,2025-02-02,T1,0,Indisponível,0,férias,planeada,2025-01-26 16:24,158.6,1
D8493,C010,2025-02-02,T2,1,Total,8,,,,,1
D8494,C010,2025-02-02,T3,1,Total,9,,,,,1
D8495,C010,2025-02-03,T1,1,Parcial,4,formação,planeada,2025-01-20 22:54,320.1,1
D8496,C010,2025-02-03,T2,1,Total,8,,,,,1
D8497,C010,2025-02-03,T3,1,Total,9,,,,,1
D8498,C010,2025-02-04,T1,0,Indisponível,0,baixa,planeada,2025-01-23 17:36,277.4,1
D8499,C010,2025-02-04,T2,1,Total,8,,,,,1
D8500,C010,2025-02-04,T3,1,Total,9,,,,,1
D8501,C010,2025-02-05,T1,1,Total,7,,,,,1
D8502,C010,2025-02-05,T2,1,Total,8,,,,,1
D8503,C010,2025-02-05,T3,1,Total,9,,,,,1
D8504,C010,2025-02-06,T1,1,Total,7,,,,,1
D8505,C010,2025-02-06,T2,1,Total,8,,,,,1
D8506,C010,2025-02-06,T3,1,Total,9,,,,,1
D8507,C010,2025-02-07,T1,1,Total,7,,,,,1
D8508,C010,2025-02-07,T2,1,Total,8,,,,,1
D8509,C010,2025-02-07,T3,1,Total,9,,,,,1
D8510,C010,2025-02-08,T1,1,Total,7,,,,,1
D8511,C010,2025-02-08,T2,1,Total,8,,,,,1
D8512,C010,2025-02-08,T3,1,Total,9,,,,,1
D8513,C010,2025-02-09,T1,1,Total,7,,,,,1
D8514,C010,2025-02-09,T2,1,Total,8,,,,,1
D8515,C010,2025-02-09,T3,1,Total,9,,,,,1
D8516,C010,2025-02-10,T1,1,Total,7,,,,,1
D8517,C010,2025-02-10,T2,1,Total,8,,,,,1
D8518,C010,2025-02-10,T3,1,Total,9,,,,,1
D8519,C010,2025-02-11,T1,1,Total,7,,,,,1
D8520,C010,2025-02-11,T2,1,Total,8,,,,,1
D8521,C010,2025-02-11,T3,1,Total,9,,,,,1
D8522,C010,2025-02-12,T1,1,Parcial,4,consulta_medica,planeada,2025-02-04 10:48,188.2,1
D8523,C010,2025-02-12,T2,1,Total,8,,,,,1
D8524,C010,2025-02-12,T3,1,Total,9,,,,,1
D8525,C010,2025-02-13,T1,1,Total,7,,,,,1
D8526,C010,2025-02-13,T2,1,Parcial,4,consulta_medica,planeada,2025-02-02 23:18,254.7,1
D8527,C010,2025-02-13,T3,1,Total,9,,,,,1
D8528,C010,2025-02-14,T1,1,Total,7,,,,,1
D8529,C010,2025-02-14,T2,1,Total,8,,,,,1
D8530,C010,2025-02-14,T3,1,Total,9,,,,,1
D8531,C010,2025-02-15,T1,1,Total,7,,,,,1
D8532,C010,2025-02-15,T2,1,Total,8,,,,,1
D8533,C010,2025-02-15,T3,1,Total,9,,,,,1
D8534,C010,2025-02-16,T1,1,Parcial,4,preferencia_pessoal,planeada,2025-02-07 18:42,204.3,1
D8535,C010,2025-02-16,T2,1,Total,8,,,,,1
D8536,C010,2025-02-16,T3,1,Total,9,,,,,1
D8537,C010,2025-02-17,T1,1,Total,7,,,,,1
D8538,C010,2025-02-17,T2,1,Total,8,,,,,1
D8539,C010,2025-02-17,T3,1,Total,9,,,,,1
D8540,C010,2025-02-18,T1,1,Total,7,,,,,1
D8541,C010,2025-02-18,T2,1,Total,8,,,,,1
D8542,C010,2025-02-18,T3,1,Total,9,,,,,1
D8543,C010,2025-02-19,T1,1,Total,7,,,,,1
D8544,C010,2025-02-19,T2,0,Indisponível,0,baixa,planeada,2025-02-04 14:18,359.7,1
D8545,C010,2025-02-19,T3,1,Total,9,,,,,1
D8546,C010,2025-02-20,T1,1,Total,7,,,,,1
D8547,C010,2025-02-20,T2,1,Total,8,,,,,1
D8548,C010,2025-02-20,T3,1,Total,9,,,,,1
D8549,C010,2025-02-21,T1,1,Total,7,,,,,1
D8550,C010,2025-02-21,T2,1,Parcial,4,consulta_medica,planeada,2025-02-08 00:12,325.8,1
D8551,C010,2025-02-21,T3,1,Total,9,,,,,1
D8552,C010,2025-02-22,T1,1,Total,7,,,,,1
D8553,C010,2025-02-22,T2,0,Indisponível,0,consulta_medica,planeada,2025-01-26 09:00,653.0,1
D8554,C010,2025-02-22,T3,1,Total,9,,,,,1
D8555,C010,2025-02-23,T1,0,Indisponível,0,folga,planeada,2025-02-12 18:12,252.8,1
D8556,C010,2025-02-23,T2,1,Total,8,,,,,1
D8557,C010,2025-02-23,T3,1,Total,9,,,,,1
D8558,C010,2025-02-24,T1,1,Total,7,,,,,1
D8559,C010,2025-02-24,T2,1,Total,8,,,,,1
D8560,C010,2025-02-24,T3,1,Total,9,,,,,1
D8561,C010,2025-02-25,T1,1,Total,7,,,,,1
D8562,C010,2025-02-25,T2,1,Parcial,4,preferencia_pessoal,planeada,2025-02-23 07:12,54.8,1
D8563,C010,2025-02-25,T3,1,Total,9,,,,,1
D8564,C010,2025-02-26,T1,1,Total,7,,,,,1
D8565,C010,2025-02-26,T2,1,Total,8,,,,,1
D8566,C010,2025-02-26,T3,1,Total,9,,,,,1
D8567,C010,2025-02-27,T1,0,Indisponível,0,baixa,planeada,2025-02-08 01:30,461.5,1
D8568,C010,2025-02-27,T2,1,Parcial,4,formação,planeada,2025-02-26 15:06,22.9,1
D8569,C010,2025-02-27,T3,1,Total,9,,,,,1
D8570,C010,2025-02-28,T1,1,Total,7,,,,,1
D8571,C010,2025-02-28,T2,1,Parcial,4,preferencia_pessoal,planeada,2025-02-16 05:36,296.4,1
D8572,C010,2025-02-28,T3,1,Total,9,,,,,1
D8573,C010,2025-03-01,T1,1,Total,7,,,,,1
D8574,C010,2025-03-01,T2,1,Total,8,,,,,1
D8575,C010,2025-03-01,T3,1,Total,9,,,,,1
D8576,C010,2025-03-02,T1,1,Total,7,,,,,1
D8577,C010,2025-03-02,T2,1,Parcial,4,consulta_medica,planeada,2025-02-28 22:00,40.0,1
D8578,C010,2025-03-02,T3,1,Total,9,,,,,1
D8579,C010,2025-03-03,T1,1,Total,7,,,,,1
D8580,C010,2025-03-03,T2,1,Total,8,,,,,1
D8581,C010,2025-03-03,T3,1,Total,9,,,,,1
D8582,C010,2025-03-04,T1,1,Total,7,,,,,1
D8583,C010,2025-03-04,T2,1,Parcial,4,consulta_medica,planeada,2025-02-24 05:24,200.6,1
D8584,C010,2025-03-04,T3,1,Total,9,,,,,1
D8585,C010,2025-03-05,T1,1,Total,7,,,,,1
D8586,C010,2025-03-05,T2,1,Total,8,,,,,1
D8587,C010,2025-03-05,T3,1,Total,9,,,,,1
D8588,C010,2025-03-06,T1,1,Total,7,,,,,1
D8589,C010,2025-03-06,T2,0,Indisponível,0,folga,planeada,2025-02-10 20:00,570.0,1
D8590,C010,2025-03-06,T3,1,Parcial,4,consulta_medica,planeada,2025-02-26 12:18,201.7,1
D8591,C010,2025-03-07,T1,1,Total,7,,,,,1
D8592,C010,2025-03-07,T2,1,Total,8,,,,,1
D8593,C010,2025-03-07,T3,1,Total,9,,,,,1
D8594,C010,2025-03-08,T1,1,Total,7,,,,,1
D8595,C010,2025-03-08,T2,1,Total,8,,,,,1
D8596,C010,2025-03-08,T3,1,Total,9,,,,,1
D8597,C010,2025-03-09,T1,1,Total,7,,,,,1
D8598,C010,2025-03-09,T2,1,Total,8,,,,,1
D8599,C010,2025-03-09,T3,1,Total,9,,,,,1
D8600,C010,2025-03-10,T1,1,Total,7,,,,,1
D8601,C010,2025-03-10,T2,1,Total,8,,,,,1
D8602,C010,2025-03-10,T3,1,Total,9,,,,,1
D8603,C010,2025-03-11,T1,1,Total,7,,,,,1
D8604,C010,2025-03-11,T2,1,Parcial,4,consulta_medica,planeada,2025-02-27 12:06,289.9,1
D8605,C010,2025-03-11,T3,1,Total,9,,,,,1
D8606,C010,2025-03-12,T1,1,Parcial,4,consulta_medica,planeada,2025-03-04 03:36,195.4,1
D8607,C010,2025-03-12,T2,1,Total,8,,,,,1
D8608,C010,2025-03-12,T3,1,Total,9,,,,,1
D8609,C010,2025-03-13,T1,1,Total,7,,,,,1
D8610,C010,2025-03-13,T2,1,Total,8,,,,,1
D8611,C010,2025-03-13,T3,1,Total,9,,,,,1
D8612,C010,2025-03-14,T1,1,Total,7,,,,,1
D8613,C010,2025-03-14,T2,1,Total,8,,,,,1
D8614,C010,2025-03-14,T3,0,Indisponível,0,férias,planeada,2025-03-02 18:36,291.4,1
D8615,C010,2025-03-15,T1,1,Total,7,,,,,1
D8616,C010,2025-03-15,T2,1,Total,8,,,,,1
D8617,C010,2025-03-15,T3,1,Total,9,,,,,1
D8618,C010,2025-03-16,T1,1,Total,7,,,,,1
D8619,C010,2025-03-16,T2,1,Total,8,,,,,1
D8620,C010,2025-03-16,T3,1,Total,9,,,,,1
D8621,C010,2025-03-17,T1,1,Total,7,,,,,1
D8622,C010,2025-03-17,T2,1,Total,8,,,,,1
D8623,C010,2025-03-17,T3,1,Total,9,,,,,1
D8624,C010,2025-03-18,T1,1,Total,7,,,,,1
D8625,C010,2025-03-18,T2,1,Total,8,,,,,1
D8626,C010,2025-03-18,T3,1,Total,9,,,,,1
D8627,C010,2025-03-19,T1,1,Total,7,,,,,1
D8628,C010,2025-03-19,T2,1,Total,8,,,,,1
D8629,C010,2025-03-19,T3,1,Total,9,,,,,1
D8630,C010,2025-03-20,T1,1,Total,7,,,,,1
D8631,C010,2025-03-20,T2,1,Parcial,4,preferencia_pessoal,planeada,2025-03-14 10:48,147.2,1
D8632,C010,2025-03-20,T3,1,Parcial,4,consulta_medica,planeada,2025-03-09 23:36,262.4,1
D8633,C010,2025-03-21,T1,1,Total,7,,,,,1
D8634,C010,2025-03-21,T2,1,Total,8,,,,,1
D8635,C010,2025-03-21,T3,1,Total,9,,,,,1
D8636,C010,2025-03-22,T1,1,Total,7,,,,,1
D8637,C010,2025-03-22,T2,1,Total,8,,,,,1
D8638,C010,2025-03-22,T3,1,Total,9,,,,,1
D8639,C010,2025-03-23,T1,1,Total,7,,,,,1
D8640,C010,2025-03-23,T2,1,Total,8,,,,,1
D8641,C010,2025-03-23,T3,1,Total,9,,,,,1
D8642,C010,2025-03-24,T1,1,Total,7,,,,,1
D8643,C010,2025-03-24,T2,1,Total,8,,,,,1
D8644,C010,2025-03-24,T3,1,Total,9,,,,,1
D8645,C010,2025-03-25,T1,1,Total,7,,,,,1
D8646,C010,2025-03-25,T2,1,Total,8,,,,,1
D8647,C010,2025-03-25,T3,1,Total,9,,,,,1
D8648,C010,2025-03-26,T1,1,Total,7,,,,,1
D8649,C010,2025-03-26,T2,1,Total,8,,,,,1
D8650,C010,2025-03-26,T3,1,Total,9,,,,,1
D8651,C010,2025-03-27,T1,1,Total,7,,,,,1
D8652,C010,2025-03-27,T2,1,Total,8,,,,,1
D8653,C010,2025-03-27,T3,1,Parcial,4,preferencia_pessoal,planeada,2025-03-14 06:00,328.0,1
D8654,C010,2025-03-28,T1,1,Total,7,,,,,1
D8655,C010,2025-03-28,T2,1,Total,8,,,,,1
D8656,C010,2025-03-28,T3,1,Total,9,,,,,1
D8657,C010,2025-03-29,T1,1,Total,7,,,,,1
D8658,C010,2025-03-29,T2,1,Total,8,,,,,1
D8659,C010,2025-03-29,T3,1,Total,9,,,,,1
D8660,C010,2025-03-30,T1,1,Total,7,,,,,1
D8661,C010,2025-03-30,T2,1,Total,8,,,,,1
D8662,C010,2025-03-30,T3,1,Total,9,,,,,1
D8663,C010,2025-03-31,T1,1,Total,7,,,,,1
D8664,C010,2025-03-31,T2,1,Total,8,,,,,1
D8665,C010,2025-03-31,T3,1,Total,9,,,,,1
D8666,C010,2025-04-01,T1,1,Total,7,,,,,1
D8667,C010,2025-04-01,T2,1,Total,8,,,,,1
D8668,C010,2025-04-01,T3,1,Total,9,,,,,1
D8669,C010,2025-04-02,T1,1,Total,7,,,,,1
D8670,C010,2025-04-02,T2,1,Total,8,,,,,1
D8671,C010,2025-04-02,T3,1,Total,9,,,,,1
D8672,C010,2025-04-03,T1,1,Total,7,,,,,1
D8673,C010,2025-04-03,T2,1,Total,8,,,,,1
D8674,C010,2025-04-03,T3,1,Total,9,,,,,1
D8675,C010,2025-04-04,T1,1,Total,7,,,,,1
D8676,C010,2025-04-04,T2,1,Total,8,,,,,1
D8677,C010,2025-04-04,T3,1,Total,9,,,,,1
D8678,C010,2025-04-05,T1,1,Total,7,,,,,1
D8679,C010,2025-04-05,T2,1,Total,8,,,,,1
D8680,C010,2025-04-05,T3,1,Total,9,,,,,1
D8681,C010,2025-04-06,T1,1,Total,7,,,,,1
D8682,C010,2025-04-06,T2,1,Total,8,,,,,1
D8683,C010,2025-04-06,T3,1,Total,9,,,,,1
D8684,C010,2025-04-07,T1,1,Total,7,,,,,1
D8685,C010,2025-04-07,T2,1,Total,8,,,,,1
D8686,C010,2025-04-07,T3,1,Total,9,,,,,1
D8687,C010,2025-04-08,T1,1,Total,7,,,,,1
D8688,C010,2025-04-08,T2,1,Total,8,,,,,1
D8689,C010,2025-04-08,T3,1,Total,9,,,,,1
D8690,C010,2025-04-09,T1,1,Total,7,,,,,1
D8691,C010,2025-04-09,T2,1,Total,8,,,,,1
D8692,C010,2025-04-09,T3,1,Total,9,,,,,1
D8693,C010,2025-04-10,T1,1,Total,7,,,,,1
D8694,C010,2025-04-10,T2,1,Total,8,,,,,1
D8695,C010,2025-04-10,T3,1,Total,9,,,,,1
D8696,C010,2025-04-11,T1,1,Total,7,,,,,1
D8697,C010,2025-04-11,T2,1,Total,8,,,,,1
D8698,C010,2025-04-11,T3,1,Total,9,,,,,1
D8699,C010,2025-04-12,T1,1,Total,7,,,,,1
D8700,C010,2025-04-12,T2,1,Total,8,,,,,1
D8701,C010,2025-04-12,T3,1,Total,9,,,,,1
D8702,C010,2025-04-13,T1,1,Total,7,,,,,1
D8703,C010,2025-04-13,T2,1,Total,8,,,,,1
D8704,C010,2025-04-13,T3,1,Total,9,,,,,1
D8705,C010,2025-04-14,T1,0,Indisponível,0,folga,planeada,2025-03-17 05:36,673.4,1
D8706,C010,2025-04-14,T2,1,Total,8,,,,,1
D8707,C010,2025-04-14,T3,1,Total,9,,,,,1
D8708,C010,2025-04-15,T1,1,Total,7,,,,,1
D8709,C010,2025-04-15,T2,1,Total,8,,,,,1
D8710,C010,2025-04-15,T3,1,Total,9,,,,,1
D8711,C010,2025-04-16,T1,1,Total,7,,,,,1
D8712,C010,2025-04-16,T2,1,Total,8,,,,,1
D8713,C010,2025-04-16,T3,1,Parcial,4,formação,planeada,2025-04-07 22:30,215.5,1
D8714,C010,2025-04-17,T1,1,Total,7,,,,,1
D8715,C010,2025-04-17,T2,1,Total,8,,,,,1
D8716,C010,2025-04-17,T3,1,Total,9,,,,,1
D8717,C010,2025-04-18,T1,1,Parcial,4,consulta_medica,planeada,2025-04-16 03:12,51.8,1
D8718,C010,2025-04-18,T2,0,Indisponível,0,folga,planeada,2025-04-14 21:54,88.1,1
D8719,C010,2025-04-18,T3,1,Total,9,,,,,1
D8720,C010,2025-04-19,T1,1,Parcial,4,preferencia_pessoal,planeada,2025-04-06 07:06,311.9,1
D8721,C010,2025-04-19,T2,1,Total,8,,,,,1
D8722,C010,2025-04-19,T3,0,Indisponível,0,formação,planeada,2025-04-17 15:36,54.4,1
D8723,C010,2025-04-20,T1,1,Parcial,4,consulta_medica,planeada,2025-04-15 22:54,104.1,1
D8724,C010,2025-04-20,T2,1,Total,8,,,,,1
D8725,C010,2025-04-20,T3,1,Total,9,,,,,1
D8726,C010,2025-04-21,T1,1,Total,7,,,,,1
D8727,C010,2025-04-21,T2,1,Total,8,,,,,1
D8728,C010,2025-04-21,T3,1,Total,9,,,,,1
D8729,C010,2025-04-22,T1,1,Total,7,,,,,1
D8730,C010,2025-04-22,T2,1,Total,8,,,,,1
D8731,C010,2025-04-22,T3,1,Total,9,,,,,1
D8732,C010,2025-04-23,T1,1,Total,7,,,,,1
D8733,C010,2025-04-23,T2,1,Total,8,,,,,1
D8734,C010,2025-04-23,T3,1,Total,9,,,,,1
D8735,C010,2025-04-24,T1,1,Total,7,,,,,1
D8736,C010,2025-04-24,T2,1,Total,8,,,,,1
D8737,C010,2025-04-24,T3,1,Total,9,,,,,1
D8738,C010,2025-04-25,T1,1,Total,7,,,,,1
D8739,C010,2025-04-25,T2,1,Parcial,4,consulta_medica,planeada,2025-04-14 03:42,274.3,1
D8740,C010,2025-04-25,T3,1,Parcial,4,formação,planeada,2025-04-22 10:24,83.6,1
D8741,C010,2025-04-26,T1,1,Total,7,,,,,1
D8742,C010,2025-04-26,T2,1,Total,8,,,,,1
D8743,C010,2025-04-26,T3,1,Total,9,,,,,1
D8744,C010,2025-04-27,T1,1,Total,7,,,,,1
D8745,C010,2025-04-27,T2,0,Indisponível,0,formação,planeada,2025-04-14 05:54,320.1,1
D8746,C010,2025-04-27,T3,1,Total,9,,,,,1
D8747,C010,2025-04-28,T1,1,Total,7,,,,,1
D8748,C010,2025-04-28,T2,1,Total,8,,,,,1
D8749,C010,2025-04-28,T3,1,Total,9,,,,,1
D8750,C010,2025-04-29,T1,1,Total,7,,,,,1
D8751,C010,2025-04-29,T2,1,Total,8,,,,,1
D8752,C010,2025-04-29,T3,1,Total,9,,,,,1
D8753,C010,2025-04-30,T1,1,Total,7,,,,,1
D8754,C010,2025-04-30,T2,1,Total,8,,,,,1
D8755,C010,2025-04-30,T3,1,Total,9,,,,,1
D8756,C010,2025-05-01,T1,1,Total,7,,,,,1
D8757,C010,2025-05-01,T2,0,Indisponível,0,baixa,inesperada,2025-05-01 05:48,8.2,1
D8758,C010,2025-05-01,T3,1,Total,9,,,,,1
D8759,C010,2025-05-02,T1,1,Total,7,,,,,1
D8760,C010,2025-05-02,T2,0,Indisponível,0,baixa,planeada,2025-04-19 00:54,325.1,1
D8761,C010,2025-05-02,T3,1,Total,9,,,,,1
D8762,C010,2025-05-03,T1,1,Total,7,,,,,1
D8763,C010,2025-05-03,T2,1,Parcial,4,formação,planeada,2025-04-30 19:24,66.6,1
D8764,C010,2025-05-03,T3,1,Total,9,,,,,1
D8765,C010,2025-05-04,T1,1,Total,7,,,,,1
D8766,C010,2025-05-04,T2,1,Total,8,,,,,1
D8767,C010,2025-05-04,T3,1,Total,9,,,,,1
D8768,C010,2025-05-05,T1,1,Total,7,,,,,1
D8769,C010,2025-05-05,T2,1,Total,8,,,,,1
D8770,C010,2025-05-05,T3,1,Total,9,,,,,1
D8771,C010,2025-05-06,T1,1,Total,7,,,,,1
D8772,C010,2025-05-06,T2,0,Indisponível,0,preferencia_pessoal,planeada,2025-04-28 21:12,184.8,1
D8773,C010,2025-05-06,T3,1,Total,9,,,,,1
D8774,C010,2025-05-07,T1,1,Total,7,,,,,1
D8775,C010,2025-05-07,T2,1,Total,8,,,,,1
D8776,C010,2025-05-07,T3,1,Total,9,,,,,1
D8777,C010,2025-05-08,T1,1,Total,7,,,,,1
D8778,C010,2025-05-08,T2,1,Total,8,,,,,1
D8779,C010,2025-05-08,T3,1,Total,9,,,,,1
D8780,C010,2025-05-09,T1,1,Total,7,,,,,1
D8781,C010,2025-05-09,T2,1,Total,8,,,,,1
D8782,C010,2025-05-09,T3,1,Parcial,4,formação,planeada,2025-05-04 17:12,124.8,1
D8783,C010,2025-05-10,T1,1,Total,7,,,,,1
D8784,C010,2025-05-10,T2,1,Total,8,,,,,1
D8785,C010,2025-05-10,T3,1,Total,9,,,,,1
D8786,C010,2025-05-11,T1,1,Total,7,,,,,1
D8787,C010,2025-05-11,T2,1,Total,8,,,,,1
D8788,C010,2025-05-11,T3,1,Total,9,,,,,1
D8789,C010,2025-05-12,T1,1,Total,7,,,,,1
D8790,C010,2025-05-12,T2,1,Total,8,,,,,1
D8791,C010,2025-05-12,T3,1,Total,9,,,,,1
D8792,C010,2025-05-13,T1,1,Total,7,,,,,1
D8793,C010,2025-05-13,T2,1,Total,8,,,,,1
D8794,C010,2025-05-13,T3,1,Total,9,,,,,1
D8795,C010,2025-05-14,T1,1,Parcial,4,preferencia_pessoal,planeada,2025-05-12 13:06,41.9,1
D8796,C010,2025-05-14,T2,1,Total,8,,,,,1
D8797,C010,2025-05-14,T3,1,Total,9,,,,,1
D8798,C010,2025-05-15,T1,1,Total,7,,,,,1
D8799,C010,2025-05-15,T2,1,Total,8,,,,,1
D8800,C010,2025-05-15,T3,1,Total,9,,,,,1
D8801,C010,2025-05-16,T1,1,Total,7,,,,,1
D8802,C010,2025-05-16,T2,1,Total,8,,,,,1
D8803,C010,2025-05-16,T3,1,Total,9,,,,,1
D8804,C010,2025-05-17,T1,1,Total,7,,,,,1
D8805,C010,2025-05-17,T2,1,Total,8,,,,,1
D8806,C010,2025-05-17,T3,1,Total,9,,,,,1
D8807,C010,2025-05-18,T1,1,Parcial,4,preferencia_pessoal,planeada,2025-05-09 09:48,213.2,1
D8808,C010,2025-05-18,T2,1,Total,8,,,,,1
D8809,C010,2025-05-18,T3,1,Total,9,,,,,1
D8810,C010,2025-05-19,T1,1,Total,7,,,,,1
D8811,C010,2025-05-19,T2,1,Total,8,,,,,1
D8812,C010,2025-05-19,T3,1,Total,9,,,,,1
D8813,C010,2025-05-20,T1,1,Total,7,,,,,1
D8814,C010,2025-05-20,T2,1,Total,8,,,,,1
D8815,C010,2025-05-20,T3,1,Total,9,,,,,1
D8816,C010,2025-05-21,T1,1,Total,7,,,,,1
D8817,C010,2025-05-21,T2,1,Total,8,,,,,1
D8818,C010,2025-05-21,T3,1,Total,9,,,,,1
D8819,C010,2025-05-22,T1,1,Total,7,,,,,1
D8820,C010,2025-05-22,T2,1,Parcial,4,consulta_medica,planeada,2025-05-18 10:48,99.2,1
D8821,C010,2025-05-22,T3,1,Total,9,,,,,1
D8822,C010,2025-05-23,T1,1,Total,7,,,,,1
D8823,C010,2025-05-23,T2,1,Total,8,,,,,1
D8824,C010,2025-05-23,T3,1,Total,9,,,,,1
D8825,C010,2025-05-24,T1,1,Total,7,,,,,1
D8826,C010,2025-05-24,T2,1,Total,8,,,,,1
D8827,C010,2025-05-24,T3,1,Total,9,,,,,1
D8828,C010,2025-05-25,T1,1,Total,7,,,,,1
D8829,C010,2025-05-25,T2,1,Total,8,,,,,1
D8830,C010,2025-05-25,T3,1,Total,9,,,,,1
D8831,C010,2025-05-26,T1,1,Total,7,,,,,1
D8832,C010,2025-05-26,T2,1,Total,8,,,,,1
D8833,C010,2025-05-26,T3,1,Total,9,,,,,1
D8834,C010,2025-05-27,T1,1,Total,7,,,,,1
D8835,C010,2025-05-27,T2,1,Total,8,,,,,1
D8836,C010,2025-05-27,T3,1,Total,9,,,,,1
D8837,C010,2025-05-28,T1,1,Total,7,,,,,1
D8838,C010,2025-05-28,T2,1,Total,8,,,,,1
D8839,C010,2025-05-28,T3,1,Total,9,,,,,1
D8840,C010,2025-05-29,T1,1,Total,7,,,,,1
D8841,C010,2025-05-29,T2,1,Total,8,,,,,1
D8842,C010,2025-05-29,T3,1,Total,9,,,,,1
D8843,C010,2025-05-30,T1,1,Total,7,,,,,1
D8844,C010,2025-05-30,T2,1,Total,8,,,,,1
D8845,C010,2025-05-30,T3,1,Total,9,,,,,1
D8846,C010,2025-05-31,T1,1,Total,7,,,,,1
D8847,C010,2025-05-31,T2,1,Total,8,,,,,1
D8848,C010,2025-05-31,T3,1,Total,9,,,,,1
D8849,C010,2025-06-01,T1,0,Indisponível,0,outro,planeada,2025-05-27 18:48,108.2,1
D8850,C010,2025-06-01,T2,1,Total,8,,,,,1
D8851,C010,2025-06-01,T3,1,Total,9,,,,,1
D8852,C010,2025-06-02,T1,1,Total,7,,,,,1
D8853,C010,2025-06-02,T2,1,Total,8,,,,,1
D8854,C010,2025-06-02,T3,1,Total,9,,,,,1
D8855,C010,2025-06-03,T1,1,Total,7,,,,,1
D8856,C010,2025-06-03,T2,1,Total,8,,,,,1
D8857,C010,2025-06-03,T3,1,Total,9,,,,,1
D8858,C010,2025-06-04,T1,1,Total,7,,,,,1
D8859,C010,2025-06-04,T2,1,Total,8,,,,,1
D8860,C010,2025-06-04,T3,1,Total,9,,,,,1
D8861,C010,2025-06-05,T1,1,Total,7,,,,,1
D8862,C010,2025-06-05,T2,1,Total,8,,,,,1
D8863,C010,2025-06-05,T3,1,Total,9,,,,,1
D8864,C010,2025-06-06,T1,1,Total,7,,,,,1
D8865,C010,2025-06-06,T2,1,Total,8,,,,,1
D8866,C010,2025-06-06,T3,1,Total,9,,,,,1
D8867,C010,2025-06-07,T1,1,Total,7,,,,,1
D8868,C010,2025-06-07,T2,1,Parcial,4,preferencia_pessoal,planeada,2025-06-04 07:00,79.0,1
D8869,C010,2025-06-07,T3,1,Total,9,,,,,1
D8870,C010,2025-06-08,T1,1,Total,7,,,,,1
D8871,C010,2025-06-08,T2,1,Parcial,4,formação,planeada,2025-06-02 22:00,136.0,1
D8872,C010,2025-06-08,T3,1,Total,9,,,,,1
D8873,C010,2025-06-09,T1,1,Total,7,,,,,1
D8874,C010,2025-06-09,T2,1,Total,8,,,,,1
D8875,C010,2025-06-09,T3,0,Indisponível,0,férias,planeada,2025-05-21 14:00,464.0,1
D8876,C010,2025-06-10,T1,1,Total,7,,,,,1
D8877,C010,2025-06-10,T2,1,Total,8,,,,,1
D8878,C010,2025-06-10,T3,1,Total,9,,,,,1
D8879,C010,2025-06-11,T1,1,Total,7,,,,,1
D8880,C010,2025-06-11,T2,1,Total,8,,,,,1
D8881,C010,2025-06-11,T3,1,Total,9,,,,,1
D8882,C010,2025-06-12,T1,1,Total,7,,,,,1
D8883,C010,2025-06-12,T2,0,Indisponível,0,folga,planeada,2025-05-30 03:12,322.8,1
D8884,C010,2025-06-12,T3,1,Total,9,,,,,1
D8885,C010,2025-06-13,T1,1,Total,7,,,,,1
D8886,C010,2025-06-13,T2,1,Total,8,,,,,1
D8887,C010,2025-06-13,T3,1,Total,9,,,,,1
D8888,C010,2025-06-14,T1,1,Total,7,,,,,1
D8889,C010,2025-06-14,T2,1,Total,8,,,,,1
D8890,C010,2025-06-14,T3,1,Parcial,4,consulta_medica,planeada,2025-06-02 07:24,302.6,1
D8891,C010,2025-06-15,T1,1,Total,7,,,,,1
D8892,C010,2025-06-15,T2,1,Parcial,4,preferencia_pessoal,planeada,2025-06-02 19:24,306.6,1
D8893,C010,2025-06-15,T3,1,Total,9,,,,,1
D8894,C010,2025-06-16,T1,1,Parcial,4,preferencia_pessoal,planeada,2025-06-11 00:06,126.9,1
D8895,C010,2025-06-16,T2,1,Total,8,,,,,1
D8896,C010,2025-06-16,T3,0,Indisponível,0,outro,planeada,2025-05-22 10:12,611.8,1
D8897,C010,2025-06-17,T1,1,Parcial,4,preferencia_pessoal,planeada,2025-06-14 04:18,74.7,1
D8898,C010,2025-06-17,T2,1,Total,8,,,,,1
D8899,C010,2025-06-17,T3,1,Total,9,,,,,1
D8900,C010,2025-06-18,T1,1,Total,7,,,,,1
D8901,C010,2025-06-18,T2,1,Total,8,,,,,1
D8902,C010,2025-06-18,T3,1,Total,9,,,,,1
D8903,C010,2025-06-19,T1,0,Indisponível,0,folga,planeada,2025-06-03 10:06,380.9,1
D8904,C010,2025-06-19,T2,0,Indisponível,0,férias,planeada,2025-05-26 12:42,577.3,1
D8905,C010,2025-06-19,T3,1,Total,9,,,,,1
D8906,C010,2025-06-20,T1,1,Total,7,,,,,1
D8907,C010,2025-06-20,T2,1,Total,8,,,,,1
D8908,C010,2025-06-20,T3,1,Parcial,4,formação,planeada,2025-06-08 11:42,298.3,1
D8909,C010,2025-06-21,T1,1,Total,7,,,,,1
D8910,C010,2025-06-21,T2,1,Total,8,,,,,1
D8911,C010,2025-06-21,T3,1,Total,9,,,,,1
D8912,C010,2025-06-22,T1,1,Total,7,,,,,1
D8913,C010,2025-06-22,T2,1,Total,8,,,,,1
D8914,C010,2025-06-22,T3,1,Total,9,,,,,1
D8915,C010,2025-06-23,T1,1,Total,7,,,,,1
D8916,C010,2025-06-23,T2,1,Total,8,,,,,1
D8917,C010,2025-06-23,T3,1,Total,9,,,,,1
D8918,C010,2025-06-24,T1,1,Total,7,,,,,1
D8919,C010,2025-06-24,T2,1,Total,8,,,,,1
D8920,C010,2025-06-24,T3,1,Total,9,,,,,1
D8921,C010,2025-06-25,T1,1,Total,7,,,,,1
D8922,C010,2025-06-25,T2,1,Total,8,,,,,1
D8923,C010,2025-06-25,T3,1,Total,9,,,,,1
D8924,C010,2025-06-26,T1,1,Total,7,,,,,1
D8925,C010,2025-06-26,T2,1,Total,8,,,,,1
D8926,C010,2025-06-26,T3,1,Total,9,,,,,1
D8927,C010,2025-06-27,T1,1,Total,7,,,,,1
D8928,C010,2025-06-27,T2,0,Indisponível,0,folga,planeada,2025-06-23 03:54,106.1,1
D8929,C010,2025-06-27,T3,1,Total,9,,,,,1
D8930,C010,2025-06-28,T1,1,Total,7,,,,,1
D8931,C010,2025-06-28,T2,1,Total,8,,,,,1
D8932,C010,2025-06-28,T3,1,Total,9,,,,,1
D8933,C010,2025-06-29,T1,1,Total,7,,,,,1
D8934,C010,2025-06-29,T2,1,Total,8,,,,,1
D8935,C010,2025-06-29,T3,1,Total,9,,,,,1
D8936,C010,2025-06-30,T1,1,Total,7,,,,,1
D8937,C010,2025-06-30,T2,1,Total,8,,,,,1
D8938,C010,2025-06-30,T3,1,Total,9,,,,,1
D8939,C010,2025-07-01,T1,0,Indisponível,0,consulta_medica,planeada,2025-06-24 07:54,167.1,1
D8940,C010,2025-07-01,T2,1,Total,8,,,,,1
D8941,C010,2025-07-01,T3,1,Total,9,,,,,1
D8942,C010,2025-07-02,T1,1,Total,7,,,,,1
D8943,C010,2025-07-02,T2,1,Parcial,4,formação,planeada,2025-06-21 03:00,275.0,1
D8944,C010,2025-07-02,T3,1,Total,9,,,,,1
D8945,C010,2025-07-03,T1,1,Total,7,,,,,1
D8946,C010,2025-07-03,T2,1,Total,8,,,,,1
D8947,C010,2025-07-03,T3,1,Total,9,,,,,1
D8948,C010,2025-07-04,T1,1,Total,7,,,,,1
D8949,C010,2025-07-04,T2,1,Total,8,,,,,1
D8950,C010,2025-07-04,T3,1,Total,9,,,,,1
D8951,C010,2025-07-05,T1,1,Total,7,,,,,1
D8952,C010,2025-07-05,T2,1,Total,8,,,,,1
D8953,C010,2025-07-05,T3,1,Total,9,,,,,1
D8954,C010,2025-07-06,T1,1,Total,7,,,,,1
D8955,C010,2025-07-06,T2,1,Total,8,,,,,1
D8956,C010,2025-07-06,T3,1,Total,9,,,,,1
D8957,C010,2025-07-07,T1,1,Total,7,,,,,1
D8958,C010,2025-07-07,T2,1,Total,8,,,,,1
D8959,C010,2025-07-07,T3,1,Total,9,,,,,1
D8960,C010,2025-07-08,T1,1,Total,7,,,,,1
D8961,C010,2025-07-08,T2,1,Total,8,,,,,1
D8962,C010,2025-07-08,T3,1,Total,9,,,,,1
D8963,C010,2025-07-09,T1,1,Total,7,,,,,1
D8964,C010,2025-07-09,T2,1,Total,8,,,,,1
D8965,C010,2025-07-09,T3,1,Total,9,,,,,1
D8966,C010,2025-07-10,T1,1,Total,7,,,,,1
D8967,C010,2025-07-10,T2,1,Total,8,,,,,1
D8968,C010,2025-07-10,T3,1,Total,9,,,,,1
D8969,C010,2025-07-11,T1,1,Parcial,4,formação,planeada,2025-06-29 23:18,271.7,1
D8970,C010,2025-07-11,T2,1,Parcial,4,consulta_medica,planeada,2025-07-03 14:12,191.8,1
D8971,C010,2025-07-11,T3,1,Total,9,,,,,1
D8972,C010,2025-07-12,T1,1,Total,7,,,,,1
D8973,C010,2025-07-12,T2,1,Total,8,,,,,1
D8974,C010,2025-07-12,T3,1,Total,9,,,,,1
D8975,C010,2025-07-13,T1,1,Total,7,,,,,1
D8976,C010,2025-07-13,T2,1,Total,8,,,,,1
D8977,C010,2025-07-13,T3,1,Total,9,,,,,1
D8978,C010,2025-07-14,T1,1,Total,7,,,,,1
D8979,C010,2025-07-14,T2,1,Total,8,,,,,1
D8980,C010,2025-07-14,T3,1,Total,9,,,,,1
D8981,C010,2025-07-15,T1,1,Total,7,,,,,1
D8982,C010,2025-07-15,T2,1,Total,8,,,,,1
D8983,C010,2025-07-15,T3,1,Total,9,,,,,1
D8984,C010,2025-07-16,T1,1,Total,7,,,,,1
D8985,C010,2025-07-16,T2,1,Total,8,,,,,1
D8986,C010,2025-07-16,T3,1,Total,9,,,,,1
D8987,C010,2025-07-17,T1,1,Parcial,4,consulta_medica,planeada,2025-07-05 18:54,276.1,1
D8988,C010,2025-07-17,T2,1,Total,8,,,,,1
D8989,C010,2025-07-17,T3,1,Total,9,,,,,1
D8990,C010,2025-07-18,T1,1,Total,7,,,,,1
D8991,C010,2025-07-18,T2,1,Total,8,,,,,1
D8992,C010,2025-07-18,T3,1,Total,9,,,,,1
D8993,C010,2025-07-19,T1,1,Total,7,,,,,1
D8994,C010,2025-07-19,T2,1,Total,8,,,,,1
D8995,C010,2025-07-19,T3,1,Total,9,,,,,1
D8996,C010,2025-07-20,T1,1,Total,7,,,,,1
D8997,C010,2025-07-20,T2,1,Total,8,,,,,1
D8998,C010,2025-07-20,T3,1,Total,9,,,,,1
D8999,C010,2025-07-21,T1,1,Total,7,,,,,1
D9000,C010,2025-07-21,T2,1,Total,8,,,,,1
D9001,C010,2025-07-21,T3,1,Total,9,,,,,1
D9002,C010,2025-07-22,T1,1,Total,7,,,,,1
D9003,C010,2025-07-22,T2,1,Total,8,,,,,1
D9004,C010,2025-07-22,T3,1,Total,9,,,,,1
D9005,C010,2025-07-23,T1,1,Total,7,,,,,1
D9006,C010,2025-07-23,T2,1,Parcial,4,consulta_medica,planeada,2025-07-12 08:00,270.0,1
D9007,C010,2025-07-23,T3,1,Total,9,,,,,1
D9008,C010,2025-07-24,T1,1,Total,7,,,,,1
D9009,C010,2025-07-24,T2,1,Total,8,,,,,1
D9010,C010,2025-07-24,T3,1,Total,9,,,,,1
D9011,C010,2025-07-25,T1,1,Total,7,,,,,1
D9012,C010,2025-07-25,T2,1,Total,8,,,,,1
D9013,C010,2025-07-25,T3,1,Total,9,,,,,1
D9014,C010,2025-07-26,T1,1,Parcial,4,consulta_medica,planeada,2025-07-23 09:30,69.5,1
D9015,C010,2025-07-26,T2,1,Total,8,,,,,1
D9016,C010,2025-07-26,T3,1,Total,9,,,,,1
D9017,C010,2025-07-27,T1,1,Total,7,,,,,1
D9018,C010,2025-07-27,T2,1,Total,8,,,,,1
D9019,C010,2025-07-27,T3,1,Total,9,,,,,1
D9020,C010,2025-07-28,T1,1,Total,7,,,,,1
D9021,C010,2025-07-28,T2,1,Parcial,4,formação,planeada,2025-07-16 00:42,301.3,1
D9022,C010,2025-07-28,T3,1,Parcial,4,preferencia_pessoal,planeada,2025-07-15 01:48,332.2,1
D9023,C010,2025-07-29,T1,0,Indisponível,0,nao_autorizado_fds,planeada,2025-07-05 12:00,571.0,1
D9024,C010,2025-07-29,T2,1,Total,8,,,,,1
D9025,C010,2025-07-29,T3,1,Total,9,,,,,1
D9026,C010,2025-07-30,T1,1,Total,7,,,,,1
D9027,C010,2025-07-30,T2,1,Total,8,,,,,1
D9028,C010,2025-07-30,T3,1,Total,9,,,,,1
D9029,C010,2025-07-31,T1,1,Total,7,,,,,1
D9030,C010,2025-07-31,T2,1,Parcial,4,formação,planeada,2025-07-29 05:06,56.9,1
D9031,C010,2025-07-31,T3,1,Total,9,,,,,1
D9032,C010,2025-08-01,T1,1,Total,7,,,,,1
D9033,C010,2025-08-01,T2,1,Total,8,,,,,1
D9034,C010,2025-08-01,T3,1,Total,9,,,,,1
D9035,C010,2025-08-02,T1,1,Parcial,4,consulta_medica,planeada,2025-07-23 11:48,235.2,1
D9036,C010,2025-08-02,T2,1,Total,8,,,,,1
D9037,C010,2025-08-02,T3,1,Total,9,,,,,1
D9038,C010,2025-08-03,T1,1,Total,7,,,,,1
D9039,C010,2025-08-03,T2,1,Total,8,,,,,1
D9040,C010,2025-08-03,T3,1,Total,9,,,,,1
D9041,C010,2025-08-04,T1,1,Total,7,,,,,1
D9042,C010,2025-08-04,T2,1,Total,8,,,,,1
D9043,C010,2025-08-04,T3,1,Total,9,,,,,1
D9044,C010,2025-08-05,T1,1,Total,7,,,,,1
D9045,C010,2025-08-05,T2,1,Total,8,,,,,1
D9046,C010,2025-08-05,T3,1,Total,9,,,,,1
D9047,C010,2025-08-06,T1,1,Total,7,,,,,1
D9048,C010,2025-08-06,T2,1,Total,8,,,,,1
D9049,C010,2025-08-06,T3,1,Total,9,,,,,1
D9050,C010,2025-08-07,T1,1,Total,7,,,,,1
D9051,C010,2025-08-07,T2,1,Total,8,,,,,1
D9052,C010,2025-08-07,T3,1,Total,9,,,,,1
D9053,C010,2025-08-08,T1,0,Indisponível,0,folga,planeada,2025-07-12 23:24,631.6,1
D9054,C010,2025-08-08,T2,1,Total,8,,,,,1
D9055,C010,2025-08-08,T3,1,Total,9,,,,,1
D9056,C010,2025-08-09,T1,1,Parcial,4,formação,planeada,2025-08-04 23:30,103.5,1
D9057,C010,2025-08-09,T2,1,Total,8,,,,,1
D9058,C010,2025-08-09,T3,1,Total,9,,,,,1
D9059,C010,2025-08-10,T1,1,Total,7,,,,,1
D9060,C010,2025-08-10,T2,1,Total,8,,,,,1
D9061,C010,2025-08-10,T3,1,Parcial,4,consulta_medica,planeada,2025-07-28 18:18,315.7,1
D9062,C010,2025-08-11,T1,1,Total,7,,,,,1
D9063,C010,2025-08-11,T2,1,Total,8,,,,,1
D9064,C010,2025-08-11,T3,1,Total,9,,,,,1
D9065,C010,2025-08-12,T1,1,Total,7,,,,,1
D9066,C010,2025-08-12,T2,1,Total,8,,,,,1
D9067,C010,2025-08-12,T3,0,Indisponível,0,restrição_noite,planeada,2025-07-19 17:00,581.0,1
D9068,C010,2025-08-13,T1,1,Total,7,,,,,1
D9069,C010,2025-08-13,T2,1,Total,8,,,,,1
D9070,C010,2025-08-13,T3,1,Total,9,,,,,1
D9071,C010,2025-08-14,T1,1,Total,7,,,,,1
D9072,C010,2025-08-14,T2,1,Total,8,,,,,1
D9073,C010,2025-08-14,T3,1,Total,9,,,,,1
D9074,C010,2025-08-15,T1,1,Total,7,,,,,1
D9075,C010,2025-08-15,T2,1,Total,8,,,,,1
D9076,C010,2025-08-15,T3,1,Total,9,,,,,1
D9077,C010,2025-08-16,T1,1,Total,7,,,,,1
D9078,C010,2025-08-16,T2,1,Total,8,,,,,1
D9079,C010,2025-08-16,T3,1,Total,9,,,,,1
D9080,C010,2025-08-17,T1,1,Total,7,,,,,1
D9081,C010,2025-08-17,T2,1,Total,8,,,,,1
D9082,C010,2025-08-17,T3,1,Total,9,,,,,1
D9083,C010,2025-08-18,T1,1,Total,7,,,,,1
D9084,C010,2025-08-18,T2,1,Total,8,,,,,1
D9085,C010,2025-08-18,T3,1,Total,9,,,,,1
D9086,C010,2025-08-19,T1,1,Parcial,4,consulta_medica,planeada,2025-08-16 19:00,60.0,1
D9087,C010,2025-08-19,T2,1,Total,8,,,,,1
D9088,C010,2025-08-19,T3,1,Total,9,,,,,1
D9089,C010,2025-08-20,T1,1,Total,7,,,,,1
D9090,C010,2025-08-20,T2,1,Total,8,,,,,1
D9091,C010,2025-08-20,T3,1,Total,9,,,,,1
D9092,C010,2025-08-21,T1,1,Total,7,,,,,1
D9093,C010,2025-08-21,T2,1,Total,8,,,,,1
D9094,C010,2025-08-21,T3,1,Total,9,,,,,1
D9095,C010,2025-08-22,T1,1,Total,7,,,,,1
D9096,C010,2025-08-22,T2,1,Total,8,,,,,1
D9097,C010,2025-08-22,T3,1,Total,9,,,,,1
D9098,C010,2025-08-23,T1,0,Indisponível,0,baixa,planeada,2025-08-08 00:12,366.8,1
D9099,C010,2025-08-23,T2,1,Total,8,,,,,1
D9100,C010,2025-08-23,T3,1,Total,9,,,,,1
D9101,C010,2025-08-24,T1,1,Total,7,,,,,1
D9102,C010,2025-08-24,T2,1,Total,8,,,,,1
D9103,C010,2025-08-24,T3,1,Total,9,,,,,1
D9104,C010,2025-08-25,T1,1,Total,7,,,,,1
D9105,C010,2025-08-25,T2,1,Total,8,,,,,1
D9106,C010,2025-08-25,T3,1,Total,9,,,,,1
D9107,C010,2025-08-26,T1,1,Total,7,,,,,1
D9108,C010,2025-08-26,T2,1,Total,8,,,,,1
D9109,C010,2025-08-26,T3,1,Total,9,,,,,1
D9110,C010,2025-08-27,T1,1,Total,7,,,,,1
D9111,C010,2025-08-27,T2,1,Total,8,,,,,1
D9112,C010,2025-08-27,T3,1,Total,9,,,,,1
D9113,C010,2025-08-28,T1,1,Total,7,,,,,1
D9114,C010,2025-08-28,T2,1,Total,8,,,,,1
D9115,C010,2025-08-28,T3,1,Total,9,,,,,1
D9116,C010,2025-08-29,T1,1,Total,7,,,,,1
D9117,C010,2025-08-29,T2,0,Indisponível,0,férias,planeada,2025-08-17 01:36,300.4,1
D9118,C010,2025-08-29,T3,1,Total,9,,,,,1
D9119,C010,2025-08-30,T1,1,Total,7,,,,,1
D9120,C010,2025-08-30,T2,1,Total,8,,,,,1
D9121,C010,2025-08-30,T3,1,Total,9,,,,,1
D9122,C010,2025-08-31,T1,1,Total,7,,,,,1
D9123,C010,2025-08-31,T2,1,Total,8,,,,,1
D9124,C010,2025-08-31,T3,1,Total,9,,,,,1
D9125,C010,2025-09-01,T1,1,Total,7,,,,,1
D9126,C010,2025-09-01,T2,1,Total,8,,,,,1
D9127,C010,2025-09-01,T3,1,Total,9,,,,,1
D9128,C010,2025-09-02,T1,1,Total,7,,,,,1
D9129,C010,2025-09-02,T2,1,Total,8,,,,,1
D9130,C010,2025-09-02,T3,1,Total,9,,,,,1
D9131,C010,2025-09-03,T1,0,Indisponível,0,folga,planeada,2025-08-07 02:42,652.3,1
D9132,C010,2025-09-03,T2,1,Total,8,,,,,1
D9133,C010,2025-09-03,T3,1,Total,9,,,,,1
D9134,C010,2025-09-04,T1,1,Total,7,,,,,1
D9135,C010,2025-09-04,T2,0,Indisponível,0,preferencia_pessoal,planeada,2025-08-21 19:54,330.1,1
D9136,C010,2025-09-04,T3,1,Total,9,,,,,1
D9137,C010,2025-09-05,T1,1,Total,7,,,,,1
D9138,C010,2025-09-05,T2,1,Total,8,,,,,1
D9139,C010,2025-09-05,T3,1,Total,9,,,,,1
D9140,C010,2025-09-06,T1,1,Total,7,,,,,1
D9141,C010,2025-09-06,T2,1,Total,8,,,,,1
D9142,C010,2025-09-06,T3,1,Total,9,,,,,1
D9143,C010,2025-09-07,T1,1,Total,7,,,,,1
D9144,C010,2025-09-07,T2,1,Total,8,,,,,1
D9145,C010,2025-09-07,T3,1,Total,9,,,,,1
D9146,C010,2025-09-08,T1,1,Total,7,,,,,1
D9147,C010,2025-09-08,T2,1,Total,8,,,,,1
D9148,C010,2025-09-08,T3,1,Total,9,,,,,1
D9149,C010,2025-09-09,T1,1,Total,7,,,,,1
D9150,C010,2025-09-09,T2,1,Parcial,4,preferencia_pessoal,planeada,2025-09-01 21:00,185.0,1
D9151,C010,2025-09-09,T3,1,Total,9,,,,,1
D9152,C010,2025-09-10,T1,1,Parcial,4,formação,planeada,2025-08-28 07:06,311.9,1
D9153,C010,2025-09-10,T2,1,Total,8,,,,,1
D9154,C010,2025-09-10,T3,1,Total,9,,,,,1
D9155,C010,2025-09-11,T1,1,Total,7,,,,,1
D9156,C010,2025-09-11,T2,1,Total,8,,,,,1
D9157,C010,2025-09-11,T3,1,Total,9,,,,,1
D9158,C010,2025-09-12,T1,1,Parcial,4,consulta_medica,planeada,2025-08-30 00:18,318.7,1
D9159,C010,2025-09-12,T2,1,Parcial,4,formação,planeada,2025-09-09 19:12,66.8,1
D9160,C010,2025-09-12,T3,1,Total,9,,,,,1
D9161,C010,2025-09-13,T1,1,Total,7,,,,,1
D9162,C010,2025-09-13,T2,1,Total,8,,,,,1
D9163,C010,2025-09-13,T3,1,Total,9,,,,,1
D9164,C010,2025-09-14,T1,1,Total,7,,,,,1
D9165,C010,2025-09-14,T2,1,Parcial,4,preferencia_pessoal,planeada,2025-09-09 21:42,112.3,1
D9166,C010,2025-09-14,T3,1,Total,9,,,,,1
D9167,C010,2025-09-15,T1,1,Total,7,,,,,1
D9168,C010,2025-09-15,T2,1,Parcial,4,consulta_medica,planeada,2025-09-03 07:06,294.9,1
D9169,C010,2025-09-15,T3,1,Total,9,,,,,1
D9170,C010,2025-09-16,T1,1,Parcial,4,consulta_medica,planeada,2025-09-02 18:18,324.7,1
D9171,C010,2025-09-16,T2,1,Total,8,,,,,1
D9172,C010,2025-09-16,T3,1,Total,9,,,,,1
D9173,C010,2025-09-17,T1,1,Total,7,,,,,1
D9174,C010,2025-09-17,T2,1,Total,8,,,,,1
D9175,C010,2025-09-17,T3,1,Total,9,,,,,1
D9176,C010,2025-09-18,T1,1,Total,7,,,,,1
D9177,C010,2025-09-18,T2,1,Total,8,,,,,1
D9178,C010,2025-09-18,T3,1,Total,9,,,,,1
D9179,C010,2025-09-19,T1,1,Total,7,,,,,1
D9180,C010,2025-09-19,T2,1,Total,8,,,,,1
D9181,C010,2025-09-19,T3,1,Parcial,4,consulta_medica,planeada,2025-09-14 04:18,137.7,1
D9182,C010,2025-09-20,T1,1,Total,7,,,,,1
D9183,C010,2025-09-20,T2,1,Total,8,,,,,1
D9184,C010,2025-09-20,T3,0,Indisponível,0,nao_autorizado_fds,planeada,2025-08-27 16:30,581.5,1
D9185,C010,2025-09-21,T1,1,Total,7,,,,,1
D9186,C010,2025-09-21,T2,1,Parcial,4,formação,planeada,2025-09-18 21:24,64.6,1
D9187,C010,2025-09-21,T3,1,Total,9,,,,,1
D9188,C010,2025-09-22,T1,1,Total,7,,,,,1
D9189,C010,2025-09-22,T2,1,Total,8,,,,,1
D9190,C010,2025-09-22,T3,1,Total,9,,,,,1
D9191,C010,2025-09-23,T1,1,Total,7,,,,,1
D9192,C010,2025-09-23,T2,1,Total,8,,,,,1
D9193,C010,2025-09-23,T3,0,Indisponível,0,restrição_noite,planeada,2025-08-31 00:48,573.2,1
D9194,C010,2025-09-24,T1,1,Total,7,,,,,1
D9195,C010,2025-09-24,T2,1,Total,8,,,,,1
D9196,C010,2025-09-24,T3,1,Total,9,,,,,1
D9197,C010,2025-09-25,T1,1,Total,7,,,,,1
D9198,C010,2025-09-25,T2,1,Total,8,,,,,1
D9199,C010,2025-09-25,T3,1,Total,9,,,,,1
D9200,C010,2025-09-26,T1,1,Total,7,,,,,1
D9201,C010,2025-09-26,T2,1,Total,8,,,,,1
D9202,C010,2025-09-26,T3,1,Total,9,,,,,1
D9203,C010,2025-09-27,T1,1,Total,7,,,,,1
D9204,C010,2025-09-27,T2,1,Total,8,,,,,1
D9205,C010,2025-09-27,T3,1,Total,9,,,,,1
D9206,C010,2025-09-28,T1,1,Total,7,,,,,1
D9207,C010,2025-09-28,T2,1,Total,8,,,,,1
D9208,C010,2025-09-28,T3,1,Total,9,,,,,1
D9209,C010,2025-09-29,T1,1,Total,7,,,,,1
D9210,C010,2025-09-29,T2,1,Total,8,,,,,1
D9211,C010,2025-09-29,T3,1,Total,9,,,,,1
D9212,C010,2025-09-30,T1,1,Total,7,,,,,1
D9213,C010,2025-09-30,T2,0,Indisponível,0,folga,planeada,2025-09-13 05:48,416.2,1
D9214,C010,2025-09-30,T3,0,Indisponível,0,formação,planeada,2025-09-19 10:12,275.8,1
D9215,C010,2025-10-01,T1,1,Total,7,,,,,1
D9216,C010,2025-10-01,T2,1,Total,8,,,,,1
D9217,C010,2025-10-01,T3,0,Indisponível,0,férias,planeada,2025-09-17 17:54,340.1,1
D9218,C010,2025-10-02,T1,1,Total,7,,,,,1
D9219,C010,2025-10-02,T2,1,Parcial,4,formação,planeada,2025-09-24 01:54,204.1,1
D9220,C010,2025-10-02,T3,1,Total,9,,,,,1
D9221,C010,2025-10-03,T1,1,Total,7,,,,,1
D9222,C010,2025-10-03,T2,1,Total,8,,,,,1
D9223,C010,2025-10-03,T3,1,Total,9,,,,,1
D9224,C010,2025-10-04,T1,1,Total,7,,,,,1
D9225,C010,2025-10-04,T2,0,Indisponível,0,restrição_noite,planeada,2025-09-24 17:30,236.5,1
D9226,C010,2025-10-04,T3,1,Total,9,,,,,1
D9227,C010,2025-10-05,T1,1,Total,7,,,,,1
D9228,C010,2025-10-05,T2,1,Total,8,,,,,1
D9229,C010,2025-10-05,T3,1,Total,9,,,,,1
D9230,C010,2025-10-06,T1,1,Parcial,4,consulta_medica,planeada,2025-09-26 19:36,227.4,1
D9231,C010,2025-10-06,T2,1,Total,8,,,,,1
D9232,C010,2025-10-06,T3,1,Total,9,,,,,1
D9233,C010,2025-10-07,T1,1,Total,7,,,,,1
D9234,C010,2025-10-07,T2,1,Total,8,,,,,1
D9235,C010,2025-10-07,T3,1,Total,9,,,,,1
D9236,C010,2025-10-08,T1,1,Total,7,,,,,1
D9237,C010,2025-10-08,T2,1,Total,8,,,,,1
D9238,C010,2025-10-08,T3,1,Total,9,,,,,1
D9239,C010,2025-10-09,T1,1,Total,7,,,,,1
D9240,C010,2025-10-09,T2,1,Total,8,,,,,1
D9241,C010,2025-10-09,T3,1,Total,9,,,,,1
D9242,C010,2025-10-10,T1,0,Indisponível,0,férias,planeada,2025-10-04 08:12,142.8,1
D9243,C010,2025-10-10,T2,1,Parcial,4,preferencia_pessoal,planeada,2025-09-27 12:12,313.8,1
D9244,C010,2025-10-10,T3,1,Total,9,,,,,1
D9245,C010,2025-10-11,T1,1,Parcial,4,formação,planeada,2025-10-09 12:12,42.8,1
D9246,C010,2025-10-11,T2,1,Total,8,,,,,1
D9247,C010,2025-10-11,T3,1,Total,9,,,,,1
D9248,C010,2025-10-12,T1,1,Parcial,4,consulta_medica,planeada,2025-10-03 22:24,200.6,1
D9249,C010,2025-10-12,T2,1,Total,8,,,,,1
D9250,C010,2025-10-12,T3,1,Total,9,,,,,1
D9251,C010,2025-10-13,T1,1,Total,7,,,,,1
D9252,C010,2025-10-13,T2,1,Total,8,,,,,1
D9253,C010,2025-10-13,T3,1,Total,9,,,,,1
D9254,C010,2025-10-14,T1,1,Total,7,,,,,1
D9255,C010,2025-10-14,T2,1,Total,8,,,,,1
D9256,C010,2025-10-14,T3,1,Total,9,,,,,1
D9257,C010,2025-10-15,T1,1,Total,7,,,,,1
D9258,C010,2025-10-15,T2,1,Total,8,,,,,1
D9259,C010,2025-10-15,T3,1,Total,9,,,,,1
D9260,C010,2025-10-16,T1,1,Total,7,,,,,1
D9261,C010,2025-10-16,T2,1,Total,8,,,,,1
D9262,C010,2025-10-16,T3,1,Total,9,,,,,1
D9263,C010,2025-10-17,T1,1,Total,7,,,,,1
D9264,C010,2025-10-17,T2,0,Indisponível,0,nao_autorizado_fds,planeada,2025-10-04 16:30,309.5,1
D9265,C010,2025-10-17,T3,1,Total,9,,,,,1
D9266,C010,2025-10-18,T1,1,Total,7,,,,,1
D9267,C010,2025-10-18,T2,1,Parcial,4,preferencia_pessoal,planeada,2025-10-16 19:24,42.6,1
D9268,C010,2025-10-18,T3,0,Indisponível,0,nao_autorizado_fds,planeada,2025-10-17 03:54,42.1,1
D9269,C010,2025-10-19,T1,1,Total,7,,,,,1
D9270,C010,2025-10-19,T2,1,Total,8,,,,,1
D9271,C010,2025-10-19,T3,1,Parcial,4,preferencia_pessoal,planeada,2025-10-11 10:36,203.4,1
D9272,C010,2025-10-20,T1,1,Total,7,,,,,1
D9273,C010,2025-10-20,T2,1,Total,8,,,,,1
D9274,C010,2025-10-20,T3,1,Total,9,,,,,1
D9275,C010,2025-10-21,T1,1,Total,7,,,,,1
D9276,C010,2025-10-21,T2,1,Total,8,,,,,1
D9277,C010,2025-10-21,T3,1,Total,9,,,,,1
D9278,C010,2025-10-22,T1,1,Parcial,4,preferencia_pessoal,planeada,2025-10-15 10:36,164.4,1
D9279,C010,2025-10-22,T2,1,Total,8,,,,,1
D9280,C010,2025-10-22,T3,1,Total,9,,,,,1
D9281,C010,2025-10-23,T1,1,Total,7,,,,,1
D9282,C010,2025-10-23,T2,1,Total,8,,,,,1
D9283,C010,2025-10-23,T3,1,Total,9,,,,,1
D9284,C010,2025-10-24,T1,1,Total,7,,,,,1
D9285,C010,2025-10-24,T2,0,Indisponível,0,consulta_medica,inesperada,2025-10-24 04:24,9.6,1
D9286,C010,2025-10-24,T3,1,Total,9,,,,,1
D9287,C010,2025-10-25,T1,1,Total,7,,,,,1
D9288,C010,2025-10-25,T2,1,Parcial,4,formação,planeada,2025-10-16 19:18,210.7,1
D9289,C010,2025-10-25,T3,1,Total,9,,,,,1
D9290,C010,2025-10-26,T1,1,Total,7,,,,,1
D9291,C010,2025-10-26,T2,1,Total,8,,,,,1
D9292,C010,2025-10-26,T3,1,Total,9,,,,,1
D9293,C010,2025-10-27,T1,1,Total,7,,,,,1
D9294,C010,2025-10-27,T2,1,Total,8,,,,,1
D9295,C010,2025-10-27,T3,1,Total,9,,,,,1
D9296,C010,2025-10-28,T1,1,Total,7,,,,,1
D9297,C010,2025-10-28,T2,1,Total,8,,,,,1
D9298,C010,2025-10-28,T3,1,Parcial,4,preferencia_pessoal,planeada,2025-10-24 23:24,94.6,1
D9299,C010,2025-10-29,T1,1,Total,7,,,,,1
D9300,C010,2025-10-29,T2,1,Total,8,,,,,1
D9301,C010,2025-10-29,T3,1,Total,9,,,,,1
D9302,C010,2025-10-30,T1,1,Total,7,,,,,1
D9303,C010,2025-10-30,T2,1,Total,8,,,,,1
D9304,C010,2025-10-30,T3,1,Parcial,4,preferencia_pessoal,planeada,2025-10-19 10:06,275.9,1
D9305,C010,2025-10-31,T1,1,Parcial,4,consulta_medica,planeada,2025-10-29 00:06,54.9,1
D9306,C010,2025-10-31,T2,1,Total,8,,,,,1
D9307,C010,2025-10-31,T3,1,Total,9,,,,,1
D9308,C010,2025-11-01,T1,0,Indisponível,0,folga,planeada,2025-10-20 03:30,291.5,1
D9309,C010,2025-11-01,T2,1,Total,8,,,,,1
D9310,C010,2025-11-01,T3,1,Total,9,,,,,1
D9311,C010,2025-11-02,T1,1,Parcial,4,preferencia_pessoal,planeada,2025-10-23 23:48,223.2,1
D9312,C010,2025-11-02,T2,1,Parcial,4,formação,planeada,2025-10-27 12:06,145.9,1
D9313,C010,2025-11-02,T3,1,Total,9,,,,,1
D9314,C010,2025-11-03,T1,1,Total,7,,,,,1
D9315,C010,2025-11-03,T2,1,Total,8,,,,,1
D9316,C010,2025-11-03,T3,1,Total,9,,,,,1
D9317,C010,2025-11-04,T1,1,Total,7,,,,,1
D9318,C010,2025-11-04,T2,1,Total,8,,,,,1
D9319,C010,2025-11-04,T3,1,Total,9,,,,,1
D9320,C010,2025-11-05,T1,1,Total,7,,,,,1
D9321,C010,2025-11-05,T2,1,Total,8,,,,,1
D9322,C010,2025-11-05,T3,1,Total,9,,,,,1
D9323,C010,2025-11-06,T1,1,Total,7,,,,,1
D9324,C010,2025-11-06,T2,1,Total,8,,,,,1
D9325,C010,2025-11-06,T3,1,Total,9,,,,,1
D9326,C010,2025-11-07,T1,1,Total,7,,,,,1
D9327,C010,2025-11-07,T2,1,Total,8,,,,,1
D9328,C010,2025-11-07,T3,1,Total,9,,,,,1
D9329,C010,2025-11-08,T1,1,Total,7,,,,,1
D9330,C010,2025-11-08,T2,1,Total,8,,,,,1
D9331,C010,2025-11-08,T3,1,Total,9,,,,,1
D9332,C010,2025-11-09,T1,1,Total,7,,,,,1
D9333,C010,2025-11-09,T2,1,Total,8,,,,,1
D9334,C010,2025-11-09,T3,1,Total,9,,,,,1
D9335,C010,2025-11-10,T1,1,Total,7,,,,,1
D9336,C010,2025-11-10,T2,1,Total,8,,,,,1
D9337,C010,2025-11-10,T3,1,Total,9,,,,,1
D9338,C010,2025-11-11,T1,1,Total,7,,,,,1
D9339,C010,2025-11-11,T2,1,Total,8,,,,,1
D9340,C010,2025-11-11,T3,1,Total,9,,,,,1
D9341,C010,2025-11-12,T1,1,Parcial,4,formação,planeada,2025-11-09 21:24,57.6,1
D9342,C010,2025-11-12,T2,1,Total,8,,,,,1
D9343,C010,2025-11-12,T3,1,Total,9,,,,,1
D9344,C010,2025-11-13,T1,1,Total,7,,,,,1
D9345,C010,2025-11-13,T2,1,Total,8,,,,,1
D9346,C010,2025-11-13,T3,1,Parcial,4,preferencia_pessoal,planeada,2025-11-08 17:18,124.7,1
D9347,C010,2025-11-14,T1,1,Total,7,,,,,1
D9348,C010,2025-11-14,T2,1,Total,8,,,,,1
D9349,C010,2025-11-14,T3,1,Total,9,,,,,1
D9350,C010,2025-11-15,T1,1,Total,7,,,,,1
D9351,C010,2025-11-15,T2,1,Total,8,,,,,1
D9352,C010,2025-11-15,T3,1,Total,9,,,,,1
D9353,C010,2025-11-16,T1,1,Total,7,,,,,1
D9354,C010,2025-11-16,T2,1,Total,8,,,,,1
D9355,C010,2025-11-16,T3,1,Total,9,,,,,1
D9356,C010,2025-11-17,T1,1,Total,7,,,,,1
D9357,C010,2025-11-17,T2,1,Total,8,,,,,1
D9358,C010,2025-11-17,T3,1,Total,9,,,,,1
D9359,C010,2025-11-18,T1,1,Total,7,,,,,1
D9360,C010,2025-11-18,T2,1,Total,8,,,,,1
D9361,C010,2025-11-18,T3,1,Total,9,,,,,1
D9362,C010,2025-11-19,T1,1,Total,7,,,,,1
D9363,C010,2025-11-19,T2,1,Total,8,,,,,1
D9364,C010,2025-11-19,T3,1,Total,9,,,,,1
D9365,C010,2025-11-20,T1,1,Total,7,,,,,1
D9366,C010,2025-11-20,T2,1,Parcial,4,consulta_medica,planeada,2025-11-10 00:12,253.8,1
D9367,C010,2025-11-20,T3,1,Parcial,4,formação,planeada,2025-11-17 03:48,90.2,1
D9368,C010,2025-11-21,T1,1,Total,7,,,,,1
D9369,C010,2025-11-21,T2,1,Total,8,,,,,1
D9370,C010,2025-11-21,T3,1,Total,9,,,,,1
D9371,C010,2025-11-22,T1,1,Total,7,,,,,1
D9372,C010,2025-11-22,T2,1,Total,8,,,,,1
D9373,C010,2025-11-22,T3,1,Total,9,,,,,1
D9374,C010,2025-11-23,T1,1,Total,7,,,,,1
D9375,C010,2025-11-23,T2,1,Total,8,,,,,1
D9376,C010,2025-11-23,T3,1,Total,9,,,,,1
D9377,C010,2025-11-24,T1,1,Total,7,,,,,1
D9378,C010,2025-11-24,T2,0,Indisponível,0,preferencia_pessoal,planeada,2025-11-14 10:12,243.8,1
D9379,C010,2025-11-24,T3,1,Total,9,,,,,1
D9380,C010,2025-11-25,T1,1,Total,7,,,,,1
D9381,C010,2025-11-25,T2,1,Total,8,,,,,1
D9382,C010,2025-11-25,T3,0,Indisponível,0,folga,planeada,2025-11-22 05:12,88.8,1
D9383,C010,2025-11-26,T1,1,Total,7,,,,,1
D9384,C010,2025-11-26,T2,1,Total,8,,,,,1
D9385,C010,2025-11-26,T3,1,Total,9,,,,,1
D9386,C010,2025-11-27,T1,1,Total,7,,,,,1
D9387,C010,2025-11-27,T2,1,Total,8,,,,,1
D9388,C010,2025-11-27,T3,1,Total,9,,,,,1
D9389,C010,2025-11-28,T1,1,Total,7,,,,,1
D9390,C010,2025-11-28,T2,1,Total,8,,,,,1
D9391,C010,2025-11-28,T3,1,Total,9,,,,,1
D9392,C010,2025-11-29,T1,1,Total,7,,,,,1
D9393,C010,2025-11-29,T2,1,Total,8,,,,,1
D9394,C010,2025-11-29,T3,1,Total,9,,,,,1
D9395,C010,2025-11-30,T1,1,Total,7,,,,,1
D9396,C010,2025-11-30,T2,1,Total,8,,,,,1
D9397,C010,2025-11-30,T3,1,Total,9,,,,,1
D9398,C010,2025-12-01,T1,1,Total,7,,,,,1
D9399,C010,2025-12-01,T2,1,Total,8,,,,,1
D9400,C010,2025-12-01,T3,1,Total,9,,,,,1
D9401,C010,2025-12-02,T1,1,Total,7,,,,,1
D9402,C010,2025-12-02,T2,1,Total,8,,,,,1
D9403,C010,2025-12-02,T3,1,Total,9,,,,,1
D9404,C010,2025-12-03,T1,1,Total,7,,,,,1
D9405,C010,2025-12-03,T2,1,Parcial,4,consulta_medica,planeada,2025-11-29 23:06,86.9,1
D9406,C010,2025-12-03,T3,1,Total,9,,,,,1
D9407,C010,2025-12-04,T1,1,Total,7,,,,,1
D9408,C010,2025-12-04,T2,1,Total,8,,,,,1
D9409,C010,2025-12-04,T3,1,Parcial,4,consulta_medica,planeada,2025-11-24 17:12,244.8,1
D9410,C010,2025-12-05,T1,1,Total,7,,,,,1
D9411,C010,2025-12-05,T2,1,Total,8,,,,,1
D9412,C010,2025-12-05,T3,1,Parcial,4,preferencia_pessoal,planeada,2025-12-05 06:12,15.8,1
D9413,C010,2025-12-06,T1,1,Total,7,,,,,1
D9414,C010,2025-12-06,T2,1,Total,8,,,,,1
D9415,C010,2025-12-06,T3,1,Total,9,,,,,1
D9416,C010,2025-12-07,T1,1,Total,7,,,,,1
D9417,C010,2025-12-07,T2,1,Total,8,,,,,1
D9418,C010,2025-12-07,T3,1,Parcial,4,consulta_medica,planeada,2025-11-29 03:48,210.2,1
D9419,C010,2025-12-08,T1,1,Total,7,,,,,1
D9420,C010,2025-12-08,T2,1,Total,8,,,,,1
D9421,C010,2025-12-08,T3,1,Total,9,,,,,1
D9422,C010,2025-12-09,T1,1,Total,7,,,,,1
D9423,C010,2025-12-09,T2,1,Total,8,,,,,1
D9424,C010,2025-12-09,T3,0,Indisponível,0,formação,planeada,2025-11-23 10:54,395.1,1
D9425,C010,2025-12-10,T1,1,Total,7,,,,,1
D9426,C010,2025-12-10,T2,1,Total,8,,,,,1
D9427,C010,2025-12-10,T3,0,Indisponível,0,restrição_noite,planeada,2025-11-16 07:30,590.5,1
D9428,C010,2025-12-11,T1,1,Total,7,,,,,1
D9429,C010,2025-12-11,T2,1,Total,8,,,,,1
D9430,C010,2025-12-11,T3,1,Total,9,,,,,1
D9431,C010,2025-12-12,T1,1,Parcial,4,formação,planeada,2025-11-29 07:24,311.6,1
D9432,C010,2025-12-12,T2,0,Indisponível,0,formação,planeada,2025-11-14 12:18,673.7,1
D9433,C010,2025-12-12,T3,1,Total,9,,,,,1
D9434,C010,2025-12-13,T1,1,Total,7,,,,,1
D9435,C010,2025-12-13,T2,1,Total,8,,,,,1
D9436,C010,2025-12-13,T3,1,Total,9,,,,,1
D9437,C010,2025-12-14,T1,1,Total,7,,,,,1
D9438,C010,2025-12-14,T2,1,Total,8,,,,,1
D9439,C010,2025-12-14,T3,1,Total,9,,,,,1
D9440,C010,2025-12-15,T1,1,Total,7,,,,,1
D9441,C010,2025-12-15,T2,1,Total,8,,,,,1
D9442,C010,2025-12-15,T3,1,Total,9,,,,,1
D9443,C010,2025-12-16,T1,0,Indisponível,0,folga,planeada,2025-11-21 09:18,597.7,1
D9444,C010,2025-12-16,T2,1,Total,8,,,,,1
D9445,C010,2025-12-16,T3,1,Total,9,,,,,1
D9446,C010,2025-12-17,T1,1,Parcial,4,consulta_medica,planeada,2025-12-13 17:54,85.1,1
D9447,C010,2025-12-17,T2,0,Indisponível,0,consulta_medica,planeada,2025-12-06 06:24,271.6,1
D9448,C010,2025-12-17,T3,1,Total,9,,,,,1
D9449,C010,2025-12-18,T1,1,Total,7,,,,,1
D9450,C010,2025-12-18,T2,1,Total,8,,,,,1
D9451,C010,2025-12-18,T3,1,Total,9,,,,,1
D9452,C010,2025-12-19,T1,1,Total,7,,,,,1
D9453,C010,2025-12-19,T2,1,Total,8,,,,,1
D9454,C010,2025-12-19,T3,1,Total,9,,,,,1
D9455,C010,2025-12-20,T1,1,Total,7,,,,,1
D9456,C010,2025-12-20,T2,1,Total,8,,,,,1
D9457,C010,2025-12-20,T3,0,Indisponível,0,folga,planeada,2025-11-25 13:12,608.8,1
D9458,C010,2025-12-21,T1,1,Total,7,,,,,1
D9459,C010,2025-12-21,T2,1,Parcial,4,consulta_medica,planeada,2025-12-18 05:24,80.6,1
D9460,C010,2025-12-21,T3,1,Total,9,,,,,1
D9461,C010,2025-12-22,T1,1,Total,7,,,,,1
D9462,C010,2025-12-22,T2,1,Total,8,,,,,1
D9463,C010,2025-12-22,T3,1,Total,9,,,,,1
D9464,C010,2025-12-23,T1,1,Total,7,,,,,1
D9465,C010,2025-12-23,T2,1,Total,8,,,,,1
D9466,C010,2025-12-23,T3,1,Total,9,,,,,1
D9467,C010,2025-12-24,T1,1,Total,7,,,,,1
D9468,C010,2025-12-24,T2,1,Total,8,,,,,1
D9469,C010,2025-12-24,T3,1,Total,9,,,,,1
D9470,C010,2025-12-25,T1,1,Total,7,,,,,1
D9471,C010,2025-12-25,T2,1,Total,8,,,,,1
D9472,C010,2025-12-25,T3,1,Total,9,,,,,1
D9473,C010,2025-12-26,T1,1,Total,7,,,,,1
D9474,C010,2025-12-26,T2,1,Total,8,,,,,1
D9475,C010,2025-12-26,T3,1,Total,9,,,,,1
D9476,C010,2025-12-27,T1,1,Total,7,,,,,1
D9477,C010,2025-12-27,T2,1,Total,8,,,,,1
D9478,C010,2025-12-27,T3,1,Total,9,,,,,1
D9479,C010,2025-12-28,T1,1,Total,7,,,,,1
D9480,C010,2025-12-28,T2,1,Total,8,,,,,1
D9481,C010,2025-12-28,T3,1,Total,9,,,,,1
D9482,C010,2025-12-29,T1,1,Total,7,,,,,1
D9483,C010,2025-12-29,T2,1,Total,8,,,,,1
D9484,C010,2025-12-29,T3,1,Total,9,,,,,1
D9485,C010,2025-12-30,T1,1,Total,7,,,,,1
D9486,C010,2025-12-30,T2,1,Total,8,,,,,1
D9487,C010,2025-12-30,T3,1,Total,9,,,,,1
D9488,C010,2025-12-31,T1,1,Total,7,,,,,1
D9489,C010,2025-12-31,T2,1,Total,8,,,,,1
D9490,C010,2025-12-31,T3,1,Total,9,,,,,1
D9491,C011,2025-01-01,T1,1,Parcial,4,consulta_medica,planeada,2024-12-21 00:54,270.1,1
D9492,C011,2025-01-01,T2,1,Total,8,,,,,1
D9493,C011,2025-01-01,T3,1,Total,9,,,,,1
D9494,C011,2025-01-02,T1,1,Total,7,,,,,1
D9495,C011,2025-01-02,T2,1,Total,8,,,,,1
D9496,C011,2025-01-02,T3,1,Parcial,4,preferencia_pessoal,planeada,2024-12-28 02:06,139.9,1
D9497,C011,2025-01-03,T1,1,Total,7,,,,,1
D9498,C011,2025-01-03,T2,1,Total,8,,,,,1
D9499,C011,2025-01-03,T3,1,Total,9,,,,,1
D9500,C011,2025-01-04,T1,1,Total,7,,,,,1
D9501,C011,2025-01-04,T2,1,Total,8,,,,,1
D9502,C011,2025-01-04,T3,1,Total,9,,,,,1
D9503,C011,2025-01-05,T1,1,Parcial,4,preferencia_pessoal,planeada,2024-12-28 22:18,176.7,1
D9504,C011,2025-01-05,T2,1,Total,8,,,,,1
D9505,C011,2025-01-05,T3,1,Parcial,4,preferencia_pessoal,planeada,2024-12-31 20:06,121.9,1
D9506,C011,2025-01-06,T1,1,Parcial,4,consulta_medica,planeada,2025-01-01 07:24,119.6,1
D9507,C011,2025-01-06,T2,1,Total,8,,,,,1
D9508,C011,2025-01-06,T3,0,Indisponível,0,baixa,planeada,2025-01-02 07:06,110.9,1
D9509,C011,2025-01-07,T1,1,Total,7,,,,,1
D9510,C011,2025-01-07,T2,1,Total,8,,,,,1
D9511,C011,2025-01-07,T3,1,Parcial,4,consulta_medica,planeada,2024-12-29 23:36,214.4,1
D9512,C011,2025-01-08,T1,1,Total,7,,,,,1
D9513,C011,2025-01-08,T2,1,Total,8,,,,,1
D9514,C011,2025-01-08,T3,1,Parcial,4,preferencia_pessoal,planeada,2025-01-02 04:42,161.3,1
D9515,C011,2025-01-09,T1,1,Total,7,,,,,1
D9516,C011,2025-01-09,T2,1,Total,8,,,,,1
D9517,C011,2025-01-09,T3,0,Indisponível,0,consulta_medica,planeada,2024-12-17 13:06,560.9,1
D9518,C011,2025-01-10,T1,1,Total,7,,,,,1
D9519,C011,2025-01-10,T2,1,Total,8,,,,,1
D9520,C011,2025-01-10,T3,1,Total,9,,,,,1
D9521,C011,2025-01-11,T1,1,Parcial,4,preferencia_pessoal,planeada,2024-12-31 13:36,257.4,1
D9522,C011,2025-01-11,T2,1,Total,8,,,,,1
D9523,C011,2025-01-11,T3,1,Parcial,4,consulta_medica,planeada,2025-01-04 22:12,167.8,1
D9524,C011,2025-01-12,T1,1,Total,7,,,,,1
D9525,C011,2025-01-12,T2,1,Total,8,,,,,1
D9526,C011,2025-01-12,T3,1,Total,9,,,,,1
D9527,C011,2025-01-13,T1,1,Parcial,4,formação,planeada,2025-01-03 02:00,245.0,1
D9528,C011,2025-01-13,T2,1,Total,8,,,,,1
D9529,C011,2025-01-13,T3,1,Total,9,,,,,1
D9530,C011,2025-01-14,T1,1,Total,7,,,,,1
D9531,C011,2025-01-14,T2,1,Total,8,,,,,1
D9532,C011,2025-01-14,T3,1,Total,9,,,,,1
D9533,C011,2025-01-15,T1,1,Total,7,,,,,1
D9534,C011,2025-01-15,T2,1,Total,8,,,,,1
D9535,C011,2025-01-15,T3,1,Total,9,,,,,1
D9536,C011,2025-01-16,T1,1,Total,7,,,,,1
D9537,C011,2025-01-16,T2,1,Total,8,,,,,1
D9538,C011,2025-01-16,T3,1,Total,9,,,,,1
D9539,C011,2025-01-17,T1,1,Total,7,,,,,1
D9540,C011,2025-01-17,T2,1,Total,8,,,,,1
D9541,C011,2025-01-17,T3,1,Total,9,,,,,1
D9542,C011,2025-01-18,T1,1,Total,7,,,,,1
D9543,C011,2025-01-18,T2,1,Total,8,,,,,1
D9544,C011,2025-01-18,T3,1,Total,9,,,,,1
D9545,C011,2025-01-19,T1,1,Total,7,,,,,1
D9546,C011,2025-01-19,T2,0,Indisponível,0,férias,planeada,2025-01-17 21:24,40.6,1
D9547,C011,2025-01-19,T3,1,Total,9,,,,,1
D9548,C011,2025-01-20,T1,0,Indisponível,0,baixa,inesperada,2025-01-20 03:30,3.5,1
D9549,C011,2025-01-20,T2,1,Total,8,,,,,1
D9550,C011,2025-01-20,T3,1,Total,9,,,,,1
D9551,C011,2025-01-21,T1,1,Total,7,,,,,1
D9552,C011,2025-01-21,T2,1,Total,8,,,,,1
D9553,C011,2025-01-21,T3,1,Total,9,,,,,1
D9554,C011,2025-01-22,T1,1,Total,7,,,,,1
D9555,C011,2025-01-22,T2,1,Total,8,,,,,1
D9556,C011,2025-01-22,T3,1,Total,9,,,,,1
D9557,C011,2025-01-23,T1,1,Total,7,,,,,1
D9558,C011,2025-01-23,T2,1,Total,8,,,,,1
D9559,C011,2025-01-23,T3,1,Total,9,,,,,1
D9560,C011,2025-01-24,T1,1,Total,7,,,,,1
D9561,C011,2025-01-24,T2,1,Total,8,,,,,1
D9562,C011,2025-01-24,T3,1,Total,9,,,,,1
D9563,C011,2025-01-25,T1,1,Total,7,,,,,1
D9564,C011,2025-01-25,T2,1,Total,8,,,,,1
D9565,C011,2025-01-25,T3,1,Total,9,,,,,1
D9566,C011,2025-01-26,T1,0,Indisponível,0,consulta_medica,planeada,2025-01-24 05:30,49.5,1
D9567,C011,2025-01-26,T2,1,Total,8,,,,,1
D9568,C011,2025-01-26,T3,1,Total,9,,,,,1
D9569,C011,2025-01-27,T1,1,Total,7,,,,,1
D9570,C011,2025-01-27,T2,1,Total,8,,,,,1
D9571,C011,2025-01-27,T3,1,Total,9,,,,,1
D9572,C011,2025-01-28,T1,1,Total,7,,,,,1
D9573,C011,2025-01-28,T2,0,Indisponível,0,formação,planeada,2025-01-09 07:30,462.5,1
D9574,C011,2025-01-28,T3,1,Total,9,,,,,1
D9575,C011,2025-01-29,T1,1,Total,7,,,,,1
D9576,C011,2025-01-29,T2,1,Total,8,,,,,1
D9577,C011,2025-01-29,T3,1,Parcial,4,consulta_medica,planeada,2025-01-18 14:12,271.8,1
D9578,C011,2025-01-30,T1,1,Total,7,,,,,1
D9579,C011,2025-01-30,T2,1,Total,8,,,,,1
D9580,C011,2025-01-30,T3,1,Total,9,,,,,1
D9581,C011,2025-01-31,T1,1,Total,7,,,,,1
D9582,C011,2025-01-31,T2,1,Total,8,,,,,1
D9583,C011,2025-01-31,T3,1,Total,9,,,,,1
D9584,C011,2025-02-01,T1,1,Total,7,,,,,1
D9585,C011,2025-02-01,T2,1,Total,8,,,,,1
D9586,C011,2025-02-01,T3,1,Total,9,,,,,1
D9587,C011,2025-02-02,T1,1,Total,7,,,,,1
D9588,C011,2025-02-02,T2,1,Total,8,,,,,1
D9589,C011,2025-02-02,T3,1,Total,9,,,,,1
D9590,C011,2025-02-03,T1,1,Total,7,,,,,1
D9591,C011,2025-02-03,T2,1,Total,8,,,,,1
D9592,C011,2025-02-03,T3,1,Total,9,,,,,1
D9593,C011,2025-02-04,T1,1,Total,7,,,,,1
D9594,C011,2025-02-04,T2,1,Total,8,,,,,1
D9595,C011,2025-02-04,T3,1,Total,9,,,,,1
D9596,C011,2025-02-05,T1,1,Total,7,,,,,1
D9597,C011,2025-02-05,T2,1,Total,8,,,,,1
D9598,C011,2025-02-05,T3,1,Total,9,,,,,1
D9599,C011,2025-02-06,T1,1,Total,7,,,,,1
D9600,C011,2025-02-06,T2,1,Total,8,,,,,1
D9601,C011,2025-02-06,T3,1,Total,9,,,,,1
D9602,C011,2025-02-07,T1,1,Total,7,,,,,1
D9603,C011,2025-02-07,T2,1,Total,8,,,,,1
D9604,C011,2025-02-07,T3,1,Total,9,,,,,1
D9605,C011,2025-02-08,T1,1,Total,7,,,,,1
D9606,C011,2025-02-08,T2,1,Total,8,,,,,1
D9607,C011,2025-02-08,T3,1,Total,9,,,,,1
D9608,C011,2025-02-09,T1,0,Indisponível,0,restrição_noite,planeada,2025-01-17 11:24,547.6,1
D9609,C011,2025-02-09,T2,1,Total,8,,,,,1
D9610,C011,2025-02-09,T3,1,Total,9,,,,,1
D9611,C011,2025-02-10,T1,1,Total,7,,,,,1
D9612,C011,2025-02-10,T2,1,Total,8,,,,,1
D9613,C011,2025-02-10,T3,1,Parcial,4,consulta_medica,planeada,2025-02-09 07:24,38.6,1
D9614,C011,2025-02-11,T1,1,Total,7,,,,,1
D9615,C011,2025-02-11,T2,1,Total,8,,,,,1
D9616,C011,2025-02-11,T3,1,Total,9,,,,,1
D9617,C011,2025-02-12,T1,1,Total,7,,,,,1
D9618,C011,2025-02-12,T2,1,Total,8,,,,,1
D9619,C011,2025-02-12,T3,1,Total,9,,,,,1
D9620,C011,2025-02-13,T1,1,Total,7,,,,,1
D9621,C011,2025-02-13,T2,1,Total,8,,,,,1
D9622,C011,2025-02-13,T3,0,Indisponível,0,férias,planeada,2025-02-06 15:48,174.2,1
D9623,C011,2025-02-14,T1,1,Total,7,,,,,1
D9624,C011,2025-02-14,T2,1,Total,8,,,,,1
D9625,C011,2025-02-14,T3,1,Total,9,,,,,1
D9626,C011,2025-02-15,T1,1,Total,7,,,,,1
D9627,C011,2025-02-15,T2,1,Total,8,,,,,1
D9628,C011,2025-02-15,T3,1,Total,9,,,,,1
D9629,C011,2025-02-16,T1,0,Indisponível,0,folga,planeada,2025-02-04 15:54,279.1,1
D9630,C011,2025-02-16,T2,1,Total,8,,,,,1
D9631,C011,2025-02-16,T3,1,Total,9,,,,,1
D9632,C011,2025-02-17,T1,1,Total,7,,,,,1
D9633,C011,2025-02-17,T2,1,Total,8,,,,,1
D9634,C011,2025-02-17,T3,1,Total,9,,,,,1
D9635,C011,2025-02-18,T1,1,Total,7,,,,,1
D9636,C011,2025-02-18,T2,1,Total,8,,,,,1
D9637,C011,2025-02-18,T3,1,Total,9,,,,,1
D9638,C011,2025-02-19,T1,1,Total,7,,,,,1
D9639,C011,2025-02-19,T2,1,Total,8,,,,,1
D9640,C011,2025-02-19,T3,1,Total,9,,,,,1
D9641,C011,2025-02-20,T1,1,Total,7,,,,,1
D9642,C011,2025-02-20,T2,1,Total,8,,,,,1
D9643,C011,2025-02-20,T3,1,Total,9,,,,,1
D9644,C011,2025-02-21,T1,1,Total,7,,,,,1
D9645,C011,2025-02-21,T2,1,Total,8,,,,,1
D9646,C011,2025-02-21,T3,1,Total,9,,,,,1
D9647,C011,2025-02-22,T1,1,Total,7,,,,,1
D9648,C011,2025-02-22,T2,1,Parcial,4,preferencia_pessoal,planeada,2025-02-21 13:48,24.2,1
D9649,C011,2025-02-22,T3,1,Total,9,,,,,1
D9650,C011,2025-02-23,T1,1,Total,7,,,,,1
D9651,C011,2025-02-23,T2,1,Total,8,,,,,1
D9652,C011,2025-02-23,T3,1,Total,9,,,,,1
D9653,C011,2025-02-24,T1,1,Total,7,,,,,1
D9654,C011,2025-02-24,T2,1,Total,8,,,,,1
D9655,C011,2025-02-24,T3,1,Total,9,,,,,1
D9656,C011,2025-02-25,T1,1,Total,7,,,,,1
D9657,C011,2025-02-25,T2,1,Total,8,,,,,1
D9658,C011,2025-02-25,T3,1,Total,9,,,,,1
D9659,C011,2025-02-26,T1,1,Total,7,,,,,1
D9660,C011,2025-02-26,T2,1,Parcial,4,consulta_medica,planeada,2025-02-15 04:36,273.4,1
D9661,C011,2025-02-26,T3,1,Parcial,4,preferencia_pessoal,planeada,2025-02-19 07:30,182.5,1
D9662,C011,2025-02-27,T1,1,Total,7,,,,,1
D9663,C011,2025-02-27,T2,1,Parcial,4,consulta_medica,planeada,2025-02-18 21:30,208.5,1
D9664,C011,2025-02-27,T3,1,Total,9,,,,,1
D9665,C011,2025-02-28,T1,1,Parcial,4,consulta_medica,planeada,2025-02-21 03:24,171.6,1
D9666,C011,2025-02-28,T2,1,Total,8,,,,,1
D9667,C011,2025-02-28,T3,1,Total,9,,,,,1
D9668,C011,2025-03-01,T1,1,Total,7,,,,,1
D9669,C011,2025-03-01,T2,1,Total,8,,,,,1
D9670,C011,2025-03-01,T3,1,Total,9,,,,,1
D9671,C011,2025-03-02,T1,1,Total,7,,,,,1
D9672,C011,2025-03-02,T2,1,Total,8,,,,,1
D9673,C011,2025-03-02,T3,1,Total,9,,,,,1
D9674,C011,2025-03-03,T1,1,Total,7,,,,,1
D9675,C011,2025-03-03,T2,1,Total,8,,,,,1
D9676,C011,2025-03-03,T3,1,Total,9,,,,,1
D9677,C011,2025-03-04,T1,1,Total,7,,,,,1
D9678,C011,2025-03-04,T2,1,Total,8,,,,,1
D9679,C011,2025-03-04,T3,1,Total,9,,,,,1
D9680,C011,2025-03-05,T1,1,Total,7,,,,,1
D9681,C011,2025-03-05,T2,1,Total,8,,,,,1
D9682,C011,2025-03-05,T3,1,Total,9,,,,,1
D9683,C011,2025-03-06,T1,1,Total,7,,,,,1
D9684,C011,2025-03-06,T2,1,Total,8,,,,,1
D9685,C011,2025-03-06,T3,0,Indisponível,0,folga,planeada,2025-02-10 05:12,592.8,1
D9686,C011,2025-03-07,T1,1,Total,7,,,,,1
D9687,C011,2025-03-07,T2,0,Indisponível,0,folga,planeada,2025-02-12 02:42,563.3,1
D9688,C011,2025-03-07,T3,1,Parcial,4,preferencia_pessoal,planeada,2025-02-24 02:36,283.4,1
D9689,C011,2025-03-08,T1,1,Total,7,,,,,1
D9690,C011,2025-03-08,T2,1,Total,8,,,,,1
D9691,C011,2025-03-08,T3,1,Total,9,,,,,1
D9692,C011,2025-03-09,T1,1,Total,7,,,,,1
D9693,C011,2025-03-09,T2,1,Total,8,,,,,1
D9694,C011,2025-03-09,T3,1,Total,9,,,,,1
D9695,C011,2025-03-10,T1,1,Total,7,,,,,1
D9696,C011,2025-03-10,T2,1,Total,8,,,,,1
D9697,C011,2025-03-10,T3,1,Parcial,4,preferencia_pessoal,planeada,2025-02-26 01:00,309.0,1
D9698,C011,2025-03-11,T1,1,Total,7,,,,,1
D9699,C011,2025-03-11,T2,1,Total,8,,,,,1
D9700,C011,2025-03-11,T3,1,Total,9,,,,,1
D9701,C011,2025-03-12,T1,1,Total,7,,,,,1
D9702,C011,2025-03-12,T2,1,Total,8,,,,,1
D9703,C011,2025-03-12,T3,1,Parcial,4,preferencia_pessoal,planeada,2025-03-01 12:00,274.0,1
D9704,C011,2025-03-13,T1,1,Total,7,,,,,1
D9705,C011,2025-03-13,T2,1,Total,8,,,,,1
D9706,C011,2025-03-13,T3,1,Parcial,4,formação,planeada,2025-03-10 08:48,85.2,1
D9707,C011,2025-03-14,T1,1,Total,7,,,,,1
D9708,C011,2025-03-14,T2,1,Total,8,,,,,1
D9709,C011,2025-03-14,T3,0,Indisponível,0,folga,planeada,2025-02-13 00:12,717.8,1
D9710,C011,2025-03-15,T1,1,Total,7,,,,,1
D9711,C011,2025-03-15,T2,1,Total,8,,,,,1
D9712,C011,2025-03-15,T3,1,Total,9,,,,,1
D9713,C011,2025-03-16,T1,1,Total,7,,,,,1
D9714,C011,2025-03-16,T2,1,Total,8,,,,,1
D9715,C011,2025-03-16,T3,1,Total,9,,,,,1
D9716,C011,2025-03-17,T1,1,Total,7,,,,,1
D9717,C011,2025-03-17,T2,1,Total,8,,,,,1
D9718,C011,2025-03-17,T3,1,Total,9,,,,,1
D9719,C011,2025-03-18,T1,1,Parcial,4,preferencia_pessoal,planeada,2025-03-05 04:30,314.5,1
D9720,C011,2025-03-18,T2,1,Total,8,,,,,1
D9721,C011,2025-03-18,T3,1,Total,9,,,,,1
D9722,C011,2025-03-19,T1,1,Total,7,,,,,1
D9723,C011,2025-03-19,T2,1,Total,8,,,,,1
D9724,C011,2025-03-19,T3,1,Total,9,,,,,1
D9725,C011,2025-03-20,T1,0,Indisponível,0,férias,planeada,2025-03-19 04:00,27.0,1
D9726,C011,2025-03-20,T2,1,Total,8,,,,,1
D9727,C011,2025-03-20,T3,1,Total,9,,,,,1
D9728,C011,2025-03-21,T1,1,Total,7,,,,,1
D9729,C011,2025-03-21,T2,1,Total,8,,,,,1
D9730,C011,2025-03-21,T3,1,Total,9,,,,,1
D9731,C011,2025-03-22,T1,1,Total,7,,,,,1
D9732,C011,2025-03-22,T2,1,Total,8,,,,,1
D9733,C011,2025-03-22,T3,1,Parcial,4,consulta_medica,planeada,2025-03-16 15:48,150.2,1
D9734,C011,2025-03-23,T1,1,Total,7,,,,,1
D9735,C011,2025-03-23,T2,1,Total,8,,,,,1
D9736,C011,2025-03-23,T3,1,Total,9,,,,,1
D9737,C011,2025-03-24,T1,1,Parcial,4,formação,planeada,2025-03-18 21:54,129.1,1
D9738,C011,2025-03-24,T2,1,Total,8,,,,,1
D9739,C011,2025-03-24,T3,1,Parcial,4,preferencia_pessoal,planeada,2025-03-19 04:48,137.2,1
D9740,C011,2025-03-25,T1,1,Total,7,,,,,1
D9741,C011,2025-03-25,T2,1,Total,8,,,,,1
D9742,C011,2025-03-25,T3,1,Total,9,,,,,1
D9743,C011,2025-03-26,T1,1,Parcial,4,formação,planeada,2025-03-15 10:18,260.7,1
D9744,C011,2025-03-26,T2,1,Total,8,,,,,1
D9745,C011,2025-03-26,T3,1,Total,9,,,,,1
D9746,C011,2025-03-27,T1,1,Total,7,,,,,1
D9747,C011,2025-03-27,T2,1,Total,8,,,,,1
D9748,C011,2025-03-27,T3,1,Total,9,,,,,1
D9749,C011,2025-03-28,T1,1,Total,7,,,,,1
D9750,C011,2025-03-28,T2,1,Total,8,,,,,1
D9751,C011,2025-03-28,T3,1,Total,9,,,,,1
D9752,C011,2025-03-29,T1,1,Total,7,,,,,1
D9753,C011,2025-03-29,T2,1,Total,8,,,,,1
D9754,C011,2025-03-29,T3,1,Total,9,,,,,1
D9755,C011,2025-03-30,T1,1,Total,7,,,,,1
D9756,C011,2025-03-30,T2,1,Total,8,,,,,1
D9757,C011,2025-03-30,T3,1,Total,9,,,,,1
D9758,C011,2025-03-31,T1,1,Total,7,,,,,1
D9759,C011,2025-03-31,T2,1,Total,8,,,,,1
D9760,C011,2025-03-31,T3,1,Parcial,4,consulta_medica,planeada,2025-03-19 07:36,302.4,1
D9761,C011,2025-04-01,T1,1,Total,7,,,,,1
D9762,C011,2025-04-01,T2,1,Total,8,,,,,1
D9763,C011,2025-04-01,T3,1,Total,9,,,,,1
D9764,C011,2025-04-02,T1,1,Total,7,,,,,1
D9765,C011,2025-04-02,T2,1,Total,8,,,,,1
D9766,C011,2025-04-02,T3,1,Total,9,,,,,1
D9767,C011,2025-04-03,T1,1,Total,7,,,,,1
D9768,C011,2025-04-03,T2,1,Total,8,,,,,1
D9769,C011,2025-04-03,T3,1,Total,9,,,,,1
D9770,C011,2025-04-04,T1,1,Total,7,,,,,1
D9771,C011,2025-04-04,T2,1,Total,8,,,,,1
D9772,C011,2025-04-04,T3,1,Total,9,,,,,1
D9773,C011,2025-04-05,T1,1,Total,7,,,,,1
D9774,C011,2025-04-05,T2,1,Parcial,4,formação,planeada,2025-03-27 01:54,228.1,1
D9775,C011,2025-04-05,T3,1,Total,9,,,,,1
D9776,C011,2025-04-06,T1,0,Indisponível,0,restrição_noite,planeada,2025-03-21 19:48,371.2,1
D9777,C011,2025-04-06,T2,1,Total,8,,,,,1
D9778,C011,2025-04-06,T3,1,Total,9,,,,,1
D9779,C011,2025-04-07,T1,1,Parcial,4,consulta_medica,planeada,2025-04-02 22:24,104.6,1
D9780,C011,2025-04-07,T2,1,Total,8,,,,,1
D9781,C011,2025-04-07,T3,1,Total,9,,,,,1
D9782,C011,2025-04-08,T1,1,Total,7,,,,,1
D9783,C011,2025-04-08,T2,1,Total,8,,,,,1
D9784,C011,2025-04-08,T3,1,Total,9,,,,,1
D9785,C011,2025-04-09,T1,1,Total,7,,,,,1
D9786,C011,2025-04-09,T2,1,Total,8,,,,,1
D9787,C011,2025-04-09,T3,1,Total,9,,,,,1
D9788,C011,2025-04-10,T1,1,Total,7,,,,,1
D9789,C011,2025-04-10,T2,1,Total,8,,,,,1
D9790,C011,2025-04-10,T3,1,Total,9,,,,,1
D9791,C011,2025-04-11,T1,1,Total,7,,,,,1
D9792,C011,2025-04-11,T2,1,Total,8,,,,,1
D9793,C011,2025-04-11,T3,1,Total,9,,,,,1
D9794,C011,2025-04-12,T1,1,Total,7,,,,,1
D9795,C011,2025-04-12,T2,1,Total,8,,,,,1
D9796,C011,2025-04-12,T3,1,Total,9,,,,,1
D9797,C011,2025-04-13,T1,1,Total,7,,,,,1
D9798,C011,2025-04-13,T2,1,Total,8,,,,,1
D9799,C011,2025-04-13,T3,1,Total,9,,,,,1
D9800,C011,2025-04-14,T1,1,Total,7,,,,,1
D9801,C011,2025-04-14,T2,1,Parcial,4,formação,planeada,2025-04-12 03:00,59.0,1
D9802,C011,2025-04-14,T3,1,Total,9,,,,,1
D9803,C011,2025-04-15,T1,1,Total,7,,,,,1
D9804,C011,2025-04-15,T2,1,Total,8,,,,,1
D9805,C011,2025-04-15,T3,1,Total,9,,,,,1
D9806,C011,2025-04-16,T1,1,Total,7,,,,,1
D9807,C011,2025-04-16,T2,1,Total,8,,,,,1
D9808,C011,2025-04-16,T3,1,Total,9,,,,,1
D9809,C011,2025-04-17,T1,1,Total,7,,,,,1
D9810,C011,2025-04-17,T2,1,Total,8,,,,,1
D9811,C011,2025-04-17,T3,1,Total,9,,,,,1
D9812,C011,2025-04-18,T1,1,Total,7,,,,,1
D9813,C011,2025-04-18,T2,1,Total,8,,,,,1
D9814,C011,2025-04-18,T3,1,Total,9,,,,,1
D9815,C011,2025-04-19,T1,1,Parcial,4,consulta_medica,planeada,2025-04-14 19:36,107.4,1
D9816,C011,2025-04-19,T2,1,Total,8,,,,,1
D9817,C011,2025-04-19,T3,1,Total,9,,,,,1
D9818,C011,2025-04-20,T1,1,Total,7,,,,,1
D9819,C011,2025-04-20,T2,1,Total,8,,,,,1
D9820,C011,2025-04-20,T3,1,Parcial,4,formação,planeada,2025-04-07 01:12,332.8,1
D9821,C011,2025-04-21,T1,1,Total,7,,,,,1
D9822,C011,2025-04-21,T2,1,Total,8,,,,,1
D9823,C011,2025-04-21,T3,1,Total,9,,,,,1
D9824,C011,2025-04-22,T1,1,Total,7,,,,,1
D9825,C011,2025-04-22,T2,1,Total,8,,,,,1
D9826,C011,2025-04-22,T3,1,Total,9,,,,,1
D9827,C011,2025-04-23,T1,1,Total,7,,,,,1
D9828,C011,2025-04-23,T2,1,Total,8,,,,,1
D9829,C011,2025-04-23,T3,1,Total,9,,,,,1
D9830,C011,2025-04-24,T1,1,Total,7,,,,,1
D9831,C011,2025-04-24,T2,1,Total,8,,,,,1
D9832,C011,2025-04-24,T3,1,Total,9,,,,,1
D9833,C011,2025-04-25,T1,1,Total,7,,,,,1
D9834,C011,2025-04-25,T2,1,Total,8,,,,,1
D9835,C011,2025-04-25,T3,1,Total,9,,,,,1
D9836,C011,2025-04-26,T1,1,Total,7,,,,,1
D9837,C011,2025-04-26,T2,1,Total,8,,,,,1
D9838,C011,2025-04-26,T3,1,Total,9,,,,,1
D9839,C011,2025-04-27,T1,1,Total,7,,,,,1
D9840,C011,2025-04-27,T2,1,Total,8,,,,,1
D9841,C011,2025-04-27,T3,0,Indisponível,0,restrição_noite,planeada,2025-04-19 00:24,213.6,1
D9842,C011,2025-04-28,T1,0,Indisponível,0,férias,planeada,2025-04-15 18:30,300.5,1
D9843,C011,2025-04-28,T2,1,Total,8,,,,,1
D9844,C011,2025-04-28,T3,1,Total,9,,,,,1
D9845,C011,2025-04-29,T1,1,Total,7,,,,,1
D9846,C011,2025-04-29,T2,1,Total,8,,,,,1
D9847,C011,2025-04-29,T3,1,Total,9,,,,,1
D9848,C011,2025-04-30,T1,0,Indisponível,0,restrição_noite,planeada,2025-04-06 15:54,567.1,1
D9849,C011,2025-04-30,T2,1,Total,8,,,,,1
D9850,C011,2025-04-30,T3,1,Total,9,,,,,1
D9851,C011,2025-05-01,T1,1,Total,7,,,,,1
D9852,C011,2025-05-01,T2,1,Total,8,,,,,1
D9853,C011,2025-05-01,T3,1,Total,9,,,,,1
D9854,C011,2025-05-02,T1,1,Parcial,4,formação,planeada,2025-04-24 01:24,197.6,1
D9855,C011,2025-05-02,T2,1,Total,8,,,,,1
D9856,C011,2025-05-02,T3,1,Parcial,4,formação,planeada,2025-05-02 05:12,16.8,1
D9857,C011,2025-05-03,T1,1,Total,7,,,,,1
D9858,C011,2025-05-03,T2,1,Parcial,4,preferencia_pessoal,planeada,2025-04-22 17:42,260.3,1
D9859,C011,2025-05-03,T3,1,Total,9,,,,,1
D9860,C011,2025-05-04,T1,1,Total,7,,,,,1
D9861,C011,2025-05-04,T2,1,Total,8,,,,,1
D9862,C011,2025-05-04,T3,1,Parcial,4,formação,planeada,2025-04-23 22:12,263.8,1
D9863,C011,2025-05-05,T1,1,Total,7,,,,,1
D9864,C011,2025-05-05,T2,1,Total,8,,,,,1
D9865,C011,2025-05-05,T3,1,Total,9,,,,,1
D9866,C011,2025-05-06,T1,1,Total,7,,,,,1
D9867,C011,2025-05-06,T2,1,Total,8,,,,,1
D9868,C011,2025-05-06,T3,1,Total,9,,,,,1
D9869,C011,2025-05-07,T1,0,Indisponível,0,folga,planeada,2025-04-08 11:54,691.1,1
D9870,C011,2025-05-07,T2,1,Total,8,,,,,1
D9871,C011,2025-05-07,T3,1,Total,9,,,,,1
D9872,C011,2025-05-08,T1,0,Indisponível,0,restrição_noite,planeada,2025-04-24 23:36,319.4,1
D9873,C011,2025-05-08,T2,1,Total,8,,,,,1
D9874,C011,2025-05-08,T3,1,Total,9,,,,,1
D9875,C011,2025-05-09,T1,1,Parcial,4,formação,planeada,2025-05-07 05:12,49.8,1
D9876,C011,2025-05-09,T2,1,Total,8,,,,,1
D9877,C011,2025-05-09,T3,1,Parcial,4,formação,planeada,2025-04-28 10:12,275.8,1
D9878,C011,2025-05-10,T1,1,Total,7,,,,,1
D9879,C011,2025-05-10,T2,1,Total,8,,,,,1
D9880,C011,2025-05-10,T3,0,Indisponível,0,preferencia_pessoal,planeada,2025-04-29 08:24,277.6,1
D9881,C011,2025-05-11,T1,1,Parcial,4,preferencia_pessoal,planeada,2025-05-09 17:00,38.0,1
D9882,C011,2025-05-11,T2,1,Total,8,,,,,1
D9883,C011,2025-05-11,T3,1,Total,9,,,,,1
D9884,C011,2025-05-12,T1,1,Total,7,,,,,1
D9885,C011,2025-05-12,T2,1,Total,8,,,,,1
D9886,C011,2025-05-12,T3,1,Total,9,,,,,1
D9887,C011,2025-05-13,T1,1,Total,7,,,,,1
D9888,C011,2025-05-13,T2,1,Total,8,,,,,1
D9889,C011,2025-05-13,T3,1,Total,9,,,,,1
D9890,C011,2025-05-14,T1,1,Total,7,,,,,1
D9891,C011,2025-05-14,T2,1,Total,8,,,,,1
D9892,C011,2025-05-14,T3,1,Total,9,,,,,1
D9893,C011,2025-05-15,T1,1,Parcial,4,formação,planeada,2025-05-11 19:36,83.4,1
D9894,C011,2025-05-15,T2,1,Total,8,,,,,1
D9895,C011,2025-05-15,T3,1,Total,9,,,,,1
D9896,C011,2025-05-16,T1,1,Total,7,,,,,1
D9897,C011,2025-05-16,T2,1,Total,8,,,,,1
D9898,C011,2025-05-16,T3,1,Total,9,,,,,1
D9899,C011,2025-05-17,T1,1,Parcial,4,preferencia_pessoal,planeada,2025-05-04 20:06,298.9,1
D9900,C011,2025-05-17,T2,1,Total,8,,,,,1
D9901,C011,2025-05-17,T3,1,Total,9,,,,,1
D9902,C011,2025-05-18,T1,1,Total,7,,,,,1
D9903,C011,2025-05-18,T2,1,Total,8,,,,,1
D9904,C011,2025-05-18,T3,1,Total,9,,,,,1
D9905,C011,2025-05-19,T1,1,Total,7,,,,,1
D9906,C011,2025-05-19,T2,1,Parcial,4,formação,planeada,2025-05-09 07:06,246.9,1
D9907,C011,2025-05-19,T3,1,Total,9,,,,,1
D9908,C011,2025-05-20,T1,1,Total,7,,,,,1
D9909,C011,2025-05-20,T2,1,Total,8,,,,,1
D9910,C011,2025-05-20,T3,1,Total,9,,,,,1
D9911,C011,2025-05-21,T1,1,Total,7,,,,,1
D9912,C011,2025-05-21,T2,1,Parcial,4,preferencia_pessoal,planeada,2025-05-20 18:36,19.4,1
D9913,C011,2025-05-21,T3,1,Total,9,,,,,1
D9914,C011,2025-05-22,T1,1,Total,7,,,,,1
D9915,C011,2025-05-22,T2,1,Total,8,,,,,1
D9916,C011,2025-05-22,T3,1,Total,9,,,,,1
D9917,C011,2025-05-23,T1,1,Total,7,,,,,1
D9918,C011,2025-05-23,T2,1,Parcial,4,formação,planeada,2025-05-10 04:48,321.2,1
D9919,C011,2025-05-23,T3,1,Total,9,,,,,1
D9920,C011,2025-05-24,T1,1,Total,7,,,,,1
D9921,C011,2025-05-24,T2,1,Total,8,,,,,1
D9922,C011,2025-05-24,T3,1,Total,9,,,,,1
D9923,C011,2025-05-25,T1,1,Total,7,,,,,1
D9924,C011,2025-05-25,T2,1,Total,8,,,,,1
D9925,C011,2025-05-25,T3,1,Total,9,,,,,1
D9926,C011,2025-05-26,T1,1,Total,7,,,,,1
D9927,C011,2025-05-26,T2,1,Total,8,,,,,1
D9928,C011,2025-05-26,T3,1,Total,9,,,,,1
D9929,C011,2025-05-27,T1,1,Total,7,,,,,1
D9930,C011,2025-05-27,T2,1,Total,8,,,,,1
D9931,C011,2025-05-27,T3,1,Parcial,4,consulta_medica,planeada,2025-05-27 09:48,12.2,1
D9932,C011,2025-05-28,T1,1,Total,7,,,,,1
D9933,C011,2025-05-28,T2,1,Total,8,,,,,1
D9934,C011,2025-05-28,T3,1,Total,9,,,,,1
D9935,C011,2025-05-29,T1,1,Total,7,,,,,1
D9936,C011,2025-05-29,T2,1,Total,8,,,,,1
D9937,C011,2025-05-29,T3,1,Total,9,,,,,1
D9938,C011,2025-05-30,T1,1,Total,7,,,,,1
D9939,C011,2025-05-30,T2,1,Total,8,,,,,1
D9940,C011,2025-05-30,T3,1,Total,9,,,,,1
D9941,C011,2025-05-31,T1,1,Total,7,,,,,1
D9942,C011,2025-05-31,T2,1,Total,8,,,,,1
D9943,C011,2025-05-31,T3,1,Total,9,,,,,1
D9944,C011,2025-06-01,T1,1,Total,7,,,,,1
D9945,C011,2025-06-01,T2,1,Total,8,,,,,1
D9946,C011,2025-06-01,T3,1,Total,9,,,,,1
D9947,C011,2025-06-02,T1,1,Total,7,,,,,1
D9948,C011,2025-06-02,T2,1,Total,8,,,,,1
D9949,C011,2025-06-02,T3,1,Total,9,,,,,1
D9950,C011,2025-06-03,T1,0,Indisponível,0,restrição_noite,planeada,2025-05-25 02:48,220.2,1
D9951,C011,2025-06-03,T2,0,Indisponível,0,restrição_noite,planeada,2025-05-21 08:42,317.3,1
D9952,C011,2025-06-03,T3,1,Total,9,,,,,1
D9953,C011,2025-06-04,T1,1,Parcial,4,formação,planeada,2025-06-01 00:36,78.4,1
D9954,C011,2025-06-04,T2,1,Total,8,,,,,1
D9955,C011,2025-06-04,T3,1,Total,9,,,,,1
D9956,C011,2025-06-05,T1,1,Total,7,,,,,1
D9957,C011,2025-06-05,T2,1,Total,8,,,,,1
D9958,C011,2025-06-05,T3,1,Total,9,,,,,1
D9959,C011,2025-06-06,T1,1,Total,7,,,,,1
D9960,C011,2025-06-06,T2,1,Total,8,,,,,1
D9961,C011,2025-06-06,T3,1,Total,9,,,,,1
D9962,C011,2025-06-07,T1,1,Total,7,,,,,1
D9963,C011,2025-06-07,T2,1,Parcial,4,formação,planeada,2025-05-29 10:54,219.1,1
D9964,C011,2025-06-07,T3,1,Total,9,,,,,1
D9965,C011,2025-06-08,T1,1,Total,7,,,,,1
D9966,C011,2025-06-08,T2,1,Total,8,,,,,1
D9967,C011,2025-06-08,T3,1,Parcial,4,formação,planeada,2025-06-04 21:24,96.6,1
D9968,C011,2025-06-09,T1,1,Total,7,,,,,1
D9969,C011,2025-06-09,T2,1,Total,8,,,,,1
D9970,C011,2025-06-09,T3,1,Total,9,,,,,1
D9971,C011,2025-06-10,T1,1,Total,7,,,,,1
D9972,C011,2025-06-10,T2,1,Total,8,,,,,1
D9973,C011,2025-06-10,T3,1,Total,9,,,,,1
D9974,C011,2025-06-11,T1,1,Total,7,,,,,1
D9975,C011,2025-06-11,T2,1,Total,8,,,,,1
D9976,C011,2025-06-11,T3,1,Total,9,,,,,1
D9977,C011,2025-06-12,T1,1,Total,7,,,,,1
D9978,C011,2025-06-12,T2,1,Total,8,,,,,1
D9979,C011,2025-06-12,T3,1,Total,9,,,,,1
D9980,C011,2025-06-13,T1,1,Total,7,,,,,1
D9981,C011,2025-06-13,T2,1,Total,8,,,,,1
D9982,C011,2025-06-13,T3,1,Total,9,,,,,1
D9983,C011,2025-06-14,T1,1,Total,7,,,,,1
D9984,C011,2025-06-14,T2,0,Indisponível,0,folga,planeada,2025-05-22 22:48,543.2,1
D9985,C011,2025-06-14,T3,1,Total,9,,,,,1
D9986,C011,2025-06-15,T1,0,Indisponível,0,consulta_medica,planeada,2025-05-24 13:48,521.2,1
D9987,C011,2025-06-15,T2,1,Total,8,,,,,1
D9988,C011,2025-06-15,T3,1,Total,9,,,,,1
D9989,C011,2025-06-16,T1,1,Total,7,,,,,1
D9990,C011,2025-06-16,T2,1,Total,8,,,,,1
D9991,C011,2025-06-16,T3,1,Total,9,,,,,1
D9992,C011,2025-06-17,T1,1,Total,7,,,,,1
D9993,C011,2025-06-17,T2,1,Total,8,,,,,1
D9994,C011,2025-06-17,T3,1,Total,9,,,,,1
D9995,C011,2025-06-18,T1,1,Total,7,,,,,1
D9996,C011,2025-06-18,T2,1,Total,8,,,,,1
D9997,C011,2025-06-18,T3,1,Total,9,,,,,1
D9998,C011,2025-06-19,T1,1,Total,7,,,,,1
D9999,C011,2025-06-19,T2,1,Total,8,,,,,1
D10000,C011,2025-06-19,T3,0,Indisponível,0,baixa,inesperada,2025-06-19 11:54,10.1,1
D10001,C011,2025-06-20,T1,1,Total,7,,,,,1
D10002,C011,2025-06-20,T2,1,Total,8,,,,,1
D10003,C011,2025-06-20,T3,1,Total,9,,,,,1
D10004,C011,2025-06-21,T1,1,Total,7,,,,,1
D10005,C011,2025-06-21,T2,1,Total,8,,,,,1
D10006,C011,2025-06-21,T3,1,Total,9,,,,,1
D10007,C011,2025-06-22,T1,0,Indisponível,0,férias,planeada,2025-05-23 14:54,712.1,1
D10008,C011,2025-06-22,T2,1,Total,8,,,,,1
D10009,C011,2025-06-22,T3,1,Total,9,,,,,1
D10010,C011,2025-06-23,T1,1,Total,7,,,,,1
D10011,C011,2025-06-23,T2,1,Total,8,,,,,1
D10012,C011,2025-06-23,T3,1,Parcial,4,preferencia_pessoal,planeada,2025-06-22 10:24,35.6,1
D10013,C011,2025-06-24,T1,1,Total,7,,,,,1
D10014,C011,2025-06-24,T2,1,Total,8,,,,,1
D10015,C011,2025-06-24,T3,1,Total,9,,,,,1
D10016,C011,2025-06-25,T1,1,Total,7,,,,,1
D10017,C011,2025-06-25,T2,1,Total,8,,,,,1
D10018,C011,2025-06-25,T3,1,Total,9,,,,,1
D10019,C011,2025-06-26,T1,1,Total,7,,,,,1
D10020,C011,2025-06-26,T2,1,Total,8,,,,,1
D10021,C011,2025-06-26,T3,1,Total,9,,,,,1
D10022,C011,2025-06-27,T1,1,Total,7,,,,,1
D10023,C011,2025-06-27,T2,1,Total,8,,,,,1
D10024,C011,2025-06-27,T3,1,Total,9,,,,,1
D10025,C011,2025-06-28,T1,1,Total,7,,,,,1
D10026,C011,2025-06-28,T2,1,Total,8,,,,,1
D10027,C011,2025-06-28,T3,1,Parcial,4,consulta_medica,planeada,2025-06-16 22:18,287.7,1
D10028,C011,2025-06-29,T1,1,Total,7,,,,,1
D10029,C011,2025-06-29,T2,1,Total,8,,,,,1
D10030,C011,2025-06-29,T3,1,Total,9,,,,,1
D10031,C011,2025-06-30,T1,1,Total,7,,,,,1
D10032,C011,2025-06-30,T2,1,Total,8,,,,,1
D10033,C011,2025-06-30,T3,1,Total,9,,,,,1
D10034,C011,2025-07-01,T1,1,Total,7,,,,,1
D10035,C011,2025-07-01,T2,1,Total,8,,,,,1
D10036,C011,2025-07-01,T3,1,Total,9,,,,,1
D10037,C011,2025-07-02,T1,1,Total,7,,,,,1
D10038,C011,2025-07-02,T2,1,Total,8,,,,,1
D10039,C011,2025-07-02,T3,1,Total,9,,,,,1
D10040,C011,2025-07-03,T1,1,Total,7,,,,,1
D10041,C011,2025-07-03,T2,1,Total,8,,,,,1
D10042,C011,2025-07-03,T3,1,Total,9,,,,,1
D10043,C011,2025-07-04,T1,1,Parcial,4,formação,planeada,2025-06-29 23:06,103.9,1
D10044,C011,2025-07-04,T2,1,Total,8,,,,,1
D10045,C011,2025-07-04,T3,1,Total,9,,,,,1
D10046,C011,2025-07-05,T1,1,Total,7,,,,,1
D10047,C011,2025-07-05,T2,1,Total,8,,,,,1
D10048,C011,2025-07-05,T3,0,Indisponível,0,formação,planeada,2025-07-02 17:06,76.9,1
D10049,C011,2025-07-06,T1,1,Total,7,,,,,1
D10050,C011,2025-07-06,T2,1,Total,8,,,,,1
D10051,C011,2025-07-06,T3,1,Total,9,,,,,1
D10052,C011,2025-07-07,T1,1,Total,7,,,,,1
D10053,C011,2025-07-07,T2,1,Total,8,,,,,1
D10054,C011,2025-07-07,T3,1,Total,9,,,,,1
D10055,C011,2025-07-08,T1,1,Total,7,,,,,1
D10056,C011,2025-07-08,T2,1,Total,8,,,,,1
D10057,C011,2025-07-08,T3,1,Total,9,,,,,1
D10058,C011,2025-07-09,T1,1,Total,7,,,,,1
D10059,C011,2025-07-09,T2,1,Total,8,,,,,1
D10060,C011,2025-07-09,T3,1,Parcial,4,preferencia_pessoal,planeada,2025-06-29 16:54,245.1,1
D10061,C011,2025-07-10,T1,1,Total,7,,,,,1
D10062,C011,2025-07-10,T2,1,Total,8,,,,,1
D10063,C011,2025-07-10,T3,1,Total,9,,,,,1
D10064,C011,2025-07-11,T1,1,Total,7,,,,,1
D10065,C011,2025-07-11,T2,1,Total,8,,,,,1
D10066,C011,2025-07-11,T3,1,Total,9,,,,,1
D10067,C011,2025-07-12,T1,1,Total,7,,,,,1
D10068,C011,2025-07-12,T2,1,Total,8,,,,,1
D10069,C011,2025-07-12,T3,1,Total,9,,,,,1
D10070,C011,2025-07-13,T1,1,Total,7,,,,,1
D10071,C011,2025-07-13,T2,1,Total,8,,,,,1
D10072,C011,2025-07-13,T3,1,Total,9,,,,,1
D10073,C011,2025-07-14,T1,1,Total,7,,,,,1
D10074,C011,2025-07-14,T2,1,Total,8,,,,,1
D10075,C011,2025-07-14,T3,1,Total,9,,,,,1
D10076,C011,2025-07-15,T1,1,Total,7,,,,,1
D10077,C011,2025-07-15,T2,1,Total,8,,,,,1
D10078,C011,2025-07-15,T3,1,Total,9,,,,,1
D10079,C011,2025-07-16,T1,0,Indisponível,0,formação,planeada,2025-06-25 15:54,495.1,1
D10080,C011,2025-07-16,T2,1,Total,8,,,,,1
D10081,C011,2025-07-16,T3,1,Total,9,,,,,1
D10082,C011,2025-07-17,T1,1,Total,7,,,,,1
D10083,C011,2025-07-17,T2,1,Total,8,,,,,1
D10084,C011,2025-07-17,T3,1,Total,9,,,,,1
D10085,C011,2025-07-18,T1,1,Total,7,,,,,1
D10086,C011,2025-07-18,T2,1,Total,8,,,,,1
D10087,C011,2025-07-18,T3,1,Total,9,,,,,1
D10088,C011,2025-07-19,T1,1,Total,7,,,,,1
D10089,C011,2025-07-19,T2,1,Total,8,,,,,1
D10090,C011,2025-07-19,T3,1,Total,9,,,,,1
D10091,C011,2025-07-20,T1,0,Indisponível,0,formação,planeada,2025-07-14 20:06,130.9,1
D10092,C011,2025-07-20,T2,1,Total,8,,,,,1
D10093,C011,2025-07-20,T3,1,Total,9,,,,,1
D10094,C011,2025-07-21,T1,1,Total,7,,,,,1
D10095,C011,2025-07-21,T2,1,Total,8,,,,,1
D10096,C011,2025-07-21,T3,1,Total,9,,,,,1
D10097,C011,2025-07-22,T1,1,Total,7,,,,,1
D10098,C011,2025-07-22,T2,1,Total,8,,,,,1
D10099,C011,2025-07-22,T3,1,Total,9,,,,,1
D10100,C011,2025-07-23,T1,1,Total,7,,,,,1
D10101,C011,2025-07-23,T2,1,Total,8,,,,,1
D10102,C011,2025-07-23,T3,1,Total,9,,,,,1
D10103,C011,2025-07-24,T1,1,Total,7,,,,,1
D10104,C011,2025-07-24,T2,1,Total,8,,,,,1
D10105,C011,2025-07-24,T3,1,Total,9,,,,,1
D10106,C011,2025-07-25,T1,1,Total,7,,,,,1
D10107,C011,2025-07-25,T2,1,Total,8,,,,,1
D10108,C011,2025-07-25,T3,1,Total,9,,,,,1
D10109,C011,2025-07-26,T1,1,Total,7,,,,,1
D10110,C011,2025-07-26,T2,1,Total,8,,,,,1
D10111,C011,2025-07-26,T3,1,Total,9,,,,,1
D10112,C011,2025-07-27,T1,1,Total,7,,,,,1
D10113,C011,2025-07-27,T2,1,Total,8,,,,,1
D10114,C011,2025-07-27,T3,1,Total,9,,,,,1
D10115,C011,2025-07-28,T1,1,Total,7,,,,,1
D10116,C011,2025-07-28,T2,1,Total,8,,,,,1
D10117,C011,2025-07-28,T3,1,Parcial,4,consulta_medica,planeada,2025-07-26 04:42,65.3,1
D10118,C011,2025-07-29,T1,1,Total,7,,,,,1
D10119,C011,2025-07-29,T2,1,Total,8,,,,,1
D10120,C011,2025-07-29,T3,1,Total,9,,,,,1
D10121,C011,2025-07-30,T1,1,Total,7,,,,,1
D10122,C011,2025-07-30,T2,1,Total,8,,,,,1
D10123,C011,2025-07-30,T3,1,Total,9,,,,,1
D10124,C011,2025-07-31,T1,1,Total,7,,,,,1
D10125,C011,2025-07-31,T2,1,Total,8,,,,,1
D10126,C011,2025-07-31,T3,1,Total,9,,,,,1
D10127,C011,2025-08-01,T1,1,Total,7,,,,,1
D10128,C011,2025-08-01,T2,1,Total,8,,,,,1
D10129,C011,2025-08-01,T3,1,Total,9,,,,,1
D10130,C011,2025-08-02,T1,1,Total,7,,,,,1
D10131,C011,2025-08-02,T2,1,Total,8,,,,,1
D10132,C011,2025-08-02,T3,1,Total,9,,,,,1
D10133,C011,2025-08-03,T1,1,Total,7,,,,,1
D10134,C011,2025-08-03,T2,1,Total,8,,,,,1
D10135,C011,2025-08-03,T3,1,Parcial,4,formação,planeada,2025-07-26 20:36,193.4,1
D10136,C011,2025-08-04,T1,1,Total,7,,,,,1
D10137,C011,2025-08-04,T2,0,Indisponível,0,formação,planeada,2025-07-19 18:36,379.4,1
D10138,C011,2025-08-04,T3,1,Total,9,,,,,1
D10139,C011,2025-08-05,T1,1,Total,7,,,,,1
D10140,C011,2025-08-05,T2,1,Total,8,,,,,1
D10141,C011,2025-08-05,T3,0,Indisponível,0,férias,planeada,2025-07-22 00:42,357.3,1
D10142,C011,2025-08-06,T1,1,Total,7,,,,,1
D10143,C011,2025-08-06,T2,1,Total,8,,,,,1
D10144,C011,2025-08-06,T3,1,Total,9,,,,,1
D10145,C011,2025-08-07,T1,1,Total,7,,,,,1
D10146,C011,2025-08-07,T2,1,Total,8,,,,,1
D10147,C011,2025-08-07,T3,1,Parcial,4,consulta_medica,planeada,2025-07-25 21:54,312.1,1
D10148,C011,2025-08-08,T1,1,Total,7,,,,,1
D10149,C011,2025-08-08,T2,1,Total,8,,,,,1
D10150,C011,2025-08-08,T3,1,Total,9,,,,,1
D10151,C011,2025-08-09,T1,1,Total,7,,,,,1
D10152,C011,2025-08-09,T2,1,Total,8,,,,,1
D10153,C011,2025-08-09,T3,1,Total,9,,,,,1
D10154,C011,2025-08-10,T1,1,Total,7,,,,,1
D10155,C011,2025-08-10,T2,1,Total,8,,,,,1
D10156,C011,2025-08-10,T3,1,Parcial,4,formação,planeada,2025-08-07 13:54,80.1,1
D10157,C011,2025-08-11,T1,1,Parcial,4,formação,planeada,2025-08-04 16:00,159.0,1
D10158,C011,2025-08-11,T2,1,Total,8,,,,,1
D10159,C011,2025-08-11,T3,1,Total,9,,,,,1
D10160,C011,2025-08-12,T1,1,Total,7,,,,,1
D10161,C011,2025-08-12,T2,1,Total,8,,,,,1
D10162,C011,2025-08-12,T3,1,Total,9,,,,,1
D10163,C011,2025-08-13,T1,1,Total,7,,,,,1
D10164,C011,2025-08-13,T2,1,Total,8,,,,,1
D10165,C011,2025-08-13,T3,1,Total,9,,,,,1
D10166,C011,2025-08-14,T1,1,Total,7,,,,,1
D10167,C011,2025-08-14,T2,1,Parcial,4,formação,planeada,2025-08-08 01:06,156.9,1
D10168,C011,2025-08-14,T3,0,Indisponível,0,preferencia_pessoal,planeada,2025-08-06 13:48,200.2,1
D10169,C011,2025-08-15,T1,1,Total,7,,,,,1
D10170,C011,2025-08-15,T2,1,Total,8,,,,,1
D10171,C011,2025-08-15,T3,1,Total,9,,,,,1
D10172,C011,2025-08-16,T1,1,Parcial,4,formação,planeada,2025-08-15 07:36,23.4,1
D10173,C011,2025-08-16,T2,1,Total,8,,,,,1
D10174,C011,2025-08-16,T3,1,Total,9,,,,,1
D10175,C011,2025-08-17,T1,1,Total,7,,,,,1
D10176,C011,2025-08-17,T2,1,Total,8,,,,,1
D10177,C011,2025-08-17,T3,1,Total,9,,,,,1
D10178,C011,2025-08-18,T1,1,Total,7,,,,,1
D10179,C011,2025-08-18,T2,1,Total,8,,,,,1
D10180,C011,2025-08-18,T3,1,Total,9,,,,,1
D10181,C011,2025-08-19,T1,1,Total,7,,,,,1
D10182,C011,2025-08-19,T2,1,Total,8,,,,,1
D10183,C011,2025-08-19,T3,0,Indisponível,0,férias,planeada,2025-08-12 11:36,178.4,1
D10184,C011,2025-08-20,T1,1,Total,7,,,,,1
D10185,C011,2025-08-20,T2,1,Total,8,,,,,1
D10186,C011,2025-08-20,T3,1,Total,9,,,,,1
D10187,C011,2025-08-21,T1,1,Total,7,,,,,1
D10188,C011,2025-08-21,T2,1,Total,8,,,,,1
D10189,C011,2025-08-21,T3,1,Total,9,,,,,1
D10190,C011,2025-08-22,T1,1,Total,7,,,,,1
D10191,C011,2025-08-22,T2,1,Total,8,,,,,1
D10192,C011,2025-08-22,T3,1,Total,9,,,,,1
D10193,C011,2025-08-23,T1,1,Total,7,,,,,1
D10194,C011,2025-08-23,T2,1,Total,8,,,,,1
D10195,C011,2025-08-23,T3,1,Total,9,,,,,1
D10196,C011,2025-08-24,T1,1,Total,7,,,,,1
D10197,C011,2025-08-24,T2,1,Total,8,,,,,1
D10198,C011,2025-08-24,T3,1,Total,9,,,,,1
D10199,C011,2025-08-25,T1,1,Total,7,,,,,1
D10200,C011,2025-08-25,T2,1,Total,8,,,,,1
D10201,C011,2025-08-25,T3,1,Total,9,,,,,1
D10202,C011,2025-08-26,T1,1,Total,7,,,,,1
D10203,C011,2025-08-26,T2,1,Total,8,,,,,1
D10204,C011,2025-08-26,T3,1,Total,9,,,,,1
D10205,C011,2025-08-27,T1,1,Total,7,,,,,1
D10206,C011,2025-08-27,T2,1,Total,8,,,,,1
D10207,C011,2025-08-27,T3,1,Total,9,,,,,1
D10208,C011,2025-08-28,T1,1,Total,7,,,,,1
D10209,C011,2025-08-28,T2,1,Total,8,,,,,1
D10210,C011,2025-08-28,T3,1,Total,9,,,,,1
D10211,C011,2025-08-29,T1,1,Total,7,,,,,1
D10212,C011,2025-08-29,T2,1,Total,8,,,,,1
D10213,C011,2025-08-29,T3,1,Total,9,,,,,1
D10214,C011,2025-08-30,T1,1,Total,7,,,,,1
D10215,C011,2025-08-30,T2,1,Total,8,,,,,1
D10216,C011,2025-08-30,T3,1,Total,9,,,,,1
D10217,C011,2025-08-31,T1,1,Total,7,,,,,1
D10218,C011,2025-08-31,T2,1,Total,8,,,,,1
D10219,C011,2025-08-31,T3,1,Parcial,4,formação,planeada,2025-08-20 10:48,275.2,1
D10220,C011,2025-09-01,T1,1,Total,7,,,,,1
D10221,C011,2025-09-01,T2,0,Indisponível,0,preferencia_pessoal,planeada,2025-08-31 21:36,16.4,1
D10222,C011,2025-09-01,T3,0,Indisponível,0,folga,planeada,2025-08-23 08:48,229.2,1
D10223,C011,2025-09-02,T1,1,Total,7,,,,,1
D10224,C011,2025-09-02,T2,1,Total,8,,,,,1
D10225,C011,2025-09-02,T3,1,Total,9,,,,,1
D10226,C011,2025-09-03,T1,1,Parcial,4,consulta_medica,planeada,2025-09-01 00:30,54.5,1
D10227,C011,2025-09-03,T2,1,Total,8,,,,,1
D10228,C011,2025-09-03,T3,1,Total,9,,,,,1
D10229,C011,2025-09-04,T1,1,Parcial,4,formação,planeada,2025-08-30 10:00,117.0,1
D10230,C011,2025-09-04,T2,0,Indisponível,0,folga,planeada,2025-08-16 09:48,460.2,1
D10231,C011,2025-09-04,T3,1,Total,9,,,,,1
D10232,C011,2025-09-05,T1,1,Total,7,,,,,1
D10233,C011,2025-09-05,T2,1,Parcial,4,preferencia_pessoal,planeada,2025-09-01 05:54,104.1,1
D10234,C011,2025-09-05,T3,1,Total,9,,,,,1
D10235,C011,2025-09-06,T1,1,Total,7,,,,,1
D10236,C011,2025-09-06,T2,1,Total,8,,,,,1
D10237,C011,2025-09-06,T3,1,Total,9,,,,,1
D10238,C011,2025-09-07,T1,1,Total,7,,,,,1
D10239,C011,2025-09-07,T2,1,Total,8,,,,,1
D10240,C011,2025-09-07,T3,1,Total,9,,,,,1
D10241,C011,2025-09-08,T1,1,Total,7,,,,,1
D10242,C011,2025-09-08,T2,1,Total,8,,,,,1
D10243,C011,2025-09-08,T3,1,Total,9,,,,,1
D10244,C011,2025-09-09,T1,1,Total,7,,,,,1
D10245,C011,2025-09-09,T2,1,Total,8,,,,,1
D10246,C011,2025-09-09,T3,1,Total,9,,,,,1
D10247,C011,2025-09-10,T1,1,Total,7,,,,,1
D10248,C011,2025-09-10,T2,1,Total,8,,,,,1
D10249,C011,2025-09-10,T3,0,Indisponível,0,férias,planeada,2025-08-26 05:12,376.8,1
D10250,C011,2025-09-11,T1,1,Total,7,,,,,1
D10251,C011,2025-09-11,T2,1,Total,8,,,,,1
D10252,C011,2025-09-11,T3,1,Total,9,,,,,1
D10253,C011,2025-09-12,T1,1,Total,7,,,,,1
D10254,C011,2025-09-12,T2,1,Total,8,,,,,1
D10255,C011,2025-09-12,T3,1,Total,9,,,,,1
D10256,C011,2025-09-13,T1,1,Total,7,,,,,1
D10257,C011,2025-09-13,T2,1,Total,8,,,,,1
D10258,C011,2025-09-13,T3,1,Total,9,,,,,1
D10259,C011,2025-09-14,T1,1,Total,7,,,,,1
D10260,C011,2025-09-14,T2,1,Total,8,,,,,1
D10261,C011,2025-09-14,T3,1,Total,9,,,,,1
D10262,C011,2025-09-15,T1,1,Parcial,4,preferencia_pessoal,planeada,2025-09-06 14:30,208.5,1
D10263,C011,2025-09-15,T2,0,Indisponível,0,férias,planeada,2025-09-12 08:24,77.6,1
D10264,C011,2025-09-15,T3,1,Total,9,,,,,1
D10265,C011,2025-09-16,T1,0,Indisponível,0,folga,planeada,2025-09-08 13:42,185.3,1
D10266,C011,2025-09-16,T2,1,Total,8,,,,,1
D10267,C011,2025-09-16,T3,1,Total,9,,,,,1
D10268,C011,2025-09-17,T1,1,Total,7,,,,,1
D10269,C011,2025-09-17,T2,1,Total,8,,,,,1
D10270,C011,2025-09-17,T3,0,Indisponível,0,folga,planeada,2025-09-03 12:06,345.9,1
D10271,C011,2025-09-18,T1,1,Total,7,,,,,1
D10272,C011,2025-09-18,T2,1,Parcial,4,consulta_medica,planeada,2025-09-15 16:42,69.3,1
D10273,C011,2025-09-18,T3,1,Total,9,,,,,1
D10274,C011,2025-09-19,T1,1,Total,7,,,,,1
D10275,C011,2025-09-19,T2,1,Total,8,,,,,1
D10276,C011,2025-09-19,T3,1,Total,9,,,,,1
D10277,C011,2025-09-20,T1,1,Total,7,,,,,1
D10278,C011,2025-09-20,T2,1,Total,8,,,,,1
D10279,C011,2025-09-20,T3,1,Total,9,,,,,1
D10280,C011,2025-09-21,T1,1,Total,7,,,,,1
D10281,C011,2025-09-21,T2,1,Total,8,,,,,1
D10282,C011,2025-09-21,T3,1,Total,9,,,,,1
D10283,C011,2025-09-22,T1,1,Total,7,,,,,1
D10284,C011,2025-09-22,T2,1,Total,8,,,,,1
D10285,C011,2025-09-22,T3,1,Total,9,,,,,1
D10286,C011,2025-09-23,T1,1,Total,7,,,,,1
D10287,C011,2025-09-23,T2,1,Total,8,,,,,1
D10288,C011,2025-09-23,T3,1,Total,9,,,,,1
D10289,C011,2025-09-24,T1,1,Total,7,,,,,1
D10290,C011,2025-09-24,T2,1,Total,8,,,,,1
D10291,C011,2025-09-24,T3,1,Total,9,,,,,1
D10292,C011,2025-09-25,T1,1,Total,7,,,,,1
D10293,C011,2025-09-25,T2,1,Total,8,,,,,1
D10294,C011,2025-09-25,T3,1,Total,9,,,,,1
D10295,C011,2025-09-26,T1,1,Total,7,,,,,1
D10296,C011,2025-09-26,T2,1,Parcial,4,formação,planeada,2025-09-23 17:06,68.9,1
D10297,C011,2025-09-26,T3,1,Total,9,,,,,1
D10298,C011,2025-09-27,T1,1,Total,7,,,,,1
D10299,C011,2025-09-27,T2,1,Total,8,,,,,1
D10300,C011,2025-09-27,T3,1,Total,9,,,,,1
D10301,C011,2025-09-28,T1,1,Total,7,,,,,1
D10302,C011,2025-09-28,T2,1,Total,8,,,,,1
D10303,C011,2025-09-28,T3,1,Total,9,,,,,1
D10304,C011,2025-09-29,T1,1,Total,7,,,,,1
D10305,C011,2025-09-29,T2,1,Total,8,,,,,1
D10306,C011,2025-09-29,T3,1,Total,9,,,,,1
D10307,C011,2025-09-30,T1,1,Total,7,,,,,1
D10308,C011,2025-09-30,T2,1,Total,8,,,,,1
D10309,C011,2025-09-30,T3,1,Total,9,,,,,1
D10310,C011,2025-10-01,T1,1,Total,7,,,,,1
D10311,C011,2025-10-01,T2,1,Total,8,,,,,1
D10312,C011,2025-10-01,T3,1,Total,9,,,,,1
D10313,C011,2025-10-02,T1,1,Total,7,,,,,1
D10314,C011,2025-10-02,T2,1,Total,8,,,,,1
D10315,C011,2025-10-02,T3,1,Total,9,,,,,1
D10316,C011,2025-10-03,T1,1,Total,7,,,,,1
D10317,C011,2025-10-03,T2,1,Total,8,,,,,1
D10318,C011,2025-10-03,T3,1,Total,9,,,,,1
D10319,C011,2025-10-04,T1,1,Total,7,,,,,1
D10320,C011,2025-10-04,T2,1,Total,8,,,,,1
D10321,C011,2025-10-04,T3,1,Total,9,,,,,1
D10322,C011,2025-10-05,T1,1,Total,7,,,,,1
D10323,C011,2025-10-05,T2,1,Total,8,,,,,1
D10324,C011,2025-10-05,T3,1,Total,9,,,,,1
D10325,C011,2025-10-06,T1,1,Total,7,,,,,1
D10326,C011,2025-10-06,T2,1,Total,8,,,,,1
D10327,C011,2025-10-06,T3,1,Total,9,,,,,1
D10328,C011,2025-10-07,T1,1,Total,7,,,,,1
D10329,C011,2025-10-07,T2,1,Total,8,,,,,1
D10330,C011,2025-10-07,T3,1,Total,9,,,,,1
D10331,C011,2025-10-08,T1,1,Total,7,,,,,1
D10332,C011,2025-10-08,T2,1,Total,8,,,,,1
D10333,C011,2025-10-08,T3,1,Total,9,,,,,1
D10334,C011,2025-10-09,T1,1,Total,7,,,,,1
D10335,C011,2025-10-09,T2,1,Total,8,,,,,1
D10336,C011,2025-10-09,T3,1,Total,9,,,,,1
D10337,C011,2025-10-10,T1,1,Total,7,,,,,1
D10338,C011,2025-10-10,T2,1,Total,8,,,,,1
D10339,C011,2025-10-10,T3,1,Total,9,,,,,1
D10340,C011,2025-10-11,T1,1,Total,7,,,,,1
D10341,C011,2025-10-11,T2,1,Total,8,,,,,1
D10342,C011,2025-10-11,T3,1,Total,9,,,,,1
D10343,C011,2025-10-12,T1,1,Total,7,,,,,1
D10344,C011,2025-10-12,T2,1,Total,8,,,,,1
D10345,C011,2025-10-12,T3,1,Total,9,,,,,1
D10346,C011,2025-10-13,T1,1,Total,7,,,,,1
D10347,C011,2025-10-13,T2,1,Total,8,,,,,1
D10348,C011,2025-10-13,T3,1,Total,9,,,,,1
D10349,C011,2025-10-14,T1,1,Total,7,,,,,1
D10350,C011,2025-10-14,T2,1,Total,8,,,,,1
D10351,C011,2025-10-14,T3,1,Total,9,,,,,1
D10352,C011,2025-10-15,T1,1,Total,7,,,,,1
D10353,C011,2025-10-15,T2,1,Total,8,,,,,1
D10354,C011,2025-10-15,T3,1,Parcial,4,preferencia_pessoal,planeada,2025-10-10 22:42,119.3,1
D10355,C011,2025-10-16,T1,1,Total,7,,,,,1
D10356,C011,2025-10-16,T2,1,Total,8,,,,,1
D10357,C011,2025-10-16,T3,1,Total,9,,,,,1
D10358,C011,2025-10-17,T1,1,Total,7,,,,,1
D10359,C011,2025-10-17,T2,1,Parcial,4,formação,planeada,2025-10-07 12:36,241.4,1
D10360,C011,2025-10-17,T3,1,Total,9,,,,,1
D10361,C011,2025-10-18,T1,1,Total,7,,,,,1
D10362,C011,2025-10-18,T2,1,Total,8,,,,,1
D10363,C011,2025-10-18,T3,1,Total,9,,,,,1
D10364,C011,2025-10-19,T1,1,Total,7,,,,,1
D10365,C011,2025-10-19,T2,0,Indisponível,0,formação,planeada,2025-09-20 09:48,700.2,1
D10366,C011,2025-10-19,T3,1,Total,9,,,,,1
D10367,C011,2025-10-20,T1,1,Total,7,,,,,1
D10368,C011,2025-10-20,T2,1,Total,8,,,,,1
D10369,C011,2025-10-20,T3,1,Total,9,,,,,1
D10370,C011,2025-10-21,T1,1,Parcial,4,consulta_medica,planeada,2025-10-18 10:54,68.1,1
D10371,C011,2025-10-21,T2,1,Total,8,,,,,1
D10372,C011,2025-10-21,T3,1,Total,9,,,,,1
D10373,C011,2025-10-22,T1,1,Total,7,,,,,1
D10374,C011,2025-10-22,T2,1,Total,8,,,,,1
D10375,C011,2025-10-22,T3,1,Total,9,,,,,1
D10376,C011,2025-10-23,T1,1,Total,7,,,,,1
D10377,C011,2025-10-23,T2,1,Total,8,,,,,1
D10378,C011,2025-10-23,T3,1,Total,9,,,,,1
D10379,C011,2025-10-24,T1,1,Total,7,,,,,1
D10380,C011,2025-10-24,T2,1,Total,8,,,,,1
D10381,C011,2025-10-24,T3,1,Total,9,,,,,1
D10382,C011,2025-10-25,T1,1,Total,7,,,,,1
D10383,C011,2025-10-25,T2,1,Total,8,,,,,1
D10384,C011,2025-10-25,T3,1,Total,9,,,,,1
D10385,C011,2025-10-26,T1,1,Total,7,,,,,1
D10386,C011,2025-10-26,T2,1,Total,8,,,,,1
D10387,C011,2025-10-26,T3,1,Total,9,,,,,1
D10388,C011,2025-10-27,T1,1,Parcial,4,formação,planeada,2025-10-24 01:36,77.4,1
D10389,C011,2025-10-27,T2,1,Total,8,,,,,1
D10390,C011,2025-10-27,T3,1,Total,9,,,,,1
D10391,C011,2025-10-28,T1,1,Total,7,,,,,1
D10392,C011,2025-10-28,T2,1,Parcial,4,consulta_medica,planeada,2025-10-26 14:30,47.5,1
D10393,C011,2025-10-28,T3,1,Total,9,,,,,1
D10394,C011,2025-10-29,T1,1,Total,7,,,,,1
D10395,C011,2025-10-29,T2,1,Total,8,,,,,1
D10396,C011,2025-10-29,T3,1,Total,9,,,,,1
D10397,C011,2025-10-30,T1,1,Total,7,,,,,1
D10398,C011,2025-10-30,T2,1,Total,8,,,,,1
D10399,C011,2025-10-30,T3,1,Parcial,4,consulta_medica,planeada,2025-10-21 17:42,220.3,1
D10400,C011,2025-10-31,T1,1,Total,7,,,,,1
D10401,C011,2025-10-31,T2,1,Total,8,,,,,1
D10402,C011,2025-10-31,T3,1,Total,9,,,,,1
D10403,C011,2025-11-01,T1,1,Total,7,,,,,1
D10404,C011,2025-11-01,T2,0,Indisponível,0,férias,planeada,2025-10-17 23:36,350.4,1
D10405,C011,2025-11-01,T3,1,Total,9,,,,,1
D10406,C011,2025-11-02,T1,1,Total,7,,,,,1
D10407,C011,2025-11-02,T2,1,Total,8,,,,,1
D10408,C011,2025-11-02,T3,1,Total,9,,,,,1
D10409,C011,2025-11-03,T1,1,Total,7,,,,,1
D10410,C011,2025-11-03,T2,0,Indisponível,0,férias,planeada,2025-10-20 05:12,344.8,1
D10411,C011,2025-11-03,T3,1,Total,9,,,,,1
D10412,C011,2025-11-04,T1,1,Total,7,,,,,1
D10413,C011,2025-11-04,T2,1,Parcial,4,consulta_medica,planeada,2025-11-02 03:00,59.0,1
D10414,C011,2025-11-04,T3,1,Total,9,,,,,1
D10415,C011,2025-11-05,T1,1,Total,7,,,,,1
D10416,C011,2025-11-05,T2,1,Parcial,4,preferencia_pessoal,planeada,2025-11-03 11:42,50.3,1
D10417,C011,2025-11-05,T3,1,Total,9,,,,,1
D10418,C011,2025-11-06,T1,1,Total,7,,,,,1
D10419,C011,2025-11-06,T2,1,Total,8,,,,,1
D10420,C011,2025-11-06,T3,1,Total,9,,,,,1
D10421,C011,2025-11-07,T1,1,Total,7,,,,,1
D10422,C011,2025-11-07,T2,1,Parcial,4,formação,planeada,2025-11-05 12:24,49.6,1
D10423,C011,2025-11-07,T3,1,Total,9,,,,,1
D10424,C011,2025-11-08,T1,1,Parcial,4,preferencia_pessoal,planeada,2025-11-07 05:24,25.6,1
D10425,C011,2025-11-08,T2,1,Total,8,,,,,1
D10426,C011,2025-11-08,T3,1,Total,9,,,,,1
D10427,C011,2025-11-09,T1,1,Total,7,,,,,1
D10428,C011,2025-11-09,T2,1,Total,8,,,,,1
D10429,C011,2025-11-09,T3,1,Total,9,,,,,1
D10430,C011,2025-11-10,T1,1,Total,7,,,,,1
D10431,C011,2025-11-10,T2,1,Total,8,,,,,1
D10432,C011,2025-11-10,T3,1,Total,9,,,,,1
D10433,C011,2025-11-11,T1,1,Total,7,,,,,1
D10434,C011,2025-11-11,T2,1,Total,8,,,,,1
D10435,C011,2025-11-11,T3,0,Indisponível,0,baixa,planeada,2025-11-01 11:12,250.8,1
D10436,C011,2025-11-12,T1,1,Total,7,,,,,1
D10437,C011,2025-11-12,T2,1,Total,8,,,,,1
D10438,C011,2025-11-12,T3,1,Total,9,,,,,1
D10439,C011,2025-11-13,T1,1,Total,7,,,,,1
D10440,C011,2025-11-13,T2,1,Total,8,,,,,1
D10441,C011,2025-11-13,T3,1,Total,9,,,,,1
D10442,C011,2025-11-14,T1,1,Parcial,4,consulta_medica,planeada,2025-11-11 09:54,69.1,1
D10443,C011,2025-11-14,T2,1,Total,8,,,,,1
D10444,C011,2025-11-14,T3,1,Total,9,,,,,1
D10445,C011,2025-11-15,T1,1,Total,7,,,,,1
D10446,C011,2025-11-15,T2,1,Total,8,,,,,1
D10447,C011,2025-11-15,T3,1,Total,9,,,,,1
D10448,C011,2025-11-16,T1,1,Total,7,,,,,1
D10449,C011,2025-11-16,T2,0,Indisponível,0,formação,planeada,2025-10-18 02:48,707.2,1
D10450,C011,2025-11-16,T3,1,Total,9,,,,,1
D10451,C011,2025-11-17,T1,1,Total,7,,,,,1
D10452,C011,2025-11-17,T2,1,Parcial,4,formação,planeada,2025-11-07 15:00,239.0,1
D10453,C011,2025-11-17,T3,1,Total,9,,,,,1
D10454,C011,2025-11-18,T1,1,Total,7,,,,,1
D10455,C011,2025-11-18,T2,1,Total,8,,,,,1
D10456,C011,2025-11-18,T3,1,Total,9,,,,,1
D10457,C011,2025-11-19,T1,1,Total,7,,,,,1
D10458,C011,2025-11-19,T2,1,Total,8,,,,,1
D10459,C011,2025-11-19,T3,0,Indisponível,0,preferencia_pessoal,planeada,2025-10-29 07:18,518.7,1
D10460,C011,2025-11-20,T1,1,Total,7,,,,,1
D10461,C011,2025-11-20,T2,1,Total,8,,,,,1
D10462,C011,2025-11-20,T3,1,Total,9,,,,,1
D10463,C011,2025-11-21,T1,1,Total,7,,,,,1
D10464,C011,2025-11-21,T2,1,Total,8,,,,,1
D10465,C011,2025-11-21,T3,1,Total,9,,,,,1
D10466,C011,2025-11-22,T1,1,Total,7,,,,,1
D10467,C011,2025-11-22,T2,1,Total,8,,,,,1
D10468,C011,2025-11-22,T3,1,Total,9,,,,,1
D10469,C011,2025-11-23,T1,1,Total,7,,,,,1
D10470,C011,2025-11-23,T2,1,Total,8,,,,,1
D10471,C011,2025-11-23,T3,1,Total,9,,,,,1
D10472,C011,2025-11-24,T1,1,Total,7,,,,,1
D10473,C011,2025-11-24,T2,1,Total,8,,,,,1
D10474,C011,2025-11-24,T3,1,Total,9,,,,,1
D10475,C011,2025-11-25,T1,1,Total,7,,,,,1
D10476,C011,2025-11-25,T2,1,Total,8,,,,,1
D10477,C011,2025-11-25,T3,1,Total,9,,,,,1
D10478,C011,2025-11-26,T1,1,Parcial,4,formação,planeada,2025-11-25 10:42,20.3,1
D10479,C011,2025-11-26,T2,1,Total,8,,,,,1
D10480,C011,2025-11-26,T3,1,Total,9,,,,,1
D10481,C011,2025-11-27,T1,1,Total,7,,,,,1
D10482,C011,2025-11-27,T2,1,Total,8,,,,,1
D10483,C011,2025-11-27,T3,1,Total,9,,,,,1
D10484,C011,2025-11-28,T1,1,Total,7,,,,,1
D10485,C011,2025-11-28,T2,1,Parcial,4,preferencia_pessoal,planeada,2025-11-22 02:24,155.6,1
D10486,C011,2025-11-28,T3,1,Total,9,,,,,1
D10487,C011,2025-11-29,T1,1,Total,7,,,,,1
D10488,C011,2025-11-29,T2,1,Total,8,,,,,1
D10489,C011,2025-11-29,T3,0,Indisponível,0,folga,planeada,2025-11-25 16:30,101.5,1
D10490,C011,2025-11-30,T1,1,Total,7,,,,,1
D10491,C011,2025-11-30,T2,1,Total,8,,,,,1
D10492,C011,2025-11-30,T3,1,Total,9,,,,,1
D10493,C011,2025-12-01,T1,1,Total,7,,,,,1
D10494,C011,2025-12-01,T2,1,Total,8,,,,,1
D10495,C011,2025-12-01,T3,1,Total,9,,,,,1
D10496,C011,2025-12-02,T1,1,Total,7,,,,,1
D10497,C011,2025-12-02,T2,1,Total,8,,,,,1
D10498,C011,2025-12-02,T3,1,Total,9,,,,,1
D10499,C011,2025-12-03,T1,1,Total,7,,,,,1
D10500,C011,2025-12-03,T2,1,Total,8,,,,,1
D10501,C011,2025-12-03,T3,1,Total,9,,,,,1
D10502,C011,2025-12-04,T1,1,Total,7,,,,,1
D10503,C011,2025-12-04,T2,1,Parcial,4,formação,planeada,2025-11-21 19:48,306.2,1
D10504,C011,2025-12-04,T3,1,Total,9,,,,,1
D10505,C011,2025-12-05,T1,1,Total,7,,,,,1
D10506,C011,2025-12-05,T2,1,Total,8,,,,,1
D10507,C011,2025-12-05,T3,1,Total,9,,,,,1
D10508,C011,2025-12-06,T1,1,Total,7,,,,,1
D10509,C011,2025-12-06,T2,1,Total,8,,,,,1
D10510,C011,2025-12-06,T3,1,Total,9,,,,,1
D10511,C011,2025-12-07,T1,1,Total,7,,,,,1
D10512,C011,2025-12-07,T2,1,Total,8,,,,,1
D10513,C011,2025-12-07,T3,1,Total,9,,,,,1
D10514,C011,2025-12-08,T1,1,Total,7,,,,,1
D10515,C011,2025-12-08,T2,1,Total,8,,,,,1
D10516,C011,2025-12-08,T3,1,Total,9,,,,,1
D10517,C011,2025-12-09,T1,1,Total,7,,,,,1
D10518,C011,2025-12-09,T2,1,Total,8,,,,,1
D10519,C011,2025-12-09,T3,1,Total,9,,,,,1
D10520,C011,2025-12-10,T1,1,Total,7,,,,,1
D10521,C011,2025-12-10,T2,1,Total,8,,,,,1
D10522,C011,2025-12-10,T3,1,Total,9,,,,,1
D10523,C011,2025-12-11,T1,0,Indisponível,0,folga,planeada,2025-12-09 00:54,54.1,1
D10524,C011,2025-12-11,T2,1,Parcial,4,consulta_medica,planeada,2025-12-10 13:30,24.5,1
D10525,C011,2025-12-11,T3,1,Total,9,,,,,1
D10526,C011,2025-12-12,T1,1,Total,7,,,,,1
D10527,C011,2025-12-12,T2,1,Total,8,,,,,1
D10528,C011,2025-12-12,T3,1,Total,9,,,,,1
D10529,C011,2025-12-13,T1,1,Total,7,,,,,1
D10530,C011,2025-12-13,T2,1,Total,8,,,,,1
D10531,C011,2025-12-13,T3,1,Total,9,,,,,1
D10532,C011,2025-12-14,T1,1,Total,7,,,,,1
D10533,C011,2025-12-14,T2,1,Total,8,,,,,1
D10534,C011,2025-12-14,T3,0,Indisponível,0,folga,planeada,2025-12-11 13:00,81.0,1
D10535,C011,2025-12-15,T1,1,Total,7,,,,,1
D10536,C011,2025-12-15,T2,1,Total,8,,,,,1
D10537,C011,2025-12-15,T3,1,Parcial,4,consulta_medica,planeada,2025-12-03 16:36,293.4,1
D10538,C011,2025-12-16,T1,1,Total,7,,,,,1
D10539,C011,2025-12-16,T2,1,Total,8,,,,,1
D10540,C011,2025-12-16,T3,1,Total,9,,,,,1
D10541,C011,2025-12-17,T1,1,Total,7,,,,,1
D10542,C011,2025-12-17,T2,0,Indisponível,0,baixa,inesperada,2025-12-17 08:12,5.8,1
D10543,C011,2025-12-17,T3,1,Parcial,4,formação,planeada,2025-12-06 10:36,275.4,1
D10544,C011,2025-12-18,T1,1,Total,7,,,,,1
D10545,C011,2025-12-18,T2,1,Total,8,,,,,1
D10546,C011,2025-12-18,T3,1,Total,9,,,,,1
D10547,C011,2025-12-19,T1,1,Total,7,,,,,1
D10548,C011,2025-12-19,T2,1,Total,8,,,,,1
D10549,C011,2025-12-19,T3,1,Total,9,,,,,1
D10550,C011,2025-12-20,T1,1,Total,7,,,,,1
D10551,C011,2025-12-20,T2,0,Indisponível,0,baixa,inesperada,2025-12-20 07:24,6.6,1
D10552,C011,2025-12-20,T3,1,Total,9,,,,,1
D10553,C011,2025-12-21,T1,1,Total,7,,,,,1
D10554,C011,2025-12-21,T2,1,Total,8,,,,,1
D10555,C011,2025-12-21,T3,1,Total,9,,,,,1
D10556,C011,2025-12-22,T1,0,Indisponível,0,folga,planeada,2025-12-21 15:06,15.9,1
D10557,C011,2025-12-22,T2,1,Total,8,,,,,1
D10558,C011,2025-12-22,T3,1,Total,9,,,,,1
D10559,C011,2025-12-23,T1,1,Total,7,,,,,1
D10560,C011,2025-12-23,T2,1,Total,8,,,,,1
D10561,C011,2025-12-23,T3,1,Total,9,,,,,1
D10562,C011,2025-12-24,T1,1,Total,7,,,,,1
D10563,C011,2025-12-24,T2,1,Total,8,,,,,1
D10564,C011,2025-12-24,T3,1,Total,9,,,,,1
D10565,C011,2025-12-25,T1,1,Total,7,,,,,1
D10566,C011,2025-12-25,T2,1,Total,8,,,,,1
D10567,C011,2025-12-25,T3,1,Total,9,,,,,1
D10568,C011,2025-12-26,T1,1,Total,7,,,,,1
D10569,C011,2025-12-26,T2,1,Parcial,4,consulta_medica,planeada,2025-12-19 00:00,182.0,1
D10570,C011,2025-12-26,T3,1,Total,9,,,,,1
D10571,C011,2025-12-27,T1,1,Total,7,,,,,1
D10572,C011,2025-12-27,T2,0,Indisponível,0,preferencia_pessoal,planeada,2025-12-15 04:42,297.3,1
D10573,C011,2025-12-27,T3,1,Total,9,,,,,1
D10574,C011,2025-12-28,T1,1,Total,7,,,,,1
D10575,C011,2025-12-28,T2,1,Total,8,,,,,1
D10576,C011,2025-12-28,T3,1,Total,9,,,,,1
D10577,C011,2025-12-29,T1,1,Total,7,,,,,1
D10578,C011,2025-12-29,T2,1,Total,8,,,,,1
D10579,C011,2025-12-29,T3,1,Parcial,4,consulta_medica,planeada,2025-12-20 10:00,228.0,1
D10580,C011,2025-12-30,T1,1,Total,7,,,,,1
D10581,C011,2025-12-30,T2,0,Indisponível,0,consulta_medica,inesperada,2025-12-30 10:48,3.2,1
D10582,C011,2025-12-30,T3,1,Total,9,,,,,1
D10583,C011,2025-12-31,T1,1,Total,7,,,,,1
D10584,C011,2025-12-31,T2,1,Total,8,,,,,1
D10585,C011,2025-12-31,T3,1,Total,9,,,,,1
D10586,C012,2025-01-01,T1,1,Total,7,,,,,1
D10587,C012,2025-01-01,T2,1,Total,8,,,,,1
D10588,C012,2025-01-01,T3,1,Total,9,,,,,1
D10589,C012,2025-01-02,T1,1,Total,7,,,,,1
D10590,C012,2025-01-02,T2,1,Total,8,,,,,1
D10591,C012,2025-01-02,T3,1,Total,9,,,,,1
D10592,C012,2025-01-03,T1,1,Total,7,,,,,1
D10593,C012,2025-01-03,T2,1,Total,8,,,,,1
D10594,C012,2025-01-03,T3,1,Total,9,,,,,1
D10595,C012,2025-01-04,T1,1,Total,7,,,,,1
D10596,C012,2025-01-04,T2,0,Indisponível,0,baixa,planeada,2024-12-17 10:42,435.3,1
D10597,C012,2025-01-04,T3,1,Total,9,,,,,1
D10598,C012,2025-01-05,T1,1,Total,7,,,,,1
D10599,C012,2025-01-05,T2,1,Total,8,,,,,1
D10600,C012,2025-01-05,T3,1,Total,9,,,,,1
D10601,C012,2025-01-06,T1,1,Total,7,,,,,1
D10602,C012,2025-01-06,T2,1,Total,8,,,,,1
D10603,C012,2025-01-06,T3,1,Parcial,4,preferencia_pessoal,planeada,2024-12-29 10:42,203.3,1
D10604,C012,2025-01-07,T1,1,Parcial,4,preferencia_pessoal,planeada,2025-01-01 15:12,135.8,1
D10605,C012,2025-01-07,T2,1,Total,8,,,,,1
D10606,C012,2025-01-07,T3,1,Parcial,4,consulta_medica,planeada,2024-12-25 12:24,321.6,1
D10607,C012,2025-01-08,T1,1,Total,7,,,,,1
D10608,C012,2025-01-08,T2,1,Total,8,,,,,1
D10609,C012,2025-01-08,T3,0,Indisponível,0,baixa,inesperada,2025-01-08 18:48,3.2,1
D10610,C012,2025-01-09,T1,1,Total,7,,,,,1
D10611,C012,2025-01-09,T2,1,Total,8,,,,,1
D10612,C012,2025-01-09,T3,1,Total,9,,,,,1
D10613,C012,2025-01-10,T1,1,Total,7,,,,,1
D10614,C012,2025-01-10,T2,1,Total,8,,,,,1
D10615,C012,2025-01-10,T3,1,Total,9,,,,,1
D10616,C012,2025-01-11,T1,1,Total,7,,,,,1
D10617,C012,2025-01-11,T2,1,Total,8,,,,,1
D10618,C012,2025-01-11,T3,1,Total,9,,,,,1
D10619,C012,2025-01-12,T1,1,Total,7,,,,,1
D10620,C012,2025-01-12,T2,0,Indisponível,0,consulta_medica,planeada,2025-01-07 05:06,128.9,1
D10621,C012,2025-01-12,T3,1,Total,9,,,,,1
D10622,C012,2025-01-13,T1,1,Total,7,,,,,1
D10623,C012,2025-01-13,T2,1,Total,8,,,,,1
D10624,C012,2025-01-13,T3,0,Indisponível,0,baixa,planeada,2024-12-20 05:36,592.4,1
D10625,C012,2025-01-14,T1,1,Total,7,,,,,1
D10626,C012,2025-01-14,T2,1,Total,8,,,,,1
D10627,C012,2025-01-14,T3,1,Parcial,4,preferencia_pessoal,planeada,2025-01-03 01:30,284.5,1
D10628,C012,2025-01-15,T1,1,Total,7,,,,,1
D10629,C012,2025-01-15,T2,0,Indisponível,0,restrição_noite,planeada,2024-12-27 13:30,456.5,1
D10630,C012,2025-01-15,T3,1,Parcial,4,preferencia_pessoal,planeada,2025-01-12 05:48,88.2,1
D10631,C012,2025-01-16,T1,1,Total,7,,,,,1
D10632,C012,2025-01-16,T2,1,Total,8,,,,,1
D10633,C012,2025-01-16,T3,1,Total,9,,,,,1
D10634,C012,2025-01-17,T1,1,Total,7,,,,,1
D10635,C012,2025-01-17,T2,1,Total,8,,,,,1
D10636,C012,2025-01-17,T3,1,Total,9,,,,,1
D10637,C012,2025-01-18,T1,1,Total,7,,,,,1
D10638,C012,2025-01-18,T2,1,Total,8,,,,,1
D10639,C012,2025-01-18,T3,1,Parcial,4,preferencia_pessoal,planeada,2025-01-05 10:06,323.9,1
D10640,C012,2025-01-19,T1,1,Total,7,,,,,1
D10641,C012,2025-01-19,T2,1,Total,8,,,,,1
D10642,C012,2025-01-19,T3,1,Total,9,,,,,1
D10643,C012,2025-01-20,T1,1,Total,7,,,,,1
D10644,C012,2025-01-20,T2,1,Total,8,,,,,1
D10645,C012,2025-01-20,T3,0,Indisponível,0,restrição_noite,planeada,2025-01-18 08:00,62.0,1
D10646,C012,2025-01-21,T1,1,Total,7,,,,,1
D10647,C012,2025-01-21,T2,1,Total,8,,,,,1
D10648,C012,2025-01-21,T3,1,Total,9,,,,,1
D10649,C012,2025-01-22,T1,1,Total,7,,,,,1
D10650,C012,2025-01-22,T2,1,Total,8,,,,,1
D10651,C012,2025-01-22,T3,1,Parcial,4,preferencia_pessoal,planeada,2025-01-15 08:54,181.1,1
D10652,C012,2025-01-23,T1,1,Total,7,,,,,1
D10653,C012,2025-01-23,T2,1,Total,8,,,,,1
D10654,C012,2025-01-23,T3,1,Total,9,,,,,1
D10655,C012,2025-01-24,T1,1,Total,7,,,,,1
D10656,C012,2025-01-24,T2,1,Total,8,,,,,1
D10657,C012,2025-01-24,T3,0,Indisponível,0,folga,planeada,2024-12-31 11:12,586.8,1
D10658,C012,2025-01-25,T1,1,Total,7,,,,,1
D10659,C012,2025-01-25,T2,0,Indisponível,0,baixa,planeada,2025-01-22 07:42,78.3,1
D10660,C012,2025-01-25,T3,1,Total,9,,,,,1
D10661,C012,2025-01-26,T1,1,Total,7,,,,,1
D10662,C012,2025-01-26,T2,1,Total,8,,,,,1
D10663,C012,2025-01-26,T3,1,Parcial,4,preferencia_pessoal,planeada,2025-01-25 04:24,41.6,1
D10664,C012,2025-01-27,T1,1,Total,7,,,,,1
D10665,C012,2025-01-27,T2,1,Total,8,,,,,1
D10666,C012,2025-01-27,T3,1,Total,9,,,,,1
D10667,C012,2025-01-28,T1,1,Total,7,,,,,1
D10668,C012,2025-01-28,T2,1,Total,8,,,,,1
D10669,C012,2025-01-28,T3,1,Total,9,,,,,1
D10670,C012,2025-01-29,T1,1,Total,7,,,,,1
D10671,C012,2025-01-29,T2,1,Total,8,,,,,1
D10672,C012,2025-01-29,T3,1,Total,9,,,,,1
D10673,C012,2025-01-30,T1,1,Total,7,,,,,1
D10674,C012,2025-01-30,T2,1,Total,8,,,,,1
D10675,C012,2025-01-30,T3,1,Total,9,,,,,1
D10676,C012,2025-01-31,T1,1,Total,7,,,,,1
D10677,C012,2025-01-31,T2,1,Total,8,,,,,1
D10678,C012,2025-01-31,T3,1,Total,9,,,,,1
D10679,C012,2025-02-01,T1,1,Total,7,,,,,1
D10680,C012,2025-02-01,T2,1,Total,8,,,,,1
D10681,C012,2025-02-01,T3,1,Total,9,,,,,1
D10682,C012,2025-02-02,T1,1,Total,7,,,,,1
D10683,C012,2025-02-02,T2,1,Total,8,,,,,1
D10684,C012,2025-02-02,T3,1,Parcial,4,formação,planeada,2025-01-22 18:00,268.0,1
D10685,C012,2025-02-03,T1,1,Parcial,4,preferencia_pessoal,planeada,2025-02-02 04:42,26.3,1
D10686,C012,2025-02-03,T2,1,Total,8,,,,,1
D10687,C012,2025-02-03,T3,1,Total,9,,,,,1
D10688,C012,2025-02-04,T1,1,Total,7,,,,,1
D10689,C012,2025-02-04,T2,1,Total,8,,,,,1
D10690,C012,2025-02-04,T3,1,Total,9,,,,,1
D10691,C012,2025-02-05,T1,1,Total,7,,,,,1
D10692,C012,2025-02-05,T2,1,Total,8,,,,,1
D10693,C012,2025-02-05,T3,1,Total,9,,,,,1
D10694,C012,2025-02-06,T1,1,Parcial,4,preferencia_pessoal,planeada,2025-01-28 22:42,200.3,1
D10695,C012,2025-02-06,T2,1,Total,8,,,,,1
D10696,C012,2025-02-06,T3,1,Total,9,,,,,1
D10697,C012,2025-02-07,T1,1,Total,7,,,,,1
D10698,C012,2025-02-07,T2,0,Indisponível,0,formação,planeada,2025-01-25 15:30,310.5,1
D10699,C012,2025-02-07,T3,1,Total,9,,,,,1
D10700,C012,2025-02-08,T1,1,Total,7,,,,,1
D10701,C012,2025-02-08,T2,1,Total,8,,,,,1
D10702,C012,2025-02-08,T3,1,Total,9,,,,,1
D10703,C012,2025-02-09,T1,1,Total,7,,,,,1
D10704,C012,2025-02-09,T2,1,Total,8,,,,,1
D10705,C012,2025-02-09,T3,1,Total,9,,,,,1
D10706,C012,2025-02-10,T1,1,Total,7,,,,,1
D10707,C012,2025-02-10,T2,1,Total,8,,,,,1
D10708,C012,2025-02-10,T3,1,Total,9,,,,,1
D10709,C012,2025-02-11,T1,1,Total,7,,,,,1
D10710,C012,2025-02-11,T2,1,Total,8,,,,,1
D10711,C012,2025-02-11,T3,1,Total,9,,,,,1
D10712,C012,2025-02-12,T1,1,Total,7,,,,,1
D10713,C012,2025-02-12,T2,1,Total,8,,,,,1
D10714,C012,2025-02-12,T3,1,Total,9,,,,,1
D10715,C012,2025-02-13,T1,1,Total,7,,,,,1
D10716,C012,2025-02-13,T2,1,Total,8,,,,,1
D10717,C012,2025-02-13,T3,1,Total,9,,,,,1
D10718,C012,2025-02-14,T1,1,Total,7,,,,,1
D10719,C012,2025-02-14,T2,1,Total,8,,,,,1
D10720,C012,2025-02-14,T3,0,Indisponível,0,preferencia_pessoal,planeada,2025-01-17 02:12,691.8,1
D10721,C012,2025-02-15,T1,1,Total,7,,,,,1
D10722,C012,2025-02-15,T2,1,Total,8,,,,,1
D10723,C012,2025-02-15,T3,1,Total,9,,,,,1
D10724,C012,2025-02-16,T1,1,Total,7,,,,,1
D10725,C012,2025-02-16,T2,1,Total,8,,,,,1
D10726,C012,2025-02-16,T3,0,Indisponível,0,férias,planeada,2025-01-18 08:36,709.4,1
D10727,C012,2025-02-17,T1,1,Total,7,,,,,1
D10728,C012,2025-02-17,T2,1,Total,8,,,,,1
D10729,C012,2025-02-17,T3,1,Total,9,,,,,1
D10730,C012,2025-02-18,T1,1,Total,7,,,,,1
D10731,C012,2025-02-18,T2,1,Total,8,,,,,1
D10732,C012,2025-02-18,T3,1,Parcial,4,consulta_medica,planeada,2025-02-10 00:06,213.9,1
D10733,C012,2025-02-19,T1,1,Parcial,4,consulta_medica,planeada,2025-02-15 21:30,81.5,1
D10734,C012,2025-02-19,T2,1,Total,8,,,,,1
D10735,C012,2025-02-19,T3,1,Total,9,,,,,1
D10736,C012,2025-02-20,T1,1,Total,7,,,,,1
D10737,C012,2025-02-20,T2,1,Total,8,,,,,1
D10738,C012,2025-02-20,T3,1,Total,9,,,,,1
D10739,C012,2025-02-21,T1,1,Total,7,,,,,1
D10740,C012,2025-02-21,T2,1,Total,8,,,,,1
D10741,C012,2025-02-21,T3,1,Total,9,,,,,1
D10742,C012,2025-02-22,T1,1,Total,7,,,,,1
D10743,C012,2025-02-22,T2,1,Total,8,,,,,1
D10744,C012,2025-02-22,T3,1,Parcial,4,formação,planeada,2025-02-16 00:06,165.9,1
D10745,C012,2025-02-23,T1,1,Total,7,,,,,1
D10746,C012,2025-02-23,T2,1,Total,8,,,,,1
D10747,C012,2025-02-23,T3,1,Total,9,,,,,1
D10748,C012,2025-02-24,T1,0,Indisponível,0,férias,planeada,2025-02-07 09:06,405.9,1
D10749,C012,2025-02-24,T2,1,Parcial,4,preferencia_pessoal,planeada,2025-02-13 13:24,264.6,1
D10750,C012,2025-02-24,T3,0,Indisponível,0,folga,planeada,2025-01-28 16:12,653.8,1
D10751,C012,2025-02-25,T1,1,Total,7,,,,,1
D10752,C012,2025-02-25,T2,1,Total,8,,,,,1
D10753,C012,2025-02-25,T3,1,Total,9,,,,,1
D10754,C012,2025-02-26,T1,1,Parcial,4,preferencia_pessoal,planeada,2025-02-20 00:00,151.0,1
D10755,C012,2025-02-26,T2,0,Indisponível,0,folga,planeada,2025-02-17 13:18,216.7,1
D10756,C012,2025-02-26,T3,0,Indisponível,0,baixa,planeada,2025-02-24 13:18,56.7,1
D10757,C012,2025-02-27,T1,1,Total,7,,,,,1
D10758,C012,2025-02-27,T2,1,Total,8,,,,,1
D10759,C012,2025-02-27,T3,1,Total,9,,,,,1
D10760,C012,2025-02-28,T1,1,Total,7,,,,,1
D10761,C012,2025-02-28,T2,1,Total,8,,,,,1
D10762,C012,2025-02-28,T3,1,Parcial,4,preferencia_pessoal,planeada,2025-02-20 09:24,204.6,1
D10763,C012,2025-03-01,T1,1,Total,7,,,,,1
D10764,C012,2025-03-01,T2,1,Total,8,,,,,1
D10765,C012,2025-03-01,T3,1,Total,9,,,,,1
D10766,C012,2025-03-02,T1,1,Total,7,,,,,1
D10767,C012,2025-03-02,T2,1,Total,8,,,,,1
D10768,C012,2025-03-02,T3,1,Total,9,,,,,1
D10769,C012,2025-03-03,T1,1,Total,7,,,,,1
D10770,C012,2025-03-03,T2,1,Total,8,,,,,1
D10771,C012,2025-03-03,T3,1,Parcial,4,formação,planeada,2025-02-25 10:30,155.5,1
D10772,C012,2025-03-04,T1,1,Total,7,,,,,1
D10773,C012,2025-03-04,T2,1,Total,8,,,,,1
D10774,C012,2025-03-04,T3,1,Total,9,,,,,1
D10775,C012,2025-03-05,T1,1,Total,7,,,,,1
D10776,C012,2025-03-05,T2,1,Total,8,,,,,1
D10777,C012,2025-03-05,T3,1,Total,9,,,,,1
D10778,C012,2025-03-06,T1,1,Total,7,,,,,1
D10779,C012,2025-03-06,T2,1,Total,8,,,,,1
D10780,C012,2025-03-06,T3,1,Total,9,,,,,1
D10781,C012,2025-03-07,T1,1,Total,7,,,,,1
D10782,C012,2025-03-07,T2,1,Total,8,,,,,1
D10783,C012,2025-03-07,T3,1,Total,9,,,,,1
D10784,C012,2025-03-08,T1,1,Total,7,,,,,1
D10785,C012,2025-03-08,T2,1,Total,8,,,,,1
D10786,C012,2025-03-08,T3,1,Total,9,,,,,1
D10787,C012,2025-03-09,T1,1,Total,7,,,,,1
D10788,C012,2025-03-09,T2,1,Total,8,,,,,1
D10789,C012,2025-03-09,T3,1,Total,9,,,,,1
D10790,C012,2025-03-10,T1,1,Total,7,,,,,1
D10791,C012,2025-03-10,T2,1,Total,8,,,,,1
D10792,C012,2025-03-10,T3,1,Total,9,,,,,1
D10793,C012,2025-03-11,T1,1,Parcial,4,formação,planeada,2025-03-02 20:24,202.6,1
D10794,C012,2025-03-11,T2,1,Total,8,,,,,1
D10795,C012,2025-03-11,T3,0,Indisponível,0,folga,planeada,2025-03-07 10:36,107.4,1
D10796,C012,2025-03-12,T1,1,Total,7,,,,,1
D10797,C012,2025-03-12,T2,1,Total,8,,,,,1
D10798,C012,2025-03-12,T3,1,Total,9,,,,,1
D10799,C012,2025-03-13,T1,1,Total,7,,,,,1
D10800,C012,2025-03-13,T2,1,Total,8,,,,,1
D10801,C012,2025-03-13,T3,1,Total,9,,,,,1
D10802,C012,2025-03-14,T1,1,Total,7,,,,,1
D10803,C012,2025-03-14,T2,1,Total,8,,,,,1
D10804,C012,2025-03-14,T3,0,Indisponível,0,folga,planeada,2025-02-28 10:06,347.9,1
D10805,C012,2025-03-15,T1,1,Total,7,,,,,1
D10806,C012,2025-03-15,T2,1,Total,8,,,,,1
D10807,C012,2025-03-15,T3,1,Total,9,,,,,1
D10808,C012,2025-03-16,T1,1,Total,7,,,,,1
D10809,C012,2025-03-16,T2,1,Total,8,,,,,1
D10810,C012,2025-03-16,T3,1,Total,9,,,,,1
D10811,C012,2025-03-17,T1,1,Total,7,,,,,1
D10812,C012,2025-03-17,T2,1,Total,8,,,,,1
D10813,C012,2025-03-17,T3,1,Total,9,,,,,1
D10814,C012,2025-03-18,T1,1,Total,7,,,,,1
D10815,C012,2025-03-18,T2,1,Total,8,,,,,1
D10816,C012,2025-03-18,T3,1,Parcial,4,preferencia_pessoal,planeada,2025-03-13 23:48,118.2,1
D10817,C012,2025-03-19,T1,1,Parcial,4,consulta_medica,planeada,2025-03-18 16:30,14.5,1
D10818,C012,2025-03-19,T2,1,Total,8,,,,,1
D10819,C012,2025-03-19,T3,1,Total,9,,,,,1
D10820,C012,2025-03-20,T1,1,Total,7,,,,,1
D10821,C012,2025-03-20,T2,1,Total,8,,,,,1
D10822,C012,2025-03-20,T3,1,Total,9,,,,,1
D10823,C012,2025-03-21,T1,1,Total,7,,,,,1
D10824,C012,2025-03-21,T2,1,Total,8,,,,,1
D10825,C012,2025-03-21,T3,1,Total,9,,,,,1
D10826,C012,2025-03-22,T1,1,Total,7,,,,,1
D10827,C012,2025-03-22,T2,1,Total,8,,,,,1
D10828,C012,2025-03-22,T3,1,Total,9,,,,,1
D10829,C012,2025-03-23,T1,1,Total,7,,,,,1
D10830,C012,2025-03-23,T2,1,Total,8,,,,,1
D10831,C012,2025-03-23,T3,1,Total,9,,,,,1
D10832,C012,2025-03-24,T1,1,Total,7,,,,,1
D10833,C012,2025-03-24,T2,1,Total,8,,,,,1
D10834,C012,2025-03-24,T3,1,Parcial,4,consulta_medica,planeada,2025-03-20 21:06,96.9,1
D10835,C012,2025-03-25,T1,1,Total,7,,,,,1
D10836,C012,2025-03-25,T2,1,Total,8,,,,,1
D10837,C012,2025-03-25,T3,1,Total,9,,,,,1
D10838,C012,2025-03-26,T1,1,Total,7,,,,,1
D10839,C012,2025-03-26,T2,1,Total,8,,,,,1
D10840,C012,2025-03-26,T3,1,Total,9,,,,,1
D10841,C012,2025-03-27,T1,1,Total,7,,,,,1
D10842,C012,2025-03-27,T2,0,Indisponível,0,baixa,planeada,2025-03-04 10:18,555.7,1
D10843,C012,2025-03-27,T3,1,Total,9,,,,,1
D10844,C012,2025-03-28,T1,1,Total,7,,,,,1
D10845,C012,2025-03-28,T2,1,Total,8,,,,,1
D10846,C012,2025-03-28,T3,1,Total,9,,,,,1
D10847,C012,2025-03-29,T1,1,Total,7,,,,,1
D10848,C012,2025-03-29,T2,1,Total,8,,,,,1
D10849,C012,2025-03-29,T3,1,Total,9,,,,,1
D10850,C012,2025-03-30,T1,1,Total,7,,,,,1
D10851,C012,2025-03-30,T2,1,Total,8,,,,,1
D10852,C012,2025-03-30,T3,1,Total,9,,,,,1
D10853,C012,2025-03-31,T1,1,Total,7,,,,,1
D10854,C012,2025-03-31,T2,1,Total,8,,,,,1
D10855,C012,2025-03-31,T3,1,Total,9,,,,,1
D10856,C012,2025-04-01,T1,1,Total,7,,,,,1
D10857,C012,2025-04-01,T2,1,Total,8,,,,,1
D10858,C012,2025-04-01,T3,1,Parcial,4,formação,planeada,2025-03-24 06:24,207.6,1
D10859,C012,2025-04-02,T1,1,Total,7,,,,,1
D10860,C012,2025-04-02,T2,1,Parcial,4,consulta_medica,planeada,2025-03-30 22:06,63.9,1
D10861,C012,2025-04-02,T3,1,Parcial,4,formação,planeada,2025-03-29 10:42,107.3,1
D10862,C012,2025-04-03,T1,1,Total,7,,,,,1
D10863,C012,2025-04-03,T2,1,Total,8,,,,,1
D10864,C012,2025-04-03,T3,1,Total,9,,,,,1
D10865,C012,2025-04-04,T1,1,Total,7,,,,,1
D10866,C012,2025-04-04,T2,1,Total,8,,,,,1
D10867,C012,2025-04-04,T3,1,Total,9,,,,,1
D10868,C012,2025-04-05,T1,1,Total,7,,,,,1
D10869,C012,2025-04-05,T2,1,Total,8,,,,,1
D10870,C012,2025-04-05,T3,1,Parcial,4,consulta_medica,planeada,2025-04-01 15:00,103.0,1
D10871,C012,2025-04-06,T1,1,Parcial,4,preferencia_pessoal,planeada,2025-03-29 14:12,184.8,1
D10872,C012,2025-04-06,T2,1,Total,8,,,,,1
D10873,C012,2025-04-06,T3,1,Total,9,,,,,1
D10874,C012,2025-04-07,T1,0,Indisponível,0,nao_autorizado_fds,planeada,2025-03-21 22:54,392.1,1
D10875,C012,2025-04-07,T2,1,Parcial,4,formação,planeada,2025-03-31 14:06,167.9,1
D10876,C012,2025-04-07,T3,1,Total,9,,,,,1
D10877,C012,2025-04-08,T1,1,Parcial,4,preferencia_pessoal,planeada,2025-04-05 11:00,68.0,1
D10878,C012,2025-04-08,T2,1,Total,8,,,,,1
D10879,C012,2025-04-08,T3,1,Total,9,,,,,1
D10880,C012,2025-04-09,T1,1,Total,7,,,,,1
D10881,C012,2025-04-09,T2,1,Total,8,,,,,1
D10882,C012,2025-04-09,T3,1,Total,9,,,,,1
D10883,C012,2025-04-10,T1,1,Total,7,,,,,1
D10884,C012,2025-04-10,T2,1,Total,8,,,,,1
D10885,C012,2025-04-10,T3,1,Total,9,,,,,1
D10886,C012,2025-04-11,T1,1,Total,7,,,,,1
D10887,C012,2025-04-11,T2,1,Total,8,,,,,1
D10888,C012,2025-04-11,T3,1,Total,9,,,,,1
D10889,C012,2025-04-12,T1,1,Total,7,,,,,1
D10890,C012,2025-04-12,T2,1,Total,8,,,,,1
D10891,C012,2025-04-12,T3,1,Parcial,4,preferencia_pessoal,planeada,2025-04-11 16:42,29.3,1
D10892,C012,2025-04-13,T1,1,Total,7,,,,,1
D10893,C012,2025-04-13,T2,1,Total,8,,,,,1
D10894,C012,2025-04-13,T3,1,Total,9,,,,,1
D10895,C012,2025-04-14,T1,1,Total,7,,,,,1
D10896,C012,2025-04-14,T2,1,Total,8,,,,,1
D10897,C012,2025-04-14,T3,1,Total,9,,,,,1
D10898,C012,2025-04-15,T1,1,Total,7,,,,,1
D10899,C012,2025-04-15,T2,1,Total,8,,,,,1
D10900,C012,2025-04-15,T3,1,Total,9,,,,,1
D10901,C012,2025-04-16,T1,1,Total,7,,,,,1
D10902,C012,2025-04-16,T2,1,Total,8,,,,,1
D10903,C012,2025-04-16,T3,1,Total,9,,,,,1
D10904,C012,2025-04-17,T1,1,Total,7,,,,,1
D10905,C012,2025-04-17,T2,1,Total,8,,,,,1
D10906,C012,2025-04-17,T3,1,Total,9,,,,,1
D10907,C012,2025-04-18,T1,1,Total,7,,,,,1
D10908,C012,2025-04-18,T2,1,Parcial,4,formação,planeada,2025-04-11 06:54,175.1,1
D10909,C012,2025-04-18,T3,1,Total,9,,,,,1
D10910,C012,2025-04-19,T1,1,Total,7,,,,,1
D10911,C012,2025-04-19,T2,1,Total,8,,,,,1
D10912,C012,2025-04-19,T3,0,Indisponível,0,formação,planeada,2025-04-06 18:06,315.9,1
D10913,C012,2025-04-20,T1,1,Total,7,,,,,1
D10914,C012,2025-04-20,T2,1,Total,8,,,,,1
D10915,C012,2025-04-20,T3,1,Total,9,,,,,1
D10916,C012,2025-04-21,T1,1,Total,7,,,,,1
D10917,C012,2025-04-21,T2,1,Total,8,,,,,1
D10918,C012,2025-04-21,T3,1,Total,9,,,,,1
D10919,C012,2025-04-22,T1,1,Total,7,,,,,1
D10920,C012,2025-04-22,T2,1,Parcial,4,preferencia_pessoal,planeada,2025-04-20 00:06,61.9,1
D10921,C012,2025-04-22,T3,1,Total,9,,,,,1
D10922,C012,2025-04-23,T1,1,Total,7,,,,,1
D10923,C012,2025-04-23,T2,1,Total,8,,,,,1
D10924,C012,2025-04-23,T3,1,Total,9,,,,,1
D10925,C012,2025-04-24,T1,1,Total,7,,,,,1
D10926,C012,2025-04-24,T2,1,Total,8,,,,,1
D10927,C012,2025-04-24,T3,1,Total,9,,,,,1
D10928,C012,2025-04-25,T1,1,Total,7,,,,,1
D10929,C012,2025-04-25,T2,1,Total,8,,,,,1
D10930,C012,2025-04-25,T3,1,Total,9,,,,,1
D10931,C012,2025-04-26,T1,1,Total,7,,,,,1
D10932,C012,2025-04-26,T2,1,Total,8,,,,,1
D10933,C012,2025-04-26,T3,1,Total,9,,,,,1
D10934,C012,2025-04-27,T1,1,Total,7,,,,,1
D10935,C012,2025-04-27,T2,1,Total,8,,,,,1
D10936,C012,2025-04-27,T3,1,Total,9,,,,,1
D10937,C012,2025-04-28,T1,1,Total,7,,,,,1
D10938,C012,2025-04-28,T2,1,Total,8,,,,,1
D10939,C012,2025-04-28,T3,1,Total,9,,,,,1
D10940,C012,2025-04-29,T1,1,Total,7,,,,,1
D10941,C012,2025-04-29,T2,1,Total,8,,,,,1
D10942,C012,2025-04-29,T3,1,Total,9,,,,,1
D10943,C012,2025-04-30,T1,1,Total,7,,,,,1
D10944,C012,2025-04-30,T2,1,Total,8,,,,,1
D10945,C012,2025-04-30,T3,1,Total,9,,,,,1
D10946,C012,2025-05-01,T1,0,Indisponível,0,baixa,planeada,2025-04-28 19:24,59.6,1
D10947,C012,2025-05-01,T2,1,Total,8,,,,,1
D10948,C012,2025-05-01,T3,1,Total,9,,,,,1
D10949,C012,2025-05-02,T1,1,Total,7,,,,,1
D10950,C012,2025-05-02,T2,1,Total,8,,,,,1
D10951,C012,2025-05-02,T3,1,Total,9,,,,,1
D10952,C012,2025-05-03,T1,1,Total,7,,,,,1
D10953,C012,2025-05-03,T2,1,Total,8,,,,,1
D10954,C012,2025-05-03,T3,1,Total,9,,,,,1
D10955,C012,2025-05-04,T1,1,Total,7,,,,,1
D10956,C012,2025-05-04,T2,1,Total,8,,,,,1
D10957,C012,2025-05-04,T3,1,Total,9,,,,,1
D10958,C012,2025-05-05,T1,1,Total,7,,,,,1
D10959,C012,2025-05-05,T2,1,Total,8,,,,,1
D10960,C012,2025-05-05,T3,1,Total,9,,,,,1
D10961,C012,2025-05-06,T1,1,Total,7,,,,,1
D10962,C012,2025-05-06,T2,1,Total,8,,,,,1
D10963,C012,2025-05-06,T3,1,Total,9,,,,,1
D10964,C012,2025-05-07,T1,0,Indisponível,0,nao_autorizado_fds,planeada,2025-04-16 03:24,507.6,1
D10965,C012,2025-05-07,T2,1,Total,8,,,,,1
D10966,C012,2025-05-07,T3,1,Parcial,4,formação,planeada,2025-04-27 18:18,243.7,1
D10967,C012,2025-05-08,T1,1,Total,7,,,,,1
D10968,C012,2025-05-08,T2,1,Total,8,,,,,1
D10969,C012,2025-05-08,T3,1,Total,9,,,,,1
D10970,C012,2025-05-09,T1,1,Parcial,4,consulta_medica,planeada,2025-05-04 03:06,123.9,1
D10971,C012,2025-05-09,T2,1,Total,8,,,,,1
D10972,C012,2025-05-09,T3,1,Total,9,,,,,1
D10973,C012,2025-05-10,T1,1,Total,7,,,,,1
D10974,C012,2025-05-10,T2,1,Total,8,,,,,1
D10975,C012,2025-05-10,T3,1,Total,9,,,,,1
D10976,C012,2025-05-11,T1,1,Parcial,4,formação,planeada,2025-04-29 17:30,277.5,1
D10977,C012,2025-05-11,T2,1,Total,8,,,,,1
D10978,C012,2025-05-11,T3,1,Total,9,,,,,1
D10979,C012,2025-05-12,T1,1,Total,7,,,,,1
D10980,C012,2025-05-12,T2,1,Total,8,,,,,1
D10981,C012,2025-05-12,T3,1,Total,9,,,,,1
D10982,C012,2025-05-13,T1,1,Parcial,4,preferencia_pessoal,planeada,2025-05-09 12:54,90.1,1
D10983,C012,2025-05-13,T2,1,Parcial,4,preferencia_pessoal,planeada,2025-04-30 02:48,323.2,1
D10984,C012,2025-05-13,T3,1,Total,9,,,,,1
D10985,C012,2025-05-14,T1,1,Total,7,,,,,1
D10986,C012,2025-05-14,T2,1,Total,8,,,,,1
D10987,C012,2025-05-14,T3,1,Total,9,,,,,1
D10988,C012,2025-05-15,T1,1,Total,7,,,,,1
D10989,C012,2025-05-15,T2,1,Total,8,,,,,1
D10990,C012,2025-05-15,T3,1,Total,9,,,,,1
D10991,C012,2025-05-16,T1,1,Total,7,,,,,1
D10992,C012,2025-05-16,T2,1,Total,8,,,,,1
D10993,C012,2025-05-16,T3,1,Total,9,,,,,1
D10994,C012,2025-05-17,T1,1,Total,7,,,,,1
D10995,C012,2025-05-17,T2,1,Parcial,4,preferencia_pessoal,planeada,2025-05-10 14:06,167.9,1
D10996,C012,2025-05-17,T3,1,Total,9,,,,,1
D10997,C012,2025-05-18,T1,1,Total,7,,,,,1
D10998,C012,2025-05-18,T2,1,Total,8,,,,,1
D10999,C012,2025-05-18,T3,1,Total,9,,,,,1
D11000,C012,2025-05-19,T1,1,Total,7,,,,,1
D11001,C012,2025-05-19,T2,1,Total,8,,,,,1
D11002,C012,2025-05-19,T3,0,Indisponível,0,folga,planeada,2025-04-27 21:54,528.1,1
D11003,C012,2025-05-20,T1,1,Total,7,,,,,1
D11004,C012,2025-05-20,T2,1,Total,8,,,,,1
D11005,C012,2025-05-20,T3,1,Total,9,,,,,1
D11006,C012,2025-05-21,T1,1,Total,7,,,,,1
D11007,C012,2025-05-21,T2,1,Total,8,,,,,1
D11008,C012,2025-05-21,T3,1,Total,9,,,,,1
D11009,C012,2025-05-22,T1,1,Total,7,,,,,1
D11010,C012,2025-05-22,T2,1,Total,8,,,,,1
D11011,C012,2025-05-22,T3,1,Total,9,,,,,1
D11012,C012,2025-05-23,T1,1,Total,7,,,,,1
D11013,C012,2025-05-23,T2,1,Total,8,,,,,1
D11014,C012,2025-05-23,T3,1,Total,9,,,,,1
D11015,C012,2025-05-24,T1,1,Parcial,4,preferencia_pessoal,planeada,2025-05-10 11:48,331.2,1
D11016,C012,2025-05-24,T2,1,Total,8,,,,,1
D11017,C012,2025-05-24,T3,0,Indisponível,0,nao_autorizado_fds,planeada,2025-05-19 18:48,123.2,1
D11018,C012,2025-05-25,T1,1,Total,7,,,,,1
D11019,C012,2025-05-25,T2,1,Total,8,,,,,1
D11020,C012,2025-05-25,T3,1,Total,9,,,,,1
D11021,C012,2025-05-26,T1,1,Total,7,,,,,1
D11022,C012,2025-05-26,T2,1,Total,8,,,,,1
D11023,C012,2025-05-26,T3,1,Total,9,,,,,1
D11024,C012,2025-05-27,T1,1,Total,7,,,,,1
D11025,C012,2025-05-27,T2,1,Total,8,,,,,1
D11026,C012,2025-05-27,T3,1,Total,9,,,,,1
D11027,C012,2025-05-28,T1,0,Indisponível,0,folga,planeada,2025-05-22 07:54,143.1,1
D11028,C012,2025-05-28,T2,1,Total,8,,,,,1
D11029,C012,2025-05-28,T3,0,Indisponível,0,folga,planeada,2025-05-13 00:24,381.6,1
D11030,C012,2025-05-29,T1,1,Total,7,,,,,1
D11031,C012,2025-05-29,T2,1,Total,8,,,,,1
D11032,C012,2025-05-29,T3,0,Indisponível,0,folga,planeada,2025-05-04 14:24,607.6,1
D11033,C012,2025-05-30,T1,1,Total,7,,,,,1
D11034,C012,2025-05-30,T2,1,Total,8,,,,,1
D11035,C012,2025-05-30,T3,1,Total,9,,,,,1
D11036,C012,2025-05-31,T1,1,Total,7,,,,,1
D11037,C012,2025-05-31,T2,1,Total,8,,,,,1
D11038,C012,2025-05-31,T3,1,Parcial,4,consulta_medica,planeada,2025-05-20 09:00,277.0,1
D11039,C012,2025-06-01,T1,1,Total,7,,,,,1
D11040,C012,2025-06-01,T2,1,Total,8,,,,,1
D11041,C012,2025-06-01,T3,1,Total,9,,,,,1
D11042,C012,2025-06-02,T1,1,Total,7,,,,,1
D11043,C012,2025-06-02,T2,1,Total,8,,,,,1
D11044,C012,2025-06-02,T3,1,Total,9,,,,,1
D11045,C012,2025-06-03,T1,1,Total,7,,,,,1
D11046,C012,2025-06-03,T2,1,Total,8,,,,,1
D11047,C012,2025-06-03,T3,1,Total,9,,,,,1
D11048,C012,2025-06-04,T1,1,Parcial,4,formação,planeada,2025-05-24 04:18,266.7,1
D11049,C012,2025-06-04,T2,1,Total,8,,,,,1
D11050,C012,2025-06-04,T3,1,Total,9,,,,,1
D11051,C012,2025-06-05,T1,1,Total,7,,,,,1
D11052,C012,2025-06-05,T2,1,Total,8,,,,,1
D11053,C012,2025-06-05,T3,1,Total,9,,,,,1
D11054,C012,2025-06-06,T1,1,Total,7,,,,,1
D11055,C012,2025-06-06,T2,1,Total,8,,,,,1
D11056,C012,2025-06-06,T3,1,Total,9,,,,,1
D11057,C012,2025-06-07,T1,1,Total,7,,,,,1
D11058,C012,2025-06-07,T2,1,Total,8,,,,,1
D11059,C012,2025-06-07,T3,0,Indisponível,0,folga,planeada,2025-05-15 14:36,559.4,1
D11060,C012,2025-06-08,T1,0,Indisponível,0,restrição_noite,planeada,2025-05-26 20:48,298.2,1
D11061,C012,2025-06-08,T2,1,Total,8,,,,,1
D11062,C012,2025-06-08,T3,1,Total,9,,,,,1
D11063,C012,2025-06-09,T1,1,Total,7,,,,,1
D11064,C012,2025-06-09,T2,1,Total,8,,,,,1
D11065,C012,2025-06-09,T3,1,Total,9,,,,,1
D11066,C012,2025-06-10,T1,1,Total,7,,,,,1
D11067,C012,2025-06-10,T2,1,Total,8,,,,,1
D11068,C012,2025-06-10,T3,1,Parcial,4,consulta_medica,planeada,2025-05-29 05:24,304.6,1
D11069,C012,2025-06-11,T1,1,Total,7,,,,,1
D11070,C012,2025-06-11,T2,1,Total,8,,,,,1
D11071,C012,2025-06-11,T3,1,Total,9,,,,,1
D11072,C012,2025-06-12,T1,1,Total,7,,,,,1
D11073,C012,2025-06-12,T2,1,Parcial,4,formação,planeada,2025-05-30 20:48,305.2,1
D11074,C012,2025-06-12,T3,1,Total,9,,,,,1
D11075,C012,2025-06-13,T1,1,Total,7,,,,,1
D11076,C012,2025-06-13,T2,1,Parcial,4,consulta_medica,planeada,2025-06-03 13:54,240.1,1
D11077,C012,2025-06-13,T3,1,Total,9,,,,,1
D11078,C012,2025-06-14,T1,0,Indisponível,0,férias,planeada,2025-06-04 05:42,241.3,1
D11079,C012,2025-06-14,T2,1,Total,8,,,,,1
D11080,C012,2025-06-14,T3,1,Total,9,,,,,1
D11081,C012,2025-06-15,T1,1,Total,7,,,,,1
D11082,C012,2025-06-15,T2,1,Total,8,,,,,1
D11083,C012,2025-06-15,T3,1,Total,9,,,,,1
D11084,C012,2025-06-16,T1,0,Indisponível,0,formação,planeada,2025-06-04 23:00,272.0,1
D11085,C012,2025-06-16,T2,1,Total,8,,,,,1
D11086,C012,2025-06-16,T3,1,Total,9,,,,,1
D11087,C012,2025-06-17,T1,1,Total,7,,,,,1
D11088,C012,2025-06-17,T2,1,Total,8,,,,,1
D11089,C012,2025-06-17,T3,1,Total,9,,,,,1
D11090,C012,2025-06-18,T1,1,Total,7,,,,,1
D11091,C012,2025-06-18,T2,1,Total,8,,,,,1
D11092,C012,2025-06-18,T3,1,Total,9,,,,,1
D11093,C012,2025-06-19,T1,1,Total,7,,,,,1
D11094,C012,2025-06-19,T2,1,Total,8,,,,,1
D11095,C012,2025-06-19,T3,1,Total,9,,,,,1
D11096,C012,2025-06-20,T1,0,Indisponível,0,folga,planeada,2025-06-07 00:06,318.9,1
D11097,C012,2025-06-20,T2,1,Total,8,,,,,1
D11098,C012,2025-06-20,T3,1,Total,9,,,,,1
D11099,C012,2025-06-21,T1,1,Total,7,,,,,1
D11100,C012,2025-06-21,T2,1,Total,8,,,,,1
D11101,C012,2025-06-21,T3,1,Total,9,,,,,1
D11102,C012,2025-06-22,T1,1,Total,7,,,,,1
D11103,C012,2025-06-22,T2,1,Total,8,,,,,1
D11104,C012,2025-06-22,T3,1,Total,9,,,,,1
D11105,C012,2025-06-23,T1,1,Total,7,,,,,1
D11106,C012,2025-06-23,T2,1,Total,8,,,,,1
D11107,C012,2025-06-23,T3,1,Total,9,,,,,1
D11108,C012,2025-06-24,T1,1,Total,7,,,,,1
D11109,C012,2025-06-24,T2,1,Total,8,,,,,1
D11110,C012,2025-06-24,T3,1,Parcial,4,consulta_medica,planeada,2025-06-12 07:24,302.6,1
D11111,C012,2025-06-25,T1,1,Total,7,,,,,1
D11112,C012,2025-06-25,T2,1,Total,8,,,,,1
D11113,C012,2025-06-25,T3,0,Indisponível,0,folga,planeada,2025-06-12 16:24,317.6,1
D11114,C012,2025-06-26,T1,1,Total,7,,,,,1
D11115,C012,2025-06-26,T2,1,Total,8,,,,,1
D11116,C012,2025-06-26,T3,1,Total,9,,,,,1
D11117,C012,2025-06-27,T1,1,Total,7,,,,,1
D11118,C012,2025-06-27,T2,1,Total,8,,,,,1
D11119,C012,2025-06-27,T3,1,Total,9,,,,,1
D11120,C012,2025-06-28,T1,1,Total,7,,,,,1
D11121,C012,2025-06-28,T2,1,Total,8,,,,,1
D11122,C012,2025-06-28,T3,1,Total,9,,,,,1
D11123,C012,2025-06-29,T1,1,Parcial,4,preferencia_pessoal,planeada,2025-06-18 12:24,258.6,1
D11124,C012,2025-06-29,T2,1,Total,8,,,,,1
D11125,C012,2025-06-29,T3,1,Total,9,,,,,1
D11126,C012,2025-06-30,T1,1,Parcial,4,preferencia_pessoal,planeada,2025-06-24 22:00,129.0,1
D11127,C012,2025-06-30,T2,1,Total,8,,,,,1
D11128,C012,2025-06-30,T3,1,Total,9,,,,,1
D11129,C012,2025-07-01,T1,1,Total,7,,,,,1
D11130,C012,2025-07-01,T2,1,Total,8,,,,,1
D11131,C012,2025-07-01,T3,1,Total,9,,,,,1
D11132,C012,2025-07-02,T1,1,Total,7,,,,,1
D11133,C012,2025-07-02,T2,1,Total,8,,,,,1
D11134,C012,2025-07-02,T3,1,Total,9,,,,,1
D11135,C012,2025-07-03,T1,1,Total,7,,,,,1
D11136,C012,2025-07-03,T2,1,Total,8,,,,,1
D11137,C012,2025-07-03,T3,1,Parcial,4,preferencia_pessoal,planeada,2025-06-29 15:12,102.8,1
D11138,C012,2025-07-04,T1,1,Total,7,,,,,1
D11139,C012,2025-07-04,T2,1,Total,8,,,,,1
D11140,C012,2025-07-04,T3,1,Total,9,,,,,1
D11141,C012,2025-07-05,T1,1,Total,7,,,,,1
D11142,C012,2025-07-05,T2,1,Total,8,,,,,1
D11143,C012,2025-07-05,T3,1,Total,9,,,,,1
D11144,C012,2025-07-06,T1,1,Total,7,,,,,1
D11145,C012,2025-07-06,T2,1,Total,8,,,,,1
D11146,C012,2025-07-06,T3,1,Parcial,4,formação,planeada,2025-06-25 11:12,274.8,1
D11147,C012,2025-07-07,T1,1,Total,7,,,,,1
D11148,C012,2025-07-07,T2,1,Total,8,,,,,1
D11149,C012,2025-07-07,T3,1,Total,9,,,,,1
D11150,C012,2025-07-08,T1,1,Parcial,4,formação,planeada,2025-06-28 14:24,232.6,1
D11151,C012,2025-07-08,T2,1,Total,8,,,,,1
D11152,C012,2025-07-08,T3,1,Total,9,,,,,1
D11153,C012,2025-07-09,T1,1,Total,7,,,,,1
D11154,C012,2025-07-09,T2,1,Total,8,,,,,1
D11155,C012,2025-07-09,T3,1,Parcial,4,formação,planeada,2025-07-07 17:06,52.9,1
D11156,C012,2025-07-10,T1,1,Total,7,,,,,1
D11157,C012,2025-07-10,T2,0,Indisponível,0,baixa,planeada,2025-07-08 14:48,47.2,1
D11158,C012,2025-07-10,T3,1,Total,9,,,,,1
D11159,C012,2025-07-11,T1,1,Total,7,,,,,1
D11160,C012,2025-07-11,T2,1,Total,8,,,,,1
D11161,C012,2025-07-11,T3,1,Total,9,,,,,1
D11162,C012,2025-07-12,T1,1,Total,7,,,,,1
D11163,C012,2025-07-12,T2,1,Parcial,4,consulta_medica,planeada,2025-07-09 05:30,80.5,1
D11164,C012,2025-07-12,T3,1,Total,9,,,,,1
D11165,C012,2025-07-13,T1,1,Total,7,,,,,1
D11166,C012,2025-07-13,T2,1,Total,8,,,,,1
D11167,C012,2025-07-13,T3,1,Total,9,,,,,1
D11168,C012,2025-07-14,T1,1,Total,7,,,,,1
D11169,C012,2025-07-14,T2,1,Total,8,,,,,1
D11170,C012,2025-07-14,T3,1,Total,9,,,,,1
D11171,C012,2025-07-15,T1,1,Total,7,,,,,1
D11172,C012,2025-07-15,T2,1,Total,8,,,,,1
D11173,C012,2025-07-15,T3,1,Parcial,4,preferencia_pessoal,planeada,2025-07-08 09:30,180.5,1
D11174,C012,2025-07-16,T1,1,Total,7,,,,,1
D11175,C012,2025-07-16,T2,1,Total,8,,,,,1
D11176,C012,2025-07-16,T3,1,Total,9,,,,,1
D11177,C012,2025-07-17,T1,1,Total,7,,,,,1
D11178,C012,2025-07-17,T2,1,Total,8,,,,,1
D11179,C012,2025-07-17,T3,1,Total,9,,,,,1
D11180,C012,2025-07-18,T1,1,Total,7,,,,,1
D11181,C012,2025-07-18,T2,1,Total,8,,,,,1
D11182,C012,2025-07-18,T3,1,Total,9,,,,,1
D11183,C012,2025-07-19,T1,1,Total,7,,,,,1
D11184,C012,2025-07-19,T2,1,Total,8,,,,,1
D11185,C012,2025-07-19,T3,1,Total,9,,,,,1
D11186,C012,2025-07-20,T1,1,Parcial,4,preferencia_pessoal,planeada,2025-07-07 01:30,317.5,1
D11187,C012,2025-07-20,T2,1,Total,8,,,,,1
D11188,C012,2025-07-20,T3,1,Total,9,,,,,1
D11189,C012,2025-07-21,T1,1,Parcial,4,preferencia_pessoal,planeada,2025-07-07 15:12,327.8,1
D11190,C012,2025-07-21,T2,1,Total,8,,,,,1
D11191,C012,2025-07-21,T3,1,Total,9,,,,,1
D11192,C012,2025-07-22,T1,1,Total,7,,,,,1
D11193,C012,2025-07-22,T2,1,Total,8,,,,,1
D11194,C012,2025-07-22,T3,1,Total,9,,,,,1
D11195,C012,2025-07-23,T1,1,Total,7,,,,,1
D11196,C012,2025-07-23,T2,1,Total,8,,,,,1
D11197,C012,2025-07-23,T3,1,Total,9,,,,,1
D11198,C012,2025-07-24,T1,0,Indisponível,0,férias,planeada,2025-06-25 20:30,682.5,1
D11199,C012,2025-07-24,T2,1,Total,8,,,,,1
D11200,C012,2025-07-24,T3,1,Total,9,,,,,1
D11201,C012,2025-07-25,T1,1,Total,7,,,,,1
D11202,C012,2025-07-25,T2,1,Total,8,,,,,1
D11203,C012,2025-07-25,T3,0,Indisponível,0,baixa,planeada,2025-07-07 21:42,432.3,1
D11204,C012,2025-07-26,T1,1,Total,7,,,,,1
D11205,C012,2025-07-26,T2,0,Indisponível,0,baixa,planeada,2025-07-01 14:24,599.6,1
D11206,C012,2025-07-26,T3,1,Total,9,,,,,1
D11207,C012,2025-07-27,T1,1,Total,7,,,,,1
D11208,C012,2025-07-27,T2,1,Total,8,,,,,1
D11209,C012,2025-07-27,T3,1,Total,9,,,,,1
D11210,C012,2025-07-28,T1,1,Total,7,,,,,1
D11211,C012,2025-07-28,T2,1,Total,8,,,,,1
D11212,C012,2025-07-28,T3,1,Total,9,,,,,1
D11213,C012,2025-07-29,T1,1,Total,7,,,,,1
D11214,C012,2025-07-29,T2,1,Total,8,,,,,1
D11215,C012,2025-07-29,T3,1,Total,9,,,,,1
D11216,C012,2025-07-30,T1,1,Total,7,,,,,1
D11217,C012,2025-07-30,T2,1,Total,8,,,,,1
D11218,C012,2025-07-30,T3,1,Total,9,,,,,1
D11219,C012,2025-07-31,T1,1,Total,7,,,,,1
D11220,C012,2025-07-31,T2,1,Total,8,,,,,1
D11221,C012,2025-07-31,T3,1,Total,9,,,,,1
D11222,C012,2025-08-01,T1,1,Total,7,,,,,1
D11223,C012,2025-08-01,T2,1,Total,8,,,,,1
D11224,C012,2025-08-01,T3,1,Parcial,4,preferencia_pessoal,planeada,2025-07-19 11:12,322.8,1
D11225,C012,2025-08-02,T1,1,Total,7,,,,,1
D11226,C012,2025-08-02,T2,1,Total,8,,,,,1
D11227,C012,2025-08-02,T3,1,Total,9,,,,,1
D11228,C012,2025-08-03,T1,1,Total,7,,,,,1
D11229,C012,2025-08-03,T2,1,Total,8,,,,,1
D11230,C012,2025-08-03,T3,1,Parcial,4,formação,planeada,2025-08-02 22:30,23.5,1
D11231,C012,2025-08-04,T1,0,Indisponível,0,férias,planeada,2025-07-18 05:30,409.5,1
D11232,C012,2025-08-04,T2,1,Total,8,,,,,1
D11233,C012,2025-08-04,T3,1,Total,9,,,,,1
D11234,C012,2025-08-05,T1,1,Total,7,,,,,1
D11235,C012,2025-08-05,T2,1,Total,8,,,,,1
D11236,C012,2025-08-05,T3,1,Total,9,,,,,1
D11237,C012,2025-08-06,T1,1,Total,7,,,,,1
D11238,C012,2025-08-06,T2,1,Total,8,,,,,1
D11239,C012,2025-08-06,T3,1,Total,9,,,,,1
D11240,C012,2025-08-07,T1,1,Total,7,,,,,1
D11241,C012,2025-08-07,T2,1,Total,8,,,,,1
D11242,C012,2025-08-07,T3,1,Total,9,,,,,1
D11243,C012,2025-08-08,T1,1,Total,7,,,,,1
D11244,C012,2025-08-08,T2,1,Total,8,,,,,1
D11245,C012,2025-08-08,T3,1,Total,9,,,,,1
D11246,C012,2025-08-09,T1,1,Total,7,,,,,1
D11247,C012,2025-08-09,T2,1,Total,8,,,,,1
D11248,C012,2025-08-09,T3,1,Total,9,,,,,1
D11249,C012,2025-08-10,T1,1,Total,7,,,,,1
D11250,C012,2025-08-10,T2,0,Indisponível,0,férias,planeada,2025-08-04 08:48,149.2,1
D11251,C012,2025-08-10,T3,1,Total,9,,,,,1
D11252,C012,2025-08-11,T1,1,Total,7,,,,,1
D11253,C012,2025-08-11,T2,1,Total,8,,,,,1
D11254,C012,2025-08-11,T3,1,Total,9,,,,,1
D11255,C012,2025-08-12,T1,1,Total,7,,,,,1
D11256,C012,2025-08-12,T2,1,Total,8,,,,,1
D11257,C012,2025-08-12,T3,1,Total,9,,,,,1
D11258,C012,2025-08-13,T1,1,Total,7,,,,,1
D11259,C012,2025-08-13,T2,1,Total,8,,,,,1
D11260,C012,2025-08-13,T3,1,Total,9,,,,,1
D11261,C012,2025-08-14,T1,1,Total,7,,,,,1
D11262,C012,2025-08-14,T2,1,Total,8,,,,,1
D11263,C012,2025-08-14,T3,1,Total,9,,,,,1
D11264,C012,2025-08-15,T1,1,Total,7,,,,,1
D11265,C012,2025-08-15,T2,1,Total,8,,,,,1
D11266,C012,2025-08-15,T3,1,Total,9,,,,,1
D11267,C012,2025-08-16,T1,0,Indisponível,0,férias,planeada,2025-08-02 15:36,327.4,1
D11268,C012,2025-08-16,T2,1,Total,8,,,,,1
D11269,C012,2025-08-16,T3,1,Total,9,,,,,1
D11270,C012,2025-08-17,T1,1,Parcial,4,formação,planeada,2025-08-10 17:30,157.5,1
D11271,C012,2025-08-17,T2,1,Total,8,,,,,1
D11272,C012,2025-08-17,T3,1,Total,9,,,,,1
D11273,C012,2025-08-18,T1,1,Total,7,,,,,1
D11274,C012,2025-08-18,T2,1,Total,8,,,,,1
D11275,C012,2025-08-18,T3,1,Total,9,,,,,1
D11276,C012,2025-08-19,T1,1,Total,7,,,,,1
D11277,C012,2025-08-19,T2,1,Total,8,,,,,1
D11278,C012,2025-08-19,T3,1,Total,9,,,,,1
D11279,C012,2025-08-20,T1,1,Total,7,,,,,1
D11280,C012,2025-08-20,T2,1,Total,8,,,,,1
D11281,C012,2025-08-20,T3,1,Parcial,4,formação,planeada,2025-08-11 22:12,215.8,1
D11282,C012,2025-08-21,T1,1,Total,7,,,,,1
D11283,C012,2025-08-21,T2,1,Total,8,,,,,1
D11284,C012,2025-08-21,T3,1,Total,9,,,,,1
D11285,C012,2025-08-22,T1,1,Total,7,,,,,1
D11286,C012,2025-08-22,T2,1,Parcial,4,formação,planeada,2025-08-08 15:00,335.0,1
D11287,C012,2025-08-22,T3,1,Total,9,,,,,1
D11288,C012,2025-08-23,T1,1,Total,7,,,,,1
D11289,C012,2025-08-23,T2,1,Parcial,4,formação,planeada,2025-08-21 03:54,58.1,1
D11290,C012,2025-08-23,T3,1,Total,9,,,,,1
D11291,C012,2025-08-24,T1,1,Total,7,,,,,1
D11292,C012,2025-08-24,T2,1,Total,8,,,,,1
D11293,C012,2025-08-24,T3,1,Total,9,,,,,1
D11294,C012,2025-08-25,T1,1,Total,7,,,,,1
D11295,C012,2025-08-25,T2,1,Total,8,,,,,1
D11296,C012,2025-08-25,T3,1,Total,9,,,,,1
D11297,C012,2025-08-26,T1,1,Total,7,,,,,1
D11298,C012,2025-08-26,T2,1,Total,8,,,,,1
D11299,C012,2025-08-26,T3,1,Total,9,,,,,1
D11300,C012,2025-08-27,T1,1,Total,7,,,,,1
D11301,C012,2025-08-27,T2,1,Total,8,,,,,1
D11302,C012,2025-08-27,T3,1,Total,9,,,,,1
D11303,C012,2025-08-28,T1,1,Total,7,,,,,1
D11304,C012,2025-08-28,T2,1,Total,8,,,,,1
D11305,C012,2025-08-28,T3,1,Total,9,,,,,1
D11306,C012,2025-08-29,T1,1,Total,7,,,,,1
D11307,C012,2025-08-29,T2,1,Total,8,,,,,1
D11308,C012,2025-08-29,T3,1,Total,9,,,,,1
D11309,C012,2025-08-30,T1,1,Total,7,,,,,1
D11310,C012,2025-08-30,T2,1,Total,8,,,,,1
D11311,C012,2025-08-30,T3,1,Total,9,,,,,1
D11312,C012,2025-08-31,T1,1,Total,7,,,,,1
D11313,C012,2025-08-31,T2,0,Indisponível,0,restrição_noite,planeada,2025-08-08 16:12,549.8,1
D11314,C012,2025-08-31,T3,1,Total,9,,,,,1
D11315,C012,2025-09-01,T1,1,Parcial,4,consulta_medica,planeada,2025-08-30 07:00,48.0,1
D11316,C012,2025-09-01,T2,1,Total,8,,,,,1
D11317,C012,2025-09-01,T3,1,Total,9,,,,,1
D11318,C012,2025-09-02,T1,1,Total,7,,,,,1
D11319,C012,2025-09-02,T2,1,Total,8,,,,,1
D11320,C012,2025-09-02,T3,1,Total,9,,,,,1
D11321,C012,2025-09-03,T1,1,Total,7,,,,,1
D11322,C012,2025-09-03,T2,1,Total,8,,,,,1
D11323,C012,2025-09-03,T3,1,Total,9,,,,,1
D11324,C012,2025-09-04,T1,1,Total,7,,,,,1
D11325,C012,2025-09-04,T2,1,Total,8,,,,,1
D11326,C012,2025-09-04,T3,1,Total,9,,,,,1
D11327,C012,2025-09-05,T1,0,Indisponível,0,restrição_noite,planeada,2025-09-01 20:18,82.7,1
D11328,C012,2025-09-05,T2,1,Total,8,,,,,1
D11329,C012,2025-09-05,T3,1,Total,9,,,,,1
D11330,C012,2025-09-06,T1,1,Parcial,4,preferencia_pessoal,planeada,2025-08-24 05:24,313.6,1
D11331,C012,2025-09-06,T2,1,Total,8,,,,,1
D11332,C012,2025-09-06,T3,1,Total,9,,,,,1
D11333,C012,2025-09-07,T1,1,Total,7,,,,,1
D11334,C012,2025-09-07,T2,1,Total,8,,,,,1
D11335,C012,2025-09-07,T3,1,Total,9,,,,,1
D11336,C012,2025-09-08,T1,1,Total,7,,,,,1
D11337,C012,2025-09-08,T2,0,Indisponível,0,outro,planeada,2025-08-30 14:12,215.8,1
D11338,C012,2025-09-08,T3,1,Total,9,,,,,1
D11339,C012,2025-09-09,T1,1,Total,7,,,,,1
D11340,C012,2025-09-09,T2,1,Total,8,,,,,1
D11341,C012,2025-09-09,T3,1,Total,9,,,,,1
D11342,C012,2025-09-10,T1,1,Total,7,,,,,1
D11343,C012,2025-09-10,T2,1,Total,8,,,,,1
D11344,C012,2025-09-10,T3,1,Parcial,4,consulta_medica,planeada,2025-09-05 17:12,124.8,1
D11345,C012,2025-09-11,T1,1,Total,7,,,,,1
D11346,C012,2025-09-11,T2,1,Total,8,,,,,1
D11347,C012,2025-09-11,T3,1,Total,9,,,,,1
D11348,C012,2025-09-12,T1,1,Total,7,,,,,1
D11349,C012,2025-09-12,T2,1,Total,8,,,,,1
D11350,C012,2025-09-12,T3,1,Parcial,4,consulta_medica,planeada,2025-09-03 22:54,215.1,1
D11351,C012,2025-09-13,T1,1,Total,7,,,,,1
D11352,C012,2025-09-13,T2,1,Total,8,,,,,1
D11353,C012,2025-09-13,T3,1,Total,9,,,,,1
D11354,C012,2025-09-14,T1,1,Total,7,,,,,1
D11355,C012,2025-09-14,T2,1,Total,8,,,,,1
D11356,C012,2025-09-14,T3,1,Total,9,,,,,1
D11357,C012,2025-09-15,T1,1,Total,7,,,,,1
D11358,C012,2025-09-15,T2,1,Total,8,,,,,1
D11359,C012,2025-09-15,T3,1,Total,9,,,,,1
D11360,C012,2025-09-16,T1,1,Total,7,,,,,1
D11361,C012,2025-09-16,T2,1,Total,8,,,,,1
D11362,C012,2025-09-16,T3,1,Total,9,,,,,1
D11363,C012,2025-09-17,T1,1,Total,7,,,,,1
D11364,C012,2025-09-17,T2,1,Parcial,4,formação,planeada,2025-09-11 14:00,144.0,1
D11365,C012,2025-09-17,T3,1,Total,9,,,,,1
D11366,C012,2025-09-18,T1,1,Total,7,,,,,1
D11367,C012,2025-09-18,T2,1,Total,8,,,,,1
D11368,C012,2025-09-18,T3,1,Total,9,,,,,1
D11369,C012,2025-09-19,T1,1,Total,7,,,,,1
D11370,C012,2025-09-19,T2,1,Total,8,,,,,1
D11371,C012,2025-09-19,T3,1,Total,9,,,,,1
D11372,C012,2025-09-20,T1,1,Parcial,4,formação,planeada,2025-09-10 02:42,244.3,1
D11373,C012,2025-09-20,T2,1,Total,8,,,,,1
D11374,C012,2025-09-20,T3,1,Total,9,,,,,1
D11375,C012,2025-09-21,T1,1,Total,7,,,,,1
D11376,C012,2025-09-21,T2,1,Total,8,,,,,1
D11377,C012,2025-09-21,T3,1,Total,9,,,,,1
D11378,C012,2025-09-22,T1,1,Total,7,,,,,1
D11379,C012,2025-09-22,T2,1,Parcial,4,preferencia_pessoal,planeada,2025-09-13 03:24,226.6,1
D11380,C012,2025-09-22,T3,1,Total,9,,,,,1
D11381,C012,2025-09-23,T1,1,Total,7,,,,,1
D11382,C012,2025-09-23,T2,1,Total,8,,,,,1
D11383,C012,2025-09-23,T3,1,Total,9,,,,,1
D11384,C012,2025-09-24,T1,1,Total,7,,,,,1
D11385,C012,2025-09-24,T2,0,Indisponível,0,férias,planeada,2025-09-10 13:24,336.6,1
D11386,C012,2025-09-24,T3,1,Total,9,,,,,1
D11387,C012,2025-09-25,T1,1,Total,7,,,,,1
D11388,C012,2025-09-25,T2,1,Total,8,,,,,1
D11389,C012,2025-09-25,T3,0,Indisponível,0,folga,planeada,2025-09-15 03:42,258.3,1
D11390,C012,2025-09-26,T1,0,Indisponível,0,baixa,planeada,2025-09-16 13:18,233.7,1
D11391,C012,2025-09-26,T2,1,Total,8,,,,,1
D11392,C012,2025-09-26,T3,1,Total,9,,,,,1
D11393,C012,2025-09-27,T1,1,Total,7,,,,,1
D11394,C012,2025-09-27,T2,1,Total,8,,,,,1
D11395,C012,2025-09-27,T3,1,Total,9,,,,,1
D11396,C012,2025-09-28,T1,1,Total,7,,,,,1
D11397,C012,2025-09-28,T2,1,Total,8,,,,,1
D11398,C012,2025-09-28,T3,1,Total,9,,,,,1
D11399,C012,2025-09-29,T1,1,Total,7,,,,,1
D11400,C012,2025-09-29,T2,1,Total,8,,,,,1
D11401,C012,2025-09-29,T3,1,Total,9,,,,,1
D11402,C012,2025-09-30,T1,1,Total,7,,,,,1
D11403,C012,2025-09-30,T2,1,Total,8,,,,,1
D11404,C012,2025-09-30,T3,1,Parcial,4,consulta_medica,planeada,2025-09-20 11:06,250.9,1
D11405,C012,2025-10-01,T1,1,Total,7,,,,,1
D11406,C012,2025-10-01,T2,1,Total,8,,,,,1
D11407,C012,2025-10-01,T3,1,Total,9,,,,,1
D11408,C012,2025-10-02,T1,1,Total,7,,,,,1
D11409,C012,2025-10-02,T2,0,Indisponível,0,folga,planeada,2025-09-13 06:54,463.1,1
D11410,C012,2025-10-02,T3,1,Total,9,,,,,1
D11411,C012,2025-10-03,T1,1,Total,7,,,,,1
D11412,C012,2025-10-03,T2,1,Total,8,,,,,1
D11413,C012,2025-10-03,T3,1,Total,9,,,,,1
D11414,C012,2025-10-04,T1,0,Indisponível,0,nao_autorizado_fds,planeada,2025-09-30 08:24,94.6,1
D11415,C012,2025-10-04,T2,1,Total,8,,,,,1
D11416,C012,2025-10-04,T3,1,Total,9,,,,,1
D11417,C012,2025-10-05,T1,1,Total,7,,,,,1
D11418,C012,2025-10-05,T2,1,Total,8,,,,,1
D11419,C012,2025-10-05,T3,0,Indisponível,0,nao_autorizado_fds,planeada,2025-09-25 13:12,248.8,1
D11420,C012,2025-10-06,T1,1,Total,7,,,,,1
D11421,C012,2025-10-06,T2,1,Total,8,,,,,1
D11422,C012,2025-10-06,T3,1,Total,9,,,,,1
D11423,C012,2025-10-07,T1,1,Total,7,,,,,1
D11424,C012,2025-10-07,T2,1,Total,8,,,,,1
D11425,C012,2025-10-07,T3,1,Total,9,,,,,1
D11426,C012,2025-10-08,T1,1,Total,7,,,,,1
D11427,C012,2025-10-08,T2,1,Total,8,,,,,1
D11428,C012,2025-10-08,T3,1,Total,9,,,,,1
D11429,C012,2025-10-09,T1,1,Total,7,,,,,1
D11430,C012,2025-10-09,T2,1,Total,8,,,,,1
D11431,C012,2025-10-09,T3,1,Total,9,,,,,1
D11432,C012,2025-10-10,T1,1,Total,7,,,,,1
D11433,C012,2025-10-10,T2,1,Total,8,,,,,1
D11434,C012,2025-10-10,T3,1,Total,9,,,,,1
D11435,C012,2025-10-11,T1,1,Total,7,,,,,1
D11436,C012,2025-10-11,T2,1,Total,8,,,,,1
D11437,C012,2025-10-11,T3,1,Total,9,,,,,1
D11438,C012,2025-10-12,T1,1,Total,7,,,,,1
D11439,C012,2025-10-12,T2,1,Total,8,,,,,1
D11440,C012,2025-10-12,T3,0,Indisponível,0,formação,planeada,2025-09-28 22:00,336.0,1
D11441,C012,2025-10-13,T1,1,Total,7,,,,,1
D11442,C012,2025-10-13,T2,1,Total,8,,,,,1
D11443,C012,2025-10-13,T3,1,Total,9,,,,,1
D11444,C012,2025-10-14,T1,1,Total,7,,,,,1
D11445,C012,2025-10-14,T2,1,Total,8,,,,,1
D11446,C012,2025-10-14,T3,1,Total,9,,,,,1
D11447,C012,2025-10-15,T1,1,Parcial,4,formação,planeada,2025-10-13 05:54,49.1,1
D11448,C012,2025-10-15,T2,1,Total,8,,,,,1
D11449,C012,2025-10-15,T3,1,Total,9,,,,,1
D11450,C012,2025-10-16,T1,1,Total,7,,,,,1
D11451,C012,2025-10-16,T2,0,Indisponível,0,folga,planeada,2025-09-25 10:06,507.9,1
D11452,C012,2025-10-16,T3,1,Total,9,,,,,1
D11453,C012,2025-10-17,T1,1,Total,7,,,,,1
D11454,C012,2025-10-17,T2,1,Total,8,,,,,1
D11455,C012,2025-10-17,T3,1,Total,9,,,,,1
D11456,C012,2025-10-18,T1,1,Parcial,4,formação,planeada,2025-10-10 17:48,181.2,1
D11457,C012,2025-10-18,T2,1,Total,8,,,,,1
D11458,C012,2025-10-18,T3,1,Total,9,,,,,1
D11459,C012,2025-10-19,T1,1,Total,7,,,,,1
D11460,C012,2025-10-19,T2,1,Total,8,,,,,1
D11461,C012,2025-10-19,T3,1,Total,9,,,,,1
D11462,C012,2025-10-20,T1,1,Total,7,,,,,1
D11463,C012,2025-10-20,T2,1,Total,8,,,,,1
D11464,C012,2025-10-20,T3,1,Total,9,,,,,1
D11465,C012,2025-10-21,T1,1,Total,7,,,,,1
D11466,C012,2025-10-21,T2,1,Parcial,4,formação,planeada,2025-10-13 09:42,196.3,1
D11467,C012,2025-10-21,T3,1,Total,9,,,,,1
D11468,C012,2025-10-22,T1,1,Total,7,,,,,1
D11469,C012,2025-10-22,T2,1,Total,8,,,,,1
D11470,C012,2025-10-22,T3,1,Parcial,4,formação,planeada,2025-10-12 20:18,241.7,1
D11471,C012,2025-10-23,T1,1,Total,7,,,,,1
D11472,C012,2025-10-23,T2,1,Total,8,,,,,1
D11473,C012,2025-10-23,T3,1,Total,9,,,,,1
D11474,C012,2025-10-24,T1,1,Total,7,,,,,1
D11475,C012,2025-10-24,T2,1,Total,8,,,,,1
D11476,C012,2025-10-24,T3,1,Parcial,4,consulta_medica,planeada,2025-10-16 04:48,209.2,1
D11477,C012,2025-10-25,T1,1,Total,7,,,,,1
D11478,C012,2025-10-25,T2,1,Total,8,,,,,1
D11479,C012,2025-10-25,T3,1,Total,9,,,,,1
D11480,C012,2025-10-26,T1,1,Total,7,,,,,1
D11481,C012,2025-10-26,T2,1,Total,8,,,,,1
D11482,C012,2025-10-26,T3,1,Total,9,,,,,1
D11483,C012,2025-10-27,T1,1,Total,7,,,,,1
D11484,C012,2025-10-27,T2,1,Parcial,4,consulta_medica,planeada,2025-10-13 15:30,334.5,1
D11485,C012,2025-10-27,T3,1,Total,9,,,,,1
D11486,C012,2025-10-28,T1,1,Total,7,,,,,1
D11487,C012,2025-10-28,T2,1,Total,8,,,,,1
D11488,C012,2025-10-28,T3,1,Parcial,4,preferencia_pessoal,planeada,2025-10-20 02:42,211.3,1
D11489,C012,2025-10-29,T1,1,Parcial,4,consulta_medica,planeada,2025-10-26 23:12,55.8,1
D11490,C012,2025-10-29,T2,1,Parcial,4,formação,planeada,2025-10-25 08:06,101.9,1
D11491,C012,2025-10-29,T3,1,Total,9,,,,,1
D11492,C012,2025-10-30,T1,1,Total,7,,,,,1
D11493,C012,2025-10-30,T2,1,Total,8,,,,,1
D11494,C012,2025-10-30,T3,1,Total,9,,,,,1
D11495,C012,2025-10-31,T1,1,Total,7,,,,,1
D11496,C012,2025-10-31,T2,1,Total,8,,,,,1
D11497,C012,2025-10-31,T3,1,Parcial,4,preferencia_pessoal,planeada,2025-10-23 15:00,199.0,1
D11498,C012,2025-11-01,T1,1,Total,7,,,,,1
D11499,C012,2025-11-01,T2,0,Indisponível,0,folga,planeada,2025-10-13 13:54,456.1,1
D11500,C012,2025-11-01,T3,0,Indisponível,0,folga,planeada,2025-10-26 06:48,159.2,1
D11501,C012,2025-11-02,T1,1,Parcial,4,consulta_medica,planeada,2025-10-29 20:00,83.0,1
D11502,C012,2025-11-02,T2,1,Total,8,,,,,1
D11503,C012,2025-11-02,T3,1,Total,9,,,,,1
D11504,C012,2025-11-03,T1,1,Total,7,,,,,1
D11505,C012,2025-11-03,T2,1,Total,8,,,,,1
D11506,C012,2025-11-03,T3,1,Total,9,,,,,1
D11507,C012,2025-11-04,T1,1,Parcial,4,consulta_medica,planeada,2025-10-25 02:24,244.6,1
D11508,C012,2025-11-04,T2,1,Total,8,,,,,1
D11509,C012,2025-11-04,T3,1,Total,9,,,,,1
D11510,C012,2025-11-05,T1,1,Total,7,,,,,1
D11511,C012,2025-11-05,T2,1,Total,8,,,,,1
D11512,C012,2025-11-05,T3,1,Total,9,,,,,1
D11513,C012,2025-11-06,T1,1,Total,7,,,,,1
D11514,C012,2025-11-06,T2,1,Total,8,,,,,1
D11515,C012,2025-11-06,T3,0,Indisponível,0,outro,planeada,2025-11-04 17:18,52.7,1
D11516,C012,2025-11-07,T1,1,Total,7,,,,,1
D11517,C012,2025-11-07,T2,1,Total,8,,,,,1
D11518,C012,2025-11-07,T3,1,Total,9,,,,,1
D11519,C012,2025-11-08,T1,1,Total,7,,,,,1
D11520,C012,2025-11-08,T2,1,Total,8,,,,,1
D11521,C012,2025-11-08,T3,1,Total,9,,,,,1
D11522,C012,2025-11-09,T1,1,Total,7,,,,,1
D11523,C012,2025-11-09,T2,1,Total,8,,,,,1
D11524,C012,2025-11-09,T3,1,Total,9,,,,,1
D11525,C012,2025-11-10,T1,1,Total,7,,,,,1
D11526,C012,2025-11-10,T2,1,Total,8,,,,,1
D11527,C012,2025-11-10,T3,1,Total,9,,,,,1
D11528,C012,2025-11-11,T1,1,Total,7,,,,,1
D11529,C012,2025-11-11,T2,1,Parcial,4,formação,planeada,2025-11-04 17:48,164.2,1
D11530,C012,2025-11-11,T3,1,Total,9,,,,,1
D11531,C012,2025-11-12,T1,0,Indisponível,0,preferencia_pessoal,planeada,2025-10-25 14:54,424.1,1
D11532,C012,2025-11-12,T2,1,Total,8,,,,,1
D11533,C012,2025-11-12,T3,1,Total,9,,,,,1
D11534,C012,2025-11-13,T1,1,Total,7,,,,,1
D11535,C012,2025-11-13,T2,0,Indisponível,0,folga,planeada,2025-10-15 14:30,695.5,1
D11536,C012,2025-11-13,T3,1,Total,9,,,,,1
D11537,C012,2025-11-14,T1,1,Total,7,,,,,1
D11538,C012,2025-11-14,T2,1,Total,8,,,,,1
D11539,C012,2025-11-14,T3,1,Total,9,,,,,1
D11540,C012,2025-11-15,T1,1,Total,7,,,,,1
D11541,C012,2025-11-15,T2,1,Parcial,4,formação,planeada,2025-11-02 09:48,316.2,1
D11542,C012,2025-11-15,T3,1,Total,9,,,,,1
D11543,C012,2025-11-16,T1,1,Total,7,,,,,1
D11544,C012,2025-11-16,T2,1,Total,8,,,,,1
D11545,C012,2025-11-16,T3,1,Total,9,,,,,1
D11546,C012,2025-11-17,T1,1,Total,7,,,,,1
D11547,C012,2025-11-17,T2,1,Total,8,,,,,1
D11548,C012,2025-11-17,T3,1,Total,9,,,,,1
D11549,C012,2025-11-18,T1,1,Total,7,,,,,1
D11550,C012,2025-11-18,T2,1,Total,8,,,,,1
D11551,C012,2025-11-18,T3,1,Total,9,,,,,1
D11552,C012,2025-11-19,T1,1,Total,7,,,,,1
D11553,C012,2025-11-19,T2,1,Total,8,,,,,1
D11554,C012,2025-11-19,T3,1,Total,9,,,,,1
D11555,C012,2025-11-20,T1,1,Total,7,,,,,1
D11556,C012,2025-11-20,T2,1,Parcial,4,consulta_medica,planeada,2025-11-15 04:42,129.3,1
D11557,C012,2025-11-20,T3,1,Total,9,,,,,1
D11558,C012,2025-11-21,T1,1,Total,7,,,,,1
D11559,C012,2025-11-21,T2,1,Total,8,,,,,1
D11560,C012,2025-11-21,T3,1,Total,9,,,,,1
D11561,C012,2025-11-22,T1,1,Total,7,,,,,1
D11562,C012,2025-11-22,T2,1,Total,8,,,,,1
D11563,C012,2025-11-22,T3,1,Total,9,,,,,1
D11564,C012,2025-11-23,T1,1,Total,7,,,,,1
D11565,C012,2025-11-23,T2,1,Total,8,,,,,1
D11566,C012,2025-11-23,T3,1,Total,9,,,,,1
D11567,C012,2025-11-24,T1,1,Total,7,,,,,1
D11568,C012,2025-11-24,T2,1,Total,8,,,,,1
D11569,C012,2025-11-24,T3,1,Total,9,,,,,1
D11570,C012,2025-11-25,T1,0,Indisponível,0,formação,planeada,2025-11-13 16:06,278.9,1
D11571,C012,2025-11-25,T2,1,Total,8,,,,,1
D11572,C012,2025-11-25,T3,1,Parcial,4,formação,planeada,2025-11-20 05:06,136.9,1
D11573,C012,2025-11-26,T1,1,Total,7,,,,,1
D11574,C012,2025-11-26,T2,1,Parcial,4,formação,planeada,2025-11-13 00:12,325.8,1
D11575,C012,2025-11-26,T3,1,Total,9,,,,,1
D11576,C012,2025-11-27,T1,1,Total,7,,,,,1
D11577,C012,2025-11-27,T2,1,Total,8,,,,,1
D11578,C012,2025-11-27,T3,1,Total,9,,,,,1
D11579,C012,2025-11-28,T1,1,Total,7,,,,,1
D11580,C012,2025-11-28,T2,1,Total,8,,,,,1
D11581,C012,2025-11-28,T3,1,Total,9,,,,,1
D11582,C012,2025-11-29,T1,1,Total,7,,,,,1
D11583,C012,2025-11-29,T2,1,Total,8,,,,,1
D11584,C012,2025-11-29,T3,1,Total,9,,,,,1
D11585,C012,2025-11-30,T1,1,Total,7,,,,,1
D11586,C012,2025-11-30,T2,1,Total,8,,,,,1
D11587,C012,2025-11-30,T3,1,Total,9,,,,,1
D11588,C012,2025-12-01,T1,1,Total,7,,,,,1
D11589,C012,2025-12-01,T2,1,Total,8,,,,,1
D11590,C012,2025-12-01,T3,1,Total,9,,,,,1
D11591,C012,2025-12-02,T1,1,Total,7,,,,,1
D11592,C012,2025-12-02,T2,1,Total,8,,,,,1
D11593,C012,2025-12-02,T3,1,Total,9,,,,,1
D11594,C012,2025-12-03,T1,1,Total,7,,,,,1
D11595,C012,2025-12-03,T2,1,Total,8,,,,,1
D11596,C012,2025-12-03,T3,1,Total,9,,,,,1
D11597,C012,2025-12-04,T1,1,Total,7,,,,,1
D11598,C012,2025-12-04,T2,1,Total,8,,,,,1
D11599,C012,2025-12-04,T3,1,Parcial,4,consulta_medica,planeada,2025-11-30 20:36,97.4,1
D11600,C012,2025-12-05,T1,1,Total,7,,,,,1
D11601,C012,2025-12-05,T2,1,Total,8,,,,,1
D11602,C012,2025-12-05,T3,1,Total,9,,,,,1
D11603,C012,2025-12-06,T1,1,Total,7,,,,,1
D11604,C012,2025-12-06,T2,1,Total,8,,,,,1
D11605,C012,2025-12-06,T3,1,Total,9,,,,,1
D11606,C012,2025-12-07,T1,1,Total,7,,,,,1
D11607,C012,2025-12-07,T2,1,Total,8,,,,,1
D11608,C012,2025-12-07,T3,1,Total,9,,,,,1
D11609,C012,2025-12-08,T1,1,Total,7,,,,,1
D11610,C012,2025-12-08,T2,1,Total,8,,,,,1
D11611,C012,2025-12-08,T3,1,Total,9,,,,,1
D11612,C012,2025-12-09,T1,1,Total,7,,,,,1
D11613,C012,2025-12-09,T2,1,Total,8,,,,,1
D11614,C012,2025-12-09,T3,1,Total,9,,,,,1
D11615,C012,2025-12-10,T1,0,Indisponível,0,formação,planeada,2025-12-07 12:06,66.9,1
D11616,C012,2025-12-10,T2,1,Total,8,,,,,1
D11617,C012,2025-12-10,T3,1,Total,9,,,,,1
D11618,C012,2025-12-11,T1,1,Total,7,,,,,1
D11619,C012,2025-12-11,T2,1,Total,8,,,,,1
D11620,C012,2025-12-11,T3,0,Indisponível,0,outro,planeada,2025-12-03 12:54,201.1,1
D11621,C012,2025-12-12,T1,1,Total,7,,,,,1
D11622,C012,2025-12-12,T2,1,Total,8,,,,,1
D11623,C012,2025-12-12,T3,1,Total,9,,,,,1
D11624,C012,2025-12-13,T1,1,Total,7,,,,,1
D11625,C012,2025-12-13,T2,1,Total,8,,,,,1
D11626,C012,2025-12-13,T3,1,Total,9,,,,,1
D11627,C012,2025-12-14,T1,1,Total,7,,,,,1
D11628,C012,2025-12-14,T2,1,Total,8,,,,,1
D11629,C012,2025-12-14,T3,1,Total,9,,,,,1
D11630,C012,2025-12-15,T1,1,Total,7,,,,,1
D11631,C012,2025-12-15,T2,1,Total,8,,,,,1
D11632,C012,2025-12-15,T3,1,Total,9,,,,,1
D11633,C012,2025-12-16,T1,1,Total,7,,,,,1
D11634,C012,2025-12-16,T2,1,Total,8,,,,,1
D11635,C012,2025-12-16,T3,1,Total,9,,,,,1
D11636,C012,2025-12-17,T1,1,Total,7,,,,,1
D11637,C012,2025-12-17,T2,1,Total,8,,,,,1
D11638,C012,2025-12-17,T3,1,Total,9,,,,,1
D11639,C012,2025-12-18,T1,1,Total,7,,,,,1
D11640,C012,2025-12-18,T2,1,Total,8,,,,,1
D11641,C012,2025-12-18,T3,1,Total,9,,,,,1
D11642,C012,2025-12-19,T1,1,Total,7,,,,,1
D11643,C012,2025-12-19,T2,1,Total,8,,,,,1
D11644,C012,2025-12-19,T3,1,Total,9,,,,,1
D11645,C012,2025-12-20,T1,1,Total,7,,,,,1
D11646,C012,2025-12-20,T2,1,Total,8,,,,,1
D11647,C012,2025-12-20,T3,1,Total,9,,,,,1
D11648,C012,2025-12-21,T1,1,Total,7,,,,,1
D11649,C012,2025-12-21,T2,1,Parcial,4,formação,planeada,2025-12-16 10:48,123.2,1
D11650,C012,2025-12-21,T3,0,Indisponível,0,formação,planeada,2025-12-21 04:24,17.6,1
D11651,C012,2025-12-22,T1,1,Total,7,,,,,1
D11652,C012,2025-12-22,T2,1,Total,8,,,,,1
D11653,C012,2025-12-22,T3,1,Total,9,,,,,1
D11654,C012,2025-12-23,T1,1,Total,7,,,,,1
D11655,C012,2025-12-23,T2,1,Total,8,,,,,1
D11656,C012,2025-12-23,T3,1,Total,9,,,,,1
D11657,C012,2025-12-24,T1,1,Total,7,,,,,1
D11658,C012,2025-12-24,T2,1,Total,8,,,,,1
D11659,C012,2025-12-24,T3,1,Total,9,,,,,1
D11660,C012,2025-12-25,T1,1,Total,7,,,,,1
D11661,C012,2025-12-25,T2,1,Total,8,,,,,1
D11662,C012,2025-12-25,T3,1,Total,9,,,,,1
D11663,C012,2025-12-26,T1,1,Total,7,,,,,1
D11664,C012,2025-12-26,T2,1,Total,8,,,,,1
D11665,C012,2025-12-26,T3,1,Parcial,4,formação,planeada,2025-12-26 05:36,16.4,1
D11666,C012,2025-12-27,T1,1,Total,7,,,,,1
D11667,C012,2025-12-27,T2,1,Total,8,,,,,1
D11668,C012,2025-12-27,T3,1,Total,9,,,,,1
D11669,C012,2025-12-28,T1,1,Total,7,,,,,1
D11670,C012,2025-12-28,T2,1,Total,8,,,,,1
D11671,C012,2025-12-28,T3,1,Total,9,,,,,1
D11672,C012,2025-12-29,T1,1,Total,7,,,,,1
D11673,C012,2025-12-29,T2,1,Total,8,,,,,1
D11674,C012,2025-12-29,T3,1,Total,9,,,,,1
D11675,C012,2025-12-30,T1,1,Total,7,,,,,1
D11676,C012,2025-12-30,T2,1,Total,8,,,,,1
D11677,C012,2025-12-30,T3,1,Total,9,,,,,1
D11678,C012,2025-12-31,T1,1,Total,7,,,,,1
D11679,C012,2025-12-31,T2,1,Total,8,,,,,1
D11680,C012,2025-12-31,T3,1,Total,9,,,,,1
D11681,C013,2025-01-01,T1,1,Total,7,,,,,1
D11682,C013,2025-01-01,T2,1,Total,8,,,,,1
D11683,C013,2025-01-01,T3,1,Total,9,,,,,1
D11684,C013,2025-01-02,T1,1,Total,7,,,,,1
D11685,C013,2025-01-02,T2,1,Total,8,,,,,1
D11686,C013,2025-01-02,T3,1,Parcial,4,formação,planeada,2024-12-30 10:42,83.3,1
D11687,C013,2025-01-03,T1,1,Total,7,,,,,1
D11688,C013,2025-01-03,T2,1,Total,8,,,,,1
D11689,C013,2025-01-03,T3,1,Total,9,,,,,1
D11690,C013,2025-01-04,T1,0,Indisponível,0,baixa,planeada,2024-12-31 04:36,98.4,1
D11691,C013,2025-01-04,T2,1,Total,8,,,,,1
D11692,C013,2025-01-04,T3,1,Total,9,,,,,1
D11693,C013,2025-01-05,T1,1,Total,7,,,,,1
D11694,C013,2025-01-05,T2,1,Total,8,,,,,1
D11695,C013,2025-01-05,T3,1,Parcial,4,formação,planeada,2024-12-26 13:30,248.5,1
D11696,C013,2025-01-06,T1,1,Parcial,4,consulta_medica,planeada,2025-01-01 11:54,115.1,1
D11697,C013,2025-01-06,T2,1,Total,8,,,,,1
D11698,C013,2025-01-06,T3,1,Total,9,,,,,1
D11699,C013,2025-01-07,T1,1,Total,7,,,,,1
D11700,C013,2025-01-07,T2,1,Total,8,,,,,1
D11701,C013,2025-01-07,T3,1,Total,9,,,,,1
D11702,C013,2025-01-08,T1,1,Total,7,,,,,1
D11703,C013,2025-01-08,T2,1,Total,8,,,,,1
D11704,C013,2025-01-08,T3,1,Total,9,,,,,1
D11705,C013,2025-01-09,T1,1,Total,7,,,,,1
D11706,C013,2025-01-09,T2,1,Total,8,,,,,1
D11707,C013,2025-01-09,T3,1,Total,9,,,,,1
D11708,C013,2025-01-10,T1,0,Indisponível,0,baixa,planeada,2025-01-04 23:12,127.8,1
D11709,C013,2025-01-10,T2,1,Total,8,,,,,1
D11710,C013,2025-01-10,T3,1,Total,9,,,,,1
D11711,C013,2025-01-11,T1,0,Indisponível,0,baixa,planeada,2024-12-15 23:18,631.7,1
D11712,C013,2025-01-11,T2,1,Total,8,,,,,1
D11713,C013,2025-01-11,T3,1,Total,9,,,,,1
D11714,C013,2025-01-12,T1,1,Total,7,,,,,1
D11715,C013,2025-01-12,T2,1,Total,8,,,,,1
D11716,C013,2025-01-12,T3,1,Total,9,,,,,1
D11717,C013,2025-01-13,T1,1,Total,7,,,,,1
D11718,C013,2025-01-13,T2,1,Total,8,,,,,1
D11719,C013,2025-01-13,T3,1,Total,9,,,,,1
D11720,C013,2025-01-14,T1,1,Total,7,,,,,1
D11721,C013,2025-01-14,T2,1,Parcial,4,consulta_medica,planeada,2025-01-05 08:48,221.2,1
D11722,C013,2025-01-14,T3,1,Total,9,,,,,1
D11723,C013,2025-01-15,T1,1,Total,7,,,,,1
D11724,C013,2025-01-15,T2,1,Total,8,,,,,1
D11725,C013,2025-01-15,T3,1,Total,9,,,,,1
D11726,C013,2025-01-16,T1,1,Total,7,,,,,1
D11727,C013,2025-01-16,T2,1,Total,8,,,,,1
D11728,C013,2025-01-16,T3,0,Indisponível,0,preferencia_pessoal,planeada,2025-01-06 19:36,242.4,1
D11729,C013,2025-01-17,T1,1,Total,7,,,,,1
D11730,C013,2025-01-17,T2,1,Total,8,,,,,1
D11731,C013,2025-01-17,T3,0,Indisponível,0,nao_autorizado_fds,planeada,2025-01-03 03:24,354.6,1
D11732,C013,2025-01-18,T1,1,Total,7,,,,,1
D11733,C013,2025-01-18,T2,1,Total,8,,,,,1
D11734,C013,2025-01-18,T3,1,Parcial,4,preferencia_pessoal,planeada,2025-01-14 02:24,115.6,1
D11735,C013,2025-01-19,T1,1,Total,7,,,,,1
D11736,C013,2025-01-19,T2,1,Total,8,,,,,1
D11737,C013,2025-01-19,T3,1,Total,9,,,,,1
D11738,C013,2025-01-20,T1,1,Total,7,,,,,1
D11739,C013,2025-01-20,T2,1,Total,8,,,,,1
D11740,C013,2025-01-20,T3,1,Total,9,,,,,1
D11741,C013,2025-01-21,T1,1,Total,7,,,,,1
D11742,C013,2025-01-21,T2,1,Total,8,,,,,1
D11743,C013,2025-01-21,T3,1,Total,9,,,,,1
D11744,C013,2025-01-22,T1,1,Total,7,,,,,1
D11745,C013,2025-01-22,T2,1,Total,8,,,,,1
D11746,C013,2025-01-22,T3,1,Total,9,,,,,1
D11747,C013,2025-01-23,T1,1,Total,7,,,,,1
D11748,C013,2025-01-23,T2,1,Total,8,,,,,1
D11749,C013,2025-01-23,T3,0,Indisponível,0,folga,planeada,2025-01-12 06:18,279.7,1
D11750,C013,2025-01-24,T1,1,Total,7,,,,,1
D11751,C013,2025-01-24,T2,1,Total,8,,,,,1
D11752,C013,2025-01-24,T3,1,Total,9,,,,,1
D11753,C013,2025-01-25,T1,1,Total,7,,,,,1
D11754,C013,2025-01-25,T2,1,Total,8,,,,,1
D11755,C013,2025-01-25,T3,0,Indisponível,0,formação,planeada,2025-01-08 10:30,419.5,1
D11756,C013,2025-01-26,T1,1,Total,7,,,,,1
D11757,C013,2025-01-26,T2,1,Total,8,,,,,1
D11758,C013,2025-01-26,T3,1,Total,9,,,,,1
D11759,C013,2025-01-27,T1,1,Parcial,4,formação,planeada,2025-01-13 17:54,325.1,1
D11760,C013,2025-01-27,T2,1,Total,8,,,,,1
D11761,C013,2025-01-27,T3,1,Total,9,,,,,1
D11762,C013,2025-01-28,T1,1,Total,7,,,,,1
D11763,C013,2025-01-28,T2,1,Total,8,,,,,1
D11764,C013,2025-01-28,T3,1,Total,9,,,,,1
D11765,C013,2025-01-29,T1,1,Total,7,,,,,1
D11766,C013,2025-01-29,T2,1,Total,8,,,,,1
D11767,C013,2025-01-29,T3,1,Total,9,,,,,1
D11768,C013,2025-01-30,T1,1,Total,7,,,,,1
D11769,C013,2025-01-30,T2,1,Total,8,,,,,1
D11770,C013,2025-01-30,T3,1,Total,9,,,,,1
D11771,C013,2025-01-31,T1,1,Total,7,,,,,1
D11772,C013,2025-01-31,T2,1,Total,8,,,,,1
D11773,C013,2025-01-31,T3,1,Total,9,,,,,1
D11774,C013,2025-02-01,T1,1,Total,7,,,,,1
D11775,C013,2025-02-01,T2,1,Total,8,,,,,1
D11776,C013,2025-02-01,T3,1,Total,9,,,,,1
D11777,C013,2025-02-02,T1,1,Total,7,,,,,1
D11778,C013,2025-02-02,T2,1,Total,8,,,,,1
D11779,C013,2025-02-02,T3,1,Total,9,,,,,1
D11780,C013,2025-02-03,T1,1,Parcial,4,preferencia_pessoal,planeada,2025-01-28 00:42,150.3,1
D11781,C013,2025-02-03,T2,1,Total,8,,,,,1
D11782,C013,2025-02-03,T3,0,Indisponível,0,férias,planeada,2025-01-07 15:36,654.4,1
D11783,C013,2025-02-04,T1,1,Total,7,,,,,1
D11784,C013,2025-02-04,T2,1,Total,8,,,,,1
D11785,C013,2025-02-04,T3,1,Total,9,,,,,1
D11786,C013,2025-02-05,T1,1,Total,7,,,,,1
D11787,C013,2025-02-05,T2,1,Total,8,,,,,1
D11788,C013,2025-02-05,T3,1,Total,9,,,,,1
D11789,C013,2025-02-06,T1,1,Total,7,,,,,1
D11790,C013,2025-02-06,T2,1,Total,8,,,,,1
D11791,C013,2025-02-06,T3,1,Total,9,,,,,1
D11792,C013,2025-02-07,T1,1,Total,7,,,,,1
D11793,C013,2025-02-07,T2,0,Indisponível,0,folga,planeada,2025-02-03 09:42,100.3,1
D11794,C013,2025-02-07,T3,1,Total,9,,,,,1
D11795,C013,2025-02-08,T1,1,Total,7,,,,,1
D11796,C013,2025-02-08,T2,1,Total,8,,,,,1
D11797,C013,2025-02-08,T3,1,Total,9,,,,,1
D11798,C013,2025-02-09,T1,1,Total,7,,,,,1
D11799,C013,2025-02-09,T2,1,Total,8,,,,,1
D11800,C013,2025-02-09,T3,1,Total,9,,,,,1
D11801,C013,2025-02-10,T1,1,Total,7,,,,,1
D11802,C013,2025-02-10,T2,1,Total,8,,,,,1
D11803,C013,2025-02-10,T3,1,Total,9,,,,,1
D11804,C013,2025-02-11,T1,1,Total,7,,,,,1
D11805,C013,2025-02-11,T2,1,Total,8,,,,,1
D11806,C013,2025-02-11,T3,1,Total,9,,,,,1
D11807,C013,2025-02-12,T1,1,Total,7,,,,,1
D11808,C013,2025-02-12,T2,1,Total,8,,,,,1
D11809,C013,2025-02-12,T3,1,Total,9,,,,,1
D11810,C013,2025-02-13,T1,1,Total,7,,,,,1
D11811,C013,2025-02-13,T2,1,Total,8,,,,,1
D11812,C013,2025-02-13,T3,1,Total,9,,,,,1
D11813,C013,2025-02-14,T1,1,Total,7,,,,,1
D11814,C013,2025-02-14,T2,1,Total,8,,,,,1
D11815,C013,2025-02-14,T3,1,Total,9,,,,,1
D11816,C013,2025-02-15,T1,1,Total,7,,,,,1
D11817,C013,2025-02-15,T2,1,Total,8,,,,,1
D11818,C013,2025-02-15,T3,1,Total,9,,,,,1
D11819,C013,2025-02-16,T1,1,Total,7,,,,,1
D11820,C013,2025-02-16,T2,1,Total,8,,,,,1
D11821,C013,2025-02-16,T3,1,Total,9,,,,,1
D11822,C013,2025-02-17,T1,1,Total,7,,,,,1
D11823,C013,2025-02-17,T2,1,Total,8,,,,,1
D11824,C013,2025-02-17,T3,0,Indisponível,0,folga,planeada,2025-01-30 11:54,442.1,1
D11825,C013,2025-02-18,T1,1,Total,7,,,,,1
D11826,C013,2025-02-18,T2,1,Total,8,,,,,1
D11827,C013,2025-02-18,T3,1,Total,9,,,,,1
D11828,C013,2025-02-19,T1,1,Total,7,,,,,1
D11829,C013,2025-02-19,T2,1,Total,8,,,,,1
D11830,C013,2025-02-19,T3,1,Total,9,,,,,1
D11831,C013,2025-02-20,T1,1,Total,7,,,,,1
D11832,C013,2025-02-20,T2,1,Total,8,,,,,1
D11833,C013,2025-02-20,T3,1,Total,9,,,,,1
D11834,C013,2025-02-21,T1,1,Total,7,,,,,1
D11835,C013,2025-02-21,T2,1,Total,8,,,,,1
D11836,C013,2025-02-21,T3,1,Total,9,,,,,1
D11837,C013,2025-02-22,T1,1,Parcial,4,preferencia_pessoal,planeada,2025-02-10 17:00,278.0,1
D11838,C013,2025-02-22,T2,1,Total,8,,,,,1
D11839,C013,2025-02-22,T3,1,Total,9,,,,,1
D11840,C013,2025-02-23,T1,1,Total,7,,,,,1
D11841,C013,2025-02-23,T2,0,Indisponível,0,férias,planeada,2025-01-29 12:12,601.8,1
D11842,C013,2025-02-23,T3,1,Total,9,,,,,1
D11843,C013,2025-02-24,T1,1,Total,7,,,,,1
D11844,C013,2025-02-24,T2,1,Total,8,,,,,1
D11845,C013,2025-02-24,T3,1,Total,9,,,,,1
D11846,C013,2025-02-25,T1,1,Total,7,,,,,1
D11847,C013,2025-02-25,T2,1,Parcial,4,preferencia_pessoal,planeada,2025-02-21 10:00,100.0,1
D11848,C013,2025-02-25,T3,1,Total,9,,,,,1
D11849,C013,2025-02-26,T1,1,Total,7,,,,,1
D11850,C013,2025-02-26,T2,1,Total,8,,,,,1
D11851,C013,2025-02-26,T3,0,Indisponível,0,formação,planeada,2025-02-19 15:48,174.2,1
D11852,C013,2025-02-27,T1,1,Total,7,,,,,1
D11853,C013,2025-02-27,T2,1,Total,8,,,,,1
D11854,C013,2025-02-27,T3,1,Parcial,4,preferencia_pessoal,planeada,2025-02-25 09:54,60.1,1
D11855,C013,2025-02-28,T1,1,Parcial,4,preferencia_pessoal,planeada,2025-02-25 10:30,68.5,1
D11856,C013,2025-02-28,T2,1,Parcial,4,consulta_medica,planeada,2025-02-19 02:54,227.1,1
D11857,C013,2025-02-28,T3,1,Total,9,,,,,1
D11858,C013,2025-03-01,T1,1,Total,7,,,,,1
D11859,C013,2025-03-01,T2,1,Total,8,,,,,1
D11860,C013,2025-03-01,T3,1,Total,9,,,,,1
D11861,C013,2025-03-02,T1,1,Total,7,,,,,1
D11862,C013,2025-03-02,T2,1,Total,8,,,,,1
D11863,C013,2025-03-02,T3,1,Total,9,,,,,1
D11864,C013,2025-03-03,T1,1,Total,7,,,,,1
D11865,C013,2025-03-03,T2,1,Total,8,,,,,1
D11866,C013,2025-03-03,T3,1,Parcial,4,preferencia_pessoal,planeada,2025-02-18 18:30,315.5,1
D11867,C013,2025-03-04,T1,1,Parcial,4,preferencia_pessoal,planeada,2025-02-26 00:18,150.7,1
D11868,C013,2025-03-04,T2,1,Total,8,,,,,1
D11869,C013,2025-03-04,T3,1,Parcial,4,formação,planeada,2025-02-27 23:06,118.9,1
D11870,C013,2025-03-05,T1,0,Indisponível,0,preferencia_pessoal,planeada,2025-03-02 02:18,76.7,1
D11871,C013,2025-03-05,T2,1,Total,8,,,,,1
D11872,C013,2025-03-05,T3,1,Total,9,,,,,1
D11873,C013,2025-03-06,T1,1,Total,7,,,,,1
D11874,C013,2025-03-06,T2,1,Total,8,,,,,1
D11875,C013,2025-03-06,T3,1,Total,9,,,,,1
D11876,C013,2025-03-07,T1,1,Total,7,,,,,1
D11877,C013,2025-03-07,T2,1,Total,8,,,,,1
D11878,C013,2025-03-07,T3,1,Total,9,,,,,1
D11879,C013,2025-03-08,T1,0,Indisponível,0,folga,planeada,2025-02-28 07:24,191.6,1
D11880,C013,2025-03-08,T2,1,Total,8,,,,,1
D11881,C013,2025-03-08,T3,1,Total,9,,,,,1
D11882,C013,2025-03-09,T1,0,Indisponível,0,formação,planeada,2025-02-17 13:24,473.6,1
D11883,C013,2025-03-09,T2,1,Parcial,4,consulta_medica,planeada,2025-03-07 01:30,60.5,1
D11884,C013,2025-03-09,T3,1,Total,9,,,,,1
D11885,C013,2025-03-10,T1,1,Total,7,,,,,1
D11886,C013,2025-03-10,T2,1,Total,8,,,,,1
D11887,C013,2025-03-10,T3,1,Total,9,,,,,1
D11888,C013,2025-03-11,T1,1,Total,7,,,,,1
D11889,C013,2025-03-11,T2,1,Total,8,,,,,1
D11890,C013,2025-03-11,T3,1,Total,9,,,,,1
D11891,C013,2025-03-12,T1,1,Total,7,,,,,1
D11892,C013,2025-03-12,T2,1,Total,8,,,,,1
D11893,C013,2025-03-12,T3,1,Total,9,,,,,1
D11894,C013,2025-03-13,T1,1,Total,7,,,,,1
D11895,C013,2025-03-13,T2,1,Total,8,,,,,1
D11896,C013,2025-03-13,T3,1,Total,9,,,,,1
D11897,C013,2025-03-14,T1,1,Total,7,,,,,1
D11898,C013,2025-03-14,T2,1,Total,8,,,,,1
D11899,C013,2025-03-14,T3,1,Parcial,4,preferencia_pessoal,planeada,2025-03-12 15:18,54.7,1
D11900,C013,2025-03-15,T1,1,Total,7,,,,,1
D11901,C013,2025-03-15,T2,1,Total,8,,,,,1
D11902,C013,2025-03-15,T3,1,Total,9,,,,,1
D11903,C013,2025-03-16,T1,1,Total,7,,,,,1
D11904,C013,2025-03-16,T2,1,Total,8,,,,,1
D11905,C013,2025-03-16,T3,1,Total,9,,,,,1
D11906,C013,2025-03-17,T1,1,Total,7,,,,,1
D11907,C013,2025-03-17,T2,1,Total,8,,,,,1
D11908,C013,2025-03-17,T3,1,Total,9,,,,,1
D11909,C013,2025-03-18,T1,1,Total,7,,,,,1
D11910,C013,2025-03-18,T2,1,Total,8,,,,,1
D11911,C013,2025-03-18,T3,1,Total,9,,,,,1
D11912,C013,2025-03-19,T1,1,Total,7,,,,,1
D11913,C013,2025-03-19,T2,1,Total,8,,,,,1
D11914,C013,2025-03-19,T3,1,Total,9,,,,,1
D11915,C013,2025-03-20,T1,1,Total,7,,,,,1
D11916,C013,2025-03-20,T2,1,Total,8,,,,,1
D11917,C013,2025-03-20,T3,1,Total,9,,,,,1
D11918,C013,2025-03-21,T1,1,Total,7,,,,,1
D11919,C013,2025-03-21,T2,1,Total,8,,,,,1
D11920,C013,2025-03-21,T3,1,Total,9,,,,,1
D11921,C013,2025-03-22,T1,0,Indisponível,0,baixa,planeada,2025-03-04 17:36,421.4,1
D11922,C013,2025-03-22,T2,1,Total,8,,,,,1
D11923,C013,2025-03-22,T3,1,Total,9,,,,,1
D11924,C013,2025-03-23,T1,1,Total,7,,,,,1
D11925,C013,2025-03-23,T2,1,Total,8,,,,,1
D11926,C013,2025-03-23,T3,1,Total,9,,,,,1
D11927,C013,2025-03-24,T1,1,Total,7,,,,,1
D11928,C013,2025-03-24,T2,0,Indisponível,0,férias,planeada,2025-02-28 06:18,583.7,1
D11929,C013,2025-03-24,T3,1,Total,9,,,,,1
D11930,C013,2025-03-25,T1,1,Total,7,,,,,1
D11931,C013,2025-03-25,T2,1,Total,8,,,,,1
D11932,C013,2025-03-25,T3,1,Total,9,,,,,1
D11933,C013,2025-03-26,T1,1,Total,7,,,,,1
D11934,C013,2025-03-26,T2,0,Indisponível,0,folga,planeada,2025-03-21 22:42,111.3,1
D11935,C013,2025-03-26,T3,1,Total,9,,,,,1
D11936,C013,2025-03-27,T1,1,Total,7,,,,,1
D11937,C013,2025-03-27,T2,1,Total,8,,,,,1
D11938,C013,2025-03-27,T3,1,Total,9,,,,,1
D11939,C013,2025-03-28,T1,1,Total,7,,,,,1
D11940,C013,2025-03-28,T2,1,Total,8,,,,,1
D11941,C013,2025-03-28,T3,1,Total,9,,,,,1
D11942,C013,2025-03-29,T1,1,Total,7,,,,,1
D11943,C013,2025-03-29,T2,1,Total,8,,,,,1
D11944,C013,2025-03-29,T3,1,Total,9,,,,,1
D11945,C013,2025-03-30,T1,1,Total,7,,,,,1
D11946,C013,2025-03-30,T2,1,Total,8,,,,,1
D11947,C013,2025-03-30,T3,1,Total,9,,,,,1
D11948,C013,2025-03-31,T1,1,Total,7,,,,,1
D11949,C013,2025-03-31,T2,1,Total,8,,,,,1
D11950,C013,2025-03-31,T3,1,Total,9,,,,,1
D11951,C013,2025-04-01,T1,1,Total,7,,,,,1
D11952,C013,2025-04-01,T2,1,Total,8,,,,,1
D11953,C013,2025-04-01,T3,0,Indisponível,0,folga,planeada,2025-03-23 03:12,234.8,1
D11954,C013,2025-04-02,T1,1,Total,7,,,,,1
D11955,C013,2025-04-02,T2,1,Total,8,,,,,1
D11956,C013,2025-04-02,T3,1,Total,9,,,,,1
D11957,C013,2025-04-03,T1,1,Total,7,,,,,1
D11958,C013,2025-04-03,T2,1,Total,8,,,,,1
D11959,C013,2025-04-03,T3,1,Total,9,,,,,1
D11960,C013,2025-04-04,T1,1,Total,7,,,,,1
D11961,C013,2025-04-04,T2,1,Total,8,,,,,1
D11962,C013,2025-04-04,T3,1,Parcial,4,preferencia_pessoal,planeada,2025-04-02 13:30,56.5,1
D11963,C013,2025-04-05,T1,1,Total,7,,,,,1
D11964,C013,2025-04-05,T2,1,Total,8,,,,,1
D11965,C013,2025-04-05,T3,0,Indisponível,0,férias,planeada,2025-03-22 16:06,341.9,1
D11966,C013,2025-04-06,T1,0,Indisponível,0,férias,planeada,2025-04-02 13:00,90.0,1
D11967,C013,2025-04-06,T2,1,Total,8,,,,,1
D11968,C013,2025-04-06,T3,1,Total,9,,,,,1
D11969,C013,2025-04-07,T1,1,Total,7,,,,,1
D11970,C013,2025-04-07,T2,1,Total,8,,,,,1
D11971,C013,2025-04-07,T3,1,Total,9,,,,,1
D11972,C013,2025-04-08,T1,1,Parcial,4,preferencia_pessoal,planeada,2025-03-30 12:00,211.0,1
D11973,C013,2025-04-08,T2,1,Total,8,,,,,1
D11974,C013,2025-04-08,T3,1,Total,9,,,,,1
D11975,C013,2025-04-09,T1,1,Total,7,,,,,1
D11976,C013,2025-04-09,T2,1,Total,8,,,,,1
D11977,C013,2025-04-09,T3,1,Total,9,,,,,1
D11978,C013,2025-04-10,T1,1,Total,7,,,,,1
D11979,C013,2025-04-10,T2,1,Total,8,,,,,1
D11980,C013,2025-04-10,T3,1,Total,9,,,,,1
D11981,C013,2025-04-11,T1,1,Total,7,,,,,1
D11982,C013,2025-04-11,T2,1,Total,8,,,,,1
D11983,C013,2025-04-11,T3,1,Total,9,,,,,1
D11984,C013,2025-04-12,T1,1,Total,7,,,,,1
D11985,C013,2025-04-12,T2,1,Total,8,,,,,1
D11986,C013,2025-04-12,T3,1,Total,9,,,,,1
D11987,C013,2025-04-13,T1,1,Total,7,,,,,1
D11988,C013,2025-04-13,T2,1,Total,8,,,,,1
D11989,C013,2025-04-13,T3,1,Parcial,4,formação,planeada,2025-04-05 03:42,210.3,1
D11990,C013,2025-04-14,T1,1,Total,7,,,,,1
D11991,C013,2025-04-14,T2,1,Total,8,,,,,1
D11992,C013,2025-04-14,T3,1,Total,9,,,,,1
D11993,C013,2025-04-15,T1,1,Total,7,,,,,1
D11994,C013,2025-04-15,T2,1,Total,8,,,,,1
D11995,C013,2025-04-15,T3,1,Total,9,,,,,1
D11996,C013,2025-04-16,T1,1,Total,7,,,,,1
D11997,C013,2025-04-16,T2,1,Total,8,,,,,1
D11998,C013,2025-04-16,T3,1,Total,9,,,,,1
D11999,C013,2025-04-17,T1,1,Total,7,,,,,1
D12000,C013,2025-04-17,T2,1,Total,8,,,,,1
D12001,C013,2025-04-17,T3,1,Total,9,,,,,1
D12002,C013,2025-04-18,T1,0,Indisponível,0,consulta_medica,planeada,2025-03-28 03:42,507.3,1
D12003,C013,2025-04-18,T2,1,Total,8,,,,,1
D12004,C013,2025-04-18,T3,1,Total,9,,,,,1
D12005,C013,2025-04-19,T1,1,Total,7,,,,,1
D12006,C013,2025-04-19,T2,1,Total,8,,,,,1
D12007,C013,2025-04-19,T3,1,Parcial,4,consulta_medica,planeada,2025-04-09 15:36,246.4,1
D12008,C013,2025-04-20,T1,1,Total,7,,,,,1
D12009,C013,2025-04-20,T2,1,Total,8,,,,,1
D12010,C013,2025-04-20,T3,1,Total,9,,,,,1
D12011,C013,2025-04-21,T1,1,Total,7,,,,,1
D12012,C013,2025-04-21,T2,1,Total,8,,,,,1
D12013,C013,2025-04-21,T3,1,Total,9,,,,,1
D12014,C013,2025-04-22,T1,1,Total,7,,,,,1
D12015,C013,2025-04-22,T2,1,Total,8,,,,,1
D12016,C013,2025-04-22,T3,1,Parcial,4,preferencia_pessoal,planeada,2025-04-08 22:42,335.3,1
D12017,C013,2025-04-23,T1,1,Total,7,,,,,1
D12018,C013,2025-04-23,T2,1,Parcial,4,formação,planeada,2025-04-21 12:42,49.3,1
D12019,C013,2025-04-23,T3,1,Total,9,,,,,1
D12020,C013,2025-04-24,T1,1,Total,7,,,,,1
D12021,C013,2025-04-24,T2,1,Total,8,,,,,1
D12022,C013,2025-04-24,T3,1,Total,9,,,,,1
D12023,C013,2025-04-25,T1,1,Total,7,,,,,1
D12024,C013,2025-04-25,T2,1,Total,8,,,,,1
D12025,C013,2025-04-25,T3,1,Total,9,,,,,1
D12026,C013,2025-04-26,T1,1,Total,7,,,,,1
D12027,C013,2025-04-26,T2,1,Total,8,,,,,1
D12028,C013,2025-04-26,T3,1,Total,9,,,,,1
D12029,C013,2025-04-27,T1,1,Total,7,,,,,1
D12030,C013,2025-04-27,T2,1,Total,8,,,,,1
D12031,C013,2025-04-27,T3,0,Indisponível,0,folga,planeada,2025-04-18 12:18,225.7,1
D12032,C013,2025-04-28,T1,1,Total,7,,,,,1
D12033,C013,2025-04-28,T2,1,Total,8,,,,,1
D12034,C013,2025-04-28,T3,1,Total,9,,,,,1
D12035,C013,2025-04-29,T1,1,Parcial,4,consulta_medica,planeada,2025-04-21 03:24,195.6,1
D12036,C013,2025-04-29,T2,1,Total,8,,,,,1
D12037,C013,2025-04-29,T3,1,Total,9,,,,,1
D12038,C013,2025-04-30,T1,1,Total,7,,,,,1
D12039,C013,2025-04-30,T2,1,Total,8,,,,,1
D12040,C013,2025-04-30,T3,1,Parcial,4,formação,planeada,2025-04-25 22:00,120.0,1
D12041,C013,2025-05-01,T1,1,Total,7,,,,,1
D12042,C013,2025-05-01,T2,1,Total,8,,,,,1
D12043,C013,2025-05-01,T3,1,Total,9,,,,,1
D12044,C013,2025-05-02,T1,1,Total,7,,,,,1
D12045,C013,2025-05-02,T2,1,Total,8,,,,,1
D12046,C013,2025-05-02,T3,1,Total,9,,,,,1
D12047,C013,2025-05-03,T1,1,Total,7,,,,,1
D12048,C013,2025-05-03,T2,1,Total,8,,,,,1
D12049,C013,2025-05-03,T3,1,Total,9,,,,,1
D12050,C013,2025-05-04,T1,1,Total,7,,,,,1
D12051,C013,2025-05-04,T2,1,Total,8,,,,,1
D12052,C013,2025-05-04,T3,1,Total,9,,,,,1
D12053,C013,2025-05-05,T1,1,Total,7,,,,,1
D12054,C013,2025-05-05,T2,1,Total,8,,,,,1
D12055,C013,2025-05-05,T3,1,Total,9,,,,,1
D12056,C013,2025-05-06,T1,1,Total,7,,,,,1
D12057,C013,2025-05-06,T2,1,Total,8,,,,,1
D12058,C013,2025-05-06,T3,1,Total,9,,,,,1
D12059,C013,2025-05-07,T1,1,Total,7,,,,,1
D12060,C013,2025-05-07,T2,1,Total,8,,,,,1
D12061,C013,2025-05-07,T3,1,Parcial,4,preferencia_pessoal,planeada,2025-04-24 19:12,314.8,1
D12062,C013,2025-05-08,T1,1,Total,7,,,,,1
D12063,C013,2025-05-08,T2,1,Total,8,,,,,1
D12064,C013,2025-05-08,T3,1,Total,9,,,,,1
D12065,C013,2025-05-09,T1,1,Total,7,,,,,1
D12066,C013,2025-05-09,T2,1,Total,8,,,,,1
D12067,C013,2025-05-09,T3,1,Total,9,,,,,1
D12068,C013,2025-05-10,T1,1,Total,7,,,,,1
D12069,C013,2025-05-10,T2,1,Total,8,,,,,1
D12070,C013,2025-05-10,T3,1,Total,9,,,,,1
D12071,C013,2025-05-11,T1,1,Total,7,,,,,1
D12072,C013,2025-05-11,T2,1,Total,8,,,,,1
D12073,C013,2025-05-11,T3,1,Total,9,,,,,1
D12074,C013,2025-05-12,T1,1,Total,7,,,,,1
D12075,C013,2025-05-12,T2,1,Total,8,,,,,1
D12076,C013,2025-05-12,T3,0,Indisponível,0,folga,planeada,2025-04-29 02:54,331.1,1
D12077,C013,2025-05-13,T1,1,Total,7,,,,,1
D12078,C013,2025-05-13,T2,1,Total,8,,,,,1
D12079,C013,2025-05-13,T3,1,Total,9,,,,,1
D12080,C013,2025-05-14,T1,1,Total,7,,,,,1
D12081,C013,2025-05-14,T2,1,Total,8,,,,,1
D12082,C013,2025-05-14,T3,1,Total,9,,,,,1
D12083,C013,2025-05-15,T1,1,Total,7,,,,,1
D12084,C013,2025-05-15,T2,0,Indisponível,0,consulta_medica,planeada,2025-04-25 21:00,473.0,1
D12085,C013,2025-05-15,T3,1,Total,9,,,,,1
D12086,C013,2025-05-16,T1,1,Total,7,,,,,1
D12087,C013,2025-05-16,T2,1,Total,8,,,,,1
D12088,C013,2025-05-16,T3,1,Total,9,,,,,1
D12089,C013,2025-05-17,T1,1,Total,7,,,,,1
D12090,C013,2025-05-17,T2,1,Total,8,,,,,1
D12091,C013,2025-05-17,T3,1,Total,9,,,,,1
D12092,C013,2025-05-18,T1,1,Total,7,,,,,1
D12093,C013,2025-05-18,T2,1,Parcial,4,formação,planeada,2025-05-12 04:00,154.0,1
D12094,C013,2025-05-18,T3,1,Parcial,4,consulta_medica,planeada,2025-05-15 21:00,73.0,1
D12095,C013,2025-05-19,T1,1,Total,7,,,,,1
D12096,C013,2025-05-19,T2,1,Total,8,,,,,1
D12097,C013,2025-05-19,T3,1,Parcial,4,formação,planeada,2025-05-12 04:12,185.8,1
D12098,C013,2025-05-20,T1,1,Total,7,,,,,1
D12099,C013,2025-05-20,T2,1,Total,8,,,,,1
D12100,C013,2025-05-20,T3,1,Total,9,,,,,1
D12101,C013,2025-05-21,T1,1,Total,7,,,,,1
D12102,C013,2025-05-21,T2,1,Total,8,,,,,1
D12103,C013,2025-05-21,T3,1,Total,9,,,,,1
D12104,C013,2025-05-22,T1,1,Total,7,,,,,1
D12105,C013,2025-05-22,T2,1,Total,8,,,,,1
D12106,C013,2025-05-22,T3,1,Total,9,,,,,1
D12107,C013,2025-05-23,T1,1,Total,7,,,,,1
D12108,C013,2025-05-23,T2,1,Total,8,,,,,1
D12109,C013,2025-05-23,T3,1,Total,9,,,,,1
D12110,C013,2025-05-24,T1,1,Total,7,,,,,1
D12111,C013,2025-05-24,T2,1,Total,8,,,,,1
D12112,C013,2025-05-24,T3,1,Total,9,,,,,1
D12113,C013,2025-05-25,T1,1,Total,7,,,,,1
D12114,C013,2025-05-25,T2,1,Total,8,,,,,1
D12115,C013,2025-05-25,T3,1,Total,9,,,,,1
D12116,C013,2025-05-26,T1,1,Total,7,,,,,1
D12117,C013,2025-05-26,T2,1,Total,8,,,,,1
D12118,C013,2025-05-26,T3,1,Total,9,,,,,1
D12119,C013,2025-05-27,T1,1,Total,7,,,,,1
D12120,C013,2025-05-27,T2,1,Total,8,,,,,1
D12121,C013,2025-05-27,T3,1,Total,9,,,,,1
D12122,C013,2025-05-28,T1,1,Total,7,,,,,1
D12123,C013,2025-05-28,T2,1,Total,8,,,,,1
D12124,C013,2025-05-28,T3,1,Parcial,4,formação,planeada,2025-05-19 08:48,229.2,1
D12125,C013,2025-05-29,T1,1,Total,7,,,,,1
D12126,C013,2025-05-29,T2,1,Total,8,,,,,1
D12127,C013,2025-05-29,T3,1,Total,9,,,,,1
D12128,C013,2025-05-30,T1,1,Total,7,,,,,1
D12129,C013,2025-05-30,T2,1,Total,8,,,,,1
D12130,C013,2025-05-30,T3,1,Total,9,,,,,1
D12131,C013,2025-05-31,T1,1,Total,7,,,,,1
D12132,C013,2025-05-31,T2,1,Total,8,,,,,1
D12133,C013,2025-05-31,T3,1,Total,9,,,,,1
D12134,C013,2025-06-01,T1,1,Total,7,,,,,1
D12135,C013,2025-06-01,T2,1,Total,8,,,,,1
D12136,C013,2025-06-01,T3,1,Total,9,,,,,1
D12137,C013,2025-06-02,T1,1,Total,7,,,,,1
D12138,C013,2025-06-02,T2,1,Total,8,,,,,1
D12139,C013,2025-06-02,T3,1,Parcial,4,preferencia_pessoal,planeada,2025-05-21 03:06,306.9,1
D12140,C013,2025-06-03,T1,1,Total,7,,,,,1
D12141,C013,2025-06-03,T2,1,Total,8,,,,,1
D12142,C013,2025-06-03,T3,1,Total,9,,,,,1
D12143,C013,2025-06-04,T1,1,Total,7,,,,,1
D12144,C013,2025-06-04,T2,0,Indisponível,0,férias,planeada,2025-05-08 00:06,661.9,1
D12145,C013,2025-06-04,T3,1,Total,9,,,,,1
D12146,C013,2025-06-05,T1,0,Indisponível,0,baixa,planeada,2025-05-07 20:48,682.2,1
D12147,C013,2025-06-05,T2,1,Total,8,,,,,1
D12148,C013,2025-06-05,T3,1,Total,9,,,,,1
D12149,C013,2025-06-06,T1,1,Total,7,,,,,1
D12150,C013,2025-06-06,T2,1,Total,8,,,,,1
D12151,C013,2025-06-06,T3,0,Indisponível,0,consulta_medica,inesperada,2025-06-06 19:36,2.4,1
D12152,C013,2025-06-07,T1,1,Total,7,,,,,1
D12153,C013,2025-06-07,T2,1,Total,8,,,,,1
D12154,C013,2025-06-07,T3,1,Parcial,4,formação,planeada,2025-05-26 01:06,308.9,1
D12155,C013,2025-06-08,T1,1,Total,7,,,,,1
D12156,C013,2025-06-08,T2,1,Total,8,,,,,1
D12157,C013,2025-06-08,T3,1,Total,9,,,,,1
D12158,C013,2025-06-09,T1,1,Total,7,,,,,1
D12159,C013,2025-06-09,T2,1,Total,8,,,,,1
D12160,C013,2025-06-09,T3,1,Total,9,,,,,1
D12161,C013,2025-06-10,T1,1,Total,7,,,,,1
D12162,C013,2025-06-10,T2,1,Total,8,,,,,1
D12163,C013,2025-06-10,T3,1,Total,9,,,,,1
D12164,C013,2025-06-11,T1,1,Total,7,,,,,1
D12165,C013,2025-06-11,T2,1,Total,8,,,,,1
D12166,C013,2025-06-11,T3,1,Total,9,,,,,1
D12167,C013,2025-06-12,T1,1,Total,7,,,,,1
D12168,C013,2025-06-12,T2,1,Total,8,,,,,1
D12169,C013,2025-06-12,T3,1,Total,9,,,,,1
D12170,C013,2025-06-13,T1,1,Total,7,,,,,1
D12171,C013,2025-06-13,T2,1,Total,8,,,,,1
D12172,C013,2025-06-13,T3,1,Total,9,,,,,1
D12173,C013,2025-06-14,T1,1,Total,7,,,,,1
D12174,C013,2025-06-14,T2,1,Total,8,,,,,1
D12175,C013,2025-06-14,T3,1,Total,9,,,,,1
D12176,C013,2025-06-15,T1,1,Total,7,,,,,1
D12177,C013,2025-06-15,T2,1,Total,8,,,,,1
D12178,C013,2025-06-15,T3,1,Total,9,,,,,1
D12179,C013,2025-06-16,T1,1,Total,7,,,,,1
D12180,C013,2025-06-16,T2,1,Total,8,,,,,1
D12181,C013,2025-06-16,T3,1,Total,9,,,,,1
D12182,C013,2025-06-17,T1,0,Indisponível,0,preferencia_pessoal,planeada,2025-05-24 17:24,565.6,1
D12183,C013,2025-06-17,T2,1,Total,8,,,,,1
D12184,C013,2025-06-17,T3,1,Total,9,,,,,1
D12185,C013,2025-06-18,T1,1,Total,7,,,,,1
D12186,C013,2025-06-18,T2,1,Total,8,,,,,1
D12187,C013,2025-06-18,T3,1,Total,9,,,,,1
D12188,C013,2025-06-19,T1,1,Total,7,,,,,1
D12189,C013,2025-06-19,T2,1,Total,8,,,,,1
D12190,C013,2025-06-19,T3,1,Total,9,,,,,1
D12191,C013,2025-06-20,T1,1,Total,7,,,,,1
D12192,C013,2025-06-20,T2,1,Total,8,,,,,1
D12193,C013,2025-06-20,T3,1,Total,9,,,,,1
D12194,C013,2025-06-21,T1,1,Total,7,,,,,1
D12195,C013,2025-06-21,T2,1,Total,8,,,,,1
D12196,C013,2025-06-21,T3,1,Parcial,4,consulta_medica,planeada,2025-06-20 06:12,39.8,1
D12197,C013,2025-06-22,T1,1,Parcial,4,consulta_medica,planeada,2025-06-08 18:00,325.0,1
D12198,C013,2025-06-22,T2,1,Total,8,,,,,1
D12199,C013,2025-06-22,T3,1,Total,9,,,,,1
D12200,C013,2025-06-23,T1,1,Total,7,,,,,1
D12201,C013,2025-06-23,T2,1,Total,8,,,,,1
D12202,C013,2025-06-23,T3,1,Total,9,,,,,1
D12203,C013,2025-06-24,T1,1,Total,7,,,,,1
D12204,C013,2025-06-24,T2,1,Total,8,,,,,1
D12205,C013,2025-06-24,T3,1,Total,9,,,,,1
D12206,C013,2025-06-25,T1,1,Total,7,,,,,1
D12207,C013,2025-06-25,T2,1,Total,8,,,,,1
D12208,C013,2025-06-25,T3,0,Indisponível,0,restrição_noite,planeada,2025-06-16 19:42,218.3,1
D12209,C013,2025-06-26,T1,0,Indisponível,0,formação,planeada,2025-06-19 03:18,171.7,1
D12210,C013,2025-06-26,T2,1,Total,8,,,,,1
D12211,C013,2025-06-26,T3,1,Parcial,4,consulta_medica,planeada,2025-06-17 01:00,237.0,1
D12212,C013,2025-06-27,T1,1,Total,7,,,,,1
D12213,C013,2025-06-27,T2,1,Total,8,,,,,1
D12214,C013,2025-06-27,T3,1,Total,9,,,,,1
D12215,C013,2025-06-28,T1,1,Parcial,4,consulta_medica,planeada,2025-06-25 11:06,67.9,1
D12216,C013,2025-06-28,T2,1,Total,8,,,,,1
D12217,C013,2025-06-28,T3,1,Total,9,,,,,1
D12218,C013,2025-06-29,T1,1,Total,7,,,,,1
D12219,C013,2025-06-29,T2,1,Total,8,,,,,1
D12220,C013,2025-06-29,T3,1,Total,9,,,,,1
D12221,C013,2025-06-30,T1,1,Total,7,,,,,1
D12222,C013,2025-06-30,T2,0,Indisponível,0,restrição_noite,planeada,2025-06-25 16:00,118.0,1
D12223,C013,2025-06-30,T3,1,Parcial,4,formação,planeada,2025-06-25 07:54,134.1,1
D12224,C013,2025-07-01,T1,1,Total,7,,,,,1
D12225,C013,2025-07-01,T2,1,Total,8,,,,,1
D12226,C013,2025-07-01,T3,1,Total,9,,,,,1
D12227,C013,2025-07-02,T1,1,Total,7,,,,,1
D12228,C013,2025-07-02,T2,1,Total,8,,,,,1
D12229,C013,2025-07-02,T3,1,Total,9,,,,,1
D12230,C013,2025-07-03,T1,1,Total,7,,,,,1
D12231,C013,2025-07-03,T2,0,Indisponível,0,baixa,inesperada,2025-07-03 02:24,11.6,1
D12232,C013,2025-07-03,T3,1,Total,9,,,,,1
D12233,C013,2025-07-04,T1,1,Total,7,,,,,1
D12234,C013,2025-07-04,T2,0,Indisponível,0,baixa,planeada,2025-06-19 01:54,372.1,1
D12235,C013,2025-07-04,T3,1,Total,9,,,,,1
D12236,C013,2025-07-05,T1,1,Total,7,,,,,1
D12237,C013,2025-07-05,T2,1,Total,8,,,,,1
D12238,C013,2025-07-05,T3,0,Indisponível,0,folga,planeada,2025-06-10 01:00,621.0,1
D12239,C013,2025-07-06,T1,1,Total,7,,,,,1
D12240,C013,2025-07-06,T2,1,Total,8,,,,,1
D12241,C013,2025-07-06,T3,1,Total,9,,,,,1
D12242,C013,2025-07-07,T1,1,Total,7,,,,,1
D12243,C013,2025-07-07,T2,1,Total,8,,,,,1
D12244,C013,2025-07-07,T3,1,Total,9,,,,,1
D12245,C013,2025-07-08,T1,1,Total,7,,,,,1
D12246,C013,2025-07-08,T2,1,Total,8,,,,,1
D12247,C013,2025-07-08,T3,1,Total,9,,,,,1
D12248,C013,2025-07-09,T1,1,Total,7,,,,,1
D12249,C013,2025-07-09,T2,1,Total,8,,,,,1
D12250,C013,2025-07-09,T3,1,Total,9,,,,,1
D12251,C013,2025-07-10,T1,1,Total,7,,,,,1
D12252,C013,2025-07-10,T2,1,Total,8,,,,,1
D12253,C013,2025-07-10,T3,1,Total,9,,,,,1
D12254,C013,2025-07-11,T1,1,Total,7,,,,,1
D12255,C013,2025-07-11,T2,1,Total,8,,,,,1
D12256,C013,2025-07-11,T3,1,Total,9,,,,,1
D12257,C013,2025-07-12,T1,1,Total,7,,,,,1
D12258,C013,2025-07-12,T2,1,Total,8,,,,,1
D12259,C013,2025-07-12,T3,1,Total,9,,,,,1
D12260,C013,2025-07-13,T1,1,Total,7,,,,,1
D12261,C013,2025-07-13,T2,1,Total,8,,,,,1
D12262,C013,2025-07-13,T3,1,Total,9,,,,,1
D12263,C013,2025-07-14,T1,1,Total,7,,,,,1
D12264,C013,2025-07-14,T2,1,Total,8,,,,,1
D12265,C013,2025-07-14,T3,1,Total,9,,,,,1
D12266,C013,2025-07-15,T1,1,Total,7,,,,,1
D12267,C013,2025-07-15,T2,1,Parcial,4,formação,planeada,2025-07-14 17:00,21.0,1
D12268,C013,2025-07-15,T3,1,Total,9,,,,,1
D12269,C013,2025-07-16,T1,1,Total,7,,,,,1
D12270,C013,2025-07-16,T2,1,Total,8,,,,,1
D12271,C013,2025-07-16,T3,1,Total,9,,,,,1
D12272,C013,2025-07-17,T1,1,Parcial,4,consulta_medica,planeada,2025-07-13 20:12,82.8,1
D12273,C013,2025-07-17,T2,1,Total,8,,,,,1
D12274,C013,2025-07-17,T3,1,Total,9,,,,,1
D12275,C013,2025-07-18,T1,1,Total,7,,,,,1
D12276,C013,2025-07-18,T2,1,Total,8,,,,,1
D12277,C013,2025-07-18,T3,1,Total,9,,,,,1
D12278,C013,2025-07-19,T1,1,Total,7,,,,,1
D12279,C013,2025-07-19,T2,1,Total,8,,,,,1
D12280,C013,2025-07-19,T3,1,Total,9,,,,,1
D12281,C013,2025-07-20,T1,1,Total,7,,,,,1
D12282,C013,2025-07-20,T2,1,Total,8,,,,,1
D12283,C013,2025-07-20,T3,1,Total,9,,,,,1
D12284,C013,2025-07-21,T1,1,Total,7,,,,,1
D12285,C013,2025-07-21,T2,1,Total,8,,,,,1
D12286,C013,2025-07-21,T3,1,Total,9,,,,,1
D12287,C013,2025-07-22,T1,1,Total,7,,,,,1
D12288,C013,2025-07-22,T2,1,Parcial,4,consulta_medica,planeada,2025-07-13 16:00,214.0,1
D12289,C013,2025-07-22,T3,1,Total,9,,,,,1
D12290,C013,2025-07-23,T1,1,Total,7,,,,,1
D12291,C013,2025-07-23,T2,1,Parcial,4,consulta_medica,planeada,2025-07-13 07:30,246.5,1
D12292,C013,2025-07-23,T3,1,Total,9,,,,,1
D12293,C013,2025-07-24,T1,1,Total,7,,,,,1
D12294,C013,2025-07-24,T2,0,Indisponível,0,férias,planeada,2025-07-08 07:36,390.4,1
D12295,C013,2025-07-24,T3,1,Total,9,,,,,1
D12296,C013,2025-07-25,T1,1,Total,7,,,,,1
D12297,C013,2025-07-25,T2,1,Total,8,,,,,1
D12298,C013,2025-07-25,T3,1,Total,9,,,,,1
D12299,C013,2025-07-26,T1,1,Parcial,4,consulta_medica,planeada,2025-07-24 12:24,42.6,1
D12300,C013,2025-07-26,T2,1,Total,8,,,,,1
D12301,C013,2025-07-26,T3,1,Total,9,,,,,1
D12302,C013,2025-07-27,T1,1,Total,7,,,,,1
D12303,C013,2025-07-27,T2,1,Total,8,,,,,1
D12304,C013,2025-07-27,T3,1,Total,9,,,,,1
D12305,C013,2025-07-28,T1,1,Total,7,,,,,1
D12306,C013,2025-07-28,T2,1,Total,8,,,,,1
D12307,C013,2025-07-28,T3,1,Total,9,,,,,1
D12308,C013,2025-07-29,T1,1,Total,7,,,,,1
D12309,C013,2025-07-29,T2,1,Total,8,,,,,1
D12310,C013,2025-07-29,T3,1,Total,9,,,,,1
D12311,C013,2025-07-30,T1,1,Total,7,,,,,1
D12312,C013,2025-07-30,T2,0,Indisponível,0,baixa,inesperada,2025-07-30 09:48,4.2,1
D12313,C013,2025-07-30,T3,1,Parcial,4,consulta_medica,planeada,2025-07-17 01:36,332.4,1
D12314,C013,2025-07-31,T1,1,Total,7,,,,,1
D12315,C013,2025-07-31,T2,1,Total,8,,,,,1
D12316,C013,2025-07-31,T3,0,Indisponível,0,férias,planeada,2025-07-14 14:24,415.6,1
D12317,C013,2025-08-01,T1,1,Total,7,,,,,1
D12318,C013,2025-08-01,T2,1,Total,8,,,,,1
D12319,C013,2025-08-01,T3,1,Total,9,,,,,1
D12320,C013,2025-08-02,T1,1,Total,7,,,,,1
D12321,C013,2025-08-02,T2,1,Total,8,,,,,1
D12322,C013,2025-08-02,T3,1,Total,9,,,,,1
D12323,C013,2025-08-03,T1,1,Total,7,,,,,1
D12324,C013,2025-08-03,T2,1,Total,8,,,,,1
D12325,C013,2025-08-03,T3,1,Total,9,,,,,1
D12326,C013,2025-08-04,T1,1,Total,7,,,,,1
D12327,C013,2025-08-04,T2,1,Total,8,,,,,1
D12328,C013,2025-08-04,T3,1,Total,9,,,,,1
D12329,C013,2025-08-05,T1,1,Total,7,,,,,1
D12330,C013,2025-08-05,T2,1,Total,8,,,,,1
D12331,C013,2025-08-05,T3,1,Total,9,,,,,1
D12332,C013,2025-08-06,T1,1,Total,7,,,,,1
D12333,C013,2025-08-06,T2,1,Total,8,,,,,1
D12334,C013,2025-08-06,T3,1,Total,9,,,,,1
D12335,C013,2025-08-07,T1,1,Parcial,4,formação,planeada,2025-07-28 03:24,243.6,1
D12336,C013,2025-08-07,T2,1,Total,8,,,,,1
D12337,C013,2025-08-07,T3,1,Total,9,,,,,1
D12338,C013,2025-08-08,T1,1,Total,7,,,,,1
D12339,C013,2025-08-08,T2,0,Indisponível,0,formação,planeada,2025-08-06 17:48,44.2,1
D12340,C013,2025-08-08,T3,1,Total,9,,,,,1
D12341,C013,2025-08-09,T1,1,Total,7,,,,,1
D12342,C013,2025-08-09,T2,1,Total,8,,,,,1
D12343,C013,2025-08-09,T3,1,Total,9,,,,,1
D12344,C013,2025-08-10,T1,1,Total,7,,,,,1
D12345,C013,2025-08-10,T2,1,Total,8,,,,,1
D12346,C013,2025-08-10,T3,1,Total,9,,,,,1
D12347,C013,2025-08-11,T1,1,Total,7,,,,,1
D12348,C013,2025-08-11,T2,1,Total,8,,,,,1
D12349,C013,2025-08-11,T3,1,Total,9,,,,,1
D12350,C013,2025-08-12,T1,1,Parcial,4,formação,planeada,2025-07-31 03:30,291.5,1
D12351,C013,2025-08-12,T2,1,Total,8,,,,,1
D12352,C013,2025-08-12,T3,1,Total,9,,,,,1
D12353,C013,2025-08-13,T1,1,Total,7,,,,,1
D12354,C013,2025-08-13,T2,1,Total,8,,,,,1
D12355,C013,2025-08-13,T3,1,Total,9,,,,,1
D12356,C013,2025-08-14,T1,1,Total,7,,,,,1
D12357,C013,2025-08-14,T2,1,Total,8,,,,,1
D12358,C013,2025-08-14,T3,1,Total,9,,,,,1
D12359,C013,2025-08-15,T1,1,Total,7,,,,,1
D12360,C013,2025-08-15,T2,1,Total,8,,,,,1
D12361,C013,2025-08-15,T3,1,Total,9,,,,,1
D12362,C013,2025-08-16,T1,0,Indisponível,0,folga,planeada,2025-08-03 01:12,317.8,1
D12363,C013,2025-08-16,T2,1,Total,8,,,,,1
D12364,C013,2025-08-16,T3,1,Total,9,,,,,1
D12365,C013,2025-08-17,T1,1,Total,7,,,,,1
D12366,C013,2025-08-17,T2,1,Total,8,,,,,1
D12367,C013,2025-08-17,T3,1,Parcial,4,preferencia_pessoal,planeada,2025-08-04 18:42,315.3,1
D12368,C013,2025-08-18,T1,1,Total,7,,,,,1
D12369,C013,2025-08-18,T2,1,Total,8,,,,,1
D12370,C013,2025-08-18,T3,1,Total,9,,,,,1
D12371,C013,2025-08-19,T1,1,Total,7,,,,,1
D12372,C013,2025-08-19,T2,1,Parcial,4,formação,planeada,2025-08-10 13:18,216.7,1
D12373,C013,2025-08-19,T3,1,Total,9,,,,,1
D12374,C013,2025-08-20,T1,1,Total,7,,,,,1
D12375,C013,2025-08-20,T2,1,Total,8,,,,,1
D12376,C013,2025-08-20,T3,1,Total,9,,,,,1
D12377,C013,2025-08-21,T1,1,Total,7,,,,,1
D12378,C013,2025-08-21,T2,0,Indisponível,0,férias,planeada,2025-07-31 18:06,499.9,1
D12379,C013,2025-08-21,T3,1,Total,9,,,,,1
D12380,C013,2025-08-22,T1,1,Total,7,,,,,1
D12381,C013,2025-08-22,T2,1,Total,8,,,,,1
D12382,C013,2025-08-22,T3,1,Total,9,,,,,1
D12383,C013,2025-08-23,T1,1,Total,7,,,,,1
D12384,C013,2025-08-23,T2,1,Total,8,,,,,1
D12385,C013,2025-08-23,T3,1,Parcial,4,formação,planeada,2025-08-16 05:00,185.0,1
D12386,C013,2025-08-24,T1,1,Total,7,,,,,1
D12387,C013,2025-08-24,T2,1,Total,8,,,,,1
D12388,C013,2025-08-24,T3,1,Total,9,,,,,1
D12389,C013,2025-08-25,T1,1,Total,7,,,,,1
D12390,C013,2025-08-25,T2,1,Total,8,,,,,1
D12391,C013,2025-08-25,T3,1,Total,9,,,,,1
D12392,C013,2025-08-26,T1,1,Total,7,,,,,1
D12393,C013,2025-08-26,T2,1,Total,8,,,,,1
D12394,C013,2025-08-26,T3,1,Total,9,,,,,1
D12395,C013,2025-08-27,T1,1,Total,7,,,,,1
D12396,C013,2025-08-27,T2,1,Total,8,,,,,1
D12397,C013,2025-08-27,T3,1,Total,9,,,,,1
D12398,C013,2025-08-28,T1,1,Total,7,,,,,1
D12399,C013,2025-08-28,T2,1,Total,8,,,,,1
D12400,C013,2025-08-28,T3,1,Total,9,,,,,1
D12401,C013,2025-08-29,T1,1,Total,7,,,,,1
D12402,C013,2025-08-29,T2,1,Parcial,4,preferencia_pessoal,planeada,2025-08-20 12:18,217.7,1
D12403,C013,2025-08-29,T3,1,Total,9,,,,,1
D12404,C013,2025-08-30,T1,1,Total,7,,,,,1
D12405,C013,2025-08-30,T2,1,Total,8,,,,,1
D12406,C013,2025-08-30,T3,1,Total,9,,,,,1
D12407,C013,2025-08-31,T1,1,Total,7,,,,,1
D12408,C013,2025-08-31,T2,1,Total,8,,,,,1
D12409,C013,2025-08-31,T3,1,Total,9,,,,,1
D12410,C013,2025-09-01,T1,1,Total,7,,,,,1
D12411,C013,2025-09-01,T2,1,Total,8,,,,,1
D12412,C013,2025-09-01,T3,1,Parcial,4,preferencia_pessoal,planeada,2025-08-29 20:30,73.5,1
D12413,C013,2025-09-02,T1,1,Total,7,,,,,1
D12414,C013,2025-09-02,T2,1,Total,8,,,,,1
D12415,C013,2025-09-02,T3,1,Total,9,,,,,1
D12416,C013,2025-09-03,T1,1,Total,7,,,,,1
D12417,C013,2025-09-03,T2,1,Total,8,,,,,1
D12418,C013,2025-09-03,T3,1,Total,9,,,,,1
D12419,C013,2025-09-04,T1,1,Total,7,,,,,1
D12420,C013,2025-09-04,T2,1,Total,8,,,,,1
D12421,C013,2025-09-04,T3,1,Total,9,,,,,1
D12422,C013,2025-09-05,T1,1,Total,7,,,,,1
D12423,C013,2025-09-05,T2,1,Total,8,,,,,1
D12424,C013,2025-09-05,T3,1,Total,9,,,,,1
D12425,C013,2025-09-06,T1,1,Total,7,,,,,1
D12426,C013,2025-09-06,T2,1,Total,8,,,,,1
D12427,C013,2025-09-06,T3,1,Total,9,,,,,1
D12428,C013,2025-09-07,T1,1,Total,7,,,,,1
D12429,C013,2025-09-07,T2,1,Total,8,,,,,1
D12430,C013,2025-09-07,T3,1,Total,9,,,,,1
D12431,C013,2025-09-08,T1,1,Total,7,,,,,1
D12432,C013,2025-09-08,T2,1,Total,8,,,,,1
D12433,C013,2025-09-08,T3,1,Total,9,,,,,1
D12434,C013,2025-09-09,T1,1,Parcial,4,preferencia_pessoal,planeada,2025-09-03 02:06,148.9,1
D12435,C013,2025-09-09,T2,1,Total,8,,,,,1
D12436,C013,2025-09-09,T3,1,Total,9,,,,,1
D12437,C013,2025-09-10,T1,1,Total,7,,,,,1
D12438,C013,2025-09-10,T2,1,Total,8,,,,,1
D12439,C013,2025-09-10,T3,1,Total,9,,,,,1
D12440,C013,2025-09-11,T1,1,Total,7,,,,,1
D12441,C013,2025-09-11,T2,1,Total,8,,,,,1
D12442,C013,2025-09-11,T3,1,Total,9,,,,,1
D12443,C013,2025-09-12,T1,1,Total,7,,,,,1
D12444,C013,2025-09-12,T2,1,Parcial,4,formação,planeada,2025-09-05 18:42,163.3,1
D12445,C013,2025-09-12,T3,1,Total,9,,,,,1
D12446,C013,2025-09-13,T1,1,Parcial,4,preferencia_pessoal,planeada,2025-09-08 00:48,126.2,1
D12447,C013,2025-09-13,T2,1,Total,8,,,,,1
D12448,C013,2025-09-13,T3,1,Total,9,,,,,1
D12449,C013,2025-09-14,T1,1,Total,7,,,,,1
D12450,C013,2025-09-14,T2,1,Total,8,,,,,1
D12451,C013,2025-09-14,T3,1,Total,9,,,,,1
D12452,C013,2025-09-15,T1,1,Total,7,,,,,1
D12453,C013,2025-09-15,T2,1,Total,8,,,,,1
D12454,C013,2025-09-15,T3,1,Total,9,,,,,1
D12455,C013,2025-09-16,T1,1,Total,7,,,,,1
D12456,C013,2025-09-16,T2,1,Total,8,,,,,1
D12457,C013,2025-09-16,T3,1,Total,9,,,,,1
D12458,C013,2025-09-17,T1,1,Total,7,,,,,1
D12459,C013,2025-09-17,T2,1,Total,8,,,,,1
D12460,C013,2025-09-17,T3,1,Total,9,,,,,1
D12461,C013,2025-09-18,T1,1,Total,7,,,,,1
D12462,C013,2025-09-18,T2,1,Total,8,,,,,1
D12463,C013,2025-09-18,T3,1,Total,9,,,,,1
D12464,C013,2025-09-19,T1,1,Total,7,,,,,1
D12465,C013,2025-09-19,T2,1,Total,8,,,,,1
D12466,C013,2025-09-19,T3,1,Parcial,4,formação,planeada,2025-09-13 08:48,157.2,1
D12467,C013,2025-09-20,T1,1,Total,7,,,,,1
D12468,C013,2025-09-20,T2,1,Total,8,,,,,1
D12469,C013,2025-09-20,T3,1,Total,9,,,,,1
D12470,C013,2025-09-21,T1,1,Total,7,,,,,1
D12471,C013,2025-09-21,T2,1,Total,8,,,,,1
D12472,C013,2025-09-21,T3,1,Total,9,,,,,1
D12473,C013,2025-09-22,T1,1,Total,7,,,,,1
D12474,C013,2025-09-22,T2,1,Total,8,,,,,1
D12475,C013,2025-09-22,T3,0,Indisponível,0,férias,planeada,2025-09-13 15:06,222.9,1
D12476,C013,2025-09-23,T1,1,Total,7,,,,,1
D12477,C013,2025-09-23,T2,1,Total,8,,,,,1
D12478,C013,2025-09-23,T3,0,Indisponível,0,férias,planeada,2025-09-09 09:36,348.4,1
D12479,C013,2025-09-24,T1,1,Total,7,,,,,1
D12480,C013,2025-09-24,T2,1,Total,8,,,,,1
D12481,C013,2025-09-24,T3,1,Total,9,,,,,1
D12482,C013,2025-09-25,T1,1,Total,7,,,,,1
D12483,C013,2025-09-25,T2,1,Parcial,4,formação,planeada,2025-09-17 08:00,198.0,1
D12484,C013,2025-09-25,T3,1,Total,9,,,,,1
D12485,C013,2025-09-26,T1,1,Total,7,,,,,1
D12486,C013,2025-09-26,T2,1,Total,8,,,,,1
D12487,C013,2025-09-26,T3,1,Total,9,,,,,1
D12488,C013,2025-09-27,T1,1,Total,7,,,,,1
D12489,C013,2025-09-27,T2,1,Total,8,,,,,1
D12490,C013,2025-09-27,T3,1,Total,9,,,,,1
D12491,C013,2025-09-28,T1,1,Total,7,,,,,1
D12492,C013,2025-09-28,T2,1,Total,8,,,,,1
D12493,C013,2025-09-28,T3,1,Total,9,,,,,1
D12494,C013,2025-09-29,T1,1,Total,7,,,,,1
D12495,C013,2025-09-29,T2,1,Parcial,4,preferencia_pessoal,planeada,2025-09-18 05:54,272.1,1
D12496,C013,2025-09-29,T3,1,Total,9,,,,,1
D12497,C013,2025-09-30,T1,1,Parcial,4,formação,planeada,2025-09-26 12:24,90.6,1
D12498,C013,2025-09-30,T2,1,Total,8,,,,,1
D12499,C013,2025-09-30,T3,1,Total,9,,,,,1
D12500,C013,2025-10-01,T1,1,Total,7,,,,,1
D12501,C013,2025-10-01,T2,1,Total,8,,,,,1
D12502,C013,2025-10-01,T3,1,Total,9,,,,,1
D12503,C013,2025-10-02,T1,1,Total,7,,,,,1
D12504,C013,2025-10-02,T2,1,Total,8,,,,,1
D12505,C013,2025-10-02,T3,1,Total,9,,,,,1
D12506,C013,2025-10-03,T1,1,Total,7,,,,,1
D12507,C013,2025-10-03,T2,0,Indisponível,0,férias,planeada,2025-10-02 19:00,19.0,1
D12508,C013,2025-10-03,T3,1,Total,9,,,,,1
D12509,C013,2025-10-04,T1,1,Total,7,,,,,1
D12510,C013,2025-10-04,T2,1,Total,8,,,,,1
D12511,C013,2025-10-04,T3,1,Total,9,,,,,1
D12512,C013,2025-10-05,T1,0,Indisponível,0,preferencia_pessoal,planeada,2025-10-01 07:18,95.7,1
D12513,C013,2025-10-05,T2,1,Total,8,,,,,1
D12514,C013,2025-10-05,T3,0,Indisponível,0,férias,planeada,2025-09-07 01:30,692.5,1
D12515,C013,2025-10-06,T1,0,Indisponível,0,férias,planeada,2025-09-19 11:36,403.4,1
D12516,C013,2025-10-06,T2,1,Total,8,,,,,1
D12517,C013,2025-10-06,T3,0,Indisponível,0,baixa,inesperada,2025-10-06 12:00,10.0,1
D12518,C013,2025-10-07,T1,1,Parcial,4,preferencia_pessoal,planeada,2025-10-06 18:48,12.2,1
D12519,C013,2025-10-07,T2,1,Total,8,,,,,1
D12520,C013,2025-10-07,T3,1,Total,9,,,,,1
D12521,C013,2025-10-08,T1,1,Total,7,,,,,1
D12522,C013,2025-10-08,T2,0,Indisponível,0,baixa,planeada,2025-09-22 03:06,394.9,1
D12523,C013,2025-10-08,T3,1,Total,9,,,,,1
D12524,C013,2025-10-09,T1,1,Total,7,,,,,1
D12525,C013,2025-10-09,T2,1,Total,8,,,,,1
D12526,C013,2025-10-09,T3,1,Total,9,,,,,1
D12527,C013,2025-10-10,T1,1,Total,7,,,,,1
D12528,C013,2025-10-10,T2,1,Parcial,4,consulta_medica,planeada,2025-10-04 11:12,146.8,1
D12529,C013,2025-10-10,T3,0,Indisponível,0,nao_autorizado_fds,planeada,2025-09-27 05:30,328.5,1
D12530,C013,2025-10-11,T1,1,Total,7,,,,,1
D12531,C013,2025-10-11,T2,0,Indisponível,0,folga,planeada,2025-10-09 17:30,44.5,1
D12532,C013,2025-10-11,T3,1,Total,9,,,,,1
D12533,C013,2025-10-12,T1,1,Total,7,,,,,1
D12534,C013,2025-10-12,T2,1,Total,8,,,,,1
D12535,C013,2025-10-12,T3,1,Parcial,4,consulta_medica,planeada,2025-10-03 17:00,221.0,1
D12536,C013,2025-10-13,T1,1,Total,7,,,,,1
D12537,C013,2025-10-13,T2,1,Total,8,,,,,1
D12538,C013,2025-10-13,T3,1,Total,9,,,,,1
D12539,C013,2025-10-14,T1,1,Parcial,4,consulta_medica,planeada,2025-10-03 10:24,260.6,1
D12540,C013,2025-10-14,T2,1,Total,8,,,,,1
D12541,C013,2025-10-14,T3,1,Total,9,,,,,1
D12542,C013,2025-10-15,T1,1,Total,7,,,,,1
D12543,C013,2025-10-15,T2,1,Total,8,,,,,1
D12544,C013,2025-10-15,T3,1,Total,9,,,,,1
D12545,C013,2025-10-16,T1,1,Total,7,,,,,1
D12546,C013,2025-10-16,T2,1,Parcial,4,consulta_medica,planeada,2025-10-03 17:54,308.1,1
D12547,C013,2025-10-16,T3,1,Total,9,,,,,1
D12548,C013,2025-10-17,T1,1,Total,7,,,,,1
D12549,C013,2025-10-17,T2,1,Total,8,,,,,1
D12550,C013,2025-10-17,T3,1,Total,9,,,,,1
D12551,C013,2025-10-18,T1,1,Total,7,,,,,1
D12552,C013,2025-10-18,T2,0,Indisponível,0,formação,planeada,2025-10-12 01:30,156.5,1
D12553,C013,2025-10-18,T3,1,Total,9,,,,,1
D12554,C013,2025-10-19,T1,1,Total,7,,,,,1
D12555,C013,2025-10-19,T2,0,Indisponível,0,férias,planeada,2025-10-10 08:42,221.3,1
D12556,C013,2025-10-19,T3,1,Total,9,,,,,1
D12557,C013,2025-10-20,T1,1,Total,7,,,,,1
D12558,C013,2025-10-20,T2,1,Total,8,,,,,1
D12559,C013,2025-10-20,T3,1,Total,9,,,,,1
D12560,C013,2025-10-21,T1,1,Total,7,,,,,1
D12561,C013,2025-10-21,T2,1,Total,8,,,,,1
D12562,C013,2025-10-21,T3,1,Total,9,,,,,1
D12563,C013,2025-10-22,T1,1,Total,7,,,,,1
D12564,C013,2025-10-22,T2,1,Total,8,,,,,1
D12565,C013,2025-10-22,T3,1,Total,9,,,,,1
D12566,C013,2025-10-23,T1,1,Total,7,,,,,1
D12567,C013,2025-10-23,T2,1,Total,8,,,,,1
D12568,C013,2025-10-23,T3,1,Total,9,,,,,1
D12569,C013,2025-10-24,T1,1,Total,7,,,,,1
D12570,C013,2025-10-24,T2,1,Total,8,,,,,1
D12571,C013,2025-10-24,T3,1,Parcial,4,preferencia_pessoal,planeada,2025-10-12 03:06,306.9,1
D12572,C013,2025-10-25,T1,1,Total,7,,,,,1
D12573,C013,2025-10-25,T2,1,Total,8,,,,,1
D12574,C013,2025-10-25,T3,1,Total,9,,,,,1
D12575,C013,2025-10-26,T1,1,Total,7,,,,,1
D12576,C013,2025-10-26,T2,1,Total,8,,,,,1
D12577,C013,2025-10-26,T3,1,Total,9,,,,,1
D12578,C013,2025-10-27,T1,1,Total,7,,,,,1
D12579,C013,2025-10-27,T2,1,Parcial,4,consulta_medica,planeada,2025-10-22 14:30,119.5,1
D12580,C013,2025-10-27,T3,1,Total,9,,,,,1
D12581,C013,2025-10-28,T1,1,Total,7,,,,,1
D12582,C013,2025-10-28,T2,1,Total,8,,,,,1
D12583,C013,2025-10-28,T3,1,Total,9,,,,,1
D12584,C013,2025-10-29,T1,1,Total,7,,,,,1
D12585,C013,2025-10-29,T2,1,Total,8,,,,,1
D12586,C013,2025-10-29,T3,1,Total,9,,,,,1
D12587,C013,2025-10-30,T1,1,Total,7,,,,,1
D12588,C013,2025-10-30,T2,1,Total,8,,,,,1
D12589,C013,2025-10-30,T3,1,Total,9,,,,,1
D12590,C013,2025-10-31,T1,1,Total,7,,,,,1
D12591,C013,2025-10-31,T2,1,Total,8,,,,,1
D12592,C013,2025-10-31,T3,1,Total,9,,,,,1
D12593,C013,2025-11-01,T1,1,Total,7,,,,,1
D12594,C013,2025-11-01,T2,1,Total,8,,,,,1
D12595,C013,2025-11-01,T3,1,Total,9,,,,,1
D12596,C013,2025-11-02,T1,1,Total,7,,,,,1
D12597,C013,2025-11-02,T2,1,Total,8,,,,,1
D12598,C013,2025-11-02,T3,1,Total,9,,,,,1
D12599,C013,2025-11-03,T1,1,Parcial,4,preferencia_pessoal,planeada,2025-10-29 21:54,105.1,1
D12600,C013,2025-11-03,T2,1,Total,8,,,,,1
D12601,C013,2025-11-03,T3,1,Parcial,4,consulta_medica,planeada,2025-11-03 08:54,13.1,1
D12602,C013,2025-11-04,T1,1,Total,7,,,,,1
D12603,C013,2025-11-04,T2,1,Total,8,,,,,1
D12604,C013,2025-11-04,T3,1,Total,9,,,,,1
D12605,C013,2025-11-05,T1,1,Total,7,,,,,1
D12606,C013,2025-11-05,T2,1,Parcial,4,preferencia_pessoal,planeada,2025-11-01 21:18,88.7,1
D12607,C013,2025-11-05,T3,1,Total,9,,,,,1
D12608,C013,2025-11-06,T1,1,Total,7,,,,,1
D12609,C013,2025-11-06,T2,1,Total,8,,,,,1
D12610,C013,2025-11-06,T3,1,Total,9,,,,,1
D12611,C013,2025-11-07,T1,1,Total,7,,,,,1
D12612,C013,2025-11-07,T2,1,Total,8,,,,,1
D12613,C013,2025-11-07,T3,1,Total,9,,,,,1
D12614,C013,2025-11-08,T1,1,Total,7,,,,,1
D12615,C013,2025-11-08,T2,1,Total,8,,,,,1
D12616,C013,2025-11-08,T3,1,Total,9,,,,,1
D12617,C013,2025-11-09,T1,1,Total,7,,,,,1
D12618,C013,2025-11-09,T2,1,Total,8,,,,,1
D12619,C013,2025-11-09,T3,1,Total,9,,,,,1
D12620,C013,2025-11-10,T1,1,Total,7,,,,,1
D12621,C013,2025-11-10,T2,1,Total,8,,,,,1
D12622,C013,2025-11-10,T3,1,Total,9,,,,,1
D12623,C013,2025-11-11,T1,1,Total,7,,,,,1
D12624,C013,2025-11-11,T2,1,Total,8,,,,,1
D12625,C013,2025-11-11,T3,1,Parcial,4,formação,planeada,2025-10-29 05:18,328.7,1
D12626,C013,2025-11-12,T1,1,Total,7,,,,,1
D12627,C013,2025-11-12,T2,1,Total,8,,,,,1
D12628,C013,2025-11-12,T3,1,Total,9,,,,,1
D12629,C013,2025-11-13,T1,1,Parcial,4,preferencia_pessoal,planeada,2025-11-05 15:36,183.4,1
D12630,C013,2025-11-13,T2,0,Indisponível,0,férias,planeada,2025-11-10 08:18,77.7,1
D12631,C013,2025-11-13,T3,1,Total,9,,,,,1
D12632,C013,2025-11-14,T1,1,Total,7,,,,,1
D12633,C013,2025-11-14,T2,1,Total,8,,,,,1
D12634,C013,2025-11-14,T3,1,Total,9,,,,,1
D12635,C013,2025-11-15,T1,1,Total,7,,,,,1
D12636,C013,2025-11-15,T2,1,Total,8,,,,,1
D12637,C013,2025-11-15,T3,1,Total,9,,,,,1
D12638,C013,2025-11-16,T1,1,Total,7,,,,,1
D12639,C013,2025-11-16,T2,1,Total,8,,,,,1
D12640,C013,2025-11-16,T3,1,Total,9,,,,,1
D12641,C013,2025-11-17,T1,1,Total,7,,,,,1
D12642,C013,2025-11-17,T2,1,Parcial,4,preferencia_pessoal,planeada,2025-11-15 11:24,50.6,1
D12643,C013,2025-11-17,T3,1,Total,9,,,,,1
D12644,C013,2025-11-18,T1,1,Total,7,,,,,1
D12645,C013,2025-11-18,T2,1,Total,8,,,,,1
D12646,C013,2025-11-18,T3,1,Total,9,,,,,1
D12647,C013,2025-11-19,T1,1,Total,7,,,,,1
D12648,C013,2025-11-19,T2,1,Total,8,,,,,1
D12649,C013,2025-11-19,T3,1,Total,9,,,,,1
D12650,C013,2025-11-20,T1,1,Total,7,,,,,1
D12651,C013,2025-11-20,T2,1,Total,8,,,,,1
D12652,C013,2025-11-20,T3,1,Total,9,,,,,1
D12653,C013,2025-11-21,T1,1,Total,7,,,,,1
D12654,C013,2025-11-21,T2,1,Parcial,4,consulta_medica,planeada,2025-11-15 09:30,148.5,1
D12655,C013,2025-11-21,T3,1,Total,9,,,,,1
D12656,C013,2025-11-22,T1,1,Total,7,,,,,1
D12657,C013,2025-11-22,T2,1,Total,8,,,,,1
D12658,C013,2025-11-22,T3,1,Total,9,,,,,1
D12659,C013,2025-11-23,T1,1,Total,7,,,,,1
D12660,C013,2025-11-23,T2,1,Total,8,,,,,1
D12661,C013,2025-11-23,T3,0,Indisponível,0,baixa,planeada,2025-11-18 06:00,136.0,1
D12662,C013,2025-11-24,T1,1,Total,7,,,,,1
D12663,C013,2025-11-24,T2,1,Parcial,4,formação,planeada,2025-11-17 14:30,167.5,1
D12664,C013,2025-11-24,T3,1,Total,9,,,,,1
D12665,C013,2025-11-25,T1,1,Total,7,,,,,1
D12666,C013,2025-11-25,T2,1,Total,8,,,,,1
D12667,C013,2025-11-25,T3,1,Total,9,,,,,1
D12668,C013,2025-11-26,T1,1,Total,7,,,,,1
D12669,C013,2025-11-26,T2,1,Total,8,,,,,1
D12670,C013,2025-11-26,T3,1,Parcial,4,preferencia_pessoal,planeada,2025-11-20 21:36,144.4,1
D12671,C013,2025-11-27,T1,1,Total,7,,,,,1
D12672,C013,2025-11-27,T2,1,Total,8,,,,,1
D12673,C013,2025-11-27,T3,1,Total,9,,,,,1
D12674,C013,2025-11-28,T1,1,Total,7,,,,,1
D12675,C013,2025-11-28,T2,1,Total,8,,,,,1
D12676,C013,2025-11-28,T3,1,Parcial,4,preferencia_pessoal,planeada,2025-11-23 14:36,127.4,1
D12677,C013,2025-11-29,T1,1,Total,7,,,,,1
D12678,C013,2025-11-29,T2,1,Total,8,,,,,1
D12679,C013,2025-11-29,T3,1,Total,9,,,,,1
D12680,C013,2025-11-30,T1,1,Total,7,,,,,1
D12681,C013,2025-11-30,T2,1,Total,8,,,,,1
D12682,C013,2025-11-30,T3,1,Total,9,,,,,1
D12683,C013,2025-12-01,T1,1,Total,7,,,,,1
D12684,C013,2025-12-01,T2,1,Total,8,,,,,1
D12685,C013,2025-12-01,T3,1,Total,9,,,,,1
D12686,C013,2025-12-02,T1,1,Total,7,,,,,1
D12687,C013,2025-12-02,T2,1,Parcial,4,formação,planeada,2025-11-29 01:18,84.7,1
D12688,C013,2025-12-02,T3,1,Total,9,,,,,1
D12689,C013,2025-12-03,T1,1,Total,7,,,,,1
D12690,C013,2025-12-03,T2,1,Total,8,,,,,1
D12691,C013,2025-12-03,T3,1,Total,9,,,,,1
D12692,C013,2025-12-04,T1,1,Total,7,,,,,1
D12693,C013,2025-12-04,T2,1,Total,8,,,,,1
D12694,C013,2025-12-04,T3,1,Total,9,,,,,1
D12695,C013,2025-12-05,T1,1,Parcial,4,consulta_medica,planeada,2025-11-25 11:36,235.4,1
D12696,C013,2025-12-05,T2,0,Indisponível,0,baixa,planeada,2025-11-28 08:42,173.3,1
D12697,C013,2025-12-05,T3,0,Indisponível,0,nao_autorizado_fds,planeada,2025-11-10 20:30,601.5,1
D12698,C013,2025-12-06,T1,1,Total,7,,,,,1
D12699,C013,2025-12-06,T2,1,Total,8,,,,,1
D12700,C013,2025-12-06,T3,1,Parcial,4,formação,planeada,2025-11-29 02:54,187.1,1
D12701,C013,2025-12-07,T1,1,Total,7,,,,,1
D12702,C013,2025-12-07,T2,1,Total,8,,,,,1
D12703,C013,2025-12-07,T3,1,Total,9,,,,,1
D12704,C013,2025-12-08,T1,1,Total,7,,,,,1
D12705,C013,2025-12-08,T2,1,Total,8,,,,,1
D12706,C013,2025-12-08,T3,1,Total,9,,,,,1
D12707,C013,2025-12-09,T1,1,Total,7,,,,,1
D12708,C013,2025-12-09,T2,1,Total,8,,,,,1
D12709,C013,2025-12-09,T3,1,Total,9,,,,,1
D12710,C013,2025-12-10,T1,1,Total,7,,,,,1
D12711,C013,2025-12-10,T2,1,Total,8,,,,,1
D12712,C013,2025-12-10,T3,1,Total,9,,,,,1
D12713,C013,2025-12-11,T1,1,Total,7,,,,,1
D12714,C013,2025-12-11,T2,1,Total,8,,,,,1
D12715,C013,2025-12-11,T3,1,Total,9,,,,,1
D12716,C013,2025-12-12,T1,1,Total,7,,,,,1
D12717,C013,2025-12-12,T2,1,Total,8,,,,,1
D12718,C013,2025-12-12,T3,1,Total,9,,,,,1
D12719,C013,2025-12-13,T1,1,Total,7,,,,,1
D12720,C013,2025-12-13,T2,1,Total,8,,,,,1
D12721,C013,2025-12-13,T3,1,Total,9,,,,,1
D12722,C013,2025-12-14,T1,1,Total,7,,,,,1
D12723,C013,2025-12-14,T2,1,Parcial,4,consulta_medica,planeada,2025-12-02 17:00,285.0,1
D12724,C013,2025-12-14,T3,1,Total,9,,,,,1
D12725,C013,2025-12-15,T1,1,Parcial,4,preferencia_pessoal,planeada,2025-12-04 22:06,248.9,1
D12726,C013,2025-12-15,T2,1,Total,8,,,,,1
D12727,C013,2025-12-15,T3,1,Total,9,,,,,1
D12728,C013,2025-12-16,T1,1,Total,7,,,,,1
D12729,C013,2025-12-16,T2,1,Parcial,4,preferencia_pessoal,planeada,2025-12-12 01:00,109.0,1
D12730,C013,2025-12-16,T3,1,Total,9,,,,,1
D12731,C013,2025-12-17,T1,1,Total,7,,,,,1
D12732,C013,2025-12-17,T2,1,Total,8,,,,,1
D12733,C013,2025-12-17,T3,1,Total,9,,,,,1
D12734,C013,2025-12-18,T1,1,Total,7,,,,,1
D12735,C013,2025-12-18,T2,1,Total,8,,,,,1
D12736,C013,2025-12-18,T3,1,Total,9,,,,,1
D12737,C013,2025-12-19,T1,1,Total,7,,,,,1
D12738,C013,2025-12-19,T2,1,Total,8,,,,,1
D12739,C013,2025-12-19,T3,1,Total,9,,,,,1
D12740,C013,2025-12-20,T1,1,Total,7,,,,,1
D12741,C013,2025-12-20,T2,1,Parcial,4,consulta_medica,planeada,2025-12-09 08:30,269.5,1
D12742,C013,2025-12-20,T3,1,Total,9,,,,,1
D12743,C013,2025-12-21,T1,1,Total,7,,,,,1
D12744,C013,2025-12-21,T2,1,Total,8,,,,,1
D12745,C013,2025-12-21,T3,1,Total,9,,,,,1
D12746,C013,2025-12-22,T1,1,Total,7,,,,,1
D12747,C013,2025-12-22,T2,1,Parcial,4,preferencia_pessoal,planeada,2025-12-12 06:42,247.3,1
D12748,C013,2025-12-22,T3,0,Indisponível,0,baixa,planeada,2025-12-09 14:24,319.6,1
D12749,C013,2025-12-23,T1,1,Total,7,,,,,1
D12750,C013,2025-12-23,T2,1,Total,8,,,,,1
D12751,C013,2025-12-23,T3,1,Total,9,,,,,1
D12752,C013,2025-12-24,T1,1,Total,7,,,,,1
D12753,C013,2025-12-24,T2,1,Total,8,,,,,1
D12754,C013,2025-12-24,T3,1,Total,9,,,,,1
D12755,C013,2025-12-25,T1,1,Parcial,4,consulta_medica,planeada,2025-12-17 00:12,198.8,1
D12756,C013,2025-12-25,T2,1,Total,8,,,,,1
D12757,C013,2025-12-25,T3,1,Total,9,,,,,1
D12758,C013,2025-12-26,T1,1,Total,7,,,,,1
D12759,C013,2025-12-26,T2,1,Total,8,,,,,1
D12760,C013,2025-12-26,T3,1,Total,9,,,,,1
D12761,C013,2025-12-27,T1,1,Total,7,,,,,1
D12762,C013,2025-12-27,T2,1,Total,8,,,,,1
D12763,C013,2025-12-27,T3,1,Parcial,4,formação,planeada,2025-12-19 15:00,199.0,1
D12764,C013,2025-12-28,T1,1,Total,7,,,,,1
D12765,C013,2025-12-28,T2,1,Total,8,,,,,1
D12766,C013,2025-12-28,T3,1,Total,9,,,,,1
D12767,C013,2025-12-29,T1,1,Total,7,,,,,1
D12768,C013,2025-12-29,T2,1,Total,8,,,,,1
D12769,C013,2025-12-29,T3,1,Total,9,,,,,1
D12770,C013,2025-12-30,T1,1,Total,7,,,,,1
D12771,C013,2025-12-30,T2,1,Total,8,,,,,1
D12772,C013,2025-12-30,T3,1,Total,9,,,,,1
D12773,C013,2025-12-31,T1,1,Total,7,,,,,1
D12774,C013,2025-12-31,T2,1,Total,8,,,,,1
D12775,C013,2025-12-31,T3,0,Indisponível,0,consulta_medica,planeada,2025-12-31 01:36,20.4,1
D12776,C014,2025-01-01,T1,1,Total,7,,,,,1
D12777,C014,2025-01-01,T2,1,Total,8,,,,,1
D12778,C014,2025-01-01,T3,1,Parcial,4,preferencia_pessoal,planeada,2025-01-01 03:30,18.5,1
D12779,C014,2025-01-02,T1,1,Parcial,4,consulta_medica,planeada,2024-12-22 03:54,267.1,1
D12780,C014,2025-01-02,T2,0,Indisponível,0,preferencia_pessoal,planeada,2024-12-17 08:54,389.1,1
D12781,C014,2025-01-02,T3,1,Total,9,,,,,1
D12782,C014,2025-01-03,T1,1,Total,7,,,,,1
D12783,C014,2025-01-03,T2,1,Total,8,,,,,1
D12784,C014,2025-01-03,T3,1,Total,9,,,,,1
D12785,C014,2025-01-04,T1,1,Total,7,,,,,1
D12786,C014,2025-01-04,T2,1,Parcial,4,consulta_medica,planeada,2025-01-03 12:18,25.7,1
D12787,C014,2025-01-04,T3,1,Total,9,,,,,1
D12788,C014,2025-01-05,T1,1,Total,7,,,,,1
D12789,C014,2025-01-05,T2,1,Total,8,,,,,1
D12790,C014,2025-01-05,T3,1,Parcial,4,formação,planeada,2025-01-04 20:12,25.8,1
D12791,C014,2025-01-06,T1,1,Parcial,4,preferencia_pessoal,planeada,2025-01-01 18:00,109.0,1
D12792,C014,2025-01-06,T2,1,Total,8,,,,,1
D12793,C014,2025-01-06,T3,1,Total,9,,,,,1
D12794,C014,2025-01-07,T1,1,Total,7,,,,,1
D12795,C014,2025-01-07,T2,1,Total,8,,,,,1
D12796,C014,2025-01-07,T3,1,Total,9,,,,,1
D12797,C014,2025-01-08,T1,1,Total,7,,,,,1
D12798,C014,2025-01-08,T2,1,Total,8,,,,,1
D12799,C014,2025-01-08,T3,1,Total,9,,,,,1
D12800,C014,2025-01-09,T1,1,Total,7,,,,,1
D12801,C014,2025-01-09,T2,1,Total,8,,,,,1
D12802,C014,2025-01-09,T3,1,Total,9,,,,,1
D12803,C014,2025-01-10,T1,1,Total,7,,,,,1
D12804,C014,2025-01-10,T2,1,Total,8,,,,,1
D12805,C014,2025-01-10,T3,1,Total,9,,,,,1
D12806,C014,2025-01-11,T1,1,Total,7,,,,,1
D12807,C014,2025-01-11,T2,1,Total,8,,,,,1
D12808,C014,2025-01-11,T3,1,Total,9,,,,,1
D12809,C014,2025-01-12,T1,1,Parcial,4,preferencia_pessoal,planeada,2025-01-03 08:00,215.0,1
D12810,C014,2025-01-12,T2,1,Total,8,,,,,1
D12811,C014,2025-01-12,T3,1,Total,9,,,,,1
D12812,C014,2025-01-13,T1,1,Total,7,,,,,1
D12813,C014,2025-01-13,T2,1,Total,8,,,,,1
D12814,C014,2025-01-13,T3,1,Parcial,4,consulta_medica,planeada,2025-01-07 08:06,157.9,1
D12815,C014,2025-01-14,T1,1,Parcial,4,formação,planeada,2025-01-02 04:06,290.9,1
D12816,C014,2025-01-14,T2,1,Total,8,,,,,1
D12817,C014,2025-01-14,T3,1,Total,9,,,,,1
D12818,C014,2025-01-15,T1,1,Total,7,,,,,1
D12819,C014,2025-01-15,T2,1,Total,8,,,,,1
D12820,C014,2025-01-15,T3,1,Total,9,,,,,1
D12821,C014,2025-01-16,T1,1,Parcial,4,preferencia_pessoal,planeada,2025-01-12 11:18,91.7,1
D12822,C014,2025-01-16,T2,1,Total,8,,,,,1
D12823,C014,2025-01-16,T3,1,Total,9,,,,,1
D12824,C014,2025-01-17,T1,1,Total,7,,,,,1
D12825,C014,2025-01-17,T2,1,Total,8,,,,,1
D12826,C014,2025-01-17,T3,1,Total,9,,,,,1
D12827,C014,2025-01-18,T1,1,Total,7,,,,,1
D12828,C014,2025-01-18,T2,0,Indisponível,0,folga,planeada,2024-12-31 13:06,432.9,1
D12829,C014,2025-01-18,T3,1,Total,9,,,,,1
D12830,C014,2025-01-19,T1,1,Total,7,,,,,1
D12831,C014,2025-01-19,T2,1,Total,8,,,,,1
D12832,C014,2025-01-19,T3,1,Total,9,,,,,1
D12833,C014,2025-01-20,T1,1,Total,7,,,,,1
D12834,C014,2025-01-20,T2,1,Total,8,,,,,1
D12835,C014,2025-01-20,T3,1,Parcial,4,preferencia_pessoal,planeada,2025-01-16 22:54,95.1,1
D12836,C014,2025-01-21,T1,1,Total,7,,,,,1
D12837,C014,2025-01-21,T2,1,Parcial,4,preferencia_pessoal,planeada,2025-01-12 16:00,214.0,1
D12838,C014,2025-01-21,T3,1,Total,9,,,,,1
D12839,C014,2025-01-22,T1,1,Total,7,,,,,1
D12840,C014,2025-01-22,T2,1,Total,8,,,,,1
D12841,C014,2025-01-22,T3,1,Total,9,,,,,1
D12842,C014,2025-01-23,T1,1,Total,7,,,,,1
D12843,C014,2025-01-23,T2,1,Total,8,,,,,1
D12844,C014,2025-01-23,T3,1,Total,9,,,,,1
D12845,C014,2025-01-24,T1,1,Total,7,,,,,1
D12846,C014,2025-01-24,T2,1,Total,8,,,,,1
D12847,C014,2025-01-24,T3,1,Total,9,,,,,1
D12848,C014,2025-01-25,T1,1,Total,7,,,,,1
D12849,C014,2025-01-25,T2,0,Indisponível,0,formação,planeada,2025-01-08 22:48,399.2,1
D12850,C014,2025-01-25,T3,1,Total,9,,,,,1
D12851,C014,2025-01-26,T1,1,Total,7,,,,,1
D12852,C014,2025-01-26,T2,0,Indisponível,0,folga,planeada,2025-01-13 16:54,309.1,1
D12853,C014,2025-01-26,T3,1,Total,9,,,,,1
D12854,C014,2025-01-27,T1,1,Total,7,,,,,1
D12855,C014,2025-01-27,T2,1,Total,8,,,,,1
D12856,C014,2025-01-27,T3,1,Parcial,4,formação,planeada,2025-01-18 06:48,231.2,1
D12857,C014,2025-01-28,T1,1,Parcial,4,consulta_medica,planeada,2025-01-19 19:12,203.8,1
D12858,C014,2025-01-28,T2,1,Total,8,,,,,1
D12859,C014,2025-01-28,T3,1,Total,9,,,,,1
D12860,C014,2025-01-29,T1,1,Total,7,,,,,1
D12861,C014,2025-01-29,T2,0,Indisponível,0,outro,inesperada,2025-01-29 04:54,9.1,1
D12862,C014,2025-01-29,T3,1,Total,9,,,,,1
D12863,C014,2025-01-30,T1,1,Total,7,,,,,1
D12864,C014,2025-01-30,T2,1,Total,8,,,,,1
D12865,C014,2025-01-30,T3,0,Indisponível,0,folga,planeada,2025-01-15 12:00,370.0,1
D12866,C014,2025-01-31,T1,1,Total,7,,,,,1
D12867,C014,2025-01-31,T2,1,Total,8,,,,,1
D12868,C014,2025-01-31,T3,1,Total,9,,,,,1
D12869,C014,2025-02-01,T1,1,Total,7,,,,,1
D12870,C014,2025-02-01,T2,1,Total,8,,,,,1
D12871,C014,2025-02-01,T3,1,Total,9,,,,,1
D12872,C014,2025-02-02,T1,1,Total,7,,,,,1
D12873,C014,2025-02-02,T2,1,Parcial,4,formação,planeada,2025-01-21 20:42,281.3,1
D12874,C014,2025-02-02,T3,1,Total,9,,,,,1
D12875,C014,2025-02-03,T1,1,Total,7,,,,,1
D12876,C014,2025-02-03,T2,1,Total,8,,,,,1
D12877,C014,2025-02-03,T3,1,Total,9,,,,,1
D12878,C014,2025-02-04,T1,1,Total,7,,,,,1
D12879,C014,2025-02-04,T2,1,Total,8,,,,,1
D12880,C014,2025-02-04,T3,0,Indisponível,0,preferencia_pessoal,planeada,2025-01-11 15:18,582.7,1
D12881,C014,2025-02-05,T1,1,Total,7,,,,,1
D12882,C014,2025-02-05,T2,1,Total,8,,,,,1
D12883,C014,2025-02-05,T3,1,Total,9,,,,,1
D12884,C014,2025-02-06,T1,1,Total,7,,,,,1
D12885,C014,2025-02-06,T2,1,Total,8,,,,,1
D12886,C014,2025-02-06,T3,1,Total,9,,,,,1
D12887,C014,2025-02-07,T1,1,Total,7,,,,,1
D12888,C014,2025-02-07,T2,1,Total,8,,,,,1
D12889,C014,2025-02-07,T3,0,Indisponível,0,férias,planeada,2025-02-01 06:30,159.5,1
D12890,C014,2025-02-08,T1,1,Total,7,,,,,1
D12891,C014,2025-02-08,T2,1,Total,8,,,,,1
D12892,C014,2025-02-08,T3,1,Parcial,4,formação,planeada,2025-02-05 15:24,78.6,1
D12893,C014,2025-02-09,T1,1,Total,7,,,,,1
D12894,C014,2025-02-09,T2,1,Total,8,,,,,1
D12895,C014,2025-02-09,T3,1,Total,9,,,,,1
D12896,C014,2025-02-10,T1,1,Total,7,,,,,1
D12897,C014,2025-02-10,T2,1,Total,8,,,,,1
D12898,C014,2025-02-10,T3,1,Total,9,,,,,1
D12899,C014,2025-02-11,T1,1,Total,7,,,,,1
D12900,C014,2025-02-11,T2,1,Total,8,,,,,1
D12901,C014,2025-02-11,T3,1,Total,9,,,,,1
D12902,C014,2025-02-12,T1,1,Parcial,4,preferencia_pessoal,planeada,2025-02-03 15:00,208.0,1
D12903,C014,2025-02-12,T2,1,Total,8,,,,,1
D12904,C014,2025-02-12,T3,1,Total,9,,,,,1
D12905,C014,2025-02-13,T1,1,Total,7,,,,,1
D12906,C014,2025-02-13,T2,1,Total,8,,,,,1
D12907,C014,2025-02-13,T3,1,Total,9,,,,,1
D12908,C014,2025-02-14,T1,1,Total,7,,,,,1
D12909,C014,2025-02-14,T2,0,Indisponível,0,baixa,planeada,2025-02-03 19:06,258.9,1
D12910,C014,2025-02-14,T3,1,Total,9,,,,,1
D12911,C014,2025-02-15,T1,1,Total,7,,,,,1
D12912,C014,2025-02-15,T2,1,Total,8,,,,,1
D12913,C014,2025-02-15,T3,1,Parcial,4,consulta_medica,planeada,2025-02-03 18:36,291.4,1
D12914,C014,2025-02-16,T1,1,Total,7,,,,,1
D12915,C014,2025-02-16,T2,1,Total,8,,,,,1
D12916,C014,2025-02-16,T3,1,Total,9,,,,,1
D12917,C014,2025-02-17,T1,1,Total,7,,,,,1
D12918,C014,2025-02-17,T2,1,Total,8,,,,,1
D12919,C014,2025-02-17,T3,0,Indisponível,0,consulta_medica,inesperada,2025-02-17 20:54,1.1,1
D12920,C014,2025-02-18,T1,1,Total,7,,,,,1
D12921,C014,2025-02-18,T2,1,Total,8,,,,,1
D12922,C014,2025-02-18,T3,1,Total,9,,,,,1
D12923,C014,2025-02-19,T1,1,Total,7,,,,,1
D12924,C014,2025-02-19,T2,1,Total,8,,,,,1
D12925,C014,2025-02-19,T3,1,Total,9,,,,,1
D12926,C014,2025-02-20,T1,1,Total,7,,,,,1
D12927,C014,2025-02-20,T2,1,Total,8,,,,,1
D12928,C014,2025-02-20,T3,1,Total,9,,,,,1
D12929,C014,2025-02-21,T1,1,Parcial,4,formação,planeada,2025-02-11 03:30,243.5,1
D12930,C014,2025-02-21,T2,1,Parcial,4,formação,planeada,2025-02-19 03:18,58.7,1
D12931,C014,2025-02-21,T3,1,Total,9,,,,,1
D12932,C014,2025-02-22,T1,1,Total,7,,,,,1
D12933,C014,2025-02-22,T2,1,Total,8,,,,,1
D12934,C014,2025-02-22,T3,1,Total,9,,,,,1
D12935,C014,2025-02-23,T1,1,Total,7,,,,,1
D12936,C014,2025-02-23,T2,1,Total,8,,,,,1
D12937,C014,2025-02-23,T3,1,Total,9,,,,,1
D12938,C014,2025-02-24,T1,1,Total,7,,,,,1
D12939,C014,2025-02-24,T2,1,Total,8,,,,,1
D12940,C014,2025-02-24,T3,1,Total,9,,,,,1
D12941,C014,2025-02-25,T1,1,Total,7,,,,,1
D12942,C014,2025-02-25,T2,1,Parcial,4,consulta_medica,planeada,2025-02-13 17:12,284.8,1
D12943,C014,2025-02-25,T3,1,Total,9,,,,,1
D12944,C014,2025-02-26,T1,0,Indisponível,0,restrição_noite,planeada,2025-02-05 07:42,503.3,1
D12945,C014,2025-02-26,T2,1,Total,8,,,,,1
D12946,C014,2025-02-26,T3,1,Total,9,,,,,1
D12947,C014,2025-02-27,T1,1,Parcial,4,formação,planeada,2025-02-26 07:30,23.5,1
D12948,C014,2025-02-27,T2,1,Total,8,,,,,1
D12949,C014,2025-02-27,T3,1,Total,9,,,,,1
D12950,C014,2025-02-28,T1,1,Total,7,,,,,1
D12951,C014,2025-02-28,T2,1,Total,8,,,,,1
D12952,C014,2025-02-28,T3,1,Total,9,,,,,1
D12953,C014,2025-03-01,T1,1,Total,7,,,,,1
D12954,C014,2025-03-01,T2,1,Total,8,,,,,1
D12955,C014,2025-03-01,T3,1,Total,9,,,,,1
D12956,C014,2025-03-02,T1,1,Total,7,,,,,1
D12957,C014,2025-03-02,T2,1,Total,8,,,,,1
D12958,C014,2025-03-02,T3,1,Total,9,,,,,1
D12959,C014,2025-03-03,T1,0,Indisponível,0,baixa,planeada,2025-02-23 19:36,179.4,1
D12960,C014,2025-03-03,T2,1,Total,8,,,,,1
D12961,C014,2025-03-03,T3,1,Total,9,,,,,1
D12962,C014,2025-03-04,T1,1,Total,7,,,,,1
D12963,C014,2025-03-04,T2,1,Total,8,,,,,1
D12964,C014,2025-03-04,T3,1,Total,9,,,,,1
D12965,C014,2025-03-05,T1,1,Total,7,,,,,1
D12966,C014,2025-03-05,T2,1,Total,8,,,,,1
D12967,C014,2025-03-05,T3,0,Indisponível,0,baixa,planeada,2025-03-04 12:42,33.3,1
D12968,C014,2025-03-06,T1,1,Parcial,4,preferencia_pessoal,planeada,2025-03-03 22:48,56.2,1
D12969,C014,2025-03-06,T2,1,Total,8,,,,,1
D12970,C014,2025-03-06,T3,0,Indisponível,0,baixa,planeada,2025-03-03 18:42,75.3,1
D12971,C014,2025-03-07,T1,1,Total,7,,,,,1
D12972,C014,2025-03-07,T2,0,Indisponível,0,baixa,inesperada,2025-03-07 12:18,1.7,1
D12973,C014,2025-03-07,T3,1,Total,9,,,,,1
D12974,C014,2025-03-08,T1,0,Indisponível,0,baixa,planeada,2025-02-16 11:12,475.8,1
D12975,C014,2025-03-08,T2,1,Total,8,,,,,1
D12976,C014,2025-03-08,T3,1,Total,9,,,,,1
D12977,C014,2025-03-09,T1,0,Indisponível,0,restrição_noite,planeada,2025-02-27 11:06,235.9,1
D12978,C014,2025-03-09,T2,1,Total,8,,,,,1
D12979,C014,2025-03-09,T3,1,Total,9,,,,,1
D12980,C014,2025-03-10,T1,1,Total,7,,,,,1
D12981,C014,2025-03-10,T2,1,Total,8,,,,,1
D12982,C014,2025-03-10,T3,1,Total,9,,,,,1
D12983,C014,2025-03-11,T1,1,Parcial,4,consulta_medica,planeada,2025-03-03 09:42,189.3,1
D12984,C014,2025-03-11,T2,1,Total,8,,,,,1
D12985,C014,2025-03-11,T3,0,Indisponível,0,férias,planeada,2025-03-04 04:36,185.4,1
D12986,C014,2025-03-12,T1,1,Parcial,4,formação,planeada,2025-02-28 15:42,279.3,1
D12987,C014,2025-03-12,T2,1,Total,8,,,,,1
D12988,C014,2025-03-12,T3,1,Total,9,,,,,1
D12989,C014,2025-03-13,T1,1,Total,7,,,,,1
D12990,C014,2025-03-13,T2,1,Total,8,,,,,1
D12991,C014,2025-03-13,T3,1,Total,9,,,,,1
D12992,C014,2025-03-14,T1,1,Total,7,,,,,1
D12993,C014,2025-03-14,T2,0,Indisponível,0,férias,planeada,2025-03-07 18:00,164.0,1
D12994,C014,2025-03-14,T3,1,Total,9,,,,,1
D12995,C014,2025-03-15,T1,1,Total,7,,,,,1
D12996,C014,2025-03-15,T2,1,Total,8,,,,,1
D12997,C014,2025-03-15,T3,1,Total,9,,,,,1
D12998,C014,2025-03-16,T1,1,Total,7,,,,,1
D12999,C014,2025-03-16,T2,1,Total,8,,,,,1
D13000,C014,2025-03-16,T3,1,Total,9,,,,,1
D13001,C014,2025-03-17,T1,1,Total,7,,,,,1
D13002,C014,2025-03-17,T2,1,Total,8,,,,,1
D13003,C014,2025-03-17,T3,1,Total,9,,,,,1
D13004,C014,2025-03-18,T1,1,Total,7,,,,,1
D13005,C014,2025-03-18,T2,1,Total,8,,,,,1
D13006,C014,2025-03-18,T3,1,Total,9,,,,,1
D13007,C014,2025-03-19,T1,1,Total,7,,,,,1
D13008,C014,2025-03-19,T2,1,Total,8,,,,,1
D13009,C014,2025-03-19,T3,1,Total,9,,,,,1
D13010,C014,2025-03-20,T1,1,Total,7,,,,,1
D13011,C014,2025-03-20,T2,1,Parcial,4,consulta_medica,planeada,2025-03-13 17:36,164.4,1
D13012,C014,2025-03-20,T3,1,Total,9,,,,,1
D13013,C014,2025-03-21,T1,1,Total,7,,,,,1
D13014,C014,2025-03-21,T2,1,Total,8,,,,,1
D13015,C014,2025-03-21,T3,1,Total,9,,,,,1
D13016,C014,2025-03-22,T1,1,Total,7,,,,,1
D13017,C014,2025-03-22,T2,1,Total,8,,,,,1
D13018,C014,2025-03-22,T3,1,Total,9,,,,,1
D13019,C014,2025-03-23,T1,1,Total,7,,,,,1
D13020,C014,2025-03-23,T2,1,Total,8,,,,,1
D13021,C014,2025-03-23,T3,1,Total,9,,,,,1
D13022,C014,2025-03-24,T1,1,Total,7,,,,,1
D13023,C014,2025-03-24,T2,1,Total,8,,,,,1
D13024,C014,2025-03-24,T3,1,Total,9,,,,,1
D13025,C014,2025-03-25,T1,1,Parcial,4,preferencia_pessoal,planeada,2025-03-20 11:24,115.6,1
D13026,C014,2025-03-25,T2,1,Total,8,,,,,1
D13027,C014,2025-03-25,T3,1,Total,9,,,,,1
D13028,C014,2025-03-26,T1,1,Total,7,,,,,1
D13029,C014,2025-03-26,T2,1,Total,8,,,,,1
D13030,C014,2025-03-26,T3,1,Total,9,,,,,1
D13031,C014,2025-03-27,T1,1,Total,7,,,,,1
D13032,C014,2025-03-27,T2,1,Total,8,,,,,1
D13033,C014,2025-03-27,T3,1,Total,9,,,,,1
D13034,C014,2025-03-28,T1,1,Total,7,,,,,1
D13035,C014,2025-03-28,T2,1,Total,8,,,,,1
D13036,C014,2025-03-28,T3,1,Total,9,,,,,1
D13037,C014,2025-03-29,T1,1,Total,7,,,,,1
D13038,C014,2025-03-29,T2,1,Total,8,,,,,1
D13039,C014,2025-03-29,T3,1,Total,9,,,,,1
D13040,C014,2025-03-30,T1,1,Total,7,,,,,1
D13041,C014,2025-03-30,T2,1,Total,8,,,,,1
D13042,C014,2025-03-30,T3,1,Total,9,,,,,1
D13043,C014,2025-03-31,T1,1,Total,7,,,,,1
D13044,C014,2025-03-31,T2,1,Parcial,4,formação,planeada,2025-03-24 07:54,174.1,1
D13045,C014,2025-03-31,T3,1,Total,9,,,,,1
D13046,C014,2025-04-01,T1,1,Total,7,,,,,1
D13047,C014,2025-04-01,T2,1,Total,8,,,,,1
D13048,C014,2025-04-01,T3,1,Total,9,,,,,1
D13049,C014,2025-04-02,T1,1,Total,7,,,,,1
D13050,C014,2025-04-02,T2,1,Total,8,,,,,1
D13051,C014,2025-04-02,T3,1,Parcial,4,formação,planeada,2025-03-25 16:42,197.3,1
D13052,C014,2025-04-03,T1,1,Total,7,,,,,1
D13053,C014,2025-04-03,T2,1,Total,8,,,,,1
D13054,C014,2025-04-03,T3,1,Total,9,,,,,1
D13055,C014,2025-04-04,T1,1,Total,7,,,,,1
D13056,C014,2025-04-04,T2,0,Indisponível,0,férias,planeada,2025-03-13 08:12,533.8,1
D13057,C014,2025-04-04,T3,1,Total,9,,,,,1
D13058,C014,2025-04-05,T1,1,Total,7,,,,,1
D13059,C014,2025-04-05,T2,1,Total,8,,,,,1
D13060,C014,2025-04-05,T3,1,Total,9,,,,,1
D13061,C014,2025-04-06,T1,1,Total,7,,,,,1
D13062,C014,2025-04-06,T2,1,Total,8,,,,,1
D13063,C014,2025-04-06,T3,1,Total,9,,,,,1
D13064,C014,2025-04-07,T1,1,Parcial,4,consulta_medica,planeada,2025-03-27 04:30,266.5,1
D13065,C014,2025-04-07,T2,1,Total,8,,,,,1
D13066,C014,2025-04-07,T3,1,Total,9,,,,,1
D13067,C014,2025-04-08,T1,1,Total,7,,,,,1
D13068,C014,2025-04-08,T2,1,Total,8,,,,,1
D13069,C014,2025-04-08,T3,1,Total,9,,,,,1
D13070,C014,2025-04-09,T1,1,Total,7,,,,,1
D13071,C014,2025-04-09,T2,1,Parcial,4,formação,planeada,2025-04-04 18:48,115.2,1
D13072,C014,2025-04-09,T3,1,Total,9,,,,,1
D13073,C014,2025-04-10,T1,1,Total,7,,,,,1
D13074,C014,2025-04-10,T2,0,Indisponível,0,folga,planeada,2025-04-05 04:06,129.9,1
D13075,C014,2025-04-10,T3,1,Total,9,,,,,1
D13076,C014,2025-04-11,T1,1,Total,7,,,,,1
D13077,C014,2025-04-11,T2,1,Total,8,,,,,1
D13078,C014,2025-04-11,T3,1,Total,9,,,,,1
D13079,C014,2025-04-12,T1,0,Indisponível,0,nao_autorizado_fds,planeada,2025-04-11 17:54,13.1,1
D13080,C014,2025-04-12,T2,1,Total,8,,,,,1
D13081,C014,2025-04-12,T3,1,Total,9,,,,,1
D13082,C014,2025-04-13,T1,1,Parcial,4,formação,planeada,2025-04-05 09:18,189.7,1
D13083,C014,2025-04-13,T2,1,Total,8,,,,,1
D13084,C014,2025-04-13,T3,1,Total,9,,,,,1
D13085,C014,2025-04-14,T1,1,Total,7,,,,,1
D13086,C014,2025-04-14,T2,1,Total,8,,,,,1
D13087,C014,2025-04-14,T3,1,Total,9,,,,,1
D13088,C014,2025-04-15,T1,1,Parcial,4,preferencia_pessoal,planeada,2025-04-14 17:54,13.1,1
D13089,C014,2025-04-15,T2,1,Total,8,,,,,1
D13090,C014,2025-04-15,T3,1,Total,9,,,,,1
D13091,C014,2025-04-16,T1,1,Total,7,,,,,1
D13092,C014,2025-04-16,T2,1,Parcial,4,consulta_medica,planeada,2025-04-10 14:24,143.6,1
D13093,C014,2025-04-16,T3,0,Indisponível,0,preferencia_pessoal,planeada,2025-03-22 07:54,614.1,1
D13094,C014,2025-04-17,T1,1,Total,7,,,,,1
D13095,C014,2025-04-17,T2,1,Total,8,,,,,1
D13096,C014,2025-04-17,T3,1,Total,9,,,,,1
D13097,C014,2025-04-18,T1,1,Total,7,,,,,1
D13098,C014,2025-04-18,T2,1,Total,8,,,,,1
D13099,C014,2025-04-18,T3,1,Total,9,,,,,1
D13100,C014,2025-04-19,T1,1,Total,7,,,,,1
D13101,C014,2025-04-19,T2,1,Total,8,,,,,1
D13102,C014,2025-04-19,T3,1,Total,9,,,,,1
D13103,C014,2025-04-20,T1,1,Total,7,,,,,1
D13104,C014,2025-04-20,T2,1,Total,8,,,,,1
D13105,C014,2025-04-20,T3,1,Total,9,,,,,1
D13106,C014,2025-04-21,T1,1,Total,7,,,,,1
D13107,C014,2025-04-21,T2,1,Total,8,,,,,1
D13108,C014,2025-04-21,T3,1,Total,9,,,,,1
D13109,C014,2025-04-22,T1,1,Total,7,,,,,1
D13110,C014,2025-04-22,T2,1,Total,8,,,,,1
D13111,C014,2025-04-22,T3,1,Total,9,,,,,1
D13112,C014,2025-04-23,T1,1,Total,7,,,,,1
D13113,C014,2025-04-23,T2,1,Total,8,,,,,1
D13114,C014,2025-04-23,T3,1,Total,9,,,,,1
D13115,C014,2025-04-24,T1,1,Total,7,,,,,1
D13116,C014,2025-04-24,T2,1,Total,8,,,,,1
D13117,C014,2025-04-24,T3,1,Total,9,,,,,1
D13118,C014,2025-04-25,T1,1,Total,7,,,,,1
D13119,C014,2025-04-25,T2,1,Total,8,,,,,1
D13120,C014,2025-04-25,T3,1,Parcial,4,consulta_medica,planeada,2025-04-16 04:18,233.7,1
D13121,C014,2025-04-26,T1,1,Total,7,,,,,1
D13122,C014,2025-04-26,T2,1,Total,8,,,,,1
D13123,C014,2025-04-26,T3,1,Total,9,,,,,1
D13124,C014,2025-04-27,T1,1,Total,7,,,,,1
D13125,C014,2025-04-27,T2,1,Total,8,,,,,1
D13126,C014,2025-04-27,T3,1,Total,9,,,,,1
D13127,C014,2025-04-28,T1,1,Total,7,,,,,1
D13128,C014,2025-04-28,T2,1,Parcial,4,preferencia_pessoal,planeada,2025-04-19 03:30,226.5,1
D13129,C014,2025-04-28,T3,1,Total,9,,,,,1
D13130,C014,2025-04-29,T1,1,Total,7,,,,,1
D13131,C014,2025-04-29,T2,1,Total,8,,,,,1
D13132,C014,2025-04-29,T3,1,Total,9,,,,,1
D13133,C014,2025-04-30,T1,1,Total,7,,,,,1
D13134,C014,2025-04-30,T2,1,Total,8,,,,,1
D13135,C014,2025-04-30,T3,1,Total,9,,,,,1
D13136,C014,2025-05-01,T1,0,Indisponível,0,formação,planeada,2025-04-07 01:06,581.9,1
D13137,C014,2025-05-01,T2,1,Total,8,,,,,1
D13138,C014,2025-05-01,T3,1,Parcial,4,consulta_medica,planeada,2025-04-27 01:00,117.0,1
D13139,C014,2025-05-02,T1,1,Total,7,,,,,1
D13140,C014,2025-05-02,T2,1,Total,8,,,,,1
D13141,C014,2025-05-02,T3,1,Total,9,,,,,1
D13142,C014,2025-05-03,T1,1,Total,7,,,,,1
D13143,C014,2025-05-03,T2,1,Total,8,,,,,1
D13144,C014,2025-05-03,T3,1,Total,9,,,,,1
D13145,C014,2025-05-04,T1,1,Total,7,,,,,1
D13146,C014,2025-05-04,T2,1,Total,8,,,,,1
D13147,C014,2025-05-04,T3,1,Total,9,,,,,1
D13148,C014,2025-05-05,T1,1,Total,7,,,,,1
D13149,C014,2025-05-05,T2,1,Total,8,,,,,1
D13150,C014,2025-05-05,T3,1,Total,9,,,,,1
D13151,C014,2025-05-06,T1,1,Parcial,4,preferencia_pessoal,planeada,2025-05-02 04:30,98.5,1
D13152,C014,2025-05-06,T2,1,Total,8,,,,,1
D13153,C014,2025-05-06,T3,1,Total,9,,,,,1
D13154,C014,2025-05-07,T1,1,Total,7,,,,,1
D13155,C014,2025-05-07,T2,1,Total,8,,,,,1
D13156,C014,2025-05-07,T3,1,Parcial,4,preferencia_pessoal,planeada,2025-04-24 23:42,310.3,1
D13157,C014,2025-05-08,T1,1,Total,7,,,,,1
D13158,C014,2025-05-08,T2,1,Total,8,,,,,1
D13159,C014,2025-05-08,T3,1,Total,9,,,,,1
D13160,C014,2025-05-09,T1,1,Total,7,,,,,1
D13161,C014,2025-05-09,T2,0,Indisponível,0,preferencia_pessoal,planeada,2025-04-27 13:06,288.9,1
D13162,C014,2025-05-09,T3,0,Indisponível,0,férias,planeada,2025-04-13 05:48,640.2,1
D13163,C014,2025-05-10,T1,1,Total,7,,,,,1
D13164,C014,2025-05-10,T2,1,Total,8,,,,,1
D13165,C014,2025-05-10,T3,1,Total,9,,,,,1
D13166,C014,2025-05-11,T1,1,Total,7,,,,,1
D13167,C014,2025-05-11,T2,1,Total,8,,,,,1
D13168,C014,2025-05-11,T3,1,Total,9,,,,,1
D13169,C014,2025-05-12,T1,1,Total,7,,,,,1
D13170,C014,2025-05-12,T2,1,Total,8,,,,,1
D13171,C014,2025-05-12,T3,1,Total,9,,,,,1
D13172,C014,2025-05-13,T1,1,Total,7,,,,,1
D13173,C014,2025-05-13,T2,1,Total,8,,,,,1
D13174,C014,2025-05-13,T3,1,Total,9,,,,,1
D13175,C014,2025-05-14,T1,0,Indisponível,0,folga,planeada,2025-04-25 12:12,450.8,1
D13176,C014,2025-05-14,T2,1,Total,8,,,,,1
D13177,C014,2025-05-14,T3,1,Total,9,,,,,1
D13178,C014,2025-05-15,T1,1,Total,7,,,,,1
D13179,C014,2025-05-15,T2,1,Total,8,,,,,1
D13180,C014,2025-05-15,T3,1,Parcial,4,consulta_medica,planeada,2025-05-06 03:30,234.5,1
D13181,C014,2025-05-16,T1,1,Total,7,,,,,1
D13182,C014,2025-05-16,T2,1,Total,8,,,,,1
D13183,C014,2025-05-16,T3,1,Total,9,,,,,1
D13184,C014,2025-05-17,T1,1,Total,7,,,,,1
D13185,C014,2025-05-17,T2,0,Indisponível,0,formação,planeada,2025-04-20 18:18,643.7,1
D13186,C014,2025-05-17,T3,1,Parcial,4,preferencia_pessoal,planeada,2025-05-16 14:18,31.7,1
D13187,C014,2025-05-18,T1,1,Total,7,,,,,1
D13188,C014,2025-05-18,T2,1,Parcial,4,consulta_medica,planeada,2025-05-12 13:42,144.3,1
D13189,C014,2025-05-18,T3,1,Parcial,4,formação,planeada,2025-05-11 08:48,181.2,1
D13190,C014,2025-05-19,T1,1,Parcial,4,preferencia_pessoal,planeada,2025-05-09 00:36,246.4,1
D13191,C014,2025-05-19,T2,1,Total,8,,,,,1
D13192,C014,2025-05-19,T3,1,Total,9,,,,,1
D13193,C014,2025-05-20,T1,1,Total,7,,,,,1
D13194,C014,2025-05-20,T2,1,Total,8,,,,,1
D13195,C014,2025-05-20,T3,1,Total,9,,,,,1
D13196,C014,2025-05-21,T1,1,Total,7,,,,,1
D13197,C014,2025-05-21,T2,1,Parcial,4,preferencia_pessoal,planeada,2025-05-19 09:30,52.5,1
D13198,C014,2025-05-21,T3,1,Total,9,,,,,1
D13199,C014,2025-05-22,T1,1,Total,7,,,,,1
D13200,C014,2025-05-22,T2,1,Total,8,,,,,1
D13201,C014,2025-05-22,T3,0,Indisponível,0,consulta_medica,planeada,2025-05-12 19:48,242.2,1
D13202,C014,2025-05-23,T1,1,Total,7,,,,,1
D13203,C014,2025-05-23,T2,1,Total,8,,,,,1
D13204,C014,2025-05-23,T3,1,Total,9,,,,,1
D13205,C014,2025-05-24,T1,1,Total,7,,,,,1
D13206,C014,2025-05-24,T2,1,Total,8,,,,,1
D13207,C014,2025-05-24,T3,1,Total,9,,,,,1
D13208,C014,2025-05-25,T1,0,Indisponível,0,restrição_noite,planeada,2025-05-05 11:12,475.8,1
D13209,C014,2025-05-25,T2,1,Total,8,,,,,1
D13210,C014,2025-05-25,T3,1,Total,9,,,,,1
D13211,C014,2025-05-26,T1,1,Total,7,,,,,1
D13212,C014,2025-05-26,T2,1,Total,8,,,,,1
D13213,C014,2025-05-26,T3,1,Total,9,,,,,1
D13214,C014,2025-05-27,T1,1,Total,7,,,,,1
D13215,C014,2025-05-27,T2,1,Total,8,,,,,1
D13216,C014,2025-05-27,T3,1,Parcial,4,consulta_medica,planeada,2025-05-22 22:06,119.9,1
D13217,C014,2025-05-28,T1,1,Total,7,,,,,1
D13218,C014,2025-05-28,T2,1,Total,8,,,,,1
D13219,C014,2025-05-28,T3,1,Total,9,,,,,1
D13220,C014,2025-05-29,T1,1,Total,7,,,,,1
D13221,C014,2025-05-29,T2,1,Total,8,,,,,1
D13222,C014,2025-05-29,T3,1,Total,9,,,,,1
D13223,C014,2025-05-30,T1,1,Total,7,,,,,1
D13224,C014,2025-05-30,T2,1,Total,8,,,,,1
D13225,C014,2025-05-30,T3,1,Total,9,,,,,1
D13226,C014,2025-05-31,T1,1,Total,7,,,,,1
D13227,C014,2025-05-31,T2,1,Parcial,4,consulta_medica,planeada,2025-05-23 20:42,185.3,1
D13228,C014,2025-05-31,T3,1,Total,9,,,,,1
D13229,C014,2025-06-01,T1,1,Total,7,,,,,1
D13230,C014,2025-06-01,T2,1,Total,8,,,,,1
D13231,C014,2025-06-01,T3,1,Parcial,4,consulta_medica,planeada,2025-05-23 09:30,228.5,1
D13232,C014,2025-06-02,T1,1,Total,7,,,,,1
D13233,C014,2025-06-02,T2,1,Total,8,,,,,1
D13234,C014,2025-06-02,T3,1,Total,9,,,,,1
D13235,C014,2025-06-03,T1,1,Total,7,,,,,1
D13236,C014,2025-06-03,T2,1,Total,8,,,,,1
D13237,C014,2025-06-03,T3,1,Total,9,,,,,1
D13238,C014,2025-06-04,T1,1,Total,7,,,,,1
D13239,C014,2025-06-04,T2,1,Total,8,,,,,1
D13240,C014,2025-06-04,T3,1,Total,9,,,,,1
D13241,C014,2025-06-05,T1,1,Total,7,,,,,1
D13242,C014,2025-06-05,T2,1,Total,8,,,,,1
D13243,C014,2025-06-05,T3,1,Total,9,,,,,1
D13244,C014,2025-06-06,T1,1,Total,7,,,,,1
D13245,C014,2025-06-06,T2,1,Total,8,,,,,1
D13246,C014,2025-06-06,T3,1,Total,9,,,,,1
D13247,C014,2025-06-07,T1,1,Total,7,,,,,1
D13248,C014,2025-06-07,T2,1,Total,8,,,,,1
D13249,C014,2025-06-07,T3,1,Total,9,,,,,1
D13250,C014,2025-06-08,T1,1,Total,7,,,,,1
D13251,C014,2025-06-08,T2,1,Total,8,,,,,1
D13252,C014,2025-06-08,T3,1,Total,9,,,,,1
D13253,C014,2025-06-09,T1,1,Total,7,,,,,1
D13254,C014,2025-06-09,T2,1,Total,8,,,,,1
D13255,C014,2025-06-09,T3,1,Total,9,,,,,1
D13256,C014,2025-06-10,T1,1,Total,7,,,,,1
D13257,C014,2025-06-10,T2,1,Total,8,,,,,1
D13258,C014,2025-06-10,T3,1,Total,9,,,,,1
D13259,C014,2025-06-11,T1,0,Indisponível,0,preferencia_pessoal,planeada,2025-06-07 13:54,89.1,1
D13260,C014,2025-06-11,T2,1,Total,8,,,,,1
D13261,C014,2025-06-11,T3,1,Total,9,,,,,1
D13262,C014,2025-06-12,T1,1,Total,7,,,,,1
D13263,C014,2025-06-12,T2,1,Total,8,,,,,1
D13264,C014,2025-06-12,T3,1,Total,9,,,,,1
D13265,C014,2025-06-13,T1,1,Total,7,,,,,1
D13266,C014,2025-06-13,T2,1,Total,8,,,,,1
D13267,C014,2025-06-13,T3,1,Total,9,,,,,1
D13268,C014,2025-06-14,T1,1,Total,7,,,,,1
D13269,C014,2025-06-14,T2,1,Total,8,,,,,1
D13270,C014,2025-06-14,T3,1,Total,9,,,,,1
D13271,C014,2025-06-15,T1,1,Total,7,,,,,1
D13272,C014,2025-06-15,T2,1,Total,8,,,,,1
D13273,C014,2025-06-15,T3,1,Total,9,,,,,1
D13274,C014,2025-06-16,T1,1,Parcial,4,preferencia_pessoal,planeada,2025-06-11 06:00,121.0,1
D13275,C014,2025-06-16,T2,1,Total,8,,,,,1
D13276,C014,2025-06-16,T3,1,Total,9,,,,,1
D13277,C014,2025-06-17,T1,1,Total,7,,,,,1
D13278,C014,2025-06-17,T2,1,Total,8,,,,,1
D13279,C014,2025-06-17,T3,1,Total,9,,,,,1
D13280,C014,2025-06-18,T1,1,Total,7,,,,,1
D13281,C014,2025-06-18,T2,1,Total,8,,,,,1
D13282,C014,2025-06-18,T3,1,Total,9,,,,,1
D13283,C014,2025-06-19,T1,1,Total,7,,,,,1
D13284,C014,2025-06-19,T2,1,Total,8,,,,,1
D13285,C014,2025-06-19,T3,1,Total,9,,,,,1
D13286,C014,2025-06-20,T1,1,Total,7,,,,,1
D13287,C014,2025-06-20,T2,1,Total,8,,,,,1
D13288,C014,2025-06-20,T3,1,Parcial,4,preferencia_pessoal,planeada,2025-06-09 23:12,262.8,1
D13289,C014,2025-06-21,T1,1,Total,7,,,,,1
D13290,C014,2025-06-21,T2,1,Total,8,,,,,1
D13291,C014,2025-06-21,T3,1,Total,9,,,,,1
D13292,C014,2025-06-22,T1,0,Indisponível,0,formação,planeada,2025-06-14 21:42,177.3,1
D13293,C014,2025-06-22,T2,1,Total,8,,,,,1
D13294,C014,2025-06-22,T3,1,Total,9,,,,,1
D13295,C014,2025-06-23,T1,1,Total,7,,,,,1
D13296,C014,2025-06-23,T2,1,Total,8,,,,,1
D13297,C014,2025-06-23,T3,1,Total,9,,,,,1
D13298,C014,2025-06-24,T1,1,Total,7,,,,,1
D13299,C014,2025-06-24,T2,1,Total,8,,,,,1
D13300,C014,2025-06-24,T3,1,Total,9,,,,,1
D13301,C014,2025-06-25,T1,1,Total,7,,,,,1
D13302,C014,2025-06-25,T2,1,Total,8,,,,,1
D13303,C014,2025-06-25,T3,1,Total,9,,,,,1
D13304,C014,2025-06-26,T1,1,Total,7,,,,,1
D13305,C014,2025-06-26,T2,1,Total,8,,,,,1
D13306,C014,2025-06-26,T3,1,Total,9,,,,,1
D13307,C014,2025-06-27,T1,0,Indisponível,0,restrição_noite,planeada,2025-06-02 16:54,590.1,1
D13308,C014,2025-06-27,T2,1,Total,8,,,,,1
D13309,C014,2025-06-27,T3,1,Total,9,,,,,1
D13310,C014,2025-06-28,T1,1,Total,7,,,,,1
D13311,C014,2025-06-28,T2,1,Total,8,,,,,1
D13312,C014,2025-06-28,T3,1,Total,9,,,,,1
D13313,C014,2025-06-29,T1,1,Total,7,,,,,1
D13314,C014,2025-06-29,T2,1,Total,8,,,,,1
D13315,C014,2025-06-29,T3,1,Total,9,,,,,1
D13316,C014,2025-06-30,T1,1,Total,7,,,,,1
D13317,C014,2025-06-30,T2,1,Total,8,,,,,1
D13318,C014,2025-06-30,T3,1,Parcial,4,preferencia_pessoal,planeada,2025-06-29 17:30,28.5,1
D13319,C014,2025-07-01,T1,1,Total,7,,,,,1
D13320,C014,2025-07-01,T2,1,Total,8,,,,,1
D13321,C014,2025-07-01,T3,0,Indisponível,0,preferencia_pessoal,planeada,2025-06-16 18:24,363.6,1
D13322,C014,2025-07-02,T1,1,Parcial,4,consulta_medica,planeada,2025-07-01 01:54,29.1,1
D13323,C014,2025-07-02,T2,1,Total,8,,,,,1
D13324,C014,2025-07-02,T3,1,Parcial,4,formação,planeada,2025-07-01 00:00,46.0,1
D13325,C014,2025-07-03,T1,1,Total,7,,,,,1
D13326,C014,2025-07-03,T2,1,Total,8,,,,,1
D13327,C014,2025-07-03,T3,1,Total,9,,,,,1
D13328,C014,2025-07-04,T1,1,Total,7,,,,,1
D13329,C014,2025-07-04,T2,1,Parcial,4,consulta_medica,planeada,2025-07-03 15:30,22.5,1
D13330,C014,2025-07-04,T3,1,Total,9,,,,,1
D13331,C014,2025-07-05,T1,1,Total,7,,,,,1
D13332,C014,2025-07-05,T2,1,Total,8,,,,,1
D13333,C014,2025-07-05,T3,1,Parcial,4,formação,planeada,2025-06-25 06:54,255.1,1
D13334,C014,2025-07-06,T1,1,Total,7,,,,,1
D13335,C014,2025-07-06,T2,1,Total,8,,,,,1
D13336,C014,2025-07-06,T3,1,Total,9,,,,,1
D13337,C014,2025-07-07,T1,1,Total,7,,,,,1
D13338,C014,2025-07-07,T2,1,Total,8,,,,,1
D13339,C014,2025-07-07,T3,1,Total,9,,,,,1
D13340,C014,2025-07-08,T1,1,Parcial,4,consulta_medica,planeada,2025-06-25 20:30,298.5,1
D13341,C014,2025-07-08,T2,1,Total,8,,,,,1
D13342,C014,2025-07-08,T3,1,Total,9,,,,,1
D13343,C014,2025-07-09,T1,1,Total,7,,,,,1
D13344,C014,2025-07-09,T2,1,Total,8,,,,,1
D13345,C014,2025-07-09,T3,1,Total,9,,,,,1
D13346,C014,2025-07-10,T1,1,Parcial,4,preferencia_pessoal,planeada,2025-07-08 11:06,43.9,1
D13347,C014,2025-07-10,T2,1,Total,8,,,,,1
D13348,C014,2025-07-10,T3,1,Total,9,,,,,1
D13349,C014,2025-07-11,T1,1,Total,7,,,,,1
D13350,C014,2025-07-11,T2,1,Total,8,,,,,1
D13351,C014,2025-07-11,T3,1,Total,9,,,,,1
D13352,C014,2025-07-12,T1,1,Total,7,,,,,1
D13353,C014,2025-07-12,T2,1,Total,8,,,,,1
D13354,C014,2025-07-12,T3,1,Parcial,4,formação,planeada,2025-07-07 19:36,122.4,1
D13355,C014,2025-07-13,T1,1,Total,7,,,,,1
D13356,C014,2025-07-13,T2,1,Total,8,,,,,1
D13357,C014,2025-07-13,T3,0,Indisponível,0,nao_autorizado_fds,planeada,2025-06-26 22:54,407.1,1
D13358,C014,2025-07-14,T1,1,Total,7,,,,,1
D13359,C014,2025-07-14,T2,1,Total,8,,,,,1
D13360,C014,2025-07-14,T3,1,Total,9,,,,,1
D13361,C014,2025-07-15,T1,0,Indisponível,0,folga,planeada,2025-06-30 23:42,343.3,1
D13362,C014,2025-07-15,T2,1,Total,8,,,,,1
D13363,C014,2025-07-15,T3,1,Total,9,,,,,1
D13364,C014,2025-07-16,T1,1,Total,7,,,,,1
D13365,C014,2025-07-16,T2,1,Total,8,,,,,1
D13366,C014,2025-07-16,T3,1,Parcial,4,preferencia_pessoal,planeada,2025-07-08 23:00,191.0,1
D13367,C014,2025-07-17,T1,1,Parcial,4,consulta_medica,planeada,2025-07-03 14:48,328.2,1
D13368,C014,2025-07-17,T2,1,Parcial,4,preferencia_pessoal,planeada,2025-07-07 22:42,231.3,1
D13369,C014,2025-07-17,T3,1,Total,9,,,,,1
D13370,C014,2025-07-18,T1,1,Total,7,,,,,1
D13371,C014,2025-07-18,T2,1,Total,8,,,,,1
D13372,C014,2025-07-18,T3,1,Total,9,,,,,1
D13373,C014,2025-07-19,T1,1,Total,7,,,,,1
D13374,C014,2025-07-19,T2,1,Total,8,,,,,1
D13375,C014,2025-07-19,T3,1,Total,9,,,,,1
D13376,C014,2025-07-20,T1,0,Indisponível,0,restrição_noite,planeada,2025-07-03 06:48,408.2,1
D13377,C014,2025-07-20,T2,1,Parcial,4,formação,planeada,2025-07-17 15:00,71.0,1
D13378,C014,2025-07-20,T3,1,Total,9,,,,,1
D13379,C014,2025-07-21,T1,1,Total,7,,,,,1
D13380,C014,2025-07-21,T2,1,Total,8,,,,,1
D13381,C014,2025-07-21,T3,1,Total,9,,,,,1
D13382,C014,2025-07-22,T1,1,Total,7,,,,,1
D13383,C014,2025-07-22,T2,1,Total,8,,,,,1
D13384,C014,2025-07-22,T3,1,Total,9,,,,,1
D13385,C014,2025-07-23,T1,0,Indisponível,0,formação,planeada,2025-07-03 01:18,485.7,1
D13386,C014,2025-07-23,T2,1,Total,8,,,,,1
D13387,C014,2025-07-23,T3,1,Total,9,,,,,1
D13388,C014,2025-07-24,T1,1,Total,7,,,,,1
D13389,C014,2025-07-24,T2,1,Total,8,,,,,1
D13390,C014,2025-07-24,T3,1,Total,9,,,,,1
D13391,C014,2025-07-25,T1,1,Total,7,,,,,1
D13392,C014,2025-07-25,T2,1,Total,8,,,,,1
D13393,C014,2025-07-25,T3,1,Total,9,,,,,1
D13394,C014,2025-07-26,T1,0,Indisponível,0,outro,planeada,2025-07-08 00:30,438.5,1
D13395,C014,2025-07-26,T2,1,Total,8,,,,,1
D13396,C014,2025-07-26,T3,1,Total,9,,,,,1
D13397,C014,2025-07-27,T1,1,Total,7,,,,,1
D13398,C014,2025-07-27,T2,1,Total,8,,,,,1
D13399,C014,2025-07-27,T3,1,Total,9,,,,,1
D13400,C014,2025-07-28,T1,0,Indisponível,0,restrição_noite,planeada,2025-07-07 16:00,495.0,1
D13401,C014,2025-07-28,T2,1,Total,8,,,,,1
D13402,C014,2025-07-28,T3,1,Total,9,,,,,1
D13403,C014,2025-07-29,T1,1,Total,7,,,,,1
D13404,C014,2025-07-29,T2,1,Total,8,,,,,1
D13405,C014,2025-07-29,T3,1,Total,9,,,,,1
D13406,C014,2025-07-30,T1,1,Total,7,,,,,1
D13407,C014,2025-07-30,T2,1,Total,8,,,,,1
D13408,C014,2025-07-30,T3,1,Total,9,,,,,1
D13409,C014,2025-07-31,T1,1,Total,7,,,,,1
D13410,C014,2025-07-31,T2,1,Total,8,,,,,1
D13411,C014,2025-07-31,T3,1,Total,9,,,,,1
D13412,C014,2025-08-01,T1,1,Total,7,,,,,1
D13413,C014,2025-08-01,T2,1,Total,8,,,,,1
D13414,C014,2025-08-01,T3,1,Total,9,,,,,1
D13415,C014,2025-08-02,T1,1,Total,7,,,,,1
D13416,C014,2025-08-02,T2,1,Total,8,,,,,1
D13417,C014,2025-08-02,T3,0,Indisponível,0,nao_autorizado_fds,planeada,2025-07-26 23:54,166.1,1
D13418,C014,2025-08-03,T1,1,Total,7,,,,,1
D13419,C014,2025-08-03,T2,1,Total,8,,,,,1
D13420,C014,2025-08-03,T3,1,Total,9,,,,,1
D13421,C014,2025-08-04,T1,1,Total,7,,,,,1
D13422,C014,2025-08-04,T2,1,Total,8,,,,,1
D13423,C014,2025-08-04,T3,1,Total,9,,,,,1
D13424,C014,2025-08-05,T1,1,Total,7,,,,,1
D13425,C014,2025-08-05,T2,1,Total,8,,,,,1
D13426,C014,2025-08-05,T3,1,Total,9,,,,,1
D13427,C014,2025-08-06,T1,1,Total,7,,,,,1
D13428,C014,2025-08-06,T2,1,Total,8,,,,,1
D13429,C014,2025-08-06,T3,1,Total,9,,,,,1
D13430,C014,2025-08-07,T1,1,Total,7,,,,,1
D13431,C014,2025-08-07,T2,1,Total,8,,,,,1
D13432,C014,2025-08-07,T3,1,Total,9,,,,,1
D13433,C014,2025-08-08,T1,1,Total,7,,,,,1
D13434,C014,2025-08-08,T2,1,Total,8,,,,,1
D13435,C014,2025-08-08,T3,0,Indisponível,0,nao_autorizado_fds,planeada,2025-07-17 15:06,534.9,1
D13436,C014,2025-08-09,T1,1,Total,7,,,,,1
D13437,C014,2025-08-09,T2,1,Total,8,,,,,1
D13438,C014,2025-08-09,T3,1,Total,9,,,,,1
D13439,C014,2025-08-10,T1,1,Total,7,,,,,1
D13440,C014,2025-08-10,T2,1,Total,8,,,,,1
D13441,C014,2025-08-10,T3,1,Total,9,,,,,1
D13442,C014,2025-08-11,T1,1,Total,7,,,,,1
D13443,C014,2025-08-11,T2,1,Parcial,4,preferencia_pessoal,planeada,2025-08-01 08:48,245.2,1
D13444,C014,2025-08-11,T3,1,Total,9,,,,,1
D13445,C014,2025-08-12,T1,1,Total,7,,,,,1
D13446,C014,2025-08-12,T2,1,Total,8,,,,,1
D13447,C014,2025-08-12,T3,1,Total,9,,,,,1
D13448,C014,2025-08-13,T1,1,Total,7,,,,,1
D13449,C014,2025-08-13,T2,1,Total,8,,,,,1
D13450,C014,2025-08-13,T3,1,Total,9,,,,,1
D13451,C014,2025-08-14,T1,1,Total,7,,,,,1
D13452,C014,2025-08-14,T2,1,Total,8,,,,,1
D13453,C014,2025-08-14,T3,1,Total,9,,,,,1
D13454,C014,2025-08-15,T1,1,Parcial,4,consulta_medica,planeada,2025-08-14 13:30,17.5,1
D13455,C014,2025-08-15,T2,1,Total,8,,,,,1
D13456,C014,2025-08-15,T3,1,Total,9,,,,,1
D13457,C014,2025-08-16,T1,1,Total,7,,,,,1
D13458,C014,2025-08-16,T2,1,Total,8,,,,,1
D13459,C014,2025-08-16,T3,1,Total,9,,,,,1
D13460,C014,2025-08-17,T1,1,Total,7,,,,,1
D13461,C014,2025-08-17,T2,1,Total,8,,,,,1
D13462,C014,2025-08-17,T3,1,Total,9,,,,,1
D13463,C014,2025-08-18,T1,1,Total,7,,,,,1
D13464,C014,2025-08-18,T2,1,Total,8,,,,,1
D13465,C014,2025-08-18,T3,1,Total,9,,,,,1
D13466,C014,2025-08-19,T1,1,Total,7,,,,,1
D13467,C014,2025-08-19,T2,1,Total,8,,,,,1
D13468,C014,2025-08-19,T3,1,Total,9,,,,,1
D13469,C014,2025-08-20,T1,1,Total,7,,,,,1
D13470,C014,2025-08-20,T2,1,Parcial,4,formação,planeada,2025-08-07 20:30,305.5,1
D13471,C014,2025-08-20,T3,1,Total,9,,,,,1
D13472,C014,2025-08-21,T1,1,Parcial,4,preferencia_pessoal,planeada,2025-08-12 19:06,203.9,1
D13473,C014,2025-08-21,T2,1,Total,8,,,,,1
D13474,C014,2025-08-21,T3,1,Parcial,4,formação,planeada,2025-08-17 21:54,96.1,1
D13475,C014,2025-08-22,T1,1,Total,7,,,,,1
D13476,C014,2025-08-22,T2,1,Total,8,,,,,1
D13477,C014,2025-08-22,T3,1,Total,9,,,,,1
D13478,C014,2025-08-23,T1,1,Total,7,,,,,1
D13479,C014,2025-08-23,T2,1,Total,8,,,,,1
D13480,C014,2025-08-23,T3,1,Total,9,,,,,1
D13481,C014,2025-08-24,T1,1,Total,7,,,,,1
D13482,C014,2025-08-24,T2,1,Total,8,,,,,1
D13483,C014,2025-08-24,T3,1,Total,9,,,,,1
D13484,C014,2025-08-25,T1,1,Total,7,,,,,1
D13485,C014,2025-08-25,T2,1,Total,8,,,,,1
D13486,C014,2025-08-25,T3,1,Total,9,,,,,1
D13487,C014,2025-08-26,T1,1,Total,7,,,,,1
D13488,C014,2025-08-26,T2,1,Total,8,,,,,1
D13489,C014,2025-08-26,T3,1,Total,9,,,,,1
D13490,C014,2025-08-27,T1,1,Total,7,,,,,1
D13491,C014,2025-08-27,T2,1,Total,8,,,,,1
D13492,C014,2025-08-27,T3,1,Total,9,,,,,1
D13493,C014,2025-08-28,T1,0,Indisponível,0,folga,planeada,2025-08-03 09:30,597.5,1
D13494,C014,2025-08-28,T2,1,Total,8,,,,,1
D13495,C014,2025-08-28,T3,1,Total,9,,,,,1
D13496,C014,2025-08-29,T1,1,Total,7,,,,,1
D13497,C014,2025-08-29,T2,1,Total,8,,,,,1
D13498,C014,2025-08-29,T3,1,Total,9,,,,,1
D13499,C014,2025-08-30,T1,1,Total,7,,,,,1
D13500,C014,2025-08-30,T2,1,Total,8,,,,,1
D13501,C014,2025-08-30,T3,1,Total,9,,,,,1
D13502,C014,2025-08-31,T1,1,Total,7,,,,,1
D13503,C014,2025-08-31,T2,1,Total,8,,,,,1
D13504,C014,2025-08-31,T3,1,Total,9,,,,,1
D13505,C014,2025-09-01,T1,1,Total,7,,,,,1
D13506,C014,2025-09-01,T2,1,Total,8,,,,,1
D13507,C014,2025-09-01,T3,0,Indisponível,0,folga,planeada,2025-08-19 08:54,325.1,1
D13508,C014,2025-09-02,T1,1,Total,7,,,,,1
D13509,C014,2025-09-02,T2,1,Total,8,,,,,1
D13510,C014,2025-09-02,T3,1,Total,9,,,,,1
D13511,C014,2025-09-03,T1,1,Total,7,,,,,1
D13512,C014,2025-09-03,T2,1,Total,8,,,,,1
D13513,C014,2025-09-03,T3,1,Total,9,,,,,1
D13514,C014,2025-09-04,T1,0,Indisponível,0,baixa,planeada,2025-08-12 01:24,557.6,1
D13515,C014,2025-09-04,T2,1,Total,8,,,,,1
D13516,C014,2025-09-04,T3,1,Total,9,,,,,1
D13517,C014,2025-09-05,T1,1,Total,7,,,,,1
D13518,C014,2025-09-05,T2,1,Total,8,,,,,1
D13519,C014,2025-09-05,T3,1,Total,9,,,,,1
D13520,C014,2025-09-06,T1,1,Total,7,,,,,1
D13521,C014,2025-09-06,T2,1,Total,8,,,,,1
D13522,C014,2025-09-06,T3,0,Indisponível,0,férias,planeada,2025-08-30 00:30,189.5,1
D13523,C014,2025-09-07,T1,0,Indisponível,0,formação,planeada,2025-08-26 15:54,279.1,1
D13524,C014,2025-09-07,T2,1,Total,8,,,,,1
D13525,C014,2025-09-07,T3,1,Total,9,,,,,1
D13526,C014,2025-09-08,T1,1,Parcial,4,consulta_medica,planeada,2025-08-26 01:24,317.6,1
D13527,C014,2025-09-08,T2,1,Total,8,,,,,1
D13528,C014,2025-09-08,T3,1,Total,9,,,,,1
D13529,C014,2025-09-09,T1,1,Total,7,,,,,1
D13530,C014,2025-09-09,T2,1,Total,8,,,,,1
D13531,C014,2025-09-09,T3,1,Total,9,,,,,1
D13532,C014,2025-09-10,T1,1,Total,7,,,,,1
D13533,C014,2025-09-10,T2,1,Total,8,,,,,1
D13534,C014,2025-09-10,T3,1,Total,9,,,,,1
D13535,C014,2025-09-11,T1,1,Total,7,,,,,1
D13536,C014,2025-09-11,T2,1,Total,8,,,,,1
D13537,C014,2025-09-11,T3,1,Total,9,,,,,1
D13538,C014,2025-09-12,T1,1,Total,7,,,,,1
D13539,C014,2025-09-12,T2,1,Total,8,,,,,1
D13540,C014,2025-09-12,T3,0,Indisponível,0,férias,planeada,2025-08-16 07:42,662.3,1
D13541,C014,2025-09-13,T1,1,Total,7,,,,,1
D13542,C014,2025-09-13,T2,1,Total,8,,,,,1
D13543,C014,2025-09-13,T3,1,Total,9,,,,,1
D13544,C014,2025-09-14,T1,1,Total,7,,,,,1
D13545,C014,2025-09-14,T2,1,Total,8,,,,,1
D13546,C014,2025-09-14,T3,1,Total,9,,,,,1
D13547,C014,2025-09-15,T1,1,Total,7,,,,,1
D13548,C014,2025-09-15,T2,1,Total,8,,,,,1
D13549,C014,2025-09-15,T3,1,Total,9,,,,,1
D13550,C014,2025-09-16,T1,0,Indisponível,0,baixa,planeada,2025-08-24 00:24,558.6,1
D13551,C014,2025-09-16,T2,1,Total,8,,,,,1
D13552,C014,2025-09-16,T3,1,Total,9,,,,,1
D13553,C014,2025-09-17,T1,1,Total,7,,,,,1
D13554,C014,2025-09-17,T2,1,Total,8,,,,,1
D13555,C014,2025-09-17,T3,1,Total,9,,,,,1
D13556,C014,2025-09-18,T1,1,Total,7,,,,,1
D13557,C014,2025-09-18,T2,1,Total,8,,,,,1
D13558,C014,2025-09-18,T3,1,Total,9,,,,,1
D13559,C014,2025-09-19,T1,0,Indisponível,0,folga,planeada,2025-08-30 10:24,476.6,1
D13560,C014,2025-09-19,T2,1,Total,8,,,,,1
D13561,C014,2025-09-19,T3,1,Total,9,,,,,1
D13562,C014,2025-09-20,T1,1,Total,7,,,,,1
D13563,C014,2025-09-20,T2,1,Total,8,,,,,1
D13564,C014,2025-09-20,T3,1,Total,9,,,,,1
D13565,C014,2025-09-21,T1,1,Total,7,,,,,1
D13566,C014,2025-09-21,T2,1,Total,8,,,,,1
D13567,C014,2025-09-21,T3,1,Total,9,,,,,1
D13568,C014,2025-09-22,T1,1,Total,7,,,,,1
D13569,C014,2025-09-22,T2,1,Parcial,4,preferencia_pessoal,planeada,2025-09-18 19:48,90.2,1
D13570,C014,2025-09-22,T3,1,Total,9,,,,,1
D13571,C014,2025-09-23,T1,1,Total,7,,,,,1
D13572,C014,2025-09-23,T2,1,Total,8,,,,,1
D13573,C014,2025-09-23,T3,1,Total,9,,,,,1
D13574,C014,2025-09-24,T1,1,Total,7,,,,,1
D13575,C014,2025-09-24,T2,1,Total,8,,,,,1
D13576,C014,2025-09-24,T3,1,Total,9,,,,,1
D13577,C014,2025-09-25,T1,1,Total,7,,,,,1
D13578,C014,2025-09-25,T2,1,Total,8,,,,,1
D13579,C014,2025-09-25,T3,1,Total,9,,,,,1
D13580,C014,2025-09-26,T1,1,Total,7,,,,,1
D13581,C014,2025-09-26,T2,1,Total,8,,,,,1
D13582,C014,2025-09-26,T3,1,Parcial,4,formação,planeada,2025-09-15 03:12,282.8,1
D13583,C014,2025-09-27,T1,1,Total,7,,,,,1
D13584,C014,2025-09-27,T2,1,Total,8,,,,,1
D13585,C014,2025-09-27,T3,1,Total,9,,,,,1
D13586,C014,2025-09-28,T1,1,Total,7,,,,,1
D13587,C014,2025-09-28,T2,1,Parcial,4,formação,planeada,2025-09-27 07:30,30.5,1
D13588,C014,2025-09-28,T3,1,Total,9,,,,,1
D13589,C014,2025-09-29,T1,1,Total,7,,,,,1
D13590,C014,2025-09-29,T2,1,Total,8,,,,,1
D13591,C014,2025-09-29,T3,1,Total,9,,,,,1
D13592,C014,2025-09-30,T1,1,Total,7,,,,,1
D13593,C014,2025-09-30,T2,1,Total,8,,,,,1
D13594,C014,2025-09-30,T3,1,Total,9,,,,,1
D13595,C014,2025-10-01,T1,0,Indisponível,0,folga,planeada,2025-09-27 17:42,85.3,1
D13596,C014,2025-10-01,T2,1,Total,8,,,,,1
D13597,C014,2025-10-01,T3,1,Total,9,,,,,1
D13598,C014,2025-10-02,T1,1,Total,7,,,,,1
D13599,C014,2025-10-02,T2,1,Total,8,,,,,1
D13600,C014,2025-10-02,T3,1,Total,9,,,,,1
D13601,C014,2025-10-03,T1,0,Indisponível,0,folga,planeada,2025-09-20 14:24,304.6,1
D13602,C014,2025-10-03,T2,1,Total,8,,,,,1
D13603,C014,2025-10-03,T3,1,Total,9,,,,,1
D13604,C014,2025-10-04,T1,1,Total,7,,,,,1
D13605,C014,2025-10-04,T2,1,Parcial,4,formação,planeada,2025-10-01 14:18,71.7,1
D13606,C014,2025-10-04,T3,1,Total,9,,,,,1
D13607,C014,2025-10-05,T1,1,Total,7,,,,,1
D13608,C014,2025-10-05,T2,1,Parcial,4,formação,planeada,2025-09-23 08:42,293.3,1
D13609,C014,2025-10-05,T3,1,Total,9,,,,,1
D13610,C014,2025-10-06,T1,1,Total,7,,,,,1
D13611,C014,2025-10-06,T2,0,Indisponível,0,folga,planeada,2025-09-06 15:36,718.4,1
D13612,C014,2025-10-06,T3,1,Total,9,,,,,1
D13613,C014,2025-10-07,T1,1,Total,7,,,,,1
D13614,C014,2025-10-07,T2,1,Total,8,,,,,1
D13615,C014,2025-10-07,T3,0,Indisponível,0,férias,planeada,2025-10-07 02:24,19.6,1
D13616,C014,2025-10-08,T1,0,Indisponível,0,baixa,inesperada,2025-10-08 01:48,5.2,1
D13617,C014,2025-10-08,T2,1,Total,8,,,,,1
D13618,C014,2025-10-08,T3,1,Total,9,,,,,1
D13619,C014,2025-10-09,T1,1,Total,7,,,,,1
D13620,C014,2025-10-09,T2,1,Total,8,,,,,1
D13621,C014,2025-10-09,T3,1,Total,9,,,,,1
D13622,C014,2025-10-10,T1,1,Total,7,,,,,1
D13623,C014,2025-10-10,T2,1,Total,8,,,,,1
D13624,C014,2025-10-10,T3,1,Total,9,,,,,1
D13625,C014,2025-10-11,T1,1,Total,7,,,,,1
D13626,C014,2025-10-11,T2,1,Total,8,,,,,1
D13627,C014,2025-10-11,T3,1,Total,9,,,,,1
D13628,C014,2025-10-12,T1,1,Total,7,,,,,1
D13629,C014,2025-10-12,T2,1,Total,8,,,,,1
D13630,C014,2025-10-12,T3,0,Indisponível,0,férias,planeada,2025-09-14 23:48,670.2,1
D13631,C014,2025-10-13,T1,1,Total,7,,,,,1
D13632,C014,2025-10-13,T2,1,Total,8,,,,,1
D13633,C014,2025-10-13,T3,1,Total,9,,,,,1
D13634,C014,2025-10-14,T1,1,Total,7,,,,,1
D13635,C014,2025-10-14,T2,1,Total,8,,,,,1
D13636,C014,2025-10-14,T3,1,Total,9,,,,,1
D13637,C014,2025-10-15,T1,1,Parcial,4,consulta_medica,planeada,2025-10-04 19:48,251.2,1
D13638,C014,2025-10-15,T2,1,Parcial,4,formação,planeada,2025-10-01 16:48,333.2,1
D13639,C014,2025-10-15,T3,1,Total,9,,,,,1
D13640,C014,2025-10-16,T1,1,Total,7,,,,,1
D13641,C014,2025-10-16,T2,1,Total,8,,,,,1
D13642,C014,2025-10-16,T3,1,Total,9,,,,,1
D13643,C014,2025-10-17,T1,1,Total,7,,,,,1
D13644,C014,2025-10-17,T2,1,Total,8,,,,,1
D13645,C014,2025-10-17,T3,1,Total,9,,,,,1
D13646,C014,2025-10-18,T1,1,Total,7,,,,,1
D13647,C014,2025-10-18,T2,1,Total,8,,,,,1
D13648,C014,2025-10-18,T3,1,Total,9,,,,,1
D13649,C014,2025-10-19,T1,1,Parcial,4,formação,planeada,2025-10-09 02:12,244.8,1
D13650,C014,2025-10-19,T2,1,Total,8,,,,,1
D13651,C014,2025-10-19,T3,1,Total,9,,,,,1
D13652,C014,2025-10-20,T1,1,Total,7,,,,,1
D13653,C014,2025-10-20,T2,1,Total,8,,,,,1
D13654,C014,2025-10-20,T3,1,Total,9,,,,,1
D13655,C014,2025-10-21,T1,1,Total,7,,,,,1
D13656,C014,2025-10-21,T2,1,Total,8,,,,,1
D13657,C014,2025-10-21,T3,1,Total,9,,,,,1
D13658,C014,2025-10-22,T1,1,Total,7,,,,,1
D13659,C014,2025-10-22,T2,1,Total,8,,,,,1
D13660,C014,2025-10-22,T3,1,Total,9,,,,,1
D13661,C014,2025-10-23,T1,0,Indisponível,0,consulta_medica,planeada,2025-10-06 16:18,398.7,1
D13662,C014,2025-10-23,T2,1,Total,8,,,,,1
D13663,C014,2025-10-23,T3,0,Indisponível,0,consulta_medica,planeada,2025-10-01 04:30,545.5,1
D13664,C014,2025-10-24,T1,1,Total,7,,,,,1
D13665,C014,2025-10-24,T2,0,Indisponível,0,folga,planeada,2025-10-23 18:48,19.2,1
D13666,C014,2025-10-24,T3,1,Total,9,,,,,1
D13667,C014,2025-10-25,T1,1,Parcial,4,consulta_medica,planeada,2025-10-16 18:12,204.8,1
D13668,C014,2025-10-25,T2,1,Total,8,,,,,1
D13669,C014,2025-10-25,T3,1,Parcial,4,formação,planeada,2025-10-14 22:24,263.6,1
D13670,C014,2025-10-26,T1,1,Total,7,,,,,1
D13671,C014,2025-10-26,T2,1,Total,8,,,,,1
D13672,C014,2025-10-26,T3,0,Indisponível,0,férias,planeada,2025-10-09 12:42,417.3,1
D13673,C014,2025-10-27,T1,0,Indisponível,0,folga,planeada,2025-09-30 06:42,648.3,1
D13674,C014,2025-10-27,T2,1,Total,8,,,,,1
D13675,C014,2025-10-27,T3,1,Total,9,,,,,1
D13676,C014,2025-10-28,T1,1,Total,7,,,,,1
D13677,C014,2025-10-28,T2,0,Indisponível,0,folga,planeada,2025-10-17 12:54,265.1,1
D13678,C014,2025-10-28,T3,0,Indisponível,0,restrição_noite,planeada,2025-10-01 16:36,653.4,1
D13679,C014,2025-10-29,T1,1,Total,7,,,,,1
D13680,C014,2025-10-29,T2,1,Total,8,,,,,1
D13681,C014,2025-10-29,T3,1,Total,9,,,,,1
D13682,C014,2025-10-30,T1,1,Parcial,4,formação,planeada,2025-10-16 10:30,332.5,1
D13683,C014,2025-10-30,T2,1,Total,8,,,,,1
D13684,C014,2025-10-30,T3,1,Total,9,,,,,1
D13685,C014,2025-10-31,T1,1,Total,7,,,,,1
D13686,C014,2025-10-31,T2,1,Total,8,,,,,1
D13687,C014,2025-10-31,T3,1,Total,9,,,,,1
D13688,C014,2025-11-01,T1,1,Total,7,,,,,1
D13689,C014,2025-11-01,T2,1,Total,8,,,,,1
D13690,C014,2025-11-01,T3,1,Total,9,,,,,1
D13691,C014,2025-11-02,T1,1,Total,7,,,,,1
D13692,C014,2025-11-02,T2,1,Total,8,,,,,1
D13693,C014,2025-11-02,T3,1,Total,9,,,,,1
D13694,C014,2025-11-03,T1,1,Total,7,,,,,1
D13695,C014,2025-11-03,T2,1,Total,8,,,,,1
D13696,C014,2025-11-03,T3,1,Total,9,,,,,1
D13697,C014,2025-11-04,T1,1,Total,7,,,,,1
D13698,C014,2025-11-04,T2,1,Total,8,,,,,1
D13699,C014,2025-11-04,T3,1,Total,9,,,,,1
D13700,C014,2025-11-05,T1,1,Total,7,,,,,1
D13701,C014,2025-11-05,T2,0,Indisponível,0,baixa,planeada,2025-10-14 01:24,540.6,1
D13702,C014,2025-11-05,T3,1,Total,9,,,,,1
D13703,C014,2025-11-06,T1,1,Total,7,,,,,1
D13704,C014,2025-11-06,T2,1,Parcial,4,consulta_medica,planeada,2025-10-26 22:06,255.9,1
D13705,C014,2025-11-06,T3,1,Total,9,,,,,1
D13706,C014,2025-11-07,T1,1,Total,7,,,,,1
D13707,C014,2025-11-07,T2,1,Total,8,,,,,1
D13708,C014,2025-11-07,T3,1,Total,9,,,,,1
D13709,C014,2025-11-08,T1,1,Total,7,,,,,1
D13710,C014,2025-11-08,T2,1,Total,8,,,,,1
D13711,C014,2025-11-08,T3,1,Total,9,,,,,1
D13712,C014,2025-11-09,T1,1,Total,7,,,,,1
D13713,C014,2025-11-09,T2,1,Total,8,,,,,1
D13714,C014,2025-11-09,T3,1,Parcial,4,formação,planeada,2025-11-06 03:24,90.6,1
D13715,C014,2025-11-10,T1,1,Total,7,,,,,1
D13716,C014,2025-11-10,T2,1,Parcial,4,formação,planeada,2025-11-05 21:54,112.1,1
D13717,C014,2025-11-10,T3,1,Total,9,,,,,1
D13718,C014,2025-11-11,T1,1,Parcial,4,preferencia_pessoal,planeada,2025-11-05 14:36,136.4,1
D13719,C014,2025-11-11,T2,1,Total,8,,,,,1
D13720,C014,2025-11-11,T3,1,Total,9,,,,,1
D13721,C014,2025-11-12,T1,1,Parcial,4,formação,planeada,2025-10-30 14:54,304.1,1
D13722,C014,2025-11-12,T2,1,Total,8,,,,,1
D13723,C014,2025-11-12,T3,1,Total,9,,,,,1
D13724,C014,2025-11-13,T1,1,Total,7,,,,,1
D13725,C014,2025-11-13,T2,1,Total,8,,,,,1
D13726,C014,2025-11-13,T3,1,Total,9,,,,,1
D13727,C014,2025-11-14,T1,1,Total,7,,,,,1
D13728,C014,2025-11-14,T2,1,Parcial,4,formação,planeada,2025-11-10 22:48,87.2,1
D13729,C014,2025-11-14,T3,1,Parcial,4,formação,planeada,2025-11-02 21:00,289.0,1
D13730,C014,2025-11-15,T1,1,Total,7,,,,,1
D13731,C014,2025-11-15,T2,1,Total,8,,,,,1
D13732,C014,2025-11-15,T3,1,Total,9,,,,,1
D13733,C014,2025-11-16,T1,1,Total,7,,,,,1
D13734,C014,2025-11-16,T2,1,Total,8,,,,,1
D13735,C014,2025-11-16,T3,1,Total,9,,,,,1
D13736,C014,2025-11-17,T1,1,Total,7,,,,,1
D13737,C014,2025-11-17,T2,1,Total,8,,,,,1
D13738,C014,2025-11-17,T3,0,Indisponível,0,formação,planeada,2025-11-13 20:42,97.3,1
D13739,C014,2025-11-18,T1,1,Total,7,,,,,1
D13740,C014,2025-11-18,T2,1,Total,8,,,,,1
D13741,C014,2025-11-18,T3,0,Indisponível,0,baixa,planeada,2025-10-23 11:24,634.6,1
D13742,C014,2025-11-19,T1,1,Total,7,,,,,1
D13743,C014,2025-11-19,T2,1,Total,8,,,,,1
D13744,C014,2025-11-19,T3,1,Total,9,,,,,1
D13745,C014,2025-11-20,T1,1,Parcial,4,consulta_medica,planeada,2025-11-10 06:30,240.5,1
D13746,C014,2025-11-20,T2,1,Total,8,,,,,1
D13747,C014,2025-11-20,T3,1,Total,9,,,,,1
D13748,C014,2025-11-21,T1,1,Total,7,,,,,1
D13749,C014,2025-11-21,T2,0,Indisponível,0,folga,planeada,2025-11-14 21:24,160.6,1
D13750,C014,2025-11-21,T3,1,Total,9,,,,,1
D13751,C014,2025-11-22,T1,1,Parcial,4,preferencia_pessoal,planeada,2025-11-17 18:00,109.0,1
D13752,C014,2025-11-22,T2,1,Total,8,,,,,1
D13753,C014,2025-11-22,T3,1,Total,9,,,,,1
D13754,C014,2025-11-23,T1,1,Total,7,,,,,1
D13755,C014,2025-11-23,T2,1,Total,8,,,,,1
D13756,C014,2025-11-23,T3,1,Total,9,,,,,1
D13757,C014,2025-11-24,T1,1,Total,7,,,,,1
D13758,C014,2025-11-24,T2,1,Total,8,,,,,1
D13759,C014,2025-11-24,T3,1,Total,9,,,,,1
D13760,C014,2025-11-25,T1,1,Total,7,,,,,1
D13761,C014,2025-11-25,T2,1,Total,8,,,,,1
D13762,C014,2025-11-25,T3,1,Total,9,,,,,1
D13763,C014,2025-11-26,T1,1,Total,7,,,,,1
D13764,C014,2025-11-26,T2,1,Parcial,4,formação,planeada,2025-11-16 12:30,241.5,1
D13765,C014,2025-11-26,T3,1,Total,9,,,,,1
D13766,C014,2025-11-27,T1,1,Total,7,,,,,1
D13767,C014,2025-11-27,T2,1,Total,8,,,,,1
D13768,C014,2025-11-27,T3,1,Total,9,,,,,1
D13769,C014,2025-11-28,T1,1,Parcial,4,consulta_medica,planeada,2025-11-17 20:36,250.4,1
D13770,C014,2025-11-28,T2,1,Total,8,,,,,1
D13771,C014,2025-11-28,T3,1,Total,9,,,,,1
D13772,C014,2025-11-29,T1,1,Total,7,,,,,1
D13773,C014,2025-11-29,T2,1,Total,8,,,,,1
D13774,C014,2025-11-29,T3,1,Total,9,,,,,1
D13775,C014,2025-11-30,T1,1,Total,7,,,,,1
D13776,C014,2025-11-30,T2,1,Total,8,,,,,1
D13777,C014,2025-11-30,T3,1,Total,9,,,,,1
D13778,C014,2025-12-01,T1,1,Total,7,,,,,1
D13779,C014,2025-12-01,T2,1,Total,8,,,,,1
D13780,C014,2025-12-01,T3,1,Total,9,,,,,1
D13781,C014,2025-12-02,T1,1,Total,7,,,,,1
D13782,C014,2025-12-02,T2,1,Total,8,,,,,1
D13783,C014,2025-12-02,T3,1,Total,9,,,,,1
D13784,C014,2025-12-03,T1,1,Total,7,,,,,1
D13785,C014,2025-12-03,T2,1,Parcial,4,preferencia_pessoal,planeada,2025-11-26 18:36,163.4,1
D13786,C014,2025-12-03,T3,1,Total,9,,,,,1
D13787,C014,2025-12-04,T1,1,Total,7,,,,,1
D13788,C014,2025-12-04,T2,1,Total,8,,,,,1
D13789,C014,2025-12-04,T3,1,Total,9,,,,,1
D13790,C014,2025-12-05,T1,1,Total,7,,,,,1
D13791,C014,2025-12-05,T2,1,Total,8,,,,,1
D13792,C014,2025-12-05,T3,1,Total,9,,,,,1
D13793,C014,2025-12-06,T1,1,Total,7,,,,,1
D13794,C014,2025-12-06,T2,1,Total,8,,,,,1
D13795,C014,2025-12-06,T3,1,Total,9,,,,,1
D13796,C014,2025-12-07,T1,1,Total,7,,,,,1
D13797,C014,2025-12-07,T2,1,Total,8,,,,,1
D13798,C014,2025-12-07,T3,1,Total,9,,,,,1
D13799,C014,2025-12-08,T1,1,Total,7,,,,,1
D13800,C014,2025-12-08,T2,1,Total,8,,,,,1
D13801,C014,2025-12-08,T3,1,Total,9,,,,,1
D13802,C014,2025-12-09,T1,1,Total,7,,,,,1
D13803,C014,2025-12-09,T2,0,Indisponível,0,baixa,planeada,2025-12-05 09:18,100.7,1
D13804,C014,2025-12-09,T3,1,Total,9,,,,,1
D13805,C014,2025-12-10,T1,1,Total,7,,,,,1
D13806,C014,2025-12-10,T2,1,Total,8,,,,,1
D13807,C014,2025-12-10,T3,1,Total,9,,,,,1
D13808,C014,2025-12-11,T1,1,Total,7,,,,,1
D13809,C014,2025-12-11,T2,1,Total,8,,,,,1
D13810,C014,2025-12-11,T3,1,Total,9,,,,,1
D13811,C014,2025-12-12,T1,1,Parcial,4,consulta_medica,planeada,2025-12-09 12:18,66.7,1
D13812,C014,2025-12-12,T2,1,Total,8,,,,,1
D13813,C014,2025-12-12,T3,1,Total,9,,,,,1
D13814,C014,2025-12-13,T1,0,Indisponível,0,folga,planeada,2025-12-07 09:12,141.8,1
D13815,C014,2025-12-13,T2,1,Total,8,,,,,1
D13816,C014,2025-12-13,T3,1,Total,9,,,,,1
D13817,C014,2025-12-14,T1,1,Total,7,,,,,1
D13818,C014,2025-12-14,T2,1,Total,8,,,,,1
D13819,C014,2025-12-14,T3,1,Total,9,,,,,1
D13820,C014,2025-12-15,T1,1,Total,7,,,,,1
D13821,C014,2025-12-15,T2,1,Total,8,,,,,1
D13822,C014,2025-12-15,T3,1,Total,9,,,,,1
D13823,C014,2025-12-16,T1,1,Total,7,,,,,1
D13824,C014,2025-12-16,T2,1,Total,8,,,,,1
D13825,C014,2025-12-16,T3,1,Total,9,,,,,1
D13826,C014,2025-12-17,T1,0,Indisponível,0,restrição_noite,planeada,2025-12-11 19:00,132.0,1
D13827,C014,2025-12-17,T2,1,Total,8,,,,,1
D13828,C014,2025-12-17,T3,1,Total,9,,,,,1
D13829,C014,2025-12-18,T1,1,Parcial,4,consulta_medica,planeada,2025-12-09 18:30,204.5,1
D13830,C014,2025-12-18,T2,1,Total,8,,,,,1
D13831,C014,2025-12-18,T3,1,Total,9,,,,,1
D13832,C014,2025-12-19,T1,1,Total,7,,,,,1
D13833,C014,2025-12-19,T2,1,Total,8,,,,,1
D13834,C014,2025-12-19,T3,1,Total,9,,,,,1
D13835,C014,2025-12-20,T1,1,Total,7,,,,,1
D13836,C014,2025-12-20,T2,1,Total,8,,,,,1
D13837,C014,2025-12-20,T3,1,Total,9,,,,,1
D13838,C014,2025-12-21,T1,1,Total,7,,,,,1
D13839,C014,2025-12-21,T2,1,Total,8,,,,,1
D13840,C014,2025-12-21,T3,1,Total,9,,,,,1
D13841,C014,2025-12-22,T1,1,Total,7,,,,,1
D13842,C014,2025-12-22,T2,1,Total,8,,,,,1
D13843,C014,2025-12-22,T3,1,Total,9,,,,,1
D13844,C014,2025-12-23,T1,1,Parcial,4,consulta_medica,planeada,2025-12-14 01:24,221.6,1
D13845,C014,2025-12-23,T2,1,Total,8,,,,,1
D13846,C014,2025-12-23,T3,1,Total,9,,,,,1
D13847,C014,2025-12-24,T1,0,Indisponível,0,consulta_medica,planeada,2025-12-16 13:06,185.9,1
D13848,C014,2025-12-24,T2,1,Total,8,,,,,1
D13849,C014,2025-12-24,T3,1,Total,9,,,,,1
D13850,C014,2025-12-25,T1,1,Total,7,,,,,1
D13851,C014,2025-12-25,T2,1,Total,8,,,,,1
D13852,C014,2025-12-25,T3,1,Total,9,,,,,1
D13853,C014,2025-12-26,T1,1,Parcial,4,consulta_medica,planeada,2025-12-20 15:06,135.9,1
D13854,C014,2025-12-26,T2,1,Total,8,,,,,1
D13855,C014,2025-12-26,T3,1,Total,9,,,,,1
D13856,C014,2025-12-27,T1,0,Indisponível,0,baixa,planeada,2025-12-07 08:24,478.6,1
D13857,C014,2025-12-27,T2,1,Total,8,,,,,1
D13858,C014,2025-12-27,T3,1,Total,9,,,,,1
D13859,C014,2025-12-28,T1,1,Parcial,4,consulta_medica,planeada,2025-12-16 13:48,281.2,1
D13860,C014,2025-12-28,T2,1,Total,8,,,,,1
D13861,C014,2025-12-28,T3,1,Total,9,,,,,1
D13862,C014,2025-12-29,T1,1,Parcial,4,preferencia_pessoal,planeada,2025-12-25 20:12,82.8,1
D13863,C014,2025-12-29,T2,1,Total,8,,,,,1
D13864,C014,2025-12-29,T3,1,Total,9,,,,,1
D13865,C014,2025-12-30,T1,0,Indisponível,0,férias,planeada,2025-12-16 03:12,339.8,1
D13866,C014,2025-12-30,T2,1,Total,8,,,,,1
D13867,C014,2025-12-30,T3,1,Total,9,,,,,1
D13868,C014,2025-12-31,T1,1,Total,7,,,,,1
D13869,C014,2025-12-31,T2,1,Total,8,,,,,1
D13870,C014,2025-12-31,T3,1,Total,9,,,,,1
D13871,C015,2025-01-01,T1,1,Total,7,,,,,1
D13872,C015,2025-01-01,T2,1,Parcial,4,consulta_medica,planeada,2024-12-21 11:12,266.8,1
D13873,C015,2025-01-01,T3,0,Indisponível,0,preferencia_pessoal,planeada,2024-12-14 05:00,449.0,1
D13874,C015,2025-01-02,T1,1,Total,7,,,,,1
D13875,C015,2025-01-02,T2,1,Parcial,4,consulta_medica,planeada,2024-12-29 00:54,109.1,1
D13876,C015,2025-01-02,T3,1,Total,9,,,,,1
D13877,C015,2025-01-03,T1,1,Total,7,,,,,1
D13878,C015,2025-01-03,T2,1,Total,8,,,,,1
D13879,C015,2025-01-03,T3,1,Total,9,,,,,1
D13880,C015,2025-01-04,T1,1,Parcial,4,formação,planeada,2024-12-28 14:00,161.0,1
D13881,C015,2025-01-04,T2,1,Total,8,,,,,1
D13882,C015,2025-01-04,T3,1,Total,9,,,,,1
D13883,C015,2025-01-05,T1,1,Total,7,,,,,1
D13884,C015,2025-01-05,T2,1,Total,8,,,,,1
D13885,C015,2025-01-05,T3,1,Total,9,,,,,1
D13886,C015,2025-01-06,T1,1,Total,7,,,,,1
D13887,C015,2025-01-06,T2,0,Indisponível,0,restrição_noite,planeada,2024-12-30 22:24,159.6,1
D13888,C015,2025-01-06,T3,1,Total,9,,,,,1
D13889,C015,2025-01-07,T1,1,Total,7,,,,,1
D13890,C015,2025-01-07,T2,1,Total,8,,,,,1
D13891,C015,2025-01-07,T3,0,Indisponível,0,férias,planeada,2024-12-25 18:36,315.4,1
D13892,C015,2025-01-08,T1,1,Parcial,4,consulta_medica,planeada,2024-12-27 04:54,290.1,1
D13893,C015,2025-01-08,T2,1,Total,8,,,,,1
D13894,C015,2025-01-08,T3,1,Total,9,,,,,1
D13895,C015,2025-01-09,T1,1,Total,7,,,,,1
D13896,C015,2025-01-09,T2,1,Total,8,,,,,1
D13897,C015,2025-01-09,T3,1,Total,9,,,,,1
D13898,C015,2025-01-10,T1,1,Total,7,,,,,1
D13899,C015,2025-01-10,T2,1,Total,8,,,,,1
D13900,C015,2025-01-10,T3,1,Total,9,,,,,1
D13901,C015,2025-01-11,T1,1,Total,7,,,,,1
D13902,C015,2025-01-11,T2,1,Total,8,,,,,1
D13903,C015,2025-01-11,T3,1,Total,9,,,,,1
D13904,C015,2025-01-12,T1,1,Total,7,,,,,1
D13905,C015,2025-01-12,T2,1,Total,8,,,,,1
D13906,C015,2025-01-12,T3,1,Total,9,,,,,1
D13907,C015,2025-01-13,T1,1,Parcial,4,formação,planeada,2025-01-10 12:30,66.5,1
D13908,C015,2025-01-13,T2,1,Total,8,,,,,1
D13909,C015,2025-01-13,T3,1,Total,9,,,,,1
D13910,C015,2025-01-14,T1,1,Total,7,,,,,1
D13911,C015,2025-01-14,T2,1,Total,8,,,,,1
D13912,C015,2025-01-14,T3,1,Total,9,,,,,1
D13913,C015,2025-01-15,T1,1,Total,7,,,,,1
D13914,C015,2025-01-15,T2,1,Total,8,,,,,1
D13915,C015,2025-01-15,T3,1,Total,9,,,,,1
D13916,C015,2025-01-16,T1,1,Total,7,,,,,1
D13917,C015,2025-01-16,T2,1,Total,8,,,,,1
D13918,C015,2025-01-16,T3,1,Total,9,,,,,1
D13919,C015,2025-01-17,T1,1,Total,7,,,,,1
D13920,C015,2025-01-17,T2,1,Total,8,,,,,1
D13921,C015,2025-01-17,T3,1,Total,9,,,,,1
D13922,C015,2025-01-18,T1,1,Total,7,,,,,1
D13923,C015,2025-01-18,T2,1,Total,8,,,,,1
D13924,C015,2025-01-18,T3,0,Indisponível,0,formação,planeada,2025-01-13 07:30,134.5,1
D13925,C015,2025-01-19,T1,1,Total,7,,,,,1
D13926,C015,2025-01-19,T2,1,Total,8,,,,,1
D13927,C015,2025-01-19,T3,1,Total,9,,,,,1
D13928,C015,2025-01-20,T1,1,Total,7,,,,,1
D13929,C015,2025-01-20,T2,1,Total,8,,,,,1
D13930,C015,2025-01-20,T3,0,Indisponível,0,férias,planeada,2025-01-05 15:24,366.6,1
D13931,C015,2025-01-21,T1,1,Total,7,,,,,1
D13932,C015,2025-01-21,T2,1,Total,8,,,,,1
D13933,C015,2025-01-21,T3,1,Total,9,,,,,1
D13934,C015,2025-01-22,T1,1,Total,7,,,,,1
D13935,C015,2025-01-22,T2,1,Total,8,,,,,1
D13936,C015,2025-01-22,T3,1,Total,9,,,,,1
D13937,C015,2025-01-23,T1,1,Total,7,,,,,1
D13938,C015,2025-01-23,T2,1,Total,8,,,,,1
D13939,C015,2025-01-23,T3,1,Total,9,,,,,1
D13940,C015,2025-01-24,T1,0,Indisponível,0,consulta_medica,planeada,2025-01-17 07:00,168.0,1
D13941,C015,2025-01-24,T2,1,Total,8,,,,,1
D13942,C015,2025-01-24,T3,1,Total,9,,,,,1
D13943,C015,2025-01-25,T1,1,Total,7,,,,,1
D13944,C015,2025-01-25,T2,1,Total,8,,,,,1
D13945,C015,2025-01-25,T3,1,Total,9,,,,,1
D13946,C015,2025-01-26,T1,1,Total,7,,,,,1
D13947,C015,2025-01-26,T2,1,Total,8,,,,,1
D13948,C015,2025-01-26,T3,1,Total,9,,,,,1
D13949,C015,2025-01-27,T1,1,Total,7,,,,,1
D13950,C015,2025-01-27,T2,1,Total,8,,,,,1
D13951,C015,2025-01-27,T3,1,Total,9,,,,,1
D13952,C015,2025-01-28,T1,1,Total,7,,,,,1
D13953,C015,2025-01-28,T2,1,Total,8,,,,,1
D13954,C015,2025-01-28,T3,1,Total,9,,,,,1
D13955,C015,2025-01-29,T1,1,Total,7,,,,,1
D13956,C015,2025-01-29,T2,1,Total,8,,,,,1
D13957,C015,2025-01-29,T3,1,Total,9,,,,,1
D13958,C015,2025-01-30,T1,1,Total,7,,,,,1
D13959,C015,2025-01-30,T2,1,Total,8,,,,,1
D13960,C015,2025-01-30,T3,1,Total,9,,,,,1
D13961,C015,2025-01-31,T1,1,Total,7,,,,,1
D13962,C015,2025-01-31,T2,1,Total,8,,,,,1
D13963,C015,2025-01-31,T3,1,Total,9,,,,,1
D13964,C015,2025-02-01,T1,1,Total,7,,,,,1
D13965,C015,2025-02-01,T2,1,Total,8,,,,,1
D13966,C015,2025-02-01,T3,1,Total,9,,,,,1
D13967,C015,2025-02-02,T1,1,Total,7,,,,,1
D13968,C015,2025-02-02,T2,1,Total,8,,,,,1
D13969,C015,2025-02-02,T3,1,Total,9,,,,,1
D13970,C015,2025-02-03,T1,1,Parcial,4,consulta_medica,planeada,2025-01-21 21:06,297.9,1
D13971,C015,2025-02-03,T2,1,Total,8,,,,,1
D13972,C015,2025-02-03,T3,1,Total,9,,,,,1
D13973,C015,2025-02-04,T1,1,Total,7,,,,,1
D13974,C015,2025-02-04,T2,1,Total,8,,,,,1
D13975,C015,2025-02-04,T3,1,Total,9,,,,,1
D13976,C015,2025-02-05,T1,1,Total,7,,,,,1
D13977,C015,2025-02-05,T2,1,Total,8,,,,,1
D13978,C015,2025-02-05,T3,1,Total,9,,,,,1
D13979,C015,2025-02-06,T1,1,Total,7,,,,,1
D13980,C015,2025-02-06,T2,1,Parcial,4,preferencia_pessoal,planeada,2025-02-01 13:36,120.4,1
D13981,C015,2025-02-06,T3,1,Total,9,,,,,1
D13982,C015,2025-02-07,T1,1,Total,7,,,,,1
D13983,C015,2025-02-07,T2,1,Total,8,,,,,1
D13984,C015,2025-02-07,T3,0,Indisponível,0,preferencia_pessoal,planeada,2025-01-27 16:48,269.2,1
D13985,C015,2025-02-08,T1,1,Total,7,,,,,1
D13986,C015,2025-02-08,T2,1,Total,8,,,,,1
D13987,C015,2025-02-08,T3,1,Total,9,,,,,1
D13988,C015,2025-02-09,T1,0,Indisponível,0,consulta_medica,planeada,2025-01-12 19:18,659.7,1
D13989,C015,2025-02-09,T2,1,Total,8,,,,,1
D13990,C015,2025-02-09,T3,1,Total,9,,,,,1
D13991,C015,2025-02-10,T1,0,Indisponível,0,baixa,planeada,2025-02-03 13:36,161.4,1
D13992,C015,2025-02-10,T2,1,Total,8,,,,,1
D13993,C015,2025-02-10,T3,1,Total,9,,,,,1
D13994,C015,2025-02-11,T1,1,Total,7,,,,,1
D13995,C015,2025-02-11,T2,1,Total,8,,,,,1
D13996,C015,2025-02-11,T3,1,Total,9,,,,,1
D13997,C015,2025-02-12,T1,1,Total,7,,,,,1
D13998,C015,2025-02-12,T2,1,Total,8,,,,,1
D13999,C015,2025-02-12,T3,1,Total,9,,,,,1
D14000,C015,2025-02-13,T1,1,Total,7,,,,,1
D14001,C015,2025-02-13,T2,1,Total,8,,,,,1
D14002,C015,2025-02-13,T3,1,Total,9,,,,,1
D14003,C015,2025-02-14,T1,1,Total,7,,,,,1
D14004,C015,2025-02-14,T2,1,Parcial,4,formação,planeada,2025-02-03 16:12,261.8,1
D14005,C015,2025-02-14,T3,1,Total,9,,,,,1
D14006,C015,2025-02-15,T1,1,Total,7,,,,,1
D14007,C015,2025-02-15,T2,1,Total,8,,,,,1
D14008,C015,2025-02-15,T3,1,Total,9,,,,,1
D14009,C015,2025-02-16,T1,1,Total,7,,,,,1
D14010,C015,2025-02-16,T2,1,Total,8,,,,,1
D14011,C015,2025-02-16,T3,1,Total,9,,,,,1
D14012,C015,2025-02-17,T1,1,Total,7,,,,,1
D14013,C015,2025-02-17,T2,1,Total,8,,,,,1
D14014,C015,2025-02-17,T3,1,Total,9,,,,,1
D14015,C015,2025-02-18,T1,1,Total,7,,,,,1
D14016,C015,2025-02-18,T2,1,Total,8,,,,,1
D14017,C015,2025-02-18,T3,1,Total,9,,,,,1
D14018,C015,2025-02-19,T1,1,Total,7,,,,,1
D14019,C015,2025-02-19,T2,1,Total,8,,,,,1
D14020,C015,2025-02-19,T3,1,Total,9,,,,,1
D14021,C015,2025-02-20,T1,1,Total,7,,,,,1
D14022,C015,2025-02-20,T2,1,Total,8,,,,,1
D14023,C015,2025-02-20,T3,0,Indisponível,0,restrição_noite,planeada,2025-01-27 20:24,577.6,1
D14024,C015,2025-02-21,T1,1,Total,7,,,,,1
D14025,C015,2025-02-21,T2,1,Total,8,,,,,1
D14026,C015,2025-02-21,T3,1,Total,9,,,,,1
D14027,C015,2025-02-22,T1,1,Total,7,,,,,1
D14028,C015,2025-02-22,T2,1,Total,8,,,,,1
D14029,C015,2025-02-22,T3,1,Total,9,,,,,1
D14030,C015,2025-02-23,T1,1,Parcial,4,preferencia_pessoal,planeada,2025-02-22 00:00,31.0,1
D14031,C015,2025-02-23,T2,1,Total,8,,,,,1
D14032,C015,2025-02-23,T3,1,Total,9,,,,,1
D14033,C015,2025-02-24,T1,1,Total,7,,,,,1
D14034,C015,2025-02-24,T2,1,Parcial,4,formação,planeada,2025-02-14 20:48,233.2,1
D14035,C015,2025-02-24,T3,0,Indisponível,0,férias,planeada,2025-02-18 21:42,144.3,1
D14036,C015,2025-02-25,T1,1,Parcial,4,consulta_medica,planeada,2025-02-19 08:42,142.3,1
D14037,C015,2025-02-25,T2,1,Total,8,,,,,1
D14038,C015,2025-02-25,T3,1,Total,9,,,,,1
D14039,C015,2025-02-26,T1,1,Total,7,,,,,1
D14040,C015,2025-02-26,T2,0,Indisponível,0,folga,planeada,2025-02-02 04:48,585.2,1
D14041,C015,2025-02-26,T3,1,Total,9,,,,,1
D14042,C015,2025-02-27,T1,1,Total,7,,,,,1
D14043,C015,2025-02-27,T2,1,Total,8,,,,,1
D14044,C015,2025-02-27,T3,1,Total,9,,,,,1
D14045,C015,2025-02-28,T1,1,Total,7,,,,,1
D14046,C015,2025-02-28,T2,1,Total,8,,,,,1
D14047,C015,2025-02-28,T3,1,Total,9,,,,,1
D14048,C015,2025-03-01,T1,1,Total,7,,,,,1
D14049,C015,2025-03-01,T2,1,Parcial,4,formação,planeada,2025-02-23 10:18,147.7,1
D14050,C015,2025-03-01,T3,1,Total,9,,,,,1
D14051,C015,2025-03-02,T1,1,Total,7,,,,,1
D14052,C015,2025-03-02,T2,1,Total,8,,,,,1
D14053,C015,2025-03-02,T3,1,Total,9,,,,,1
D14054,C015,2025-03-03,T1,1,Parcial,4,formação,planeada,2025-02-23 14:00,185.0,1
D14055,C015,2025-03-03,T2,1,Total,8,,,,,1
D14056,C015,2025-03-03,T3,1,Total,9,,,,,1
D14057,C015,2025-03-04,T1,1,Total,7,,,,,1
D14058,C015,2025-03-04,T2,1,Total,8,,,,,1
D14059,C015,2025-03-04,T3,1,Total,9,,,,,1
D14060,C015,2025-03-05,T1,1,Total,7,,,,,1
D14061,C015,2025-03-05,T2,1,Total,8,,,,,1
D14062,C015,2025-03-05,T3,1,Total,9,,,,,1
D14063,C015,2025-03-06,T1,1,Total,7,,,,,1
D14064,C015,2025-03-06,T2,1,Total,8,,,,,1
D14065,C015,2025-03-06,T3,1,Total,9,,,,,1
D14066,C015,2025-03-07,T1,1,Total,7,,,,,1
D14067,C015,2025-03-07,T2,1,Total,8,,,,,1
D14068,C015,2025-03-07,T3,1,Total,9,,,,,1
D14069,C015,2025-03-08,T1,1,Total,7,,,,,1
D14070,C015,2025-03-08,T2,1,Total,8,,,,,1
D14071,C015,2025-03-08,T3,1,Parcial,4,preferencia_pessoal,planeada,2025-02-25 22:54,263.1,1
D14072,C015,2025-03-09,T1,1,Total,7,,,,,1
D14073,C015,2025-03-09,T2,1,Total,8,,,,,1
D14074,C015,2025-03-09,T3,1,Total,9,,,,,1
D14075,C015,2025-03-10,T1,1,Total,7,,,,,1
D14076,C015,2025-03-10,T2,1,Parcial,4,formação,planeada,2025-02-27 00:30,277.5,1
D14077,C015,2025-03-10,T3,1,Total,9,,,,,1
D14078,C015,2025-03-11,T1,1,Total,7,,,,,1
D14079,C015,2025-03-11,T2,1,Total,8,,,,,1
D14080,C015,2025-03-11,T3,1,Total,9,,,,,1
D14081,C015,2025-03-12,T1,1,Total,7,,,,,1
D14082,C015,2025-03-12,T2,1,Total,8,,,,,1
D14083,C015,2025-03-12,T3,1,Total,9,,,,,1
D14084,C015,2025-03-13,T1,1,Total,7,,,,,1
D14085,C015,2025-03-13,T2,1,Total,8,,,,,1
D14086,C015,2025-03-13,T3,1,Total,9,,,,,1
D14087,C015,2025-03-14,T1,1,Total,7,,,,,1
D14088,C015,2025-03-14,T2,1,Parcial,4,preferencia_pessoal,planeada,2025-03-03 12:24,265.6,1
D14089,C015,2025-03-14,T3,1,Total,9,,,,,1
D14090,C015,2025-03-15,T1,1,Total,7,,,,,1
D14091,C015,2025-03-15,T2,1,Total,8,,,,,1
D14092,C015,2025-03-15,T3,1,Total,9,,,,,1
D14093,C015,2025-03-16,T1,1,Total,7,,,,,1
D14094,C015,2025-03-16,T2,1,Total,8,,,,,1
D14095,C015,2025-03-16,T3,1,Total,9,,,,,1
D14096,C015,2025-03-17,T1,1,Total,7,,,,,1
D14097,C015,2025-03-17,T2,1,Total,8,,,,,1
D14098,C015,2025-03-17,T3,1,Total,9,,,,,1
D14099,C015,2025-03-18,T1,1,Total,7,,,,,1
D14100,C015,2025-03-18,T2,1,Total,8,,,,,1
D14101,C015,2025-03-18,T3,1,Total,9,,,,,1
D14102,C015,2025-03-19,T1,1,Total,7,,,,,1
D14103,C015,2025-03-19,T2,1,Total,8,,,,,1
D14104,C015,2025-03-19,T3,1,Total,9,,,,,1
D14105,C015,2025-03-20,T1,1,Total,7,,,,,1
D14106,C015,2025-03-20,T2,1,Parcial,4,formação,planeada,2025-03-11 07:12,222.8,1
D14107,C015,2025-03-20,T3,1,Total,9,,,,,1
D14108,C015,2025-03-21,T1,1,Total,7,,,,,1
D14109,C015,2025-03-21,T2,1,Total,8,,,,,1
D14110,C015,2025-03-21,T3,1,Total,9,,,,,1
D14111,C015,2025-03-22,T1,1,Total,7,,,,,1
D14112,C015,2025-03-22,T2,1,Total,8,,,,,1
D14113,C015,2025-03-22,T3,1,Total,9,,,,,1
D14114,C015,2025-03-23,T1,1,Total,7,,,,,1
D14115,C015,2025-03-23,T2,1,Total,8,,,,,1
D14116,C015,2025-03-23,T3,0,Indisponível,0,baixa,planeada,2025-02-22 14:06,703.9,1
D14117,C015,2025-03-24,T1,1,Total,7,,,,,1
D14118,C015,2025-03-24,T2,1,Total,8,,,,,1
D14119,C015,2025-03-24,T3,1,Total,9,,,,,1
D14120,C015,2025-03-25,T1,0,Indisponível,0,folga,planeada,2025-03-06 05:36,457.4,1
D14121,C015,2025-03-25,T2,0,Indisponível,0,formação,planeada,2025-02-27 12:48,625.2,1
D14122,C015,2025-03-25,T3,1,Total,9,,,,,1
D14123,C015,2025-03-26,T1,1,Total,7,,,,,1
D14124,C015,2025-03-26,T2,1,Total,8,,,,,1
D14125,C015,2025-03-26,T3,1,Total,9,,,,,1
D14126,C015,2025-03-27,T1,1,Total,7,,,,,1
D14127,C015,2025-03-27,T2,1,Total,8,,,,,1
D14128,C015,2025-03-27,T3,1,Total,9,,,,,1
D14129,C015,2025-03-28,T1,1,Total,7,,,,,1
D14130,C015,2025-03-28,T2,1,Total,8,,,,,1
D14131,C015,2025-03-28,T3,1,Total,9,,,,,1
D14132,C015,2025-03-29,T1,1,Total,7,,,,,1
D14133,C015,2025-03-29,T2,1,Total,8,,,,,1
D14134,C015,2025-03-29,T3,0,Indisponível,0,restrição_noite,planeada,2025-03-15 22:00,336.0,1
D14135,C015,2025-03-30,T1,1,Total,7,,,,,1
D14136,C015,2025-03-30,T2,1,Total,8,,,,,1
D14137,C015,2025-03-30,T3,1,Total,9,,,,,1
D14138,C015,2025-03-31,T1,1,Total,7,,,,,1
D14139,C015,2025-03-31,T2,1,Total,8,,,,,1
D14140,C015,2025-03-31,T3,1,Total,9,,,,,1
D14141,C015,2025-04-01,T1,1,Total,7,,,,,1
D14142,C015,2025-04-01,T2,1,Parcial,4,formação,planeada,2025-03-24 19:06,186.9,1
D14143,C015,2025-04-01,T3,1,Total,9,,,,,1
D14144,C015,2025-04-02,T1,1,Total,7,,,,,1
D14145,C015,2025-04-02,T2,1,Total,8,,,,,1
D14146,C015,2025-04-02,T3,1,Total,9,,,,,1
D14147,C015,2025-04-03,T1,1,Total,7,,,,,1
D14148,C015,2025-04-03,T2,1,Parcial,4,consulta_medica,planeada,2025-03-28 14:24,143.6,1
D14149,C015,2025-04-03,T3,0,Indisponível,0,folga,planeada,2025-03-30 11:30,106.5,1
D14150,C015,2025-04-04,T1,0,Indisponível,0,formação,planeada,2025-03-21 07:54,335.1,1
D14151,C015,2025-04-04,T2,1,Total,8,,,,,1
D14152,C015,2025-04-04,T3,1,Total,9,,,,,1
D14153,C015,2025-04-05,T1,1,Total,7,,,,,1
D14154,C015,2025-04-05,T2,1,Total,8,,,,,1
D14155,C015,2025-04-05,T3,1,Total,9,,,,,1
D14156,C015,2025-04-06,T1,1,Total,7,,,,,1
D14157,C015,2025-04-06,T2,1,Total,8,,,,,1
D14158,C015,2025-04-06,T3,1,Total,9,,,,,1
D14159,C015,2025-04-07,T1,1,Total,7,,,,,1
D14160,C015,2025-04-07,T2,1,Total,8,,,,,1
D14161,C015,2025-04-07,T3,1,Total,9,,,,,1
D14162,C015,2025-04-08,T1,1,Total,7,,,,,1
D14163,C015,2025-04-08,T2,1,Total,8,,,,,1
D14164,C015,2025-04-08,T3,1,Total,9,,,,,1
D14165,C015,2025-04-09,T1,1,Total,7,,,,,1
D14166,C015,2025-04-09,T2,1,Total,8,,,,,1
D14167,C015,2025-04-09,T3,0,Indisponível,0,folga,planeada,2025-03-18 17:06,532.9,1
D14168,C015,2025-04-10,T1,1,Total,7,,,,,1
D14169,C015,2025-04-10,T2,1,Total,8,,,,,1
D14170,C015,2025-04-10,T3,1,Total,9,,,,,1
D14171,C015,2025-04-11,T1,1,Total,7,,,,,1
D14172,C015,2025-04-11,T2,1,Total,8,,,,,1
D14173,C015,2025-04-11,T3,1,Total,9,,,,,1
D14174,C015,2025-04-12,T1,1,Total,7,,,,,1
D14175,C015,2025-04-12,T2,0,Indisponível,0,folga,planeada,2025-03-15 18:24,667.6,1
D14176,C015,2025-04-12,T3,1,Total,9,,,,,1
D14177,C015,2025-04-13,T1,1,Total,7,,,,,1
D14178,C015,2025-04-13,T2,1,Total,8,,,,,1
D14179,C015,2025-04-13,T3,1,Total,9,,,,,1
D14180,C015,2025-04-14,T1,1,Total,7,,,,,1
D14181,C015,2025-04-14,T2,1,Total,8,,,,,1
D14182,C015,2025-04-14,T3,1,Total,9,,,,,1
D14183,C015,2025-04-15,T1,1,Total,7,,,,,1
D14184,C015,2025-04-15,T2,1,Total,8,,,,,1
D14185,C015,2025-04-15,T3,1,Total,9,,,,,1
D14186,C015,2025-04-16,T1,1,Total,7,,,,,1
D14187,C015,2025-04-16,T2,1,Total,8,,,,,1
D14188,C015,2025-04-16,T3,0,Indisponível,0,nao_autorizado_fds,planeada,2025-04-07 18:06,219.9,1
D14189,C015,2025-04-17,T1,1,Total,7,,,,,1
D14190,C015,2025-04-17,T2,1,Total,8,,,,,1
D14191,C015,2025-04-17,T3,1,Total,9,,,,,1
D14192,C015,2025-04-18,T1,1,Total,7,,,,,1
D14193,C015,2025-04-18,T2,0,Indisponível,0,férias,planeada,2025-03-28 11:30,506.5,1
D14194,C015,2025-04-18,T3,1,Total,9,,,,,1
D14195,C015,2025-04-19,T1,1,Total,7,,,,,1
D14196,C015,2025-04-19,T2,1,Parcial,4,formação,planeada,2025-04-08 10:06,267.9,1
D14197,C015,2025-04-19,T3,1,Total,9,,,,,1
D14198,C015,2025-04-20,T1,1,Total,7,,,,,1
D14199,C015,2025-04-20,T2,1,Total,8,,,,,1
D14200,C015,2025-04-20,T3,1,Total,9,,,,,1
D14201,C015,2025-04-21,T1,1,Total,7,,,,,1
D14202,C015,2025-04-21,T2,1,Total,8,,,,,1
D14203,C015,2025-04-21,T3,1,Total,9,,,,,1
D14204,C015,2025-04-22,T1,1,Total,7,,,,,1
D14205,C015,2025-04-22,T2,1,Total,8,,,,,1
D14206,C015,2025-04-22,T3,1,Total,9,,,,,1
D14207,C015,2025-04-23,T1,1,Total,7,,,,,1
D14208,C015,2025-04-23,T2,1,Total,8,,,,,1
D14209,C015,2025-04-23,T3,1,Total,9,,,,,1
D14210,C015,2025-04-24,T1,1,Total,7,,,,,1
D14211,C015,2025-04-24,T2,1,Total,8,,,,,1
D14212,C015,2025-04-24,T3,1,Total,9,,,,,1
D14213,C015,2025-04-25,T1,1,Total,7,,,,,1
D14214,C015,2025-04-25,T2,1,Total,8,,,,,1
D14215,C015,2025-04-25,T3,1,Total,9,,,,,1
D14216,C015,2025-04-26,T1,0,Indisponível,0,férias,planeada,2025-04-12 02:48,340.2,1
D14217,C015,2025-04-26,T2,1,Total,8,,,,,1
D14218,C015,2025-04-26,T3,1,Total,9,,,,,1
D14219,C015,2025-04-27,T1,1,Total,7,,,,,1
D14220,C015,2025-04-27,T2,1,Total,8,,,,,1
D14221,C015,2025-04-27,T3,1,Parcial,4,formação,planeada,2025-04-19 18:18,195.7,1
D14222,C015,2025-04-28,T1,1,Total,7,,,,,1
D14223,C015,2025-04-28,T2,1,Total,8,,,,,1
D14224,C015,2025-04-28,T3,1,Total,9,,,,,1
D14225,C015,2025-04-29,T1,1,Total,7,,,,,1
D14226,C015,2025-04-29,T2,1,Total,8,,,,,1
D14227,C015,2025-04-29,T3,1,Total,9,,,,,1
D14228,C015,2025-04-30,T1,1,Total,7,,,,,1
D14229,C015,2025-04-30,T2,1,Total,8,,,,,1
D14230,C015,2025-04-30,T3,1,Total,9,,,,,1
D14231,C015,2025-05-01,T1,1,Total,7,,,,,1
D14232,C015,2025-05-01,T2,1,Total,8,,,,,1
D14233,C015,2025-05-01,T3,1,Parcial,4,consulta_medica,planeada,2025-04-25 18:54,147.1,1
D14234,C015,2025-05-02,T1,1,Total,7,,,,,1
D14235,C015,2025-05-02,T2,1,Total,8,,,,,1
D14236,C015,2025-05-02,T3,1,Total,9,,,,,1
D14237,C015,2025-05-03,T1,1,Total,7,,,,,1
D14238,C015,2025-05-03,T2,1,Total,8,,,,,1
D14239,C015,2025-05-03,T3,1,Total,9,,,,,1
D14240,C015,2025-05-04,T1,1,Total,7,,,,,1
D14241,C015,2025-05-04,T2,1,Total,8,,,,,1
D14242,C015,2025-05-04,T3,1,Total,9,,,,,1
D14243,C015,2025-05-05,T1,1,Total,7,,,,,1
D14244,C015,2025-05-05,T2,1,Total,8,,,,,1
D14245,C015,2025-05-05,T3,1,Total,9,,,,,1
D14246,C015,2025-05-06,T1,1,Total,7,,,,,1
D14247,C015,2025-05-06,T2,1,Total,8,,,,,1
D14248,C015,2025-05-06,T3,1,Total,9,,,,,1
D14249,C015,2025-05-07,T1,1,Total,7,,,,,1
D14250,C015,2025-05-07,T2,1,Total,8,,,,,1
D14251,C015,2025-05-07,T3,1,Total,9,,,,,1
D14252,C015,2025-05-08,T1,1,Total,7,,,,,1
D14253,C015,2025-05-08,T2,1,Total,8,,,,,1
D14254,C015,2025-05-08,T3,1,Total,9,,,,,1
D14255,C015,2025-05-09,T1,1,Total,7,,,,,1
D14256,C015,2025-05-09,T2,1,Total,8,,,,,1
D14257,C015,2025-05-09,T3,1,Total,9,,,,,1
D14258,C015,2025-05-10,T1,1,Total,7,,,,,1
D14259,C015,2025-05-10,T2,1,Total,8,,,,,1
D14260,C015,2025-05-10,T3,0,Indisponível,0,folga,planeada,2025-05-02 21:36,192.4,1
D14261,C015,2025-05-11,T1,1,Total,7,,,,,1
D14262,C015,2025-05-11,T2,1,Total,8,,,,,1
D14263,C015,2025-05-11,T3,1,Total,9,,,,,1
D14264,C015,2025-05-12,T1,1,Total,7,,,,,1
D14265,C015,2025-05-12,T2,1,Total,8,,,,,1
D14266,C015,2025-05-12,T3,1,Total,9,,,,,1
D14267,C015,2025-05-13,T1,1,Total,7,,,,,1
D14268,C015,2025-05-13,T2,1,Total,8,,,,,1
D14269,C015,2025-05-13,T3,1,Total,9,,,,,1
D14270,C015,2025-05-14,T1,1,Total,7,,,,,1
D14271,C015,2025-05-14,T2,1,Total,8,,,,,1
D14272,C015,2025-05-14,T3,1,Total,9,,,,,1
D14273,C015,2025-05-15,T1,1,Parcial,4,consulta_medica,planeada,2025-05-14 09:30,21.5,1
D14274,C015,2025-05-15,T2,1,Total,8,,,,,1
D14275,C015,2025-05-15,T3,0,Indisponível,0,preferencia_pessoal,planeada,2025-04-24 19:30,506.5,1
D14276,C015,2025-05-16,T1,1,Total,7,,,,,1
D14277,C015,2025-05-16,T2,1,Total,8,,,,,1
D14278,C015,2025-05-16,T3,1,Total,9,,,,,1
D14279,C015,2025-05-17,T1,1,Total,7,,,,,1
D14280,C015,2025-05-17,T2,1,Parcial,4,preferencia_pessoal,planeada,2025-05-07 01:54,252.1,1
D14281,C015,2025-05-17,T3,1,Total,9,,,,,1
D14282,C015,2025-05-18,T1,0,Indisponível,0,férias,planeada,2025-04-20 04:30,674.5,1
D14283,C015,2025-05-18,T2,1,Parcial,4,consulta_medica,planeada,2025-05-16 11:42,50.3,1
D14284,C015,2025-05-18,T3,1,Total,9,,,,,1
D14285,C015,2025-05-19,T1,1,Total,7,,,,,1
D14286,C015,2025-05-19,T2,1,Total,8,,,,,1
D14287,C015,2025-05-19,T3,1,Total,9,,,,,1
D14288,C015,2025-05-20,T1,1,Total,7,,,,,1
D14289,C015,2025-05-20,T2,1,Total,8,,,,,1
D14290,C015,2025-05-20,T3,0,Indisponível,0,formação,planeada,2025-05-07 14:12,319.8,1
D14291,C015,2025-05-21,T1,1,Total,7,,,,,1
D14292,C015,2025-05-21,T2,1,Total,8,,,,,1
D14293,C015,2025-05-21,T3,1,Total,9,,,,,1
D14294,C015,2025-05-22,T1,1,Total,7,,,,,1
D14295,C015,2025-05-22,T2,1,Total,8,,,,,1
D14296,C015,2025-05-22,T3,1,Total,9,,,,,1
D14297,C015,2025-05-23,T1,1,Total,7,,,,,1
D14298,C015,2025-05-23,T2,0,Indisponível,0,formação,planeada,2025-05-02 03:42,514.3,1
D14299,C015,2025-05-23,T3,1,Total,9,,,,,1
D14300,C015,2025-05-24,T1,1,Total,7,,,,,1
D14301,C015,2025-05-24,T2,1,Total,8,,,,,1
D14302,C015,2025-05-24,T3,1,Total,9,,,,,1
D14303,C015,2025-05-25,T1,0,Indisponível,0,preferencia_pessoal,planeada,2025-04-25 11:42,715.3,1
D14304,C015,2025-05-25,T2,1,Total,8,,,,,1
D14305,C015,2025-05-25,T3,1,Total,9,,,,,1
D14306,C015,2025-05-26,T1,1,Parcial,4,preferencia_pessoal,planeada,2025-05-18 06:00,193.0,1
D14307,C015,2025-05-26,T2,1,Total,8,,,,,1
D14308,C015,2025-05-26,T3,1,Total,9,,,,,1
D14309,C015,2025-05-27,T1,1,Total,7,,,,,1
D14310,C015,2025-05-27,T2,1,Total,8,,,,,1
D14311,C015,2025-05-27,T3,1,Total,9,,,,,1
D14312,C015,2025-05-28,T1,1,Total,7,,,,,1
D14313,C015,2025-05-28,T2,1,Total,8,,,,,1
D14314,C015,2025-05-28,T3,0,Indisponível,0,outro,planeada,2025-05-17 12:00,274.0,1
D14315,C015,2025-05-29,T1,1,Total,7,,,,,1
D14316,C015,2025-05-29,T2,1,Total,8,,,,,1
D14317,C015,2025-05-29,T3,1,Parcial,4,consulta_medica,planeada,2025-05-26 02:18,91.7,1
D14318,C015,2025-05-30,T1,1,Total,7,,,,,1
D14319,C015,2025-05-30,T2,1,Total,8,,,,,1
D14320,C015,2025-05-30,T3,1,Parcial,4,formação,planeada,2025-05-22 16:42,197.3,1
D14321,C015,2025-05-31,T1,1,Total,7,,,,,1
D14322,C015,2025-05-31,T2,1,Total,8,,,,,1
D14323,C015,2025-05-31,T3,1,Total,9,,,,,1
D14324,C015,2025-06-01,T1,1,Total,7,,,,,1
D14325,C015,2025-06-01,T2,1,Total,8,,,,,1
D14326,C015,2025-06-01,T3,1,Total,9,,,,,1
D14327,C015,2025-06-02,T1,0,Indisponível,0,folga,planeada,2025-05-05 01:54,677.1,1
D14328,C015,2025-06-02,T2,1,Total,8,,,,,1
D14329,C015,2025-06-02,T3,1,Parcial,4,consulta_medica,planeada,2025-05-29 03:00,115.0,1
D14330,C015,2025-06-03,T1,1,Total,7,,,,,1
D14331,C015,2025-06-03,T2,1,Total,8,,,,,1
D14332,C015,2025-06-03,T3,1,Total,9,,,,,1
D14333,C015,2025-06-04,T1,1,Total,7,,,,,1
D14334,C015,2025-06-04,T2,1,Parcial,4,formação,planeada,2025-05-28 09:12,172.8,1
D14335,C015,2025-06-04,T3,1,Total,9,,,,,1
D14336,C015,2025-06-05,T1,1,Total,7,,,,,1
D14337,C015,2025-06-05,T2,1,Total,8,,,,,1
D14338,C015,2025-06-05,T3,1,Total,9,,,,,1
D14339,C015,2025-06-06,T1,1,Parcial,4,preferencia_pessoal,planeada,2025-06-04 15:06,39.9,1
D14340,C015,2025-06-06,T2,1,Total,8,,,,,1
D14341,C015,2025-06-06,T3,1,Total,9,,,,,1
D14342,C015,2025-06-07,T1,0,Indisponível,0,formação,planeada,2025-05-13 05:00,602.0,1
D14343,C015,2025-06-07,T2,1,Total,8,,,,,1
D14344,C015,2025-06-07,T3,1,Total,9,,,,,1
D14345,C015,2025-06-08,T1,1,Total,7,,,,,1
D14346,C015,2025-06-08,T2,1,Total,8,,,,,1
D14347,C015,2025-06-08,T3,1,Total,9,,,,,1
D14348,C015,2025-06-09,T1,1,Total,7,,,,,1
D14349,C015,2025-06-09,T2,1,Total,8,,,,,1
D14350,C015,2025-06-09,T3,1,Total,9,,,,,1
D14351,C015,2025-06-10,T1,1,Total,7,,,,,1
D14352,C015,2025-06-10,T2,1,Total,8,,,,,1
D14353,C015,2025-06-10,T3,1,Total,9,,,,,1
D14354,C015,2025-06-11,T1,1,Total,7,,,,,1
D14355,C015,2025-06-11,T2,1,Total,8,,,,,1
D14356,C015,2025-06-11,T3,1,Total,9,,,,,1
D14357,C015,2025-06-12,T1,1,Total,7,,,,,1
D14358,C015,2025-06-12,T2,1,Total,8,,,,,1
D14359,C015,2025-06-12,T3,1,Total,9,,,,,1
D14360,C015,2025-06-13,T1,0,Indisponível,0,consulta_medica,planeada,2025-05-18 05:54,625.1,1
D14361,C015,2025-06-13,T2,1,Total,8,,,,,1
D14362,C015,2025-06-13,T3,1,Total,9,,,,,1
D14363,C015,2025-06-14,T1,1,Parcial,4,formação,planeada,2025-06-04 10:48,236.2,1
D14364,C015,2025-06-14,T2,1,Total,8,,,,,1
D14365,C015,2025-06-14,T3,1,Parcial,4,preferencia_pessoal,planeada,2025-06-03 19:12,266.8,1
D14366,C015,2025-06-15,T1,0,Indisponível,0,nao_autorizado_fds,planeada,2025-05-29 08:24,406.6,1
D14367,C015,2025-06-15,T2,1,Total,8,,,,,1
D14368,C015,2025-06-15,T3,1,Total,9,,,,,1
D14369,C015,2025-06-16,T1,1,Total,7,,,,,1
D14370,C015,2025-06-16,T2,1,Total,8,,,,,1
D14371,C015,2025-06-16,T3,1,Total,9,,,,,1
D14372,C015,2025-06-17,T1,1,Total,7,,,,,1
D14373,C015,2025-06-17,T2,1,Total,8,,,,,1
D14374,C015,2025-06-17,T3,1,Parcial,4,formação,planeada,2025-06-12 05:42,136.3,1
D14375,C015,2025-06-18,T1,0,Indisponível,0,restrição_noite,planeada,2025-06-01 07:42,407.3,1
D14376,C015,2025-06-18,T2,1,Total,8,,,,,1
D14377,C015,2025-06-18,T3,0,Indisponível,0,férias,planeada,2025-05-27 12:42,537.3,1
D14378,C015,2025-06-19,T1,1,Total,7,,,,,1
D14379,C015,2025-06-19,T2,1,Total,8,,,,,1
D14380,C015,2025-06-19,T3,1,Total,9,,,,,1
D14381,C015,2025-06-20,T1,1,Total,7,,,,,1
D14382,C015,2025-06-20,T2,1,Total,8,,,,,1
D14383,C015,2025-06-20,T3,1,Total,9,,,,,1
D14384,C015,2025-06-21,T1,1,Total,7,,,,,1
D14385,C015,2025-06-21,T2,1,Total,8,,,,,1
D14386,C015,2025-06-21,T3,1,Total,9,,,,,1
D14387,C015,2025-06-22,T1,1,Total,7,,,,,1
D14388,C015,2025-06-22,T2,1,Total,8,,,,,1
D14389,C015,2025-06-22,T3,0,Indisponível,0,baixa,planeada,2025-06-20 22:12,47.8,1
D14390,C015,2025-06-23,T1,0,Indisponível,0,folga,planeada,2025-05-29 08:12,598.8,1
D14391,C015,2025-06-23,T2,0,Indisponível,0,férias,planeada,2025-05-27 17:54,644.1,1
D14392,C015,2025-06-23,T3,1,Parcial,4,consulta_medica,planeada,2025-06-10 03:00,331.0,1
D14393,C015,2025-06-24,T1,1,Total,7,,,,,1
D14394,C015,2025-06-24,T2,1,Total,8,,,,,1
D14395,C015,2025-06-24,T3,1,Total,9,,,,,1
D14396,C015,2025-06-25,T1,1,Total,7,,,,,1
D14397,C015,2025-06-25,T2,1,Total,8,,,,,1
D14398,C015,2025-06-25,T3,0,Indisponível,0,folga,planeada,2025-06-14 03:06,282.9,1
D14399,C015,2025-06-26,T1,1,Total,7,,,,,1
D14400,C015,2025-06-26,T2,1,Total,8,,,,,1
D14401,C015,2025-06-26,T3,1,Total,9,,,,,1
D14402,C015,2025-06-27,T1,0,Indisponível,0,baixa,planeada,2025-06-10 17:54,397.1,1
D14403,C015,2025-06-27,T2,1,Total,8,,,,,1
D14404,C015,2025-06-27,T3,1,Total,9,,,,,1
D14405,C015,2025-06-28,T1,1,Total,7,,,,,1
D14406,C015,2025-06-28,T2,1,Total,8,,,,,1
D14407,C015,2025-06-28,T3,0,Indisponível,0,férias,planeada,2025-06-12 11:18,394.7,1
D14408,C015,2025-06-29,T1,1,Total,7,,,,,1
D14409,C015,2025-06-29,T2,1,Total,8,,,,,1
D14410,C015,2025-06-29,T3,1,Total,9,,,,,1
D14411,C015,2025-06-30,T1,1,Total,7,,,,,1
D14412,C015,2025-06-30,T2,1,Total,8,,,,,1
D14413,C015,2025-06-30,T3,1,Total,9,,,,,1
D14414,C015,2025-07-01,T1,1,Total,7,,,,,1
D14415,C015,2025-07-01,T2,1,Total,8,,,,,1
D14416,C015,2025-07-01,T3,1,Total,9,,,,,1
D14417,C015,2025-07-02,T1,1,Total,7,,,,,1
D14418,C015,2025-07-02,T2,1,Total,8,,,,,1
D14419,C015,2025-07-02,T3,1,Total,9,,,,,1
D14420,C015,2025-07-03,T1,1,Total,7,,,,,1
D14421,C015,2025-07-03,T2,1,Parcial,4,formação,planeada,2025-06-24 22:00,208.0,1
D14422,C015,2025-07-03,T3,1,Total,9,,,,,1
D14423,C015,2025-07-04,T1,1,Total,7,,,,,1
D14424,C015,2025-07-04,T2,1,Total,8,,,,,1
D14425,C015,2025-07-04,T3,1,Total,9,,,,,1
D14426,C015,2025-07-05,T1,1,Parcial,4,preferencia_pessoal,planeada,2025-06-28 05:06,169.9,1
D14427,C015,2025-07-05,T2,1,Total,8,,,,,1
D14428,C015,2025-07-05,T3,1,Total,9,,,,,1
D14429,C015,2025-07-06,T1,1,Total,7,,,,,1
D14430,C015,2025-07-06,T2,1,Total,8,,,,,1
D14431,C015,2025-07-06,T3,1,Total,9,,,,,1
D14432,C015,2025-07-07,T1,0,Indisponível,0,formação,planeada,2025-07-03 07:48,95.2,1
D14433,C015,2025-07-07,T2,1,Total,8,,,,,1
D14434,C015,2025-07-07,T3,1,Parcial,4,consulta_medica,planeada,2025-06-25 17:30,292.5,1
D14435,C015,2025-07-08,T1,1,Parcial,4,formação,planeada,2025-06-26 20:18,274.7,1
D14436,C015,2025-07-08,T2,1,Parcial,4,preferencia_pessoal,planeada,2025-06-30 20:00,186.0,1
D14437,C015,2025-07-08,T3,1,Total,9,,,,,1
D14438,C015,2025-07-09,T1,0,Indisponível,0,folga,planeada,2025-06-27 00:18,294.7,1
D14439,C015,2025-07-09,T2,1,Total,8,,,,,1
D14440,C015,2025-07-09,T3,1,Parcial,4,formação,planeada,2025-07-08 23:30,22.5,1
D14441,C015,2025-07-10,T1,1,Total,7,,,,,1
D14442,C015,2025-07-10,T2,1,Total,8,,,,,1
D14443,C015,2025-07-10,T3,1,Total,9,,,,,1
D14444,C015,2025-07-11,T1,0,Indisponível,0,folga,planeada,2025-06-14 02:18,652.7,1
D14445,C015,2025-07-11,T2,1,Total,8,,,,,1
D14446,C015,2025-07-11,T3,1,Total,9,,,,,1
D14447,C015,2025-07-12,T1,1,Total,7,,,,,1
D14448,C015,2025-07-12,T2,1,Total,8,,,,,1
D14449,C015,2025-07-12,T3,1,Total,9,,,,,1
D14450,C015,2025-07-13,T1,1,Total,7,,,,,1
D14451,C015,2025-07-13,T2,1,Total,8,,,,,1
D14452,C015,2025-07-13,T3,1,Total,9,,,,,1
D14453,C015,2025-07-14,T1,1,Total,7,,,,,1
D14454,C015,2025-07-14,T2,1,Total,8,,,,,1
D14455,C015,2025-07-14,T3,1,Total,9,,,,,1
D14456,C015,2025-07-15,T1,1,Total,7,,,,,1
D14457,C015,2025-07-15,T2,1,Total,8,,,,,1
D14458,C015,2025-07-15,T3,1,Total,9,,,,,1
D14459,C015,2025-07-16,T1,1,Total,7,,,,,1
D14460,C015,2025-07-16,T2,1,Parcial,4,preferencia_pessoal,planeada,2025-07-06 00:18,253.7,1
D14461,C015,2025-07-16,T3,1,Total,9,,,,,1
D14462,C015,2025-07-17,T1,1,Total,7,,,,,1
D14463,C015,2025-07-17,T2,1,Total,8,,,,,1
D14464,C015,2025-07-17,T3,1,Total,9,,,,,1
D14465,C015,2025-07-18,T1,1,Total,7,,,,,1
D14466,C015,2025-07-18,T2,1,Total,8,,,,,1
D14467,C015,2025-07-18,T3,1,Total,9,,,,,1
D14468,C015,2025-07-19,T1,1,Total,7,,,,,1
D14469,C015,2025-07-19,T2,1,Total,8,,,,,1
D14470,C015,2025-07-19,T3,1,Total,9,,,,,1
D14471,C015,2025-07-20,T1,1,Total,7,,,,,1
D14472,C015,2025-07-20,T2,1,Total,8,,,,,1
D14473,C015,2025-07-20,T3,1,Total,9,,,,,1
D14474,C015,2025-07-21,T1,1,Total,7,,,,,1
D14475,C015,2025-07-21,T2,1,Total,8,,,,,1
D14476,C015,2025-07-21,T3,1,Total,9,,,,,1
D14477,C015,2025-07-22,T1,1,Total,7,,,,,1
D14478,C015,2025-07-22,T2,1,Total,8,,,,,1
D14479,C015,2025-07-22,T3,1,Total,9,,,,,1
D14480,C015,2025-07-23,T1,1,Parcial,4,formação,planeada,2025-07-11 19:36,275.4,1
D14481,C015,2025-07-23,T2,0,Indisponível,0,nao_autorizado_fds,planeada,2025-07-07 20:00,378.0,1
D14482,C015,2025-07-23,T3,0,Indisponível,0,nao_autorizado_fds,planeada,2025-07-21 21:18,48.7,1
D14483,C015,2025-07-24,T1,1,Total,7,,,,,1
D14484,C015,2025-07-24,T2,1,Total,8,,,,,1
D14485,C015,2025-07-24,T3,1,Total,9,,,,,1
D14486,C015,2025-07-25,T1,1,Total,7,,,,,1
D14487,C015,2025-07-25,T2,1,Total,8,,,,,1
D14488,C015,2025-07-25,T3,1,Parcial,4,formação,planeada,2025-07-16 16:24,221.6,1
D14489,C015,2025-07-26,T1,1,Total,7,,,,,1
D14490,C015,2025-07-26,T2,0,Indisponível,0,baixa,inesperada,2025-07-26 03:42,10.3,1
D14491,C015,2025-07-26,T3,1,Total,9,,,,,1
D14492,C015,2025-07-27,T1,1,Total,7,,,,,1
D14493,C015,2025-07-27,T2,1,Parcial,4,consulta_medica,planeada,2025-07-18 10:54,219.1,1
D14494,C015,2025-07-27,T3,1,Total,9,,,,,1
D14495,C015,2025-07-28,T1,0,Indisponível,0,férias,planeada,2025-07-23 03:06,123.9,1
D14496,C015,2025-07-28,T2,1,Total,8,,,,,1
D14497,C015,2025-07-28,T3,1,Total,9,,,,,1
D14498,C015,2025-07-29,T1,1,Total,7,,,,,1
D14499,C015,2025-07-29,T2,1,Total,8,,,,,1
D14500,C015,2025-07-29,T3,1,Total,9,,,,,1
D14501,C015,2025-07-30,T1,1,Total,7,,,,,1
D14502,C015,2025-07-30,T2,1,Total,8,,,,,1
D14503,C015,2025-07-30,T3,1,Total,9,,,,,1
D14504,C015,2025-07-31,T1,1,Total,7,,,,,1
D14505,C015,2025-07-31,T2,1,Total,8,,,,,1
D14506,C015,2025-07-31,T3,0,Indisponível,0,formação,planeada,2025-07-15 16:18,389.7,1
D14507,C015,2025-08-01,T1,0,Indisponível,0,restrição_noite,planeada,2025-07-18 02:54,340.1,1
D14508,C015,2025-08-01,T2,1,Total,8,,,,,1
D14509,C015,2025-08-01,T3,1,Total,9,,,,,1
D14510,C015,2025-08-02,T1,1,Total,7,,,,,1
D14511,C015,2025-08-02,T2,1,Total,8,,,,,1
D14512,C015,2025-08-02,T3,1,Total,9,,,,,1
D14513,C015,2025-08-03,T1,1,Total,7,,,,,1
D14514,C015,2025-08-03,T2,1,Total,8,,,,,1
D14515,C015,2025-08-03,T3,1,Total,9,,,,,1
D14516,C015,2025-08-04,T1,0,Indisponível,0,férias,planeada,2025-07-18 08:48,406.2,1
D14517,C015,2025-08-04,T2,1,Total,8,,,,,1
D14518,C015,2025-08-04,T3,1,Total,9,,,,,1
D14519,C015,2025-08-05,T1,1,Total,7,,,,,1
D14520,C015,2025-08-05,T2,1,Total,8,,,,,1
D14521,C015,2025-08-05,T3,1,Parcial,4,consulta_medica,planeada,2025-07-27 21:42,216.3,1
D14522,C015,2025-08-06,T1,1,Total,7,,,,,1
D14523,C015,2025-08-06,T2,1,Total,8,,,,,1
D14524,C015,2025-08-06,T3,1,Total,9,,,,,1
D14525,C015,2025-08-07,T1,1,Total,7,,,,,1
D14526,C015,2025-08-07,T2,1,Total,8,,,,,1
D14527,C015,2025-08-07,T3,1,Total,9,,,,,1
D14528,C015,2025-08-08,T1,1,Total,7,,,,,1
D14529,C015,2025-08-08,T2,1,Total,8,,,,,1
D14530,C015,2025-08-08,T3,1,Total,9,,,,,1
D14531,C015,2025-08-09,T1,1,Total,7,,,,,1
D14532,C015,2025-08-09,T2,1,Total,8,,,,,1
D14533,C015,2025-08-09,T3,1,Total,9,,,,,1
D14534,C015,2025-08-10,T1,1,Total,7,,,,,1
D14535,C015,2025-08-10,T2,1,Total,8,,,,,1
D14536,C015,2025-08-10,T3,1,Total,9,,,,,1
D14537,C015,2025-08-11,T1,1,Total,7,,,,,1
D14538,C015,2025-08-11,T2,1,Total,8,,,,,1
D14539,C015,2025-08-11,T3,1,Total,9,,,,,1
D14540,C015,2025-08-12,T1,0,Indisponível,0,preferencia_pessoal,planeada,2025-07-30 17:54,301.1,1
D14541,C015,2025-08-12,T2,1,Total,8,,,,,1
D14542,C015,2025-08-12,T3,1,Total,9,,,,,1
D14543,C015,2025-08-13,T1,1,Total,7,,,,,1
D14544,C015,2025-08-13,T2,1,Total,8,,,,,1
D14545,C015,2025-08-13,T3,1,Total,9,,,,,1
D14546,C015,2025-08-14,T1,1,Total,7,,,,,1
D14547,C015,2025-08-14,T2,1,Total,8,,,,,1
D14548,C015,2025-08-14,T3,1,Total,9,,,,,1
D14549,C015,2025-08-15,T1,1,Total,7,,,,,1
D14550,C015,2025-08-15,T2,1,Total,8,,,,,1
D14551,C015,2025-08-15,T3,0,Indisponível,0,folga,planeada,2025-07-22 19:48,578.2,1
D14552,C015,2025-08-16,T1,1,Parcial,4,formação,planeada,2025-08-15 10:12,20.8,1
D14553,C015,2025-08-16,T2,1,Total,8,,,,,1
D14554,C015,2025-08-16,T3,1,Total,9,,,,,1
D14555,C015,2025-08-17,T1,1,Parcial,4,preferencia_pessoal,planeada,2025-08-07 14:54,232.1,1
D14556,C015,2025-08-17,T2,1,Total,8,,,,,1
D14557,C015,2025-08-17,T3,1,Total,9,,,,,1
D14558,C015,2025-08-18,T1,1,Total,7,,,,,1
D14559,C015,2025-08-18,T2,1,Total,8,,,,,1
D14560,C015,2025-08-18,T3,1,Parcial,4,formação,planeada,2025-08-10 16:36,197.4,1
D14561,C015,2025-08-19,T1,1,Parcial,4,consulta_medica,planeada,2025-08-14 17:06,109.9,1
D14562,C015,2025-08-19,T2,1,Total,8,,,,,1
D14563,C015,2025-08-19,T3,1,Total,9,,,,,1
D14564,C015,2025-08-20,T1,1,Total,7,,,,,1
D14565,C015,2025-08-20,T2,1,Total,8,,,,,1
D14566,C015,2025-08-20,T3,1,Total,9,,,,,1
D14567,C015,2025-08-21,T1,1,Total,7,,,,,1
D14568,C015,2025-08-21,T2,1,Total,8,,,,,1
D14569,C015,2025-08-21,T3,1,Total,9,,,,,1
D14570,C015,2025-08-22,T1,1,Parcial,4,formação,planeada,2025-08-12 10:00,237.0,1
D14571,C015,2025-08-22,T2,1,Total,8,,,,,1
D14572,C015,2025-08-22,T3,1,Total,9,,,,,1
D14573,C015,2025-08-23,T1,1,Total,7,,,,,1
D14574,C015,2025-08-23,T2,1,Total,8,,,,,1
D14575,C015,2025-08-23,T3,1,Total,9,,,,,1
D14576,C015,2025-08-24,T1,1,Total,7,,,,,1
D14577,C015,2025-08-24,T2,1,Total,8,,,,,1
D14578,C015,2025-08-24,T3,1,Total,9,,,,,1
D14579,C015,2025-08-25,T1,1,Total,7,,,,,1
D14580,C015,2025-08-25,T2,1,Total,8,,,,,1
D14581,C015,2025-08-25,T3,1,Total,9,,,,,1
D14582,C015,2025-08-26,T1,1,Total,7,,,,,1
D14583,C015,2025-08-26,T2,1,Total,8,,,,,1
D14584,C015,2025-08-26,T3,1,Total,9,,,,,1
D14585,C015,2025-08-27,T1,1,Total,7,,,,,1
D14586,C015,2025-08-27,T2,1,Total,8,,,,,1
D14587,C015,2025-08-27,T3,1,Parcial,4,formação,planeada,2025-08-24 18:54,75.1,1
D14588,C015,2025-08-28,T1,1,Total,7,,,,,1
D14589,C015,2025-08-28,T2,1,Total,8,,,,,1
D14590,C015,2025-08-28,T3,1,Total,9,,,,,1
D14591,C015,2025-08-29,T1,1,Total,7,,,,,1
D14592,C015,2025-08-29,T2,1,Total,8,,,,,1
D14593,C015,2025-08-29,T3,1,Total,9,,,,,1
D14594,C015,2025-08-30,T1,1,Total,7,,,,,1
D14595,C015,2025-08-30,T2,1,Total,8,,,,,1
D14596,C015,2025-08-30,T3,1,Total,9,,,,,1
D14597,C015,2025-08-31,T1,1,Total,7,,,,,1
D14598,C015,2025-08-31,T2,1,Total,8,,,,,1
D14599,C015,2025-08-31,T3,1,Total,9,,,,,1
D14600,C015,2025-09-01,T1,1,Total,7,,,,,1
D14601,C015,2025-09-01,T2,1,Total,8,,,,,1
D14602,C015,2025-09-01,T3,1,Parcial,4,consulta_medica,planeada,2025-08-29 02:48,91.2,1
D14603,C015,2025-09-02,T1,1,Total,7,,,,,1
D14604,C015,2025-09-02,T2,1,Parcial,4,preferencia_pessoal,planeada,2025-08-30 20:54,65.1,1
D14605,C015,2025-09-02,T3,1,Total,9,,,,,1
D14606,C015,2025-09-03,T1,1,Total,7,,,,,1
D14607,C015,2025-09-03,T2,1,Total,8,,,,,1
D14608,C015,2025-09-03,T3,1,Total,9,,,,,1
D14609,C015,2025-09-04,T1,1,Total,7,,,,,1
D14610,C015,2025-09-04,T2,1,Total,8,,,,,1
D14611,C015,2025-09-04,T3,1,Total,9,,,,,1
D14612,C015,2025-09-05,T1,1,Total,7,,,,,1
D14613,C015,2025-09-05,T2,1,Total,8,,,,,1
D14614,C015,2025-09-05,T3,1,Total,9,,,,,1
D14615,C015,2025-09-06,T1,1,Total,7,,,,,1
D14616,C015,2025-09-06,T2,1,Total,8,,,,,1
D14617,C015,2025-09-06,T3,1,Total,9,,,,,1
D14618,C015,2025-09-07,T1,1,Total,7,,,,,1
D14619,C015,2025-09-07,T2,1,Total,8,,,,,1
D14620,C015,2025-09-07,T3,1,Total,9,,,,,1
D14621,C015,2025-09-08,T1,1,Total,7,,,,,1
D14622,C015,2025-09-08,T2,1,Total,8,,,,,1
D14623,C015,2025-09-08,T3,1,Total,9,,,,,1
D14624,C015,2025-09-09,T1,1,Total,7,,,,,1
D14625,C015,2025-09-09,T2,1,Total,8,,,,,1
D14626,C015,2025-09-09,T3,1,Total,9,,,,,1
D14627,C015,2025-09-10,T1,1,Total,7,,,,,1
D14628,C015,2025-09-10,T2,1,Total,8,,,,,1
D14629,C015,2025-09-10,T3,1,Total,9,,,,,1
D14630,C015,2025-09-11,T1,1,Total,7,,,,,1
D14631,C015,2025-09-11,T2,1,Total,8,,,,,1
D14632,C015,2025-09-11,T3,1,Total,9,,,,,1
D14633,C015,2025-09-12,T1,1,Total,7,,,,,1
D14634,C015,2025-09-12,T2,1,Total,8,,,,,1
D14635,C015,2025-09-12,T3,1,Total,9,,,,,1
D14636,C015,2025-09-13,T1,1,Total,7,,,,,1
D14637,C015,2025-09-13,T2,1,Total,8,,,,,1
D14638,C015,2025-09-13,T3,1,Total,9,,,,,1
D14639,C015,2025-09-14,T1,1,Total,7,,,,,1
D14640,C015,2025-09-14,T2,0,Indisponível,0,folga,planeada,2025-08-24 18:24,499.6,1
D14641,C015,2025-09-14,T3,0,Indisponível,0,férias,planeada,2025-09-08 20:18,145.7,1
D14642,C015,2025-09-15,T1,1,Total,7,,,,,1
D14643,C015,2025-09-15,T2,1,Total,8,,,,,1
D14644,C015,2025-09-15,T3,1,Total,9,,,,,1
D14645,C015,2025-09-16,T1,1,Total,7,,,,,1
D14646,C015,2025-09-16,T2,1,Total,8,,,,,1
D14647,C015,2025-09-16,T3,1,Total,9,,,,,1
D14648,C015,2025-09-17,T1,1,Parcial,4,consulta_medica,planeada,2025-09-04 18:48,300.2,1
D14649,C015,2025-09-17,T2,1,Total,8,,,,,1
D14650,C015,2025-09-17,T3,1,Total,9,,,,,1
D14651,C015,2025-09-18,T1,1,Total,7,,,,,1
D14652,C015,2025-09-18,T2,1,Total,8,,,,,1
D14653,C015,2025-09-18,T3,1,Total,9,,,,,1
D14654,C015,2025-09-19,T1,1,Total,7,,,,,1
D14655,C015,2025-09-19,T2,1,Total,8,,,,,1
D14656,C015,2025-09-19,T3,1,Total,9,,,,,1
D14657,C015,2025-09-20,T1,1,Parcial,4,preferencia_pessoal,planeada,2025-09-15 10:12,116.8,1
D14658,C015,2025-09-20,T2,1,Total,8,,,,,1
D14659,C015,2025-09-20,T3,1,Total,9,,,,,1
D14660,C015,2025-09-21,T1,1,Total,7,,,,,1
D14661,C015,2025-09-21,T2,1,Total,8,,,,,1
D14662,C015,2025-09-21,T3,1,Parcial,4,formação,planeada,2025-09-11 17:48,244.2,1
D14663,C015,2025-09-22,T1,1,Total,7,,,,,1
D14664,C015,2025-09-22,T2,1,Total,8,,,,,1
D14665,C015,2025-09-22,T3,1,Total,9,,,,,1
D14666,C015,2025-09-23,T1,1,Total,7,,,,,1
D14667,C015,2025-09-23,T2,1,Total,8,,,,,1
D14668,C015,2025-09-23,T3,1,Total,9,,,,,1
D14669,C015,2025-09-24,T1,1,Total,7,,,,,1
D14670,C015,2025-09-24,T2,1,Total,8,,,,,1
D14671,C015,2025-09-24,T3,1,Total,9,,,,,1
D14672,C015,2025-09-25,T1,1,Total,7,,,,,1
D14673,C015,2025-09-25,T2,1,Total,8,,,,,1
D14674,C015,2025-09-25,T3,1,Total,9,,,,,1
D14675,C015,2025-09-26,T1,1,Total,7,,,,,1
D14676,C015,2025-09-26,T2,1,Total,8,,,,,1
D14677,C015,2025-09-26,T3,1,Total,9,,,,,1
D14678,C015,2025-09-27,T1,1,Total,7,,,,,1
D14679,C015,2025-09-27,T2,0,Indisponível,0,férias,planeada,2025-08-30 16:36,669.4,1
D14680,C015,2025-09-27,T3,1,Total,9,,,,,1
D14681,C015,2025-09-28,T1,0,Indisponível,0,restrição_noite,planeada,2025-09-27 16:36,14.4,1
D14682,C015,2025-09-28,T2,1,Total,8,,,,,1
D14683,C015,2025-09-28,T3,1,Parcial,4,formação,planeada,2025-09-17 15:36,270.4,1
D14684,C015,2025-09-29,T1,1,Total,7,,,,,1
D14685,C015,2025-09-29,T2,1,Total,8,,,,,1
D14686,C015,2025-09-29,T3,1,Total,9,,,,,1
D14687,C015,2025-09-30,T1,1,Total,7,,,,,1
D14688,C015,2025-09-30,T2,1,Total,8,,,,,1
D14689,C015,2025-09-30,T3,1,Parcial,4,preferencia_pessoal,planeada,2025-09-21 18:30,219.5,1
D14690,C015,2025-10-01,T1,1,Total,7,,,,,1
D14691,C015,2025-10-01,T2,1,Parcial,4,preferencia_pessoal,planeada,2025-09-27 10:24,99.6,1
D14692,C015,2025-10-01,T3,1,Total,9,,,,,1
D14693,C015,2025-10-02,T1,1,Total,7,,,,,1
D14694,C015,2025-10-02,T2,1,Total,8,,,,,1
D14695,C015,2025-10-02,T3,1,Total,9,,,,,1
D14696,C015,2025-10-03,T1,1,Total,7,,,,,1
D14697,C015,2025-10-03,T2,1,Total,8,,,,,1
D14698,C015,2025-10-03,T3,1,Total,9,,,,,1
D14699,C015,2025-10-04,T1,1,Total,7,,,,,1
D14700,C015,2025-10-04,T2,0,Indisponível,0,nao_autorizado_fds,planeada,2025-09-09 14:06,599.9,1
D14701,C015,2025-10-04,T3,0,Indisponível,0,folga,planeada,2025-09-13 13:42,512.3,1
D14702,C015,2025-10-05,T1,1,Total,7,,,,,1
D14703,C015,2025-10-05,T2,1,Total,8,,,,,1
D14704,C015,2025-10-05,T3,1,Total,9,,,,,1
D14705,C015,2025-10-06,T1,1,Total,7,,,,,1
D14706,C015,2025-10-06,T2,1,Total,8,,,,,1
D14707,C015,2025-10-06,T3,1,Total,9,,,,,1
D14708,C015,2025-10-07,T1,1,Total,7,,,,,1
D14709,C015,2025-10-07,T2,1,Total,8,,,,,1
D14710,C015,2025-10-07,T3,1,Total,9,,,,,1
D14711,C015,2025-10-08,T1,1,Total,7,,,,,1
D14712,C015,2025-10-08,T2,1,Total,8,,,,,1
D14713,C015,2025-10-08,T3,1,Total,9,,,,,1
D14714,C015,2025-10-09,T1,1,Total,7,,,,,1
D14715,C015,2025-10-09,T2,1,Total,8,,,,,1
D14716,C015,2025-10-09,T3,1,Total,9,,,,,1
D14717,C015,2025-10-10,T1,1,Parcial,4,preferencia_pessoal,planeada,2025-09-26 13:12,329.8,1
D14718,C015,2025-10-10,T2,1,Total,8,,,,,1
D14719,C015,2025-10-10,T3,1,Total,9,,,,,1
D14720,C015,2025-10-11,T1,1,Total,7,,,,,1
D14721,C015,2025-10-11,T2,1,Total,8,,,,,1
D14722,C015,2025-10-11,T3,1,Total,9,,,,,1
D14723,C015,2025-10-12,T1,1,Total,7,,,,,1
D14724,C015,2025-10-12,T2,1,Total,8,,,,,1
D14725,C015,2025-10-12,T3,1,Parcial,4,preferencia_pessoal,planeada,2025-10-11 22:54,23.1,1
D14726,C015,2025-10-13,T1,1,Total,7,,,,,1
D14727,C015,2025-10-13,T2,1,Total,8,,,,,1
D14728,C015,2025-10-13,T3,1,Total,9,,,,,1
D14729,C015,2025-10-14,T1,1,Total,7,,,,,1
D14730,C015,2025-10-14,T2,1,Total,8,,,,,1
D14731,C015,2025-10-14,T3,1,Total,9,,,,,1
D14732,C015,2025-10-15,T1,1,Total,7,,,,,1
D14733,C015,2025-10-15,T2,1,Total,8,,,,,1
D14734,C015,2025-10-15,T3,1,Total,9,,,,,1
D14735,C015,2025-10-16,T1,1,Total,7,,,,,1
D14736,C015,2025-10-16,T2,1,Total,8,,,,,1
D14737,C015,2025-10-16,T3,1,Total,9,,,,,1
D14738,C015,2025-10-17,T1,1,Total,7,,,,,1
D14739,C015,2025-10-17,T2,1,Total,8,,,,,1
D14740,C015,2025-10-17,T3,1,Total,9,,,,,1
D14741,C015,2025-10-18,T1,1,Parcial,4,preferencia_pessoal,planeada,2025-10-15 16:06,62.9,1
D14742,C015,2025-10-18,T2,1,Total,8,,,,,1
D14743,C015,2025-10-18,T3,1,Total,9,,,,,1
D14744,C015,2025-10-19,T1,1,Total,7,,,,,1
D14745,C015,2025-10-19,T2,1,Total,8,,,,,1
D14746,C015,2025-10-19,T3,1,Total,9,,,,,1
D14747,C015,2025-10-20,T1,1,Total,7,,,,,1
D14748,C015,2025-10-20,T2,1,Total,8,,,,,1
D14749,C015,2025-10-20,T3,1,Total,9,,,,,1
D14750,C015,2025-10-21,T1,1,Total,7,,,,,1
D14751,C015,2025-10-21,T2,1,Total,8,,,,,1
D14752,C015,2025-10-21,T3,0,Indisponível,0,formação,planeada,2025-10-16 00:48,141.2,1
D14753,C015,2025-10-22,T1,1,Total,7,,,,,1
D14754,C015,2025-10-22,T2,1,Total,8,,,,,1
D14755,C015,2025-10-22,T3,1,Total,9,,,,,1
D14756,C015,2025-10-23,T1,1,Total,7,,,,,1
D14757,C015,2025-10-23,T2,1,Total,8,,,,,1
D14758,C015,2025-10-23,T3,1,Total,9,,,,,1
D14759,C015,2025-10-24,T1,1,Total,7,,,,,1
D14760,C015,2025-10-24,T2,1,Total,8,,,,,1
D14761,C015,2025-10-24,T3,1,Total,9,,,,,1
D14762,C015,2025-10-25,T1,1,Total,7,,,,,1
D14763,C015,2025-10-25,T2,1,Total,8,,,,,1
D14764,C015,2025-10-25,T3,1,Total,9,,,,,1
D14765,C015,2025-10-26,T1,1,Total,7,,,,,1
D14766,C015,2025-10-26,T2,1,Total,8,,,,,1
D14767,C015,2025-10-26,T3,1,Total,9,,,,,1
D14768,C015,2025-10-27,T1,1,Total,7,,,,,1
D14769,C015,2025-10-27,T2,1,Total,8,,,,,1
D14770,C015,2025-10-27,T3,1,Total,9,,,,,1
D14771,C015,2025-10-28,T1,1,Total,7,,,,,1
D14772,C015,2025-10-28,T2,1,Total,8,,,,,1
D14773,C015,2025-10-28,T3,1,Total,9,,,,,1
D14774,C015,2025-10-29,T1,1,Total,7,,,,,1
D14775,C015,2025-10-29,T2,1,Parcial,4,preferencia_pessoal,planeada,2025-10-21 23:36,182.4,1
D14776,C015,2025-10-29,T3,1,Total,9,,,,,1
D14777,C015,2025-10-30,T1,1,Parcial,4,preferencia_pessoal,planeada,2025-10-28 21:12,33.8,1
D14778,C015,2025-10-30,T2,0,Indisponível,0,formação,planeada,2025-09-30 22:54,711.1,1
D14779,C015,2025-10-30,T3,1,Total,9,,,,,1
D14780,C015,2025-10-31,T1,1,Total,7,,,,,1
D14781,C015,2025-10-31,T2,1,Total,8,,,,,1
D14782,C015,2025-10-31,T3,1,Total,9,,,,,1
D14783,C015,2025-11-01,T1,1,Total,7,,,,,1
D14784,C015,2025-11-01,T2,1,Total,8,,,,,1
D14785,C015,2025-11-01,T3,1,Total,9,,,,,1
D14786,C015,2025-11-02,T1,1,Total,7,,,,,1
D14787,C015,2025-11-02,T2,1,Total,8,,,,,1
D14788,C015,2025-11-02,T3,1,Total,9,,,,,1
D14789,C015,2025-11-03,T1,0,Indisponível,0,formação,planeada,2025-10-18 14:12,376.8,1
D14790,C015,2025-11-03,T2,1,Total,8,,,,,1
D14791,C015,2025-11-03,T3,1,Total,9,,,,,1
D14792,C015,2025-11-04,T1,1,Total,7,,,,,1
D14793,C015,2025-11-04,T2,1,Total,8,,,,,1
D14794,C015,2025-11-04,T3,1,Total,9,,,,,1
D14795,C015,2025-11-05,T1,1,Total,7,,,,,1
D14796,C015,2025-11-05,T2,1,Total,8,,,,,1
D14797,C015,2025-11-05,T3,0,Indisponível,0,formação,planeada,2025-10-09 07:48,662.2,1
D14798,C015,2025-11-06,T1,1,Total,7,,,,,1
D14799,C015,2025-11-06,T2,1,Total,8,,,,,1
D14800,C015,2025-11-06,T3,1,Parcial,4,consulta_medica,planeada,2025-10-29 16:00,198.0,1
D14801,C015,2025-11-07,T1,1,Total,7,,,,,1
D14802,C015,2025-11-07,T2,1,Total,8,,,,,1
D14803,C015,2025-11-07,T3,1,Total,9,,,,,1
D14804,C015,2025-11-08,T1,1,Parcial,4,formação,planeada,2025-11-02 23:30,127.5,1
D14805,C015,2025-11-08,T2,1,Total,8,,,,,1
D14806,C015,2025-11-08,T3,1,Total,9,,,,,1
D14807,C015,2025-11-09,T1,1,Total,7,,,,,1
D14808,C015,2025-11-09,T2,1,Total,8,,,,,1
D14809,C015,2025-11-09,T3,1,Total,9,,,,,1
D14810,C015,2025-11-10,T1,1,Total,7,,,,,1
D14811,C015,2025-11-10,T2,1,Total,8,,,,,1
D14812,C015,2025-11-10,T3,1,Total,9,,,,,1
D14813,C015,2025-11-11,T1,1,Total,7,,,,,1
D14814,C015,2025-11-11,T2,1,Total,8,,,,,1
D14815,C015,2025-11-11,T3,1,Total,9,,,,,1
D14816,C015,2025-11-12,T1,1,Parcial,4,formação,planeada,2025-11-08 08:30,94.5,1
D14817,C015,2025-11-12,T2,1,Total,8,,,,,1
D14818,C015,2025-11-12,T3,0,Indisponível,0,férias,planeada,2025-10-30 05:54,328.1,1
D14819,C015,2025-11-13,T1,1,Total,7,,,,,1
D14820,C015,2025-11-13,T2,1,Total,8,,,,,1
D14821,C015,2025-11-13,T3,1,Total,9,,,,,1
D14822,C015,2025-11-14,T1,1,Total,7,,,,,1
D14823,C015,2025-11-14,T2,1,Total,8,,,,,1
D14824,C015,2025-11-14,T3,1,Parcial,4,formação,planeada,2025-11-08 19:36,146.4,1
D14825,C015,2025-11-15,T1,1,Total,7,,,,,1
D14826,C015,2025-11-15,T2,1,Parcial,4,formação,planeada,2025-11-03 01:06,300.9,1
D14827,C015,2025-11-15,T3,1,Total,9,,,,,1
D14828,C015,2025-11-16,T1,1,Total,7,,,,,1
D14829,C015,2025-11-16,T2,1,Total,8,,,,,1
D14830,C015,2025-11-16,T3,1,Total,9,,,,,1
D14831,C015,2025-11-17,T1,1,Total,7,,,,,1
D14832,C015,2025-11-17,T2,1,Total,8,,,,,1
D14833,C015,2025-11-17,T3,1,Total,9,,,,,1
D14834,C015,2025-11-18,T1,1,Total,7,,,,,1
D14835,C015,2025-11-18,T2,1,Total,8,,,,,1
D14836,C015,2025-11-18,T3,1,Total,9,,,,,1
D14837,C015,2025-11-19,T1,1,Total,7,,,,,1
D14838,C015,2025-11-19,T2,0,Indisponível,0,consulta_medica,planeada,2025-10-25 21:00,593.0,1
D14839,C015,2025-11-19,T3,1,Total,9,,,,,1
D14840,C015,2025-11-20,T1,1,Total,7,,,,,1
D14841,C015,2025-11-20,T2,1,Total,8,,,,,1
D14842,C015,2025-11-20,T3,1,Total,9,,,,,1
D14843,C015,2025-11-21,T1,1,Total,7,,,,,1
D14844,C015,2025-11-21,T2,0,Indisponível,0,formação,planeada,2025-10-28 04:36,585.4,1
D14845,C015,2025-11-21,T3,1,Total,9,,,,,1
D14846,C015,2025-11-22,T1,1,Total,7,,,,,1
D14847,C015,2025-11-22,T2,1,Total,8,,,,,1
D14848,C015,2025-11-22,T3,1,Total,9,,,,,1
D14849,C015,2025-11-23,T1,1,Total,7,,,,,1
D14850,C015,2025-11-23,T2,1,Total,8,,,,,1
D14851,C015,2025-11-23,T3,1,Total,9,,,,,1
D14852,C015,2025-11-24,T1,0,Indisponível,0,formação,planeada,2025-11-08 00:30,390.5,1
D14853,C015,2025-11-24,T2,0,Indisponível,0,formação,planeada,2025-10-29 08:12,629.8,1
D14854,C015,2025-11-24,T3,1,Total,9,,,,,1
D14855,C015,2025-11-25,T1,1,Total,7,,,,,1
D14856,C015,2025-11-25,T2,1,Total,8,,,,,1
D14857,C015,2025-11-25,T3,0,Indisponível,0,consulta_medica,planeada,2025-11-01 02:48,595.2,1
D14858,C015,2025-11-26,T1,1,Total,7,,,,,1
D14859,C015,2025-11-26,T2,1,Total,8,,,,,1
D14860,C015,2025-11-26,T3,1,Total,9,,,,,1
D14861,C015,2025-11-27,T1,1,Total,7,,,,,1
D14862,C015,2025-11-27,T2,1,Total,8,,,,,1
D14863,C015,2025-11-27,T3,1,Total,9,,,,,1
D14864,C015,2025-11-28,T1,1,Total,7,,,,,1
D14865,C015,2025-11-28,T2,1,Total,8,,,,,1
D14866,C015,2025-11-28,T3,1,Total,9,,,,,1
D14867,C015,2025-11-29,T1,1,Total,7,,,,,1
D14868,C015,2025-11-29,T2,1,Total,8,,,,,1
D14869,C015,2025-11-29,T3,1,Total,9,,,,,1
D14870,C015,2025-11-30,T1,1,Total,7,,,,,1
D14871,C015,2025-11-30,T2,0,Indisponível,0,férias,planeada,2025-11-28 20:06,41.9,1
D14872,C015,2025-11-30,T3,1,Total,9,,,,,1
D14873,C015,2025-12-01,T1,1,Total,7,,,,,1
D14874,C015,2025-12-01,T2,1,Total,8,,,,,1
D14875,C015,2025-12-01,T3,1,Total,9,,,,,1
D14876,C015,2025-12-02,T1,1,Total,7,,,,,1
D14877,C015,2025-12-02,T2,1,Total,8,,,,,1
D14878,C015,2025-12-02,T3,1,Total,9,,,,,1
D14879,C015,2025-12-03,T1,1,Total,7,,,,,1
D14880,C015,2025-12-03,T2,1,Total,8,,,,,1
D14881,C015,2025-12-03,T3,1,Total,9,,,,,1
D14882,C015,2025-12-04,T1,1,Total,7,,,,,1
D14883,C015,2025-12-04,T2,1,Total,8,,,,,1
D14884,C015,2025-12-04,T3,0,Indisponível,0,férias,planeada,2025-11-09 23:30,598.5,1
D14885,C015,2025-12-05,T1,1,Total,7,,,,,1
D14886,C015,2025-12-05,T2,0,Indisponível,0,formação,planeada,2025-11-22 08:00,318.0,1
D14887,C015,2025-12-05,T3,1,Total,9,,,,,1
D14888,C015,2025-12-06,T1,1,Total,7,,,,,1
D14889,C015,2025-12-06,T2,1,Total,8,,,,,1
D14890,C015,2025-12-06,T3,1,Total,9,,,,,1
D14891,C015,2025-12-07,T1,1,Total,7,,,,,1
D14892,C015,2025-12-07,T2,0,Indisponível,0,folga,planeada,2025-12-04 10:18,75.7,1
D14893,C015,2025-12-07,T3,1,Total,9,,,,,1
D14894,C015,2025-12-08,T1,1,Total,7,,,,,1
D14895,C015,2025-12-08,T2,1,Total,8,,,,,1
D14896,C015,2025-12-08,T3,1,Total,9,,,,,1
D14897,C015,2025-12-09,T1,1,Total,7,,,,,1
D14898,C015,2025-12-09,T2,1,Total,8,,,,,1
D14899,C015,2025-12-09,T3,0,Indisponível,0,folga,planeada,2025-11-30 05:00,233.0,1
D14900,C015,2025-12-10,T1,0,Indisponível,0,folga,planeada,2025-11-17 20:12,538.8,1
D14901,C015,2025-12-10,T2,1,Total,8,,,,,1
D14902,C015,2025-12-10,T3,1,Total,9,,,,,1
D14903,C015,2025-12-11,T1,1,Total,7,,,,,1
D14904,C015,2025-12-11,T2,1,Total,8,,,,,1
D14905,C015,2025-12-11,T3,1,Total,9,,,,,1
D14906,C015,2025-12-12,T1,1,Total,7,,,,,1
D14907,C015,2025-12-12,T2,1,Parcial,4,formação,planeada,2025-12-11 04:24,33.6,1
D14908,C015,2025-12-12,T3,1,Total,9,,,,,1
D14909,C015,2025-12-13,T1,1,Total,7,,,,,1
D14910,C015,2025-12-13,T2,1,Total,8,,,,,1
D14911,C015,2025-12-13,T3,1,Total,9,,,,,1
D14912,C015,2025-12-14,T1,1,Total,7,,,,,1
D14913,C015,2025-12-14,T2,1,Total,8,,,,,1
D14914,C015,2025-12-14,T3,1,Total,9,,,,,1
D14915,C015,2025-12-15,T1,1,Parcial,4,preferencia_pessoal,planeada,2025-12-04 04:06,266.9,1
D14916,C015,2025-12-15,T2,1,Total,8,,,,,1
D14917,C015,2025-12-15,T3,1,Total,9,,,,,1
D14918,C015,2025-12-16,T1,1,Total,7,,,,,1
D14919,C015,2025-12-16,T2,1,Total,8,,,,,1
D14920,C015,2025-12-16,T3,1,Total,9,,,,,1
D14921,C015,2025-12-17,T1,1,Total,7,,,,,1
D14922,C015,2025-12-17,T2,1,Total,8,,,,,1
D14923,C015,2025-12-17,T3,1,Total,9,,,,,1
D14924,C015,2025-12-18,T1,1,Total,7,,,,,1
D14925,C015,2025-12-18,T2,1,Total,8,,,,,1
D14926,C015,2025-12-18,T3,1,Total,9,,,,,1
D14927,C015,2025-12-19,T1,1,Total,7,,,,,1
D14928,C015,2025-12-19,T2,1,Total,8,,,,,1
D14929,C015,2025-12-19,T3,1,Total,9,,,,,1
D14930,C015,2025-12-20,T1,1,Total,7,,,,,1
D14931,C015,2025-12-20,T2,1,Total,8,,,,,1
D14932,C015,2025-12-20,T3,1,Total,9,,,,,1
D14933,C015,2025-12-21,T1,1,Total,7,,,,,1
D14934,C015,2025-12-21,T2,1,Total,8,,,,,1
D14935,C015,2025-12-21,T3,1,Total,9,,,,,1
D14936,C015,2025-12-22,T1,1,Total,7,,,,,1
D14937,C015,2025-12-22,T2,1,Total,8,,,,,1
D14938,C015,2025-12-22,T3,1,Total,9,,,,,1
D14939,C015,2025-12-23,T1,1,Total,7,,,,,1
D14940,C015,2025-12-23,T2,1,Total,8,,,,,1
D14941,C015,2025-12-23,T3,1,Total,9,,,,,1
D14942,C015,2025-12-24,T1,1,Total,7,,,,,1
D14943,C015,2025-12-24,T2,1,Total,8,,,,,1
D14944,C015,2025-12-24,T3,1,Total,9,,,,,1
D14945,C015,2025-12-25,T1,1,Total,7,,,,,1
D14946,C015,2025-12-25,T2,1,Total,8,,,,,1
D14947,C015,2025-12-25,T3,1,Total,9,,,,,1
D14948,C015,2025-12-26,T1,1,Total,7,,,,,1
D14949,C015,2025-12-26,T2,1,Total,8,,,,,1
D14950,C015,2025-12-26,T3,1,Total,9,,,,,1
D14951,C015,2025-12-27,T1,1,Total,7,,,,,1
D14952,C015,2025-12-27,T2,1,Total,8,,,,,1
D14953,C015,2025-12-27,T3,1,Total,9,,,,,1
D14954,C015,2025-12-28,T1,1,Total,7,,,,,1
D14955,C015,2025-12-28,T2,1,Total,8,,,,,1
D14956,C015,2025-12-28,T3,1,Total,9,,,,,1
D14957,C015,2025-12-29,T1,1,Total,7,,,,,1
D14958,C015,2025-12-29,T2,1,Total,8,,,,,1
D14959,C015,2025-12-29,T3,1,Total,9,,,,,1
D14960,C015,2025-12-30,T1,0,Indisponível,0,férias,planeada,2025-12-25 06:48,120.2,1
D14961,C015,2025-12-30,T2,1,Total,8,,,,,1
D14962,C015,2025-12-30,T3,1,Total,9,,,,,1
D14963,C015,2025-12-31,T1,1,Total,7,,,,,1
D14964,C015,2025-12-31,T2,1,Total,8,,,,,1
D14965,C015,2025-12-31,T3,1,Total,9,,,,,1
D14966,C016,2025-01-01,T1,1,Total,7,,,,,1
D14967,C016,2025-01-01,T2,1,Total,8,,,,,1
D14968,C016,2025-01-01,T3,1,Total,9,,,,,1
D14969,C016,2025-01-02,T1,1,Total,7,,,,,1
D14970,C016,2025-01-02,T2,1,Total,8,,,,,1
D14971,C016,2025-01-02,T3,1,Total,9,,,,,1
D14972,C016,2025-01-03,T1,1,Total,7,,,,,1
D14973,C016,2025-01-03,T2,0,Indisponível,0,restrição_noite,planeada,2024-12-11 13:54,552.1,1
D14974,C016,2025-01-03,T3,1,Total,9,,,,,1
D14975,C016,2025-01-04,T1,1,Total,7,,,,,1
D14976,C016,2025-01-04,T2,1,Total,8,,,,,1
D14977,C016,2025-01-04,T3,1,Total,9,,,,,1
D14978,C016,2025-01-05,T1,1,Total,7,,,,,1
D14979,C016,2025-01-05,T2,1,Total,8,,,,,1
D14980,C016,2025-01-05,T3,1,Total,9,,,,,1
D14981,C016,2025-01-06,T1,1,Total,7,,,,,1
D14982,C016,2025-01-06,T2,1,Total,8,,,,,1
D14983,C016,2025-01-06,T3,1,Total,9,,,,,1
D14984,C016,2025-01-07,T1,1,Total,7,,,,,1
D14985,C016,2025-01-07,T2,1,Total,8,,,,,1
D14986,C016,2025-01-07,T3,1,Parcial,4,formação,planeada,2025-01-01 17:42,148.3,1
D14987,C016,2025-01-08,T1,1,Total,7,,,,,1
D14988,C016,2025-01-08,T2,1,Total,8,,,,,1
D14989,C016,2025-01-08,T3,1,Parcial,4,preferencia_pessoal,planeada,2024-12-28 00:54,285.1,1
D14990,C016,2025-01-09,T1,1,Total,7,,,,,1
D14991,C016,2025-01-09,T2,1,Total,8,,,,,1
D14992,C016,2025-01-09,T3,1,Total,9,,,,,1
D14993,C016,2025-01-10,T1,1,Parcial,4,preferencia_pessoal,planeada,2025-01-01 15:48,207.2,1
D14994,C016,2025-01-10,T2,1,Total,8,,,,,1
D14995,C016,2025-01-10,T3,1,Total,9,,,,,1
D14996,C016,2025-01-11,T1,1,Total,7,,,,,1
D14997,C016,2025-01-11,T2,1,Total,8,,,,,1
D14998,C016,2025-01-11,T3,1,Total,9,,,,,1
D14999,C016,2025-01-12,T1,1,Total,7,,,,,1
D15000,C016,2025-01-12,T2,1,Total,8,,,,,1
D15001,C016,2025-01-12,T3,1,Total,9,,,,,1
D15002,C016,2025-01-13,T1,1,Total,7,,,,,1
D15003,C016,2025-01-13,T2,1,Total,8,,,,,1
D15004,C016,2025-01-13,T3,1,Total,9,,,,,1
D15005,C016,2025-01-14,T1,1,Total,7,,,,,1
D15006,C016,2025-01-14,T2,1,Total,8,,,,,1
D15007,C016,2025-01-14,T3,1,Total,9,,,,,1
D15008,C016,2025-01-15,T1,1,Total,7,,,,,1
D15009,C016,2025-01-15,T2,1,Total,8,,,,,1
D15010,C016,2025-01-15,T3,1,Total,9,,,,,1
D15011,C016,2025-01-16,T1,1,Total,7,,,,,1
D15012,C016,2025-01-16,T2,1,Total,8,,,,,1
D15013,C016,2025-01-16,T3,1,Total,9,,,,,1
D15014,C016,2025-01-17,T1,1,Total,7,,,,,1
D15015,C016,2025-01-17,T2,1,Total,8,,,,,1
D15016,C016,2025-01-17,T3,1,Total,9,,,,,1
D15017,C016,2025-01-18,T1,1,Total,7,,,,,1
D15018,C016,2025-01-18,T2,1,Total,8,,,,,1
D15019,C016,2025-01-18,T3,1,Parcial,4,preferencia_pessoal,planeada,2025-01-16 07:54,62.1,1
D15020,C016,2025-01-19,T1,1,Total,7,,,,,1
D15021,C016,2025-01-19,T2,1,Total,8,,,,,1
D15022,C016,2025-01-19,T3,1,Total,9,,,,,1
D15023,C016,2025-01-20,T1,1,Total,7,,,,,1
D15024,C016,2025-01-20,T2,1,Total,8,,,,,1
D15025,C016,2025-01-20,T3,1,Parcial,4,consulta_medica,planeada,2025-01-09 09:48,276.2,1
D15026,C016,2025-01-21,T1,1,Total,7,,,,,1
D15027,C016,2025-01-21,T2,1,Total,8,,,,,1
D15028,C016,2025-01-21,T3,1,Total,9,,,,,1
D15029,C016,2025-01-22,T1,1,Total,7,,,,,1
D15030,C016,2025-01-22,T2,1,Total,8,,,,,1
D15031,C016,2025-01-22,T3,1,Total,9,,,,,1
D15032,C016,2025-01-23,T1,0,Indisponível,0,folga,planeada,2025-01-09 09:06,333.9,1
D15033,C016,2025-01-23,T2,1,Total,8,,,,,1
D15034,C016,2025-01-23,T3,1,Total,9,,,,,1
D15035,C016,2025-01-24,T1,1,Total,7,,,,,1
D15036,C016,2025-01-24,T2,1,Total,8,,,,,1
D15037,C016,2025-01-24,T3,1,Total,9,,,,,1
D15038,C016,2025-01-25,T1,1,Total,7,,,,,1
D15039,C016,2025-01-25,T2,1,Total,8,,,,,1
D15040,C016,2025-01-25,T3,1,Total,9,,,,,1
D15041,C016,2025-01-26,T1,1,Total,7,,,,,1
D15042,C016,2025-01-26,T2,1,Total,8,,,,,1
D15043,C016,2025-01-26,T3,1,Total,9,,,,,1
D15044,C016,2025-01-27,T1,1,Total,7,,,,,1
D15045,C016,2025-01-27,T2,1,Total,8,,,,,1
D15046,C016,2025-01-27,T3,1,Total,9,,,,,1
D15047,C016,2025-01-28,T1,0,Indisponível,0,baixa,inesperada,2025-01-28 00:54,6.1,1
D15048,C016,2025-01-28,T2,1,Total,8,,,,,1
D15049,C016,2025-01-28,T3,1,Total,9,,,,,1
D15050,C016,2025-01-29,T1,1,Total,7,,,,,1
D15051,C016,2025-01-29,T2,1,Total,8,,,,,1
D15052,C016,2025-01-29,T3,1,Total,9,,,,,1
D15053,C016,2025-01-30,T1,1,Total,7,,,,,1
D15054,C016,2025-01-30,T2,1,Total,8,,,,,1
D15055,C016,2025-01-30,T3,1,Total,9,,,,,1
D15056,C016,2025-01-31,T1,1,Total,7,,,,,1
D15057,C016,2025-01-31,T2,1,Total,8,,,,,1
D15058,C016,2025-01-31,T3,1,Total,9,,,,,1
D15059,C016,2025-02-01,T1,1,Total,7,,,,,1
D15060,C016,2025-02-01,T2,1,Total,8,,,,,1
D15061,C016,2025-02-01,T3,1,Total,9,,,,,1
D15062,C016,2025-02-02,T1,1,Total,7,,,,,1
D15063,C016,2025-02-02,T2,1,Parcial,4,consulta_medica,planeada,2025-01-28 11:48,122.2,1
D15064,C016,2025-02-02,T3,1,Total,9,,,,,1
D15065,C016,2025-02-03,T1,1,Total,7,,,,,1
D15066,C016,2025-02-03,T2,1,Total,8,,,,,1
D15067,C016,2025-02-03,T3,1,Total,9,,,,,1
D15068,C016,2025-02-04,T1,1,Total,7,,,,,1
D15069,C016,2025-02-04,T2,1,Total,8,,,,,1
D15070,C016,2025-02-04,T3,1,Total,9,,,,,1
D15071,C016,2025-02-05,T1,1,Total,7,,,,,1
D15072,C016,2025-02-05,T2,1,Total,8,,,,,1
D15073,C016,2025-02-05,T3,1,Total,9,,,,,1
D15074,C016,2025-02-06,T1,1,Total,7,,,,,1
D15075,C016,2025-02-06,T2,1,Total,8,,,,,1
D15076,C016,2025-02-06,T3,1,Total,9,,,,,1
D15077,C016,2025-02-07,T1,0,Indisponível,0,férias,planeada,2025-01-22 18:36,372.4,1
D15078,C016,2025-02-07,T2,1,Total,8,,,,,1
D15079,C016,2025-02-07,T3,1,Total,9,,,,,1
D15080,C016,2025-02-08,T1,1,Total,7,,,,,1
D15081,C016,2025-02-08,T2,1,Total,8,,,,,1
D15082,C016,2025-02-08,T3,1,Total,9,,,,,1
D15083,C016,2025-02-09,T1,1,Parcial,4,consulta_medica,planeada,2025-01-29 15:12,255.8,1
D15084,C016,2025-02-09,T2,1,Total,8,,,,,1
D15085,C016,2025-02-09,T3,1,Total,9,,,,,1
D15086,C016,2025-02-10,T1,1,Total,7,,,,,1
D15087,C016,2025-02-10,T2,1,Total,8,,,,,1
D15088,C016,2025-02-10,T3,1,Total,9,,,,,1
D15089,C016,2025-02-11,T1,1,Total,7,,,,,1
D15090,C016,2025-02-11,T2,1,Total,8,,,,,1
D15091,C016,2025-02-11,T3,1,Total,9,,,,,1
D15092,C016,2025-02-12,T1,1,Total,7,,,,,1
D15093,C016,2025-02-12,T2,1,Total,8,,,,,1
D15094,C016,2025-02-12,T3,1,Total,9,,,,,1
D15095,C016,2025-02-13,T1,1,Total,7,,,,,1
D15096,C016,2025-02-13,T2,1,Total,8,,,,,1
D15097,C016,2025-02-13,T3,1,Total,9,,,,,1
D15098,C016,2025-02-14,T1,1,Total,7,,,,,1
D15099,C016,2025-02-14,T2,1,Total,8,,,,,1
D15100,C016,2025-02-14,T3,1,Total,9,,,,,1
D15101,C016,2025-02-15,T1,1,Total,7,,,,,1
D15102,C016,2025-02-15,T2,1,Total,8,,,,,1
D15103,C016,2025-02-15,T3,1,Total,9,,,,,1
D15104,C016,2025-02-16,T1,1,Total,7,,,,,1
D15105,C016,2025-02-16,T2,1,Total,8,,,,,1
D15106,C016,2025-02-16,T3,1,Total,9,,,,,1
D15107,C016,2025-02-17,T1,1,Total,7,,,,,1
D15108,C016,2025-02-17,T2,1,Total,8,,,,,1
D15109,C016,2025-02-17,T3,1,Total,9,,,,,1
D15110,C016,2025-02-18,T1,1,Total,7,,,,,1
D15111,C016,2025-02-18,T2,1,Total,8,,,,,1
D15112,C016,2025-02-18,T3,0,Indisponível,0,consulta_medica,inesperada,2025-02-18 12:42,9.3,1
D15113,C016,2025-02-19,T1,1,Total,7,,,,,1
D15114,C016,2025-02-19,T2,1,Total,8,,,,,1
D15115,C016,2025-02-19,T3,0,Indisponível,0,férias,planeada,2025-01-22 18:12,675.8,1
D15116,C016,2025-02-20,T1,1,Total,7,,,,,1
D15117,C016,2025-02-20,T2,1,Total,8,,,,,1
D15118,C016,2025-02-20,T3,1,Total,9,,,,,1
D15119,C016,2025-02-21,T1,1,Total,7,,,,,1
D15120,C016,2025-02-21,T2,1,Total,8,,,,,1
D15121,C016,2025-02-21,T3,1,Parcial,4,preferencia_pessoal,planeada,2025-02-16 11:24,130.6,1
D15122,C016,2025-02-22,T1,1,Total,7,,,,,1
D15123,C016,2025-02-22,T2,1,Total,8,,,,,1
D15124,C016,2025-02-22,T3,1,Total,9,,,,,1
D15125,C016,2025-02-23,T1,1,Total,7,,,,,1
D15126,C016,2025-02-23,T2,1,Total,8,,,,,1
D15127,C016,2025-02-23,T3,1,Parcial,4,preferencia_pessoal,planeada,2025-02-10 10:24,323.6,1
D15128,C016,2025-02-24,T1,1,Total,7,,,,,1
D15129,C016,2025-02-24,T2,0,Indisponível,0,outro,inesperada,2025-02-24 07:06,6.9,1
D15130,C016,2025-02-24,T3,1,Total,9,,,,,1
D15131,C016,2025-02-25,T1,1,Total,7,,,,,1
D15132,C016,2025-02-25,T2,1,Total,8,,,,,1
D15133,C016,2025-02-25,T3,1,Total,9,,,,,1
D15134,C016,2025-02-26,T1,1,Total,7,,,,,1
D15135,C016,2025-02-26,T2,1,Parcial,4,formação,planeada,2025-02-25 03:42,34.3,1
D15136,C016,2025-02-26,T3,1,Total,9,,,,,1
D15137,C016,2025-02-27,T1,1,Total,7,,,,,1
D15138,C016,2025-02-27,T2,1,Total,8,,,,,1
D15139,C016,2025-02-27,T3,1,Total,9,,,,,1
D15140,C016,2025-02-28,T1,1,Total,7,,,,,1
D15141,C016,2025-02-28,T2,1,Total,8,,,,,1
D15142,C016,2025-02-28,T3,1,Total,9,,,,,1
D15143,C016,2025-03-01,T1,1,Total,7,,,,,1
D15144,C016,2025-03-01,T2,1,Total,8,,,,,1
D15145,C016,2025-03-01,T3,1,Total,9,,,,,1
D15146,C016,2025-03-02,T1,1,Total,7,,,,,1
D15147,C016,2025-03-02,T2,1,Total,8,,,,,1
D15148,C016,2025-03-02,T3,1,Total,9,,,,,1
D15149,C016,2025-03-03,T1,1,Total,7,,,,,1
D15150,C016,2025-03-03,T2,1,Total,8,,,,,1
D15151,C016,2025-03-03,T3,1,Total,9,,,,,1
D15152,C016,2025-03-04,T1,1,Total,7,,,,,1
D15153,C016,2025-03-04,T2,1,Parcial,4,preferencia_pessoal,planeada,2025-02-28 11:18,98.7,1
D15154,C016,2025-03-04,T3,1,Parcial,4,formação,planeada,2025-02-26 10:48,155.2,1
D15155,C016,2025-03-05,T1,0,Indisponível,0,folga,planeada,2025-02-27 21:48,129.2,1
D15156,C016,2025-03-05,T2,1,Total,8,,,,,1
D15157,C016,2025-03-05,T3,1,Parcial,4,formação,planeada,2025-02-24 16:48,221.2,1
D15158,C016,2025-03-06,T1,1,Total,7,,,,,1
D15159,C016,2025-03-06,T2,1,Parcial,4,preferencia_pessoal,planeada,2025-02-22 18:36,283.4,1
D15160,C016,2025-03-06,T3,1,Total,9,,,,,1
D15161,C016,2025-03-07,T1,1,Total,7,,,,,1
D15162,C016,2025-03-07,T2,1,Parcial,4,consulta_medica,planeada,2025-02-24 01:12,276.8,1
D15163,C016,2025-03-07,T3,1,Total,9,,,,,1
D15164,C016,2025-03-08,T1,1,Total,7,,,,,1
D15165,C016,2025-03-08,T2,1,Total,8,,,,,1
D15166,C016,2025-03-08,T3,1,Total,9,,,,,1
D15167,C016,2025-03-09,T1,1,Parcial,4,formação,planeada,2025-03-01 13:18,185.7,1
D15168,C016,2025-03-09,T2,1,Total,8,,,,,1
D15169,C016,2025-03-09,T3,1,Total,9,,,,,1
D15170,C016,2025-03-10,T1,1,Total,7,,,,,1
D15171,C016,2025-03-10,T2,1,Total,8,,,,,1
D15172,C016,2025-03-10,T3,0,Indisponível,0,folga,planeada,2025-02-10 01:06,692.9,1
D15173,C016,2025-03-11,T1,1,Total,7,,,,,1
D15174,C016,2025-03-11,T2,1,Total,8,,,,,1
D15175,C016,2025-03-11,T3,1,Total,9,,,,,1
D15176,C016,2025-03-12,T1,1,Total,7,,,,,1
D15177,C016,2025-03-12,T2,1,Total,8,,,,,1
D15178,C016,2025-03-12,T3,1,Total,9,,,,,1
D15179,C016,2025-03-13,T1,1,Total,7,,,,,1
D15180,C016,2025-03-13,T2,1,Parcial,4,formação,planeada,2025-03-07 11:18,146.7,1
D15181,C016,2025-03-13,T3,1,Total,9,,,,,1
D15182,C016,2025-03-14,T1,1,Total,7,,,,,1
D15183,C016,2025-03-14,T2,1,Total,8,,,,,1
D15184,C016,2025-03-14,T3,1,Total,9,,,,,1
D15185,C016,2025-03-15,T1,1,Total,7,,,,,1
D15186,C016,2025-03-15,T2,1,Parcial,4,preferencia_pessoal,planeada,2025-03-01 14:48,335.2,1
D15187,C016,2025-03-15,T3,1,Total,9,,,,,1
D15188,C016,2025-03-16,T1,1,Total,7,,,,,1
D15189,C016,2025-03-16,T2,1,Total,8,,,,,1
D15190,C016,2025-03-16,T3,1,Total,9,,,,,1
D15191,C016,2025-03-17,T1,0,Indisponível,0,consulta_medica,planeada,2025-03-12 20:24,106.6,1
D15192,C016,2025-03-17,T2,1,Total,8,,,,,1
D15193,C016,2025-03-17,T3,1,Total,9,,,,,1
D15194,C016,2025-03-18,T1,1,Total,7,,,,,1
D15195,C016,2025-03-18,T2,1,Total,8,,,,,1
D15196,C016,2025-03-18,T3,1,Parcial,4,formação,planeada,2025-03-08 15:00,247.0,1
D15197,C016,2025-03-19,T1,1,Total,7,,,,,1
D15198,C016,2025-03-19,T2,1,Total,8,,,,,1
D15199,C016,2025-03-19,T3,1,Total,9,,,,,1
D15200,C016,2025-03-20,T1,1,Total,7,,,,,1
D15201,C016,2025-03-20,T2,0,Indisponível,0,baixa,planeada,2025-03-17 22:54,63.1,1
D15202,C016,2025-03-20,T3,1,Total,9,,,,,1
D15203,C016,2025-03-21,T1,1,Total,7,,,,,1
D15204,C016,2025-03-21,T2,1,Total,8,,,,,1
D15205,C016,2025-03-21,T3,1,Parcial,4,consulta_medica,planeada,2025-03-21 01:18,20.7,1
D15206,C016,2025-03-22,T1,1,Total,7,,,,,1
D15207,C016,2025-03-22,T2,1,Total,8,,,,,1
D15208,C016,2025-03-22,T3,1,Total,9,,,,,1
D15209,C016,2025-03-23,T1,1,Total,7,,,,,1
D15210,C016,2025-03-23,T2,1,Total,8,,,,,1
D15211,C016,2025-03-23,T3,1,Total,9,,,,,1
D15212,C016,2025-03-24,T1,1,Total,7,,,,,1
D15213,C016,2025-03-24,T2,1,Total,8,,,,,1
D15214,C016,2025-03-24,T3,1,Total,9,,,,,1
D15215,C016,2025-03-25,T1,1,Total,7,,,,,1
D15216,C016,2025-03-25,T2,1,Parcial,4,consulta_medica,planeada,2025-03-21 18:12,91.8,1
D15217,C016,2025-03-25,T3,1,Total,9,,,,,1
D15218,C016,2025-03-26,T1,1,Parcial,4,preferencia_pessoal,planeada,2025-03-15 20:48,250.2,1
D15219,C016,2025-03-26,T2,1,Total,8,,,,,1
D15220,C016,2025-03-26,T3,1,Total,9,,,,,1
D15221,C016,2025-03-27,T1,1,Total,7,,,,,1
D15222,C016,2025-03-27,T2,1,Total,8,,,,,1
D15223,C016,2025-03-27,T3,1,Total,9,,,,,1
D15224,C016,2025-03-28,T1,1,Total,7,,,,,1
D15225,C016,2025-03-28,T2,1,Total,8,,,,,1
D15226,C016,2025-03-28,T3,1,Total,9,,,,,1
D15227,C016,2025-03-29,T1,1,Total,7,,,,,1
D15228,C016,2025-03-29,T2,1,Total,8,,,,,1
D15229,C016,2025-03-29,T3,1,Total,9,,,,,1
D15230,C016,2025-03-30,T1,0,Indisponível,0,folga,planeada,2025-03-04 11:18,619.7,1
D15231,C016,2025-03-30,T2,1,Total,8,,,,,1
D15232,C016,2025-03-30,T3,1,Total,9,,,,,1
D15233,C016,2025-03-31,T1,1,Total,7,,,,,1
D15234,C016,2025-03-31,T2,1,Total,8,,,,,1
D15235,C016,2025-03-31,T3,1,Total,9,,,,,1
D15236,C016,2025-04-01,T1,1,Total,7,,,,,1
D15237,C016,2025-04-01,T2,1,Parcial,4,formação,planeada,2025-03-20 20:30,281.5,1
D15238,C016,2025-04-01,T3,1,Total,9,,,,,1
D15239,C016,2025-04-02,T1,1,Total,7,,,,,1
D15240,C016,2025-04-02,T2,1,Total,8,,,,,1
D15241,C016,2025-04-02,T3,1,Total,9,,,,,1
D15242,C016,2025-04-03,T1,1,Total,7,,,,,1
D15243,C016,2025-04-03,T2,1,Total,8,,,,,1
D15244,C016,2025-04-03,T3,1,Total,9,,,,,1
D15245,C016,2025-04-04,T1,1,Total,7,,,,,1
D15246,C016,2025-04-04,T2,0,Indisponível,0,baixa,inesperada,2025-04-04 10:48,3.2,1
D15247,C016,2025-04-04,T3,1,Total,9,,,,,1
D15248,C016,2025-04-05,T1,1,Total,7,,,,,1
D15249,C016,2025-04-05,T2,1,Total,8,,,,,1
D15250,C016,2025-04-05,T3,1,Parcial,4,consulta_medica,planeada,2025-04-01 11:18,106.7,1
D15251,C016,2025-04-06,T1,1,Total,7,,,,,1
D15252,C016,2025-04-06,T2,1,Parcial,4,preferencia_pessoal,planeada,2025-03-27 16:18,237.7,1
D15253,C016,2025-04-06,T3,1,Total,9,,,,,1
D15254,C016,2025-04-07,T1,1,Total,7,,,,,1
D15255,C016,2025-04-07,T2,1,Total,8,,,,,1
D15256,C016,2025-04-07,T3,1,Total,9,,,,,1
D15257,C016,2025-04-08,T1,1,Parcial,4,preferencia_pessoal,planeada,2025-04-03 21:12,105.8,1
D15258,C016,2025-04-08,T2,1,Total,8,,,,,1
D15259,C016,2025-04-08,T3,1,Total,9,,,,,1
D15260,C016,2025-04-09,T1,1,Total,7,,,,,1
D15261,C016,2025-04-09,T2,1,Total,8,,,,,1
D15262,C016,2025-04-09,T3,1,Parcial,4,preferencia_pessoal,planeada,2025-04-08 17:12,28.8,1
D15263,C016,2025-04-10,T1,1,Total,7,,,,,1
D15264,C016,2025-04-10,T2,1,Total,8,,,,,1
D15265,C016,2025-04-10,T3,1,Parcial,4,consulta_medica,planeada,2025-03-28 09:18,324.7,1
D15266,C016,2025-04-11,T1,1,Total,7,,,,,1
D15267,C016,2025-04-11,T2,1,Total,8,,,,,1
D15268,C016,2025-04-11,T3,1,Total,9,,,,,1
D15269,C016,2025-04-12,T1,1,Total,7,,,,,1
D15270,C016,2025-04-12,T2,1,Total,8,,,,,1
D15271,C016,2025-04-12,T3,1,Total,9,,,,,1
D15272,C016,2025-04-13,T1,1,Total,7,,,,,1
D15273,C016,2025-04-13,T2,1,Total,8,,,,,1
D15274,C016,2025-04-13,T3,1,Parcial,4,preferencia_pessoal,planeada,2025-04-06 20:36,169.4,1
D15275,C016,2025-04-14,T1,1,Parcial,4,preferencia_pessoal,planeada,2025-04-12 11:30,43.5,1
D15276,C016,2025-04-14,T2,1,Total,8,,,,,1
D15277,C016,2025-04-14,T3,1,Total,9,,,,,1
D15278,C016,2025-04-15,T1,1,Total,7,,,,,1
D15279,C016,2025-04-15,T2,1,Total,8,,,,,1
D15280,C016,2025-04-15,T3,1,Total,9,,,,,1
D15281,C016,2025-04-16,T1,1,Total,7,,,,,1
D15282,C016,2025-04-16,T2,1,Parcial,4,formação,planeada,2025-04-14 03:42,58.3,1
D15283,C016,2025-04-16,T3,1,Total,9,,,,,1
D15284,C016,2025-04-17,T1,1,Total,7,,,,,1
D15285,C016,2025-04-17,T2,1,Total,8,,,,,1
D15286,C016,2025-04-17,T3,1,Total,9,,,,,1
D15287,C016,2025-04-18,T1,1,Parcial,4,preferencia_pessoal,planeada,2025-04-15 08:54,70.1,1
D15288,C016,2025-04-18,T2,1,Total,8,,,,,1
D15289,C016,2025-04-18,T3,1,Total,9,,,,,1
D15290,C016,2025-04-19,T1,1,Parcial,4,preferencia_pessoal,planeada,2025-04-18 01:24,29.6,1
D15291,C016,2025-04-19,T2,1,Total,8,,,,,1
D15292,C016,2025-04-19,T3,1,Total,9,,,,,1
D15293,C016,2025-04-20,T1,1,Total,7,,,,,1
D15294,C016,2025-04-20,T2,1,Total,8,,,,,1
D15295,C016,2025-04-20,T3,1,Total,9,,,,,1
D15296,C016,2025-04-21,T1,0,Indisponível,0,férias,planeada,2025-03-27 06:42,600.3,1
D15297,C016,2025-04-21,T2,1,Total,8,,,,,1
D15298,C016,2025-04-21,T3,1,Total,9,,,,,1
D15299,C016,2025-04-22,T1,1,Parcial,4,formação,planeada,2025-04-21 10:12,20.8,1
D15300,C016,2025-04-22,T2,1,Total,8,,,,,1
D15301,C016,2025-04-22,T3,1,Parcial,4,preferencia_pessoal,planeada,2025-04-18 23:00,95.0,1
D15302,C016,2025-04-23,T1,1,Total,7,,,,,1
D15303,C016,2025-04-23,T2,1,Total,8,,,,,1
D15304,C016,2025-04-23,T3,1,Parcial,4,consulta_medica,planeada,2025-04-17 16:30,149.5,1
D15305,C016,2025-04-24,T1,1,Total,7,,,,,1
D15306,C016,2025-04-24,T2,1,Total,8,,,,,1
D15307,C016,2025-04-24,T3,1,Total,9,,,,,1
D15308,C016,2025-04-25,T1,1,Total,7,,,,,1
D15309,C016,2025-04-25,T2,1,Total,8,,,,,1
D15310,C016,2025-04-25,T3,0,Indisponível,0,outro,planeada,2025-04-18 13:42,176.3,1
D15311,C016,2025-04-26,T1,1,Total,7,,,,,1
D15312,C016,2025-04-26,T2,1,Total,8,,,,,1
D15313,C016,2025-04-26,T3,1,Total,9,,,,,1
D15314,C016,2025-04-27,T1,0,Indisponível,0,férias,planeada,2025-04-07 11:12,475.8,1
D15315,C016,2025-04-27,T2,1,Parcial,4,consulta_medica,planeada,2025-04-15 14:30,287.5,1
D15316,C016,2025-04-27,T3,1,Total,9,,,,,1
D15317,C016,2025-04-28,T1,1,Total,7,,,,,1
D15318,C016,2025-04-28,T2,1,Total,8,,,,,1
D15319,C016,2025-04-28,T3,1,Total,9,,,,,1
D15320,C016,2025-04-29,T1,1,Parcial,4,formação,planeada,2025-04-20 03:06,219.9,1
D15321,C016,2025-04-29,T2,1,Total,8,,,,,1
D15322,C016,2025-04-29,T3,1,Total,9,,,,,1
D15323,C016,2025-04-30,T1,1,Total,7,,,,,1
D15324,C016,2025-04-30,T2,1,Total,8,,,,,1
D15325,C016,2025-04-30,T3,1,Total,9,,,,,1
D15326,C016,2025-05-01,T1,1,Total,7,,,,,1
D15327,C016,2025-05-01,T2,1,Total,8,,,,,1
D15328,C016,2025-05-01,T3,1,Total,9,,,,,1
D15329,C016,2025-05-02,T1,1,Total,7,,,,,1
D15330,C016,2025-05-02,T2,1,Total,8,,,,,1
D15331,C016,2025-05-02,T3,1,Parcial,4,formação,planeada,2025-04-29 21:48,72.2,1
D15332,C016,2025-05-03,T1,1,Total,7,,,,,1
D15333,C016,2025-05-03,T2,1,Total,8,,,,,1
D15334,C016,2025-05-03,T3,1,Total,9,,,,,1
D15335,C016,2025-05-04,T1,1,Total,7,,,,,1
D15336,C016,2025-05-04,T2,0,Indisponível,0,férias,planeada,2025-04-18 23:30,374.5,1
D15337,C016,2025-05-04,T3,1,Total,9,,,,,1
D15338,C016,2025-05-05,T1,1,Total,7,,,,,1
D15339,C016,2025-05-05,T2,1,Total,8,,,,,1
D15340,C016,2025-05-05,T3,1,Total,9,,,,,1
D15341,C016,2025-05-06,T1,1,Total,7,,,,,1
D15342,C016,2025-05-06,T2,1,Total,8,,,,,1
D15343,C016,2025-05-06,T3,1,Total,9,,,,,1
D15344,C016,2025-05-07,T1,1,Total,7,,,,,1
D15345,C016,2025-05-07,T2,1,Total,8,,,,,1
D15346,C016,2025-05-07,T3,1,Total,9,,,,,1
D15347,C016,2025-05-08,T1,1,Total,7,,,,,1
D15348,C016,2025-05-08,T2,1,Total,8,,,,,1
D15349,C016,2025-05-08,T3,1,Total,9,,,,,1
D15350,C016,2025-05-09,T1,1,Total,7,,,,,1
D15351,C016,2025-05-09,T2,1,Total,8,,,,,1
D15352,C016,2025-05-09,T3,1,Total,9,,,,,1
D15353,C016,2025-05-10,T1,1,Total,7,,,,,1
D15354,C016,2025-05-10,T2,1,Total,8,,,,,1
D15355,C016,2025-05-10,T3,1,Total,9,,,,,1
D15356,C016,2025-05-11,T1,1,Total,7,,,,,1
D15357,C016,2025-05-11,T2,1,Total,8,,,,,1
D15358,C016,2025-05-11,T3,1,Total,9,,,,,1
D15359,C016,2025-05-12,T1,1,Total,7,,,,,1
D15360,C016,2025-05-12,T2,1,Total,8,,,,,1
D15361,C016,2025-05-12,T3,1,Total,9,,,,,1
D15362,C016,2025-05-13,T1,1,Total,7,,,,,1
D15363,C016,2025-05-13,T2,1,Total,8,,,,,1
D15364,C016,2025-05-13,T3,1,Total,9,,,,,1
D15365,C016,2025-05-14,T1,1,Total,7,,,,,1
D15366,C016,2025-05-14,T2,1,Total,8,,,,,1
D15367,C016,2025-05-14,T3,1,Total,9,,,,,1
D15368,C016,2025-05-15,T1,1,Total,7,,,,,1
D15369,C016,2025-05-15,T2,1,Total,8,,,,,1
D15370,C016,2025-05-15,T3,1,Total,9,,,,,1
D15371,C016,2025-05-16,T1,1,Total,7,,,,,1
D15372,C016,2025-05-16,T2,1,Total,8,,,,,1
D15373,C016,2025-05-16,T3,1,Total,9,,,,,1
D15374,C016,2025-05-17,T1,1,Total,7,,,,,1
D15375,C016,2025-05-17,T2,1,Total,8,,,,,1
D15376,C016,2025-05-17,T3,1,Total,9,,,,,1
D15377,C016,2025-05-18,T1,1,Total,7,,,,,1
D15378,C016,2025-05-18,T2,1,Total,8,,,,,1
D15379,C016,2025-05-18,T3,1,Total,9,,,,,1
D15380,C016,2025-05-19,T1,1,Total,7,,,,,1
D15381,C016,2025-05-19,T2,1,Total,8,,,,,1
D15382,C016,2025-05-19,T3,1,Total,9,,,,,1
D15383,C016,2025-05-20,T1,1,Total,7,,,,,1
D15384,C016,2025-05-20,T2,1,Total,8,,,,,1
D15385,C016,2025-05-20,T3,1,Total,9,,,,,1
D15386,C016,2025-05-21,T1,1,Total,7,,,,,1
D15387,C016,2025-05-21,T2,1,Total,8,,,,,1
D15388,C016,2025-05-21,T3,1,Total,9,,,,,1
D15389,C016,2025-05-22,T1,1,Total,7,,,,,1
D15390,C016,2025-05-22,T2,1,Total,8,,,,,1
D15391,C016,2025-05-22,T3,1,Total,9,,,,,1
D15392,C016,2025-05-23,T1,1,Total,7,,,,,1
D15393,C016,2025-05-23,T2,1,Total,8,,,,,1
D15394,C016,2025-05-23,T3,1,Total,9,,,,,1
D15395,C016,2025-05-24,T1,1,Total,7,,,,,1
D15396,C016,2025-05-24,T2,1,Total,8,,,,,1
D15397,C016,2025-05-24,T3,1,Total,9,,,,,1
D15398,C016,2025-05-25,T1,1,Total,7,,,,,1
D15399,C016,2025-05-25,T2,1,Total,8,,,,,1
D15400,C016,2025-05-25,T3,1,Total,9,,,,,1
D15401,C016,2025-05-26,T1,1,Total,7,,,,,1
D15402,C016,2025-05-26,T2,1,Total,8,,,,,1
D15403,C016,2025-05-26,T3,1,Total,9,,,,,1
D15404,C016,2025-05-27,T1,1,Total,7,,,,,1
D15405,C016,2025-05-27,T2,1,Parcial,4,preferencia_pessoal,planeada,2025-05-25 23:30,38.5,1
D15406,C016,2025-05-27,T3,1,Total,9,,,,,1
D15407,C016,2025-05-28,T1,1,Total,7,,,,,1
D15408,C016,2025-05-28,T2,1,Total,8,,,,,1
D15409,C016,2025-05-28,T3,1,Total,9,,,,,1
D15410,C016,2025-05-29,T1,1,Total,7,,,,,1
D15411,C016,2025-05-29,T2,1,Total,8,,,,,1
D15412,C016,2025-05-29,T3,1,Total,9,,,,,1
D15413,C016,2025-05-30,T1,1,Total,7,,,,,1
D15414,C016,2025-05-30,T2,1,Total,8,,,,,1
D15415,C016,2025-05-30,T3,1,Total,9,,,,,1
D15416,C016,2025-05-31,T1,1,Total,7,,,,,1
D15417,C016,2025-05-31,T2,1,Total,8,,,,,1
D15418,C016,2025-05-31,T3,1,Total,9,,,,,1
D15419,C016,2025-06-01,T1,1,Total,7,,,,,1
D15420,C016,2025-06-01,T2,0,Indisponível,0,consulta_medica,planeada,2025-05-16 04:48,393.2,1
D15421,C016,2025-06-01,T3,1,Total,9,,,,,1
D15422,C016,2025-06-02,T1,1,Total,7,,,,,1
D15423,C016,2025-06-02,T2,1,Total,8,,,,,1
D15424,C016,2025-06-02,T3,1,Total,9,,,,,1
D15425,C016,2025-06-03,T1,1,Total,7,,,,,1
D15426,C016,2025-06-03,T2,1,Total,8,,,,,1
D15427,C016,2025-06-03,T3,1,Total,9,,,,,1
D15428,C016,2025-06-04,T1,1,Parcial,4,consulta_medica,planeada,2025-05-30 00:06,126.9,1
D15429,C016,2025-06-04,T2,1,Total,8,,,,,1
D15430,C016,2025-06-04,T3,1,Total,9,,,,,1
D15431,C016,2025-06-05,T1,1,Parcial,4,consulta_medica,planeada,2025-05-26 09:54,237.1,1
D15432,C016,2025-06-05,T2,0,Indisponível,0,folga,planeada,2025-05-12 07:06,582.9,1
D15433,C016,2025-06-05,T3,1,Total,9,,,,,1
D15434,C016,2025-06-06,T1,1,Total,7,,,,,1
D15435,C016,2025-06-06,T2,1,Total,8,,,,,1
D15436,C016,2025-06-06,T3,1,Total,9,,,,,1
D15437,C016,2025-06-07,T1,1,Total,7,,,,,1
D15438,C016,2025-06-07,T2,0,Indisponível,0,folga,planeada,2025-05-22 06:18,391.7,1
D15439,C016,2025-06-07,T3,1,Total,9,,,,,1
D15440,C016,2025-06-08,T1,1,Total,7,,,,,1
D15441,C016,2025-06-08,T2,1,Total,8,,,,,1
D15442,C016,2025-06-08,T3,1,Total,9,,,,,1
D15443,C016,2025-06-09,T1,1,Total,7,,,,,1
D15444,C016,2025-06-09,T2,1,Total,8,,,,,1
D15445,C016,2025-06-09,T3,1,Total,9,,,,,1
D15446,C016,2025-06-10,T1,1,Total,7,,,,,1
D15447,C016,2025-06-10,T2,1,Parcial,4,formação,planeada,2025-05-27 20:48,329.2,1
D15448,C016,2025-06-10,T3,1,Total,9,,,,,1
D15449,C016,2025-06-11,T1,1,Total,7,,,,,1
D15450,C016,2025-06-11,T2,1,Total,8,,,,,1
D15451,C016,2025-06-11,T3,1,Total,9,,,,,1
D15452,C016,2025-06-12,T1,1,Total,7,,,,,1
D15453,C016,2025-06-12,T2,1,Total,8,,,,,1
D15454,C016,2025-06-12,T3,1,Total,9,,,,,1
D15455,C016,2025-06-13,T1,1,Total,7,,,,,1
D15456,C016,2025-06-13,T2,1,Total,8,,,,,1
D15457,C016,2025-06-13,T3,1,Total,9,,,,,1
D15458,C016,2025-06-14,T1,1,Total,7,,,,,1
D15459,C016,2025-06-14,T2,1,Total,8,,,,,1
D15460,C016,2025-06-14,T3,1,Total,9,,,,,1
D15461,C016,2025-06-15,T1,1,Total,7,,,,,1
D15462,C016,2025-06-15,T2,1,Total,8,,,,,1
D15463,C016,2025-06-15,T3,1,Total,9,,,,,1
D15464,C016,2025-06-16,T1,1,Total,7,,,,,1
D15465,C016,2025-06-16,T2,1,Total,8,,,,,1
D15466,C016,2025-06-16,T3,1,Total,9,,,,,1
D15467,C016,2025-06-17,T1,1,Total,7,,,,,1
D15468,C016,2025-06-17,T2,1,Total,8,,,,,1
D15469,C016,2025-06-17,T3,1,Total,9,,,,,1
D15470,C016,2025-06-18,T1,1,Total,7,,,,,1
D15471,C016,2025-06-18,T2,1,Total,8,,,,,1
D15472,C016,2025-06-18,T3,1,Total,9,,,,,1
D15473,C016,2025-06-19,T1,1,Total,7,,,,,1
D15474,C016,2025-06-19,T2,1,Total,8,,,,,1
D15475,C016,2025-06-19,T3,1,Parcial,4,formação,planeada,2025-06-16 23:12,70.8,1
D15476,C016,2025-06-20,T1,1,Total,7,,,,,1
D15477,C016,2025-06-20,T2,1,Total,8,,,,,1
D15478,C016,2025-06-20,T3,1,Total,9,,,,,1
D15479,C016,2025-06-21,T1,1,Total,7,,,,,1
D15480,C016,2025-06-21,T2,1,Total,8,,,,,1
D15481,C016,2025-06-21,T3,1,Total,9,,,,,1
D15482,C016,2025-06-22,T1,1,Total,7,,,,,1
D15483,C016,2025-06-22,T2,1,Total,8,,,,,1
D15484,C016,2025-06-22,T3,1,Total,9,,,,,1
D15485,C016,2025-06-23,T1,1,Total,7,,,,,1
D15486,C016,2025-06-23,T2,1,Total,8,,,,,1
D15487,C016,2025-06-23,T3,1,Total,9,,,,,1
D15488,C016,2025-06-24,T1,0,Indisponível,0,preferencia_pessoal,planeada,2025-06-20 14:54,88.1,1
D15489,C016,2025-06-24,T2,1,Total,8,,,,,1
D15490,C016,2025-06-24,T3,1,Total,9,,,,,1
D15491,C016,2025-06-25,T1,0,Indisponível,0,férias,planeada,2025-06-03 14:24,520.6,1
D15492,C016,2025-06-25,T2,1,Total,8,,,,,1
D15493,C016,2025-06-25,T3,1,Total,9,,,,,1
D15494,C016,2025-06-26,T1,1,Total,7,,,,,1
D15495,C016,2025-06-26,T2,1,Total,8,,,,,1
D15496,C016,2025-06-26,T3,1,Parcial,4,formação,planeada,2025-06-23 07:00,87.0,1
D15497,C016,2025-06-27,T1,1,Total,7,,,,,1
D15498,C016,2025-06-27,T2,1,Total,8,,,,,1
D15499,C016,2025-06-27,T3,1,Total,9,,,,,1
D15500,C016,2025-06-28,T1,1,Total,7,,,,,1
D15501,C016,2025-06-28,T2,1,Total,8,,,,,1
D15502,C016,2025-06-28,T3,1,Total,9,,,,,1
D15503,C016,2025-06-29,T1,1,Total,7,,,,,1
D15504,C016,2025-06-29,T2,1,Total,8,,,,,1
D15505,C016,2025-06-29,T3,1,Total,9,,,,,1
D15506,C016,2025-06-30,T1,1,Total,7,,,,,1
D15507,C016,2025-06-30,T2,1,Total,8,,,,,1
D15508,C016,2025-06-30,T3,1,Total,9,,,,,1
D15509,C016,2025-07-01,T1,1,Parcial,4,formação,planeada,2025-06-17 21:36,321.4,1
D15510,C016,2025-07-01,T2,1,Total,8,,,,,1
D15511,C016,2025-07-01,T3,1,Total,9,,,,,1
D15512,C016,2025-07-02,T1,1,Parcial,4,consulta_medica,planeada,2025-06-19 12:36,306.4,1
D15513,C016,2025-07-02,T2,1,Parcial,4,preferencia_pessoal,planeada,2025-06-18 22:00,328.0,1
D15514,C016,2025-07-02,T3,1,Total,9,,,,,1
D15515,C016,2025-07-03,T1,1,Total,7,,,,,1
D15516,C016,2025-07-03,T2,1,Total,8,,,,,1
D15517,C016,2025-07-03,T3,1,Total,9,,,,,1
D15518,C016,2025-07-04,T1,0,Indisponível,0,férias,planeada,2025-06-07 06:30,648.5,1
D15519,C016,2025-07-04,T2,1,Total,8,,,,,1
D15520,C016,2025-07-04,T3,1,Total,9,,,,,1
D15521,C016,2025-07-05,T1,1,Total,7,,,,,1
D15522,C016,2025-07-05,T2,1,Total,8,,,,,1
D15523,C016,2025-07-05,T3,1,Total,9,,,,,1
D15524,C016,2025-07-06,T1,1,Total,7,,,,,1
D15525,C016,2025-07-06,T2,1,Total,8,,,,,1
D15526,C016,2025-07-06,T3,1,Total,9,,,,,1
D15527,C016,2025-07-07,T1,1,Total,7,,,,,1
D15528,C016,2025-07-07,T2,0,Indisponível,0,preferencia_pessoal,planeada,2025-06-11 05:42,632.3,1
D15529,C016,2025-07-07,T3,1,Total,9,,,,,1
D15530,C016,2025-07-08,T1,1,Total,7,,,,,1
D15531,C016,2025-07-08,T2,1,Total,8,,,,,1
D15532,C016,2025-07-08,T3,1,Total,9,,,,,1
D15533,C016,2025-07-09,T1,1,Total,7,,,,,1
D15534,C016,2025-07-09,T2,1,Total,8,,,,,1
D15535,C016,2025-07-09,T3,1,Total,9,,,,,1
D15536,C016,2025-07-10,T1,1,Total,7,,,,,1
D15537,C016,2025-07-10,T2,1,Total,8,,,,,1
D15538,C016,2025-07-10,T3,1,Total,9,,,,,1
D15539,C016,2025-07-11,T1,1,Total,7,,,,,1
D15540,C016,2025-07-11,T2,1,Parcial,4,formação,planeada,2025-07-08 10:00,76.0,1
D15541,C016,2025-07-11,T3,1,Parcial,4,preferencia_pessoal,planeada,2025-07-03 18:48,195.2,1
D15542,C016,2025-07-12,T1,1,Parcial,4,preferencia_pessoal,planeada,2025-07-09 00:24,78.6,1
D15543,C016,2025-07-12,T2,1,Total,8,,,,,1
D15544,C016,2025-07-12,T3,1,Parcial,4,preferencia_pessoal,planeada,2025-07-11 02:00,44.0,1
D15545,C016,2025-07-13,T1,1,Total,7,,,,,1
D15546,C016,2025-07-13,T2,1,Total,8,,,,,1
D15547,C016,2025-07-13,T3,1,Parcial,4,consulta_medica,planeada,2025-07-02 20:24,265.6,1
D15548,C016,2025-07-14,T1,1,Total,7,,,,,1
D15549,C016,2025-07-14,T2,1,Total,8,,,,,1
D15550,C016,2025-07-14,T3,1,Total,9,,,,,1
D15551,C016,2025-07-15,T1,0,Indisponível,0,folga,planeada,2025-06-18 01:24,653.6,1
D15552,C016,2025-07-15,T2,1,Total,8,,,,,1
D15553,C016,2025-07-15,T3,0,Indisponível,0,preferencia_pessoal,planeada,2025-06-30 01:18,380.7,1
D15554,C016,2025-07-16,T1,1,Total,7,,,,,1
D15555,C016,2025-07-16,T2,1,Parcial,4,preferencia_pessoal,planeada,2025-07-14 11:24,50.6,1
D15556,C016,2025-07-16,T3,1,Total,9,,,,,1
D15557,C016,2025-07-17,T1,1,Total,7,,,,,1
D15558,C016,2025-07-17,T2,1,Total,8,,,,,1
D15559,C016,2025-07-17,T3,1,Total,9,,,,,1
D15560,C016,2025-07-18,T1,1,Total,7,,,,,1
D15561,C016,2025-07-18,T2,1,Parcial,4,formação,planeada,2025-07-04 23:48,326.2,1
D15562,C016,2025-07-18,T3,1,Total,9,,,,,1
D15563,C016,2025-07-19,T1,1,Total,7,,,,,1
D15564,C016,2025-07-19,T2,1,Total,8,,,,,1
D15565,C016,2025-07-19,T3,1,Total,9,,,,,1
D15566,C016,2025-07-20,T1,1,Total,7,,,,,1
D15567,C016,2025-07-20,T2,1,Parcial,4,preferencia_pessoal,planeada,2025-07-19 13:48,24.2,1
D15568,C016,2025-07-20,T3,1,Total,9,,,,,1
D15569,C016,2025-07-21,T1,1,Total,7,,,,,1
D15570,C016,2025-07-21,T2,1,Parcial,4,preferencia_pessoal,planeada,2025-07-19 10:24,51.6,1
D15571,C016,2025-07-21,T3,1,Total,9,,,,,1
D15572,C016,2025-07-22,T1,1,Total,7,,,,,1
D15573,C016,2025-07-22,T2,1,Total,8,,,,,1
D15574,C016,2025-07-22,T3,1,Parcial,4,consulta_medica,planeada,2025-07-10 13:54,296.1,1
D15575,C016,2025-07-23,T1,1,Total,7,,,,,1
D15576,C016,2025-07-23,T2,1,Parcial,4,consulta_medica,planeada,2025-07-20 03:24,82.6,1
D15577,C016,2025-07-23,T3,1,Total,9,,,,,1
D15578,C016,2025-07-24,T1,1,Total,7,,,,,1
D15579,C016,2025-07-24,T2,1,Total,8,,,,,1
D15580,C016,2025-07-24,T3,1,Total,9,,,,,1
D15581,C016,2025-07-25,T1,1,Parcial,4,formação,planeada,2025-07-13 19:12,275.8,1
D15582,C016,2025-07-25,T2,1,Total,8,,,,,1
D15583,C016,2025-07-25,T3,1,Total,9,,,,,1
D15584,C016,2025-07-26,T1,1,Total,7,,,,,1
D15585,C016,2025-07-26,T2,1,Total,8,,,,,1
D15586,C016,2025-07-26,T3,1,Total,9,,,,,1
D15587,C016,2025-07-27,T1,1,Parcial,4,formação,planeada,2025-07-18 05:54,217.1,1
D15588,C016,2025-07-27,T2,1,Total,8,,,,,1
D15589,C016,2025-07-27,T3,1,Total,9,,,,,1
D15590,C016,2025-07-28,T1,1,Total,7,,,,,1
D15591,C016,2025-07-28,T2,1,Total,8,,,,,1
D15592,C016,2025-07-28,T3,1,Total,9,,,,,1
D15593,C016,2025-07-29,T1,1,Total,7,,,,,1
D15594,C016,2025-07-29,T2,1,Total,8,,,,,1
D15595,C016,2025-07-29,T3,1,Total,9,,,,,1
D15596,C016,2025-07-30,T1,1,Total,7,,,,,1
D15597,C016,2025-07-30,T2,1,Total,8,,,,,1
D15598,C016,2025-07-30,T3,1,Total,9,,,,,1
D15599,C016,2025-07-31,T1,1,Total,7,,,,,1
D15600,C016,2025-07-31,T2,1,Total,8,,,,,1
D15601,C016,2025-07-31,T3,1,Total,9,,,,,1
D15602,C016,2025-08-01,T1,1,Total,7,,,,,1
D15603,C016,2025-08-01,T2,0,Indisponível,0,folga,planeada,2025-07-02 20:48,713.2,1
D15604,C016,2025-08-01,T3,1,Total,9,,,,,1
D15605,C016,2025-08-02,T1,1,Total,7,,,,,1
D15606,C016,2025-08-02,T2,1,Total,8,,,,,1
D15607,C016,2025-08-02,T3,1,Total,9,,,,,1
D15608,C016,2025-08-03,T1,1,Total,7,,,,,1
D15609,C016,2025-08-03,T2,1,Total,8,,,,,1
D15610,C016,2025-08-03,T3,1,Total,9,,,,,1
D15611,C016,2025-08-04,T1,1,Total,7,,,,,1
D15612,C016,2025-08-04,T2,1,Total,8,,,,,1
D15613,C016,2025-08-04,T3,1,Total,9,,,,,1
D15614,C016,2025-08-05,T1,1,Total,7,,,,,1
D15615,C016,2025-08-05,T2,1,Total,8,,,,,1
D15616,C016,2025-08-05,T3,1,Parcial,4,consulta_medica,planeada,2025-07-31 03:42,138.3,1
D15617,C016,2025-08-06,T1,1,Total,7,,,,,1
D15618,C016,2025-08-06,T2,1,Total,8,,,,,1
D15619,C016,2025-08-06,T3,1,Total,9,,,,,1
D15620,C016,2025-08-07,T1,1,Total,7,,,,,1
D15621,C016,2025-08-07,T2,1,Total,8,,,,,1
D15622,C016,2025-08-07,T3,1,Total,9,,,,,1
D15623,C016,2025-08-08,T1,1,Total,7,,,,,1
D15624,C016,2025-08-08,T2,1,Parcial,4,consulta_medica,planeada,2025-08-06 14:00,48.0,1
D15625,C016,2025-08-08,T3,0,Indisponível,0,restrição_noite,planeada,2025-07-24 09:30,372.5,1
D15626,C016,2025-08-09,T1,1,Total,7,,,,,1
D15627,C016,2025-08-09,T2,1,Total,8,,,,,1
D15628,C016,2025-08-09,T3,1,Total,9,,,,,1
D15629,C016,2025-08-10,T1,0,Indisponível,0,consulta_medica,planeada,2025-07-16 22:54,584.1,1
D15630,C016,2025-08-10,T2,1,Total,8,,,,,1
D15631,C016,2025-08-10,T3,0,Indisponível,0,formação,planeada,2025-07-17 10:36,587.4,1
D15632,C016,2025-08-11,T1,1,Total,7,,,,,1
D15633,C016,2025-08-11,T2,1,Total,8,,,,,1
D15634,C016,2025-08-11,T3,1,Total,9,,,,,1
D15635,C016,2025-08-12,T1,1,Total,7,,,,,1
D15636,C016,2025-08-12,T2,1,Total,8,,,,,1
D15637,C016,2025-08-12,T3,1,Parcial,4,consulta_medica,planeada,2025-08-05 04:12,185.8,1
D15638,C016,2025-08-13,T1,1,Total,7,,,,,1
D15639,C016,2025-08-13,T2,1,Total,8,,,,,1
D15640,C016,2025-08-13,T3,1,Total,9,,,,,1
D15641,C016,2025-08-14,T1,1,Parcial,4,preferencia_pessoal,planeada,2025-08-02 01:06,293.9,1
D15642,C016,2025-08-14,T2,1,Total,8,,,,,1
D15643,C016,2025-08-14,T3,1,Total,9,,,,,1
D15644,C016,2025-08-15,T1,1,Total,7,,,,,1
D15645,C016,2025-08-15,T2,1,Total,8,,,,,1
D15646,C016,2025-08-15,T3,1,Total,9,,,,,1
D15647,C016,2025-08-16,T1,1,Total,7,,,,,1
D15648,C016,2025-08-16,T2,1,Total,8,,,,,1
D15649,C016,2025-08-16,T3,1,Total,9,,,,,1
D15650,C016,2025-08-17,T1,1,Total,7,,,,,1
D15651,C016,2025-08-17,T2,1,Total,8,,,,,1
D15652,C016,2025-08-17,T3,1,Total,9,,,,,1
D15653,C016,2025-08-18,T1,1,Total,7,,,,,1
D15654,C016,2025-08-18,T2,1,Total,8,,,,,1
D15655,C016,2025-08-18,T3,0,Indisponível,0,férias,planeada,2025-08-17 06:24,39.6,1
D15656,C016,2025-08-19,T1,1,Total,7,,,,,1
D15657,C016,2025-08-19,T2,1,Total,8,,,,,1
D15658,C016,2025-08-19,T3,1,Total,9,,,,,1
D15659,C016,2025-08-20,T1,1,Parcial,4,consulta_medica,planeada,2025-08-07 18:42,300.3,1
D15660,C016,2025-08-20,T2,1,Total,8,,,,,1
D15661,C016,2025-08-20,T3,1,Total,9,,,,,1
D15662,C016,2025-08-21,T1,1,Total,7,,,,,1
D15663,C016,2025-08-21,T2,0,Indisponível,0,restrição_noite,planeada,2025-07-29 05:48,560.2,1
D15664,C016,2025-08-21,T3,1,Total,9,,,,,1
D15665,C016,2025-08-22,T1,1,Total,7,,,,,1
D15666,C016,2025-08-22,T2,1,Total,8,,,,,1
D15667,C016,2025-08-22,T3,1,Total,9,,,,,1
D15668,C016,2025-08-23,T1,1,Total,7,,,,,1
D15669,C016,2025-08-23,T2,1,Total,8,,,,,1
D15670,C016,2025-08-23,T3,1,Total,9,,,,,1
D15671,C016,2025-08-24,T1,1,Total,7,,,,,1
D15672,C016,2025-08-24,T2,0,Indisponível,0,nao_autorizado_fds,planeada,2025-08-15 13:12,216.8,1
D15673,C016,2025-08-24,T3,1,Total,9,,,,,1
D15674,C016,2025-08-25,T1,1,Total,7,,,,,1
D15675,C016,2025-08-25,T2,1,Total,8,,,,,1
D15676,C016,2025-08-25,T3,1,Total,9,,,,,1
D15677,C016,2025-08-26,T1,1,Total,7,,,,,1
D15678,C016,2025-08-26,T2,1,Total,8,,,,,1
D15679,C016,2025-08-26,T3,1,Total,9,,,,,1
D15680,C016,2025-08-27,T1,1,Total,7,,,,,1
D15681,C016,2025-08-27,T2,1,Parcial,4,consulta_medica,planeada,2025-08-15 14:06,287.9,1
D15682,C016,2025-08-27,T3,1,Total,9,,,,,1
D15683,C016,2025-08-28,T1,1,Parcial,4,preferencia_pessoal,planeada,2025-08-15 12:06,306.9,1
D15684,C016,2025-08-28,T2,1,Total,8,,,,,1
D15685,C016,2025-08-28,T3,1,Total,9,,,,,1
D15686,C016,2025-08-29,T1,1,Parcial,4,consulta_medica,planeada,2025-08-17 00:36,294.4,1
D15687,C016,2025-08-29,T2,1,Total,8,,,,,1
D15688,C016,2025-08-29,T3,1,Total,9,,,,,1
D15689,C016,2025-08-30,T1,1,Total,7,,,,,1
D15690,C016,2025-08-30,T2,1,Total,8,,,,,1
D15691,C016,2025-08-30,T3,1,Total,9,,,,,1
D15692,C016,2025-08-31,T1,1,Total,7,,,,,1
D15693,C016,2025-08-31,T2,1,Total,8,,,,,1
D15694,C016,2025-08-31,T3,1,Total,9,,,,,1
D15695,C016,2025-09-01,T1,1,Total,7,,,,,1
D15696,C016,2025-09-01,T2,1,Total,8,,,,,1
D15697,C016,2025-09-01,T3,1,Total,9,,,,,1
D15698,C016,2025-09-02,T1,1,Total,7,,,,,1
D15699,C016,2025-09-02,T2,1,Total,8,,,,,1
D15700,C016,2025-09-02,T3,1,Total,9,,,,,1
D15701,C016,2025-09-03,T1,1,Total,7,,,,,1
D15702,C016,2025-09-03,T2,1,Total,8,,,,,1
D15703,C016,2025-09-03,T3,1,Total,9,,,,,1
D15704,C016,2025-09-04,T1,1,Total,7,,,,,1
D15705,C016,2025-09-04,T2,1,Total,8,,,,,1
D15706,C016,2025-09-04,T3,1,Total,9,,,,,1
D15707,C016,2025-09-05,T1,1,Total,7,,,,,1
D15708,C016,2025-09-05,T2,1,Total,8,,,,,1
D15709,C016,2025-09-05,T3,1,Total,9,,,,,1
D15710,C016,2025-09-06,T1,1,Total,7,,,,,1
D15711,C016,2025-09-06,T2,1,Total,8,,,,,1
D15712,C016,2025-09-06,T3,1,Total,9,,,,,1
D15713,C016,2025-09-07,T1,1,Total,7,,,,,1
D15714,C016,2025-09-07,T2,1,Parcial,4,consulta_medica,planeada,2025-09-03 16:48,93.2,1
D15715,C016,2025-09-07,T3,1,Total,9,,,,,1
D15716,C016,2025-09-08,T1,1,Total,7,,,,,1
D15717,C016,2025-09-08,T2,1,Total,8,,,,,1
D15718,C016,2025-09-08,T3,1,Total,9,,,,,1
D15719,C016,2025-09-09,T1,1,Total,7,,,,,1
D15720,C016,2025-09-09,T2,1,Total,8,,,,,1
D15721,C016,2025-09-09,T3,1,Total,9,,,,,1
D15722,C016,2025-09-10,T1,1,Total,7,,,,,1
D15723,C016,2025-09-10,T2,1,Total,8,,,,,1
D15724,C016,2025-09-10,T3,1,Total,9,,,,,1
D15725,C016,2025-09-11,T1,1,Total,7,,,,,1
D15726,C016,2025-09-11,T2,0,Indisponível,0,baixa,inesperada,2025-09-11 03:18,10.7,1
D15727,C016,2025-09-11,T3,1,Total,9,,,,,1
D15728,C016,2025-09-12,T1,1,Total,7,,,,,1
D15729,C016,2025-09-12,T2,1,Total,8,,,,,1
D15730,C016,2025-09-12,T3,0,Indisponível,0,férias,planeada,2025-08-17 01:06,644.9,1
D15731,C016,2025-09-13,T1,1,Total,7,,,,,1
D15732,C016,2025-09-13,T2,1,Total,8,,,,,1
D15733,C016,2025-09-13,T3,1,Total,9,,,,,1
D15734,C016,2025-09-14,T1,1,Total,7,,,,,1
D15735,C016,2025-09-14,T2,1,Total,8,,,,,1
D15736,C016,2025-09-14,T3,1,Total,9,,,,,1
D15737,C016,2025-09-15,T1,1,Total,7,,,,,1
D15738,C016,2025-09-15,T2,1,Total,8,,,,,1
D15739,C016,2025-09-15,T3,1,Total,9,,,,,1
D15740,C016,2025-09-16,T1,1,Total,7,,,,,1
D15741,C016,2025-09-16,T2,1,Total,8,,,,,1
D15742,C016,2025-09-16,T3,0,Indisponível,0,férias,planeada,2025-09-12 04:06,113.9,1
D15743,C016,2025-09-17,T1,1,Total,7,,,,,1
D15744,C016,2025-09-17,T2,1,Total,8,,,,,1
D15745,C016,2025-09-17,T3,1,Total,9,,,,,1
D15746,C016,2025-09-18,T1,1,Total,7,,,,,1
D15747,C016,2025-09-18,T2,1,Total,8,,,,,1
D15748,C016,2025-09-18,T3,1,Total,9,,,,,1
D15749,C016,2025-09-19,T1,1,Parcial,4,consulta_medica,planeada,2025-09-15 19:42,83.3,1
D15750,C016,2025-09-19,T2,1,Total,8,,,,,1
D15751,C016,2025-09-19,T3,1,Total,9,,,,,1
D15752,C016,2025-09-20,T1,1,Total,7,,,,,1
D15753,C016,2025-09-20,T2,1,Total,8,,,,,1
D15754,C016,2025-09-20,T3,1,Total,9,,,,,1
D15755,C016,2025-09-21,T1,1,Total,7,,,,,1
D15756,C016,2025-09-21,T2,1,Total,8,,,,,1
D15757,C016,2025-09-21,T3,1,Total,9,,,,,1
D15758,C016,2025-09-22,T1,1,Total,7,,,,,1
D15759,C016,2025-09-22,T2,1,Total,8,,,,,1
D15760,C016,2025-09-22,T3,1,Total,9,,,,,1
D15761,C016,2025-09-23,T1,1,Total,7,,,,,1
D15762,C016,2025-09-23,T2,1,Total,8,,,,,1
D15763,C016,2025-09-23,T3,1,Total,9,,,,,1
D15764,C016,2025-09-24,T1,1,Total,7,,,,,1
D15765,C016,2025-09-24,T2,1,Total,8,,,,,1
D15766,C016,2025-09-24,T3,1,Total,9,,,,,1
D15767,C016,2025-09-25,T1,1,Total,7,,,,,1
D15768,C016,2025-09-25,T2,1,Total,8,,,,,1
D15769,C016,2025-09-25,T3,1,Total,9,,,,,1
D15770,C016,2025-09-26,T1,1,Total,7,,,,,1
D15771,C016,2025-09-26,T2,1,Total,8,,,,,1
D15772,C016,2025-09-26,T3,1,Total,9,,,,,1
D15773,C016,2025-09-27,T1,1,Total,7,,,,,1
D15774,C016,2025-09-27,T2,1,Parcial,4,formação,planeada,2025-09-17 08:42,245.3,1
D15775,C016,2025-09-27,T3,1,Total,9,,,,,1
D15776,C016,2025-09-28,T1,1,Total,7,,,,,1
D15777,C016,2025-09-28,T2,1,Total,8,,,,,1
D15778,C016,2025-09-28,T3,1,Total,9,,,,,1
D15779,C016,2025-09-29,T1,1,Total,7,,,,,1
D15780,C016,2025-09-29,T2,1,Total,8,,,,,1
D15781,C016,2025-09-29,T3,1,Total,9,,,,,1
D15782,C016,2025-09-30,T1,1,Total,7,,,,,1
D15783,C016,2025-09-30,T2,0,Indisponível,0,folga,planeada,2025-09-15 08:42,365.3,1
D15784,C016,2025-09-30,T3,1,Total,9,,,,,1
D15785,C016,2025-10-01,T1,0,Indisponível,0,férias,planeada,2025-09-19 21:48,273.2,1
D15786,C016,2025-10-01,T2,1,Parcial,4,consulta_medica,planeada,2025-09-28 02:12,83.8,1
D15787,C016,2025-10-01,T3,1,Total,9,,,,,1
D15788,C016,2025-10-02,T1,1,Total,7,,,,,1
D15789,C016,2025-10-02,T2,1,Total,8,,,,,1
D15790,C016,2025-10-02,T3,1,Total,9,,,,,1
D15791,C016,2025-10-03,T1,1,Total,7,,,,,1
D15792,C016,2025-10-03,T2,1,Total,8,,,,,1
D15793,C016,2025-10-03,T3,1,Total,9,,,,,1
D15794,C016,2025-10-04,T1,1,Total,7,,,,,1
D15795,C016,2025-10-04,T2,1,Total,8,,,,,1
D15796,C016,2025-10-04,T3,1,Total,9,,,,,1
D15797,C016,2025-10-05,T1,1,Total,7,,,,,1
D15798,C016,2025-10-05,T2,1,Total,8,,,,,1
D15799,C016,2025-10-05,T3,1,Total,9,,,,,1
D15800,C016,2025-10-06,T1,1,Total,7,,,,,1
D15801,C016,2025-10-06,T2,1,Total,8,,,,,1
D15802,C016,2025-10-06,T3,1,Total,9,,,,,1
D15803,C016,2025-10-07,T1,1,Total,7,,,,,1
D15804,C016,2025-10-07,T2,1,Total,8,,,,,1
D15805,C016,2025-10-07,T3,1,Parcial,4,formação,planeada,2025-10-06 01:54,44.1,1
D15806,C016,2025-10-08,T1,1,Total,7,,,,,1
D15807,C016,2025-10-08,T2,1,Total,8,,,,,1
D15808,C016,2025-10-08,T3,1,Total,9,,,,,1
D15809,C016,2025-10-09,T1,0,Indisponível,0,folga,planeada,2025-09-25 02:30,340.5,1
D15810,C016,2025-10-09,T2,1,Total,8,,,,,1
D15811,C016,2025-10-09,T3,1,Total,9,,,,,1
D15812,C016,2025-10-10,T1,1,Parcial,4,formação,planeada,2025-10-01 19:42,203.3,1
D15813,C016,2025-10-10,T2,1,Total,8,,,,,1
D15814,C016,2025-10-10,T3,1,Total,9,,,,,1
D15815,C016,2025-10-11,T1,1,Total,7,,,,,1
D15816,C016,2025-10-11,T2,1,Total,8,,,,,1
D15817,C016,2025-10-11,T3,1,Total,9,,,,,1
D15818,C016,2025-10-12,T1,1,Total,7,,,,,1
D15819,C016,2025-10-12,T2,1,Total,8,,,,,1
D15820,C016,2025-10-12,T3,1,Total,9,,,,,1
D15821,C016,2025-10-13,T1,1,Total,7,,,,,1
D15822,C016,2025-10-13,T2,1,Parcial,4,preferencia_pessoal,planeada,2025-10-05 04:00,202.0,1
D15823,C016,2025-10-13,T3,0,Indisponível,0,baixa,planeada,2025-10-02 20:18,265.7,1
D15824,C016,2025-10-14,T1,1,Total,7,,,,,1
D15825,C016,2025-10-14,T2,0,Indisponível,0,folga,planeada,2025-09-26 19:48,426.2,1
D15826,C016,2025-10-14,T3,1,Parcial,4,consulta_medica,planeada,2025-10-05 17:42,220.3,1
D15827,C016,2025-10-15,T1,1,Total,7,,,,,1
D15828,C016,2025-10-15,T2,1,Total,8,,,,,1
D15829,C016,2025-10-15,T3,1,Total,9,,,,,1
D15830,C016,2025-10-16,T1,1,Parcial,4,preferencia_pessoal,planeada,2025-10-15 18:18,12.7,1
D15831,C016,2025-10-16,T2,0,Indisponível,0,consulta_medica,planeada,2025-10-03 09:24,316.6,1
D15832,C016,2025-10-16,T3,1,Total,9,,,,,1
D15833,C016,2025-10-17,T1,1,Total,7,,,,,1
D15834,C016,2025-10-17,T2,1,Total,8,,,,,1
D15835,C016,2025-10-17,T3,1,Total,9,,,,,1
D15836,C016,2025-10-18,T1,1,Total,7,,,,,1
D15837,C016,2025-10-18,T2,1,Total,8,,,,,1
D15838,C016,2025-10-18,T3,1,Parcial,4,preferencia_pessoal,planeada,2025-10-13 15:18,126.7,1
D15839,C016,2025-10-19,T1,1,Total,7,,,,,1
D15840,C016,2025-10-19,T2,1,Total,8,,,,,1
D15841,C016,2025-10-19,T3,1,Total,9,,,,,1
D15842,C016,2025-10-20,T1,1,Total,7,,,,,1
D15843,C016,2025-10-20,T2,1,Total,8,,,,,1
D15844,C016,2025-10-20,T3,1,Total,9,,,,,1
D15845,C016,2025-10-21,T1,1,Total,7,,,,,1
D15846,C016,2025-10-21,T2,1,Total,8,,,,,1
D15847,C016,2025-10-21,T3,1,Total,9,,,,,1
D15848,C016,2025-10-22,T1,1,Total,7,,,,,1
D15849,C016,2025-10-22,T2,1,Total,8,,,,,1
D15850,C016,2025-10-22,T3,1,Total,9,,,,,1
D15851,C016,2025-10-23,T1,1,Total,7,,,,,1
D15852,C016,2025-10-23,T2,1,Total,8,,,,,1
D15853,C016,2025-10-23,T3,1,Total,9,,,,,1
D15854,C016,2025-10-24,T1,1,Total,7,,,,,1
D15855,C016,2025-10-24,T2,1,Total,8,,,,,1
D15856,C016,2025-10-24,T3,1,Parcial,4,formação,planeada,2025-10-19 07:54,134.1,1
D15857,C016,2025-10-25,T1,1,Total,7,,,,,1
D15858,C016,2025-10-25,T2,1,Total,8,,,,,1
D15859,C016,2025-10-25,T3,1,Total,9,,,,,1
D15860,C016,2025-10-26,T1,1,Total,7,,,,,1
D15861,C016,2025-10-26,T2,1,Parcial,4,formação,planeada,2025-10-13 07:48,318.2,1
D15862,C016,2025-10-26,T3,1,Total,9,,,,,1
D15863,C016,2025-10-27,T1,1,Total,7,,,,,1
D15864,C016,2025-10-27,T2,1,Total,8,,,,,1
D15865,C016,2025-10-27,T3,1,Total,9,,,,,1
D15866,C016,2025-10-28,T1,1,Total,7,,,,,1
D15867,C016,2025-10-28,T2,1,Total,8,,,,,1
D15868,C016,2025-10-28,T3,1,Total,9,,,,,1
D15869,C016,2025-10-29,T1,1,Total,7,,,,,1
D15870,C016,2025-10-29,T2,1,Total,8,,,,,1
D15871,C016,2025-10-29,T3,1,Parcial,4,preferencia_pessoal,planeada,2025-10-20 12:30,225.5,1
D15872,C016,2025-10-30,T1,1,Total,7,,,,,1
D15873,C016,2025-10-30,T2,1,Total,8,,,,,1
D15874,C016,2025-10-30,T3,1,Parcial,4,preferencia_pessoal,planeada,2025-10-22 22:36,191.4,1
D15875,C016,2025-10-31,T1,1,Total,7,,,,,1
D15876,C016,2025-10-31,T2,1,Total,8,,,,,1
D15877,C016,2025-10-31,T3,1,Parcial,4,preferencia_pessoal,planeada,2025-10-20 15:42,270.3,1
D15878,C016,2025-11-01,T1,1,Parcial,4,preferencia_pessoal,planeada,2025-10-28 11:18,91.7,1
D15879,C016,2025-11-01,T2,1,Parcial,4,preferencia_pessoal,planeada,2025-10-23 15:12,214.8,1
D15880,C016,2025-11-01,T3,1,Total,9,,,,,1
D15881,C016,2025-11-02,T1,0,Indisponível,0,formação,planeada,2025-10-18 16:42,350.3,1
D15882,C016,2025-11-02,T2,1,Total,8,,,,,1
D15883,C016,2025-11-02,T3,1,Total,9,,,,,1
D15884,C016,2025-11-03,T1,1,Total,7,,,,,1
D15885,C016,2025-11-03,T2,1,Total,8,,,,,1
D15886,C016,2025-11-03,T3,1,Total,9,,,,,1
D15887,C016,2025-11-04,T1,1,Total,7,,,,,1
D15888,C016,2025-11-04,T2,1,Total,8,,,,,1
D15889,C016,2025-11-04,T3,1,Parcial,4,preferencia_pessoal,planeada,2025-10-30 07:18,134.7,1
D15890,C016,2025-11-05,T1,1,Total,7,,,,,1
D15891,C016,2025-11-05,T2,1,Total,8,,,,,1
D15892,C016,2025-11-05,T3,1,Total,9,,,,,1
D15893,C016,2025-11-06,T1,1,Total,7,,,,,1
D15894,C016,2025-11-06,T2,1,Total,8,,,,,1
D15895,C016,2025-11-06,T3,1,Parcial,4,preferencia_pessoal,planeada,2025-10-26 00:00,286.0,1
D15896,C016,2025-11-07,T1,1,Total,7,,,,,1
D15897,C016,2025-11-07,T2,0,Indisponível,0,folga,planeada,2025-10-16 01:30,540.5,1
D15898,C016,2025-11-07,T3,1,Total,9,,,,,1
D15899,C016,2025-11-08,T1,1,Total,7,,,,,1
D15900,C016,2025-11-08,T2,1,Total,8,,,,,1
D15901,C016,2025-11-08,T3,1,Total,9,,,,,1
D15902,C016,2025-11-09,T1,1,Total,7,,,,,1
D15903,C016,2025-11-09,T2,1,Total,8,,,,,1
D15904,C016,2025-11-09,T3,1,Total,9,,,,,1
D15905,C016,2025-11-10,T1,1,Total,7,,,,,1
D15906,C016,2025-11-10,T2,1,Total,8,,,,,1
D15907,C016,2025-11-10,T3,1,Total,9,,,,,1
D15908,C016,2025-11-11,T1,1,Total,7,,,,,1
D15909,C016,2025-11-11,T2,1,Total,8,,,,,1
D15910,C016,2025-11-11,T3,1,Total,9,,,,,1
D15911,C016,2025-11-12,T1,1,Total,7,,,,,1
D15912,C016,2025-11-12,T2,1,Total,8,,,,,1
D15913,C016,2025-11-12,T3,1,Total,9,,,,,1
D15914,C016,2025-11-13,T1,1,Parcial,4,preferencia_pessoal,planeada,2025-11-02 14:24,256.6,1
D15915,C016,2025-11-13,T2,1,Total,8,,,,,1
D15916,C016,2025-11-13,T3,1,Parcial,4,formação,planeada,2025-11-02 14:18,271.7,1
D15917,C016,2025-11-14,T1,1,Total,7,,,,,1
D15918,C016,2025-11-14,T2,1,Total,8,,,,,1
D15919,C016,2025-11-14,T3,1,Total,9,,,,,1
D15920,C016,2025-11-15,T1,1,Total,7,,,,,1
D15921,C016,2025-11-15,T2,1,Total,8,,,,,1
D15922,C016,2025-11-15,T3,1,Total,9,,,,,1
D15923,C016,2025-11-16,T1,0,Indisponível,0,folga,planeada,2025-11-07 16:24,206.6,1
D15924,C016,2025-11-16,T2,1,Total,8,,,,,1
D15925,C016,2025-11-16,T3,1,Total,9,,,,,1
D15926,C016,2025-11-17,T1,1,Total,7,,,,,1
D15927,C016,2025-11-17,T2,1,Total,8,,,,,1
D15928,C016,2025-11-17,T3,1,Total,9,,,,,1
D15929,C016,2025-11-18,T1,1,Total,7,,,,,1
D15930,C016,2025-11-18,T2,1,Total,8,,,,,1
D15931,C016,2025-11-18,T3,1,Total,9,,,,,1
D15932,C016,2025-11-19,T1,1,Total,7,,,,,1
D15933,C016,2025-11-19,T2,1,Total,8,,,,,1
D15934,C016,2025-11-19,T3,1,Total,9,,,,,1
D15935,C016,2025-11-20,T1,1,Total,7,,,,,1
D15936,C016,2025-11-20,T2,1,Total,8,,,,,1
D15937,C016,2025-11-20,T3,1,Total,9,,,,,1
D15938,C016,2025-11-21,T1,1,Total,7,,,,,1
D15939,C016,2025-11-21,T2,1,Total,8,,,,,1
D15940,C016,2025-11-21,T3,1,Total,9,,,,,1
D15941,C016,2025-11-22,T1,1,Total,7,,,,,1
D15942,C016,2025-11-22,T2,1,Total,8,,,,,1
D15943,C016,2025-11-22,T3,1,Total,9,,,,,1
D15944,C016,2025-11-23,T1,1,Total,7,,,,,1
D15945,C016,2025-11-23,T2,1,Total,8,,,,,1
D15946,C016,2025-11-23,T3,1,Total,9,,,,,1
D15947,C016,2025-11-24,T1,1,Total,7,,,,,1
D15948,C016,2025-11-24,T2,1,Total,8,,,,,1
D15949,C016,2025-11-24,T3,1,Total,9,,,,,1
D15950,C016,2025-11-25,T1,1,Total,7,,,,,1
D15951,C016,2025-11-25,T2,1,Total,8,,,,,1
D15952,C016,2025-11-25,T3,1,Total,9,,,,,1
D15953,C016,2025-11-26,T1,1,Total,7,,,,,1
D15954,C016,2025-11-26,T2,1,Total,8,,,,,1
D15955,C016,2025-11-26,T3,1,Total,9,,,,,1
D15956,C016,2025-11-27,T1,1,Total,7,,,,,1
D15957,C016,2025-11-27,T2,1,Total,8,,,,,1
D15958,C016,2025-11-27,T3,0,Indisponível,0,férias,planeada,2025-11-23 08:12,109.8,1
D15959,C016,2025-11-28,T1,0,Indisponível,0,férias,planeada,2025-11-23 23:12,103.8,1
D15960,C016,2025-11-28,T2,1,Total,8,,,,,1
D15961,C016,2025-11-28,T3,1,Total,9,,,,,1
D15962,C016,2025-11-29,T1,1,Total,7,,,,,1
D15963,C016,2025-11-29,T2,1,Total,8,,,,,1
D15964,C016,2025-11-29,T3,1,Parcial,4,consulta_medica,planeada,2025-11-17 17:18,292.7,1
D15965,C016,2025-11-30,T1,1,Total,7,,,,,1
D15966,C016,2025-11-30,T2,1,Total,8,,,,,1
D15967,C016,2025-11-30,T3,1,Total,9,,,,,1
D15968,C016,2025-12-01,T1,1,Total,7,,,,,1
D15969,C016,2025-12-01,T2,1,Total,8,,,,,1
D15970,C016,2025-12-01,T3,1,Total,9,,,,,1
D15971,C016,2025-12-02,T1,1,Total,7,,,,,1
D15972,C016,2025-12-02,T2,1,Total,8,,,,,1
D15973,C016,2025-12-02,T3,1,Total,9,,,,,1
D15974,C016,2025-12-03,T1,1,Total,7,,,,,1
D15975,C016,2025-12-03,T2,1,Total,8,,,,,1
D15976,C016,2025-12-03,T3,1,Total,9,,,,,1
D15977,C016,2025-12-04,T1,1,Total,7,,,,,1
D15978,C016,2025-12-04,T2,1,Total,8,,,,,1
D15979,C016,2025-12-04,T3,1,Parcial,4,preferencia_pessoal,planeada,2025-11-22 16:30,293.5,1
D15980,C016,2025-12-05,T1,1,Total,7,,,,,1
D15981,C016,2025-12-05,T2,0,Indisponível,0,folga,planeada,2025-11-29 07:18,150.7,1
D15982,C016,2025-12-05,T3,1,Total,9,,,,,1
D15983,C016,2025-12-06,T1,1,Total,7,,,,,1
D15984,C016,2025-12-06,T2,1,Total,8,,,,,1
D15985,C016,2025-12-06,T3,1,Total,9,,,,,1
D15986,C016,2025-12-07,T1,1,Total,7,,,,,1
D15987,C016,2025-12-07,T2,1,Total,8,,,,,1
D15988,C016,2025-12-07,T3,1,Total,9,,,,,1
D15989,C016,2025-12-08,T1,1,Total,7,,,,,1
D15990,C016,2025-12-08,T2,1,Total,8,,,,,1
D15991,C016,2025-12-08,T3,1,Total,9,,,,,1
D15992,C016,2025-12-09,T1,1,Total,7,,,,,1
D15993,C016,2025-12-09,T2,1,Total,8,,,,,1
D15994,C016,2025-12-09,T3,1,Total,9,,,,,1
D15995,C016,2025-12-10,T1,1,Parcial,4,consulta_medica,planeada,2025-11-30 08:48,238.2,1
D15996,C016,2025-12-10,T2,1,Total,8,,,,,1
D15997,C016,2025-12-10,T3,1,Total,9,,,,,1
D15998,C016,2025-12-11,T1,1,Total,7,,,,,1
D15999,C016,2025-12-11,T2,1,Total,8,,,,,1
D16000,C016,2025-12-11,T3,1,Parcial,4,consulta_medica,planeada,2025-12-03 22:00,192.0,1
D16001,C016,2025-12-12,T1,1,Total,7,,,,,1
D16002,C016,2025-12-12,T2,1,Total,8,,,,,1
D16003,C016,2025-12-12,T3,1,Total,9,,,,,1
D16004,C016,2025-12-13,T1,1,Total,7,,,,,1
D16005,C016,2025-12-13,T2,1,Total,8,,,,,1
D16006,C016,2025-12-13,T3,1,Total,9,,,,,1
D16007,C016,2025-12-14,T1,1,Total,7,,,,,1
D16008,C016,2025-12-14,T2,1,Total,8,,,,,1
D16009,C016,2025-12-14,T3,1,Parcial,4,preferencia_pessoal,planeada,2025-12-07 19:48,170.2,1
D16010,C016,2025-12-15,T1,1,Total,7,,,,,1
D16011,C016,2025-12-15,T2,1,Total,8,,,,,1
D16012,C016,2025-12-15,T3,1,Total,9,,,,,1
D16013,C016,2025-12-16,T1,1,Total,7,,,,,1
D16014,C016,2025-12-16,T2,1,Total,8,,,,,1
D16015,C016,2025-12-16,T3,1,Total,9,,,,,1
D16016,C016,2025-12-17,T1,1,Total,7,,,,,1
D16017,C016,2025-12-17,T2,1,Total,8,,,,,1
D16018,C016,2025-12-17,T3,1,Total,9,,,,,1
D16019,C016,2025-12-18,T1,1,Parcial,4,consulta_medica,planeada,2025-12-05 20:48,298.2,1
D16020,C016,2025-12-18,T2,0,Indisponível,0,preferencia_pessoal,planeada,2025-12-16 15:18,46.7,1
D16021,C016,2025-12-18,T3,1,Total,9,,,,,1
D16022,C016,2025-12-19,T1,1,Total,7,,,,,1
D16023,C016,2025-12-19,T2,1,Total,8,,,,,1
D16024,C016,2025-12-19,T3,1,Total,9,,,,,1
D16025,C016,2025-12-20,T1,1,Parcial,4,preferencia_pessoal,planeada,2025-12-09 08:30,262.5,1
D16026,C016,2025-12-20,T2,1,Total,8,,,,,1
D16027,C016,2025-12-20,T3,1,Total,9,,,,,1
D16028,C016,2025-12-21,T1,1,Total,7,,,,,1
D16029,C016,2025-12-21,T2,1,Total,8,,,,,1
D16030,C016,2025-12-21,T3,1,Total,9,,,,,1
D16031,C016,2025-12-22,T1,1,Total,7,,,,,1
D16032,C016,2025-12-22,T2,1,Total,8,,,,,1
D16033,C016,2025-12-22,T3,1,Total,9,,,,,1
D16034,C016,2025-12-23,T1,1,Total,7,,,,,1
D16035,C016,2025-12-23,T2,1,Total,8,,,,,1
D16036,C016,2025-12-23,T3,1,Total,9,,,,,1
D16037,C016,2025-12-24,T1,1,Total,7,,,,,1
D16038,C016,2025-12-24,T2,1,Total,8,,,,,1
D16039,C016,2025-12-24,T3,1,Parcial,4,formação,planeada,2025-12-19 06:30,135.5,1
D16040,C016,2025-12-25,T1,1,Total,7,,,,,1
D16041,C016,2025-12-25,T2,1,Total,8,,,,,1
D16042,C016,2025-12-25,T3,1,Total,9,,,,,1
D16043,C016,2025-12-26,T1,1,Total,7,,,,,1
D16044,C016,2025-12-26,T2,1,Total,8,,,,,1
D16045,C016,2025-12-26,T3,1,Total,9,,,,,1
D16046,C016,2025-12-27,T1,0,Indisponível,0,outro,planeada,2025-11-29 17:36,661.4,1
D16047,C016,2025-12-27,T2,1,Total,8,,,,,1
D16048,C016,2025-12-27,T3,1,Total,9,,,,,1
D16049,C016,2025-12-28,T1,1,Parcial,4,preferencia_pessoal,planeada,2025-12-25 19:48,59.2,1
D16050,C016,2025-12-28,T2,1,Total,8,,,,,1
D16051,C016,2025-12-28,T3,1,Total,9,,,,,1
D16052,C016,2025-12-29,T1,1,Total,7,,,,,1
D16053,C016,2025-12-29,T2,1,Total,8,,,,,1
D16054,C016,2025-12-29,T3,1,Total,9,,,,,1
D16055,C016,2025-12-30,T1,1,Total,7,,,,,1
D16056,C016,2025-12-30,T2,1,Total,8,,,,,1
D16057,C016,2025-12-30,T3,1,Total,9,,,,,1
D16058,C016,2025-12-31,T1,1,Parcial,4,consulta_medica,planeada,2025-12-26 20:30,106.5,1
D16059,C016,2025-12-31,T2,1,Total,8,,,,,1
D16060,C016,2025-12-31,T3,1,Total,9,,,,,1
D16061,C017,2025-01-01,T1,1,Total,7,,,,,1
D16062,C017,2025-01-01,T2,1,Total,8,,,,,1
D16063,C017,2025-01-01,T3,1,Total,9,,,,,1
D16064,C017,2025-01-02,T1,1,Parcial,4,preferencia_pessoal,planeada,2024-12-29 20:48,82.2,1
D16065,C017,2025-01-02,T2,1,Total,8,,,,,1
D16066,C017,2025-01-02,T3,1,Total,9,,,,,1
D16067,C017,2025-01-03,T1,1,Total,7,,,,,1
D16068,C017,2025-01-03,T2,1,Total,8,,,,,1
D16069,C017,2025-01-03,T3,1,Total,9,,,,,1
D16070,C017,2025-01-04,T1,1,Total,7,,,,,1
D16071,C017,2025-01-04,T2,1,Parcial,4,consulta_medica,planeada,2024-12-31 09:54,100.1,1
D16072,C017,2025-01-04,T3,1,Total,9,,,,,1
D16073,C017,2025-01-05,T1,1,Total,7,,,,,1
D16074,C017,2025-01-05,T2,1,Total,8,,,,,1
D16075,C017,2025-01-05,T3,1,Parcial,4,consulta_medica,planeada,2024-12-25 03:54,282.1,1
D16076,C017,2025-01-06,T1,1,Total,7,,,,,1
D16077,C017,2025-01-06,T2,1,Total,8,,,,,1
D16078,C017,2025-01-06,T3,1,Total,9,,,,,1
D16079,C017,2025-01-07,T1,1,Total,7,,,,,1
D16080,C017,2025-01-07,T2,1,Total,8,,,,,1
D16081,C017,2025-01-07,T3,1,Total,9,,,,,1
D16082,C017,2025-01-08,T1,1,Total,7,,,,,1
D16083,C017,2025-01-08,T2,0,Indisponível,0,folga,planeada,2024-12-20 05:30,464.5,1
D16084,C017,2025-01-08,T3,1,Parcial,4,formação,planeada,2025-01-01 10:42,179.3,1
D16085,C017,2025-01-09,T1,1,Total,7,,,,,1
D16086,C017,2025-01-09,T2,1,Total,8,,,,,1
D16087,C017,2025-01-09,T3,1,Total,9,,,,,1
D16088,C017,2025-01-10,T1,1,Total,7,,,,,1
D16089,C017,2025-01-10,T2,1,Total,8,,,,,1
D16090,C017,2025-01-10,T3,0,Indisponível,0,preferencia_pessoal,planeada,2024-12-23 11:24,442.6,1
D16091,C017,2025-01-11,T1,1,Total,7,,,,,1
D16092,C017,2025-01-11,T2,1,Total,8,,,,,1
D16093,C017,2025-01-11,T3,1,Total,9,,,,,1
D16094,C017,2025-01-12,T1,1,Parcial,4,consulta_medica,planeada,2025-01-05 06:18,168.7,1
D16095,C017,2025-01-12,T2,1,Total,8,,,,,1
D16096,C017,2025-01-12,T3,1,Parcial,4,preferencia_pessoal,planeada,2025-01-06 16:30,149.5,1
D16097,C017,2025-01-13,T1,1,Total,7,,,,,1
D16098,C017,2025-01-13,T2,1,Parcial,4,formação,planeada,2025-01-01 22:12,279.8,1
D16099,C017,2025-01-13,T3,1,Total,9,,,,,1
D16100,C017,2025-01-14,T1,1,Total,7,,,,,1
D16101,C017,2025-01-14,T2,1,Total,8,,,,,1
D16102,C017,2025-01-14,T3,1,Total,9,,,,,1
D16103,C017,2025-01-15,T1,1,Total,7,,,,,1
D16104,C017,2025-01-15,T2,1,Total,8,,,,,1
D16105,C017,2025-01-15,T3,1,Total,9,,,,,1
D16106,C017,2025-01-16,T1,0,Indisponível,0,férias,planeada,2025-01-14 23:06,31.9,1
D16107,C017,2025-01-16,T2,1,Total,8,,,,,1
D16108,C017,2025-01-16,T3,1,Total,9,,,,,1
D16109,C017,2025-01-17,T1,1,Total,7,,,,,1
D16110,C017,2025-01-17,T2,1,Total,8,,,,,1
D16111,C017,2025-01-17,T3,1,Total,9,,,,,1
D16112,C017,2025-01-18,T1,1,Parcial,4,formação,planeada,2025-01-12 02:18,148.7,1
D16113,C017,2025-01-18,T2,1,Total,8,,,,,1
D16114,C017,2025-01-18,T3,1,Total,9,,,,,1
D16115,C017,2025-01-19,T1,1,Total,7,,,,,1
D16116,C017,2025-01-19,T2,1,Total,8,,,,,1
D16117,C017,2025-01-19,T3,1,Total,9,,,,,1
D16118,C017,2025-01-20,T1,1,Total,7,,,,,1
D16119,C017,2025-01-20,T2,1,Total,8,,,,,1
D16120,C017,2025-01-20,T3,1,Total,9,,,,,1
D16121,C017,2025-01-21,T1,1,Total,7,,,,,1
D16122,C017,2025-01-21,T2,1,Total,8,,,,,1
D16123,C017,2025-01-21,T3,1,Total,9,,,,,1
D16124,C017,2025-01-22,T1,1,Total,7,,,,,1
D16125,C017,2025-01-22,T2,1,Total,8,,,,,1
D16126,C017,2025-01-22,T3,1,Total,9,,,,,1
D16127,C017,2025-01-23,T1,1,Total,7,,,,,1
D16128,C017,2025-01-23,T2,1,Total,8,,,,,1
D16129,C017,2025-01-23,T3,1,Parcial,4,formação,planeada,2025-01-16 03:12,186.8,1
D16130,C017,2025-01-24,T1,1,Total,7,,,,,1
D16131,C017,2025-01-24,T2,1,Total,8,,,,,1
D16132,C017,2025-01-24,T3,1,Total,9,,,,,1
D16133,C017,2025-01-25,T1,1,Total,7,,,,,1
D16134,C017,2025-01-25,T2,0,Indisponível,0,restrição_noite,planeada,2025-01-19 02:42,155.3,1
D16135,C017,2025-01-25,T3,1,Total,9,,,,,1
D16136,C017,2025-01-26,T1,1,Total,7,,,,,1
D16137,C017,2025-01-26,T2,1,Total,8,,,,,1
D16138,C017,2025-01-26,T3,1,Total,9,,,,,1
D16139,C017,2025-01-27,T1,1,Total,7,,,,,1
D16140,C017,2025-01-27,T2,1,Total,8,,,,,1
D16141,C017,2025-01-27,T3,1,Total,9,,,,,1
D16142,C017,2025-01-28,T1,1,Total,7,,,,,1
D16143,C017,2025-01-28,T2,1,Total,8,,,,,1
D16144,C017,2025-01-28,T3,1,Total,9,,,,,1
D16145,C017,2025-01-29,T1,1,Total,7,,,,,1
D16146,C017,2025-01-29,T2,1,Total,8,,,,,1
D16147,C017,2025-01-29,T3,1,Total,9,,,,,1
D16148,C017,2025-01-30,T1,1,Total,7,,,,,1
D16149,C017,2025-01-30,T2,1,Total,8,,,,,1
D16150,C017,2025-01-30,T3,1,Parcial,4,formação,planeada,2025-01-17 16:18,317.7,1
D16151,C017,2025-01-31,T1,1,Parcial,4,preferencia_pessoal,planeada,2025-01-30 17:36,13.4,1
D16152,C017,2025-01-31,T2,1,Total,8,,,,,1
D16153,C017,2025-01-31,T3,1,Total,9,,,,,1
D16154,C017,2025-02-01,T1,1,Total,7,,,,,1
D16155,C017,2025-02-01,T2,1,Total,8,,,,,1
D16156,C017,2025-02-01,T3,1,Total,9,,,,,1
D16157,C017,2025-02-02,T1,1,Total,7,,,,,1
D16158,C017,2025-02-02,T2,1,Total,8,,,,,1
D16159,C017,2025-02-02,T3,1,Total,9,,,,,1
D16160,C017,2025-02-03,T1,1,Total,7,,,,,1
D16161,C017,2025-02-03,T2,1,Total,8,,,,,1
D16162,C017,2025-02-03,T3,1,Total,9,,,,,1
D16163,C017,2025-02-04,T1,1,Total,7,,,,,1
D16164,C017,2025-02-04,T2,1,Total,8,,,,,1
D16165,C017,2025-02-04,T3,1,Total,9,,,,,1
D16166,C017,2025-02-05,T1,1,Total,7,,,,,1
D16167,C017,2025-02-05,T2,1,Total,8,,,,,1
D16168,C017,2025-02-05,T3,1,Total,9,,,,,1
D16169,C017,2025-02-06,T1,1,Total,7,,,,,1
D16170,C017,2025-02-06,T2,1,Parcial,4,consulta_medica,planeada,2025-02-04 04:36,57.4,1
D16171,C017,2025-02-06,T3,1,Total,9,,,,,1
D16172,C017,2025-02-07,T1,1,Total,7,,,,,1
D16173,C017,2025-02-07,T2,1,Total,8,,,,,1
D16174,C017,2025-02-07,T3,1,Total,9,,,,,1
D16175,C017,2025-02-08,T1,0,Indisponível,0,formação,planeada,2025-02-07 12:54,18.1,1
D16176,C017,2025-02-08,T2,1,Total,8,,,,,1
D16177,C017,2025-02-08,T3,1,Total,9,,,,,1
D16178,C017,2025-02-09,T1,0,Indisponível,0,folga,planeada,2025-01-14 11:54,619.1,1
D16179,C017,2025-02-09,T2,1,Total,8,,,,,1
D16180,C017,2025-02-09,T3,1,Total,9,,,,,1
D16181,C017,2025-02-10,T1,1,Total,7,,,,,1
D16182,C017,2025-02-10,T2,1,Total,8,,,,,1
D16183,C017,2025-02-10,T3,1,Total,9,,,,,1
D16184,C017,2025-02-11,T1,1,Parcial,4,preferencia_pessoal,planeada,2025-01-30 08:00,287.0,1
D16185,C017,2025-02-11,T2,1,Total,8,,,,,1
D16186,C017,2025-02-11,T3,1,Total,9,,,,,1
D16187,C017,2025-02-12,T1,1,Parcial,4,preferencia_pessoal,planeada,2025-01-30 04:12,314.8,1
D16188,C017,2025-02-12,T2,1,Total,8,,,,,1
D16189,C017,2025-02-12,T3,1,Total,9,,,,,1
D16190,C017,2025-02-13,T1,1,Parcial,4,formação,planeada,2025-02-03 05:00,242.0,1
D16191,C017,2025-02-13,T2,1,Total,8,,,,,1
D16192,C017,2025-02-13,T3,1,Total,9,,,,,1
D16193,C017,2025-02-14,T1,1,Total,7,,,,,1
D16194,C017,2025-02-14,T2,1,Total,8,,,,,1
D16195,C017,2025-02-14,T3,0,Indisponível,0,formação,planeada,2025-01-25 07:42,494.3,1
D16196,C017,2025-02-15,T1,1,Total,7,,,,,1
D16197,C017,2025-02-15,T2,1,Total,8,,,,,1
D16198,C017,2025-02-15,T3,1,Total,9,,,,,1
D16199,C017,2025-02-16,T1,1,Total,7,,,,,1
D16200,C017,2025-02-16,T2,0,Indisponível,0,consulta_medica,inesperada,2025-02-16 02:48,11.2,1
D16201,C017,2025-02-16,T3,1,Total,9,,,,,1
D16202,C017,2025-02-17,T1,1,Total,7,,,,,1
D16203,C017,2025-02-17,T2,1,Total,8,,,,,1
D16204,C017,2025-02-17,T3,1,Total,9,,,,,1
D16205,C017,2025-02-18,T1,1,Total,7,,,,,1
D16206,C017,2025-02-18,T2,1,Total,8,,,,,1
D16207,C017,2025-02-18,T3,1,Total,9,,,,,1
D16208,C017,2025-02-19,T1,1,Total,7,,,,,1
D16209,C017,2025-02-19,T2,1,Parcial,4,formação,planeada,2025-02-11 06:18,199.7,1
D16210,C017,2025-02-19,T3,1,Total,9,,,,,1
D16211,C017,2025-02-20,T1,1,Total,7,,,,,1
D16212,C017,2025-02-20,T2,0,Indisponível,0,folga,planeada,2025-01-30 15:12,502.8,1
D16213,C017,2025-02-20,T3,1,Total,9,,,,,1
D16214,C017,2025-02-21,T1,1,Total,7,,,,,1
D16215,C017,2025-02-21,T2,1,Parcial,4,preferencia_pessoal,planeada,2025-02-16 13:36,120.4,1
D16216,C017,2025-02-21,T3,1,Total,9,,,,,1
D16217,C017,2025-02-22,T1,1,Parcial,4,preferencia_pessoal,planeada,2025-02-21 07:00,24.0,1
D16218,C017,2025-02-22,T2,1,Parcial,4,consulta_medica,planeada,2025-02-16 17:24,140.6,1
D16219,C017,2025-02-22,T3,1,Total,9,,,,,1
D16220,C017,2025-02-23,T1,0,Indisponível,0,folga,planeada,2025-02-10 22:54,296.1,1
D16221,C017,2025-02-23,T2,1,Total,8,,,,,1
D16222,C017,2025-02-23,T3,1,Total,9,,,,,1
D16223,C017,2025-02-24,T1,1,Total,7,,,,,1
D16224,C017,2025-02-24,T2,1,Total,8,,,,,1
D16225,C017,2025-02-24,T3,1,Total,9,,,,,1
D16226,C017,2025-02-25,T1,1,Total,7,,,,,1
D16227,C017,2025-02-25,T2,1,Total,8,,,,,1
D16228,C017,2025-02-25,T3,1,Total,9,,,,,1
D16229,C017,2025-02-26,T1,1,Total,7,,,,,1
D16230,C017,2025-02-26,T2,1,Total,8,,,,,1
D16231,C017,2025-02-26,T3,1,Total,9,,,,,1
D16232,C017,2025-02-27,T1,1,Total,7,,,,,1
D16233,C017,2025-02-27,T2,1,Total,8,,,,,1
D16234,C017,2025-02-27,T3,1,Total,9,,,,,1
D16235,C017,2025-02-28,T1,1,Total,7,,,,,1
D16236,C017,2025-02-28,T2,1,Parcial,4,consulta_medica,planeada,2025-02-21 17:06,164.9,1
D16237,C017,2025-02-28,T3,1,Total,9,,,,,1
D16238,C017,2025-03-01,T1,1,Total,7,,,,,1
D16239,C017,2025-03-01,T2,1,Total,8,,,,,1
D16240,C017,2025-03-01,T3,1,Total,9,,,,,1
D16241,C017,2025-03-02,T1,1,Total,7,,,,,1
D16242,C017,2025-03-02,T2,1,Total,8,,,,,1
D16243,C017,2025-03-02,T3,1,Total,9,,,,,1
D16244,C017,2025-03-03,T1,1,Total,7,,,,,1
D16245,C017,2025-03-03,T2,1,Total,8,,,,,1
D16246,C017,2025-03-03,T3,1,Total,9,,,,,1
D16247,C017,2025-03-04,T1,0,Indisponível,0,folga,planeada,2025-02-03 23:48,679.2,1
D16248,C017,2025-03-04,T2,1,Total,8,,,,,1
D16249,C017,2025-03-04,T3,1,Total,9,,,,,1
D16250,C017,2025-03-05,T1,1,Total,7,,,,,1
D16251,C017,2025-03-05,T2,1,Total,8,,,,,1
D16252,C017,2025-03-05,T3,1,Total,9,,,,,1
D16253,C017,2025-03-06,T1,1,Total,7,,,,,1
D16254,C017,2025-03-06,T2,1,Total,8,,,,,1
D16255,C017,2025-03-06,T3,1,Total,9,,,,,1
D16256,C017,2025-03-07,T1,1,Total,7,,,,,1
D16257,C017,2025-03-07,T2,1,Total,8,,,,,1
D16258,C017,2025-03-07,T3,1,Total,9,,,,,1
D16259,C017,2025-03-08,T1,1,Total,7,,,,,1
D16260,C017,2025-03-08,T2,1,Total,8,,,,,1
D16261,C017,2025-03-08,T3,1,Total,9,,,,,1
D16262,C017,2025-03-09,T1,1,Total,7,,,,,1
D16263,C017,2025-03-09,T2,0,Indisponível,0,folga,planeada,2025-02-11 02:30,635.5,1
D16264,C017,2025-03-09,T3,1,Total,9,,,,,1
D16265,C017,2025-03-10,T1,1,Total,7,,,,,1
D16266,C017,2025-03-10,T2,1,Total,8,,,,,1
D16267,C017,2025-03-10,T3,1,Total,9,,,,,1
D16268,C017,2025-03-11,T1,1,Parcial,4,formação,planeada,2025-02-28 03:06,267.9,1
D16269,C017,2025-03-11,T2,1,Parcial,4,formação,planeada,2025-03-03 12:42,193.3,1
D16270,C017,2025-03-11,T3,1,Total,9,,,,,1
D16271,C017,2025-03-12,T1,1,Total,7,,,,,1
D16272,C017,2025-03-12,T2,1,Total,8,,,,,1
D16273,C017,2025-03-12,T3,1,Parcial,4,preferencia_pessoal,planeada,2025-03-02 13:36,248.4,1
D16274,C017,2025-03-13,T1,1,Total,7,,,,,1
D16275,C017,2025-03-13,T2,1,Total,8,,,,,1
D16276,C017,2025-03-13,T3,1,Total,9,,,,,1
D16277,C017,2025-03-14,T1,1,Total,7,,,,,1
D16278,C017,2025-03-14,T2,1,Total,8,,,,,1
D16279,C017,2025-03-14,T3,1,Total,9,,,,,1
D16280,C017,2025-03-15,T1,1,Total,7,,,,,1
D16281,C017,2025-03-15,T2,1,Total,8,,,,,1
D16282,C017,2025-03-15,T3,1,Total,9,,,,,1
D16283,C017,2025-03-16,T1,1,Total,7,,,,,1
D16284,C017,2025-03-16,T2,0,Indisponível,0,nao_autorizado_fds,planeada,2025-03-14 09:42,52.3,1
D16285,C017,2025-03-16,T3,0,Indisponível,0,folga,planeada,2025-02-20 04:54,593.1,1
D16286,C017,2025-03-17,T1,1,Total,7,,,,,1
D16287,C017,2025-03-17,T2,1,Parcial,4,preferencia_pessoal,planeada,2025-03-10 01:12,180.8,1
D16288,C017,2025-03-17,T3,0,Indisponível,0,preferencia_pessoal,planeada,2025-02-20 05:36,616.4,1
D16289,C017,2025-03-18,T1,1,Total,7,,,,,1
D16290,C017,2025-03-18,T2,0,Indisponível,0,baixa,planeada,2025-03-11 06:42,175.3,1
D16291,C017,2025-03-18,T3,1,Total,9,,,,,1
D16292,C017,2025-03-19,T1,1,Total,7,,,,,1
D16293,C017,2025-03-19,T2,1,Total,8,,,,,1
D16294,C017,2025-03-19,T3,1,Total,9,,,,,1
D16295,C017,2025-03-20,T1,1,Total,7,,,,,1
D16296,C017,2025-03-20,T2,1,Total,8,,,,,1
D16297,C017,2025-03-20,T3,1,Total,9,,,,,1
D16298,C017,2025-03-21,T1,1,Total,7,,,,,1
D16299,C017,2025-03-21,T2,1,Total,8,,,,,1
D16300,C017,2025-03-21,T3,1,Total,9,,,,,1
D16301,C017,2025-03-22,T1,1,Total,7,,,,,1
D16302,C017,2025-03-22,T2,1,Total,8,,,,,1
D16303,C017,2025-03-22,T3,1,Total,9,,,,,1
D16304,C017,2025-03-23,T1,1,Parcial,4,preferencia_pessoal,planeada,2025-03-17 11:24,139.6,1
D16305,C017,2025-03-23,T2,1,Total,8,,,,,1
D16306,C017,2025-03-23,T3,0,Indisponível,0,consulta_medica,inesperada,2025-03-23 10:18,11.7,1
D16307,C017,2025-03-24,T1,1,Total,7,,,,,1
D16308,C017,2025-03-24,T2,1,Parcial,4,preferencia_pessoal,planeada,2025-03-13 13:18,264.7,1
D16309,C017,2025-03-24,T3,1,Total,9,,,,,1
D16310,C017,2025-03-25,T1,1,Total,7,,,,,1
D16311,C017,2025-03-25,T2,1,Total,8,,,,,1
D16312,C017,2025-03-25,T3,1,Total,9,,,,,1
D16313,C017,2025-03-26,T1,1,Total,7,,,,,1
D16314,C017,2025-03-26,T2,1,Total,8,,,,,1
D16315,C017,2025-03-26,T3,1,Total,9,,,,,1
D16316,C017,2025-03-27,T1,1,Total,7,,,,,1
D16317,C017,2025-03-27,T2,1,Parcial,4,consulta_medica,planeada,2025-03-17 21:24,232.6,1
D16318,C017,2025-03-27,T3,1,Total,9,,,,,1
D16319,C017,2025-03-28,T1,1,Total,7,,,,,1
D16320,C017,2025-03-28,T2,0,Indisponível,0,formação,planeada,2025-03-13 10:00,364.0,1
D16321,C017,2025-03-28,T3,1,Total,9,,,,,1
D16322,C017,2025-03-29,T1,1,Total,7,,,,,1
D16323,C017,2025-03-29,T2,1,Total,8,,,,,1
D16324,C017,2025-03-29,T3,1,Total,9,,,,,1
D16325,C017,2025-03-30,T1,1,Parcial,4,consulta_medica,planeada,2025-03-19 17:00,254.0,1
D16326,C017,2025-03-30,T2,1,Total,8,,,,,1
D16327,C017,2025-03-30,T3,1,Total,9,,,,,1
D16328,C017,2025-03-31,T1,1,Total,7,,,,,1
D16329,C017,2025-03-31,T2,1,Total,8,,,,,1
D16330,C017,2025-03-31,T3,1,Total,9,,,,,1
D16331,C017,2025-04-01,T1,1,Total,7,,,,,1
D16332,C017,2025-04-01,T2,1,Total,8,,,,,1
D16333,C017,2025-04-01,T3,1,Parcial,4,preferencia_pessoal,planeada,2025-03-26 15:36,150.4,1
D16334,C017,2025-04-02,T1,1,Total,7,,,,,1
D16335,C017,2025-04-02,T2,1,Total,8,,,,,1
D16336,C017,2025-04-02,T3,1,Total,9,,,,,1
D16337,C017,2025-04-03,T1,1,Total,7,,,,,1
D16338,C017,2025-04-03,T2,1,Parcial,4,consulta_medica,planeada,2025-03-28 13:24,144.6,1
D16339,C017,2025-04-03,T3,1,Total,9,,,,,1
D16340,C017,2025-04-04,T1,1,Total,7,,,,,1
D16341,C017,2025-04-04,T2,1,Total,8,,,,,1
D16342,C017,2025-04-04,T3,1,Total,9,,,,,1
D16343,C017,2025-04-05,T1,1,Parcial,4,preferencia_pessoal,planeada,2025-03-23 22:12,296.8,1
D16344,C017,2025-04-05,T2,1,Total,8,,,,,1
D16345,C017,2025-04-05,T3,1,Total,9,,,,,1
D16346,C017,2025-04-06,T1,1,Total,7,,,,,1
D16347,C017,2025-04-06,T2,1,Total,8,,,,,1
D16348,C017,2025-04-06,T3,1,Total,9,,,,,1
D16349,C017,2025-04-07,T1,1,Total,7,,,,,1
D16350,C017,2025-04-07,T2,1,Total,8,,,,,1
D16351,C017,2025-04-07,T3,1,Total,9,,,,,1
D16352,C017,2025-04-08,T1,0,Indisponível,0,formação,planeada,2025-04-02 01:06,149.9,1
D16353,C017,2025-04-08,T2,1,Total,8,,,,,1
D16354,C017,2025-04-08,T3,1,Parcial,4,formação,planeada,2025-03-26 01:24,332.6,1
D16355,C017,2025-04-09,T1,1,Total,7,,,,,1
D16356,C017,2025-04-09,T2,1,Total,8,,,,,1
D16357,C017,2025-04-09,T3,1,Total,9,,,,,1
D16358,C017,2025-04-10,T1,1,Total,7,,,,,1
D16359,C017,2025-04-10,T2,1,Total,8,,,,,1
D16360,C017,2025-04-10,T3,1,Total,9,,,,,1
D16361,C017,2025-04-11,T1,0,Indisponível,0,férias,planeada,2025-03-24 13:42,425.3,1
D16362,C017,2025-04-11,T2,1,Total,8,,,,,1
D16363,C017,2025-04-11,T3,1,Total,9,,,,,1
D16364,C017,2025-04-12,T1,1,Parcial,4,formação,planeada,2025-04-07 04:24,122.6,1
D16365,C017,2025-04-12,T2,1,Total,8,,,,,1
D16366,C017,2025-04-12,T3,1,Total,9,,,,,1
D16367,C017,2025-04-13,T1,1,Total,7,,,,,1
D16368,C017,2025-04-13,T2,1,Total,8,,,,,1
D16369,C017,2025-04-13,T3,1,Total,9,,,,,1
D16370,C017,2025-04-14,T1,1,Total,7,,,,,1
D16371,C017,2025-04-14,T2,1,Total,8,,,,,1
D16372,C017,2025-04-14,T3,1,Total,9,,,,,1
D16373,C017,2025-04-15,T1,1,Total,7,,,,,1
D16374,C017,2025-04-15,T2,1,Total,8,,,,,1
D16375,C017,2025-04-15,T3,1,Total,9,,,,,1
D16376,C017,2025-04-16,T1,1,Total,7,,,,,1
D16377,C017,2025-04-16,T2,1,Total,8,,,,,1
D16378,C017,2025-04-16,T3,1,Total,9,,,,,1
D16379,C017,2025-04-17,T1,1,Total,7,,,,,1
D16380,C017,2025-04-17,T2,1,Total,8,,,,,1
D16381,C017,2025-04-17,T3,1,Total,9,,,,,1
D16382,C017,2025-04-18,T1,1,Parcial,4,preferencia_pessoal,planeada,2025-04-13 08:12,118.8,1
D16383,C017,2025-04-18,T2,1,Total,8,,,,,1
D16384,C017,2025-04-18,T3,1,Total,9,,,,,1
D16385,C017,2025-04-19,T1,1,Total,7,,,,,1
D16386,C017,2025-04-19,T2,1,Total,8,,,,,1
D16387,C017,2025-04-19,T3,1,Total,9,,,,,1
D16388,C017,2025-04-20,T1,1,Total,7,,,,,1
D16389,C017,2025-04-20,T2,1,Total,8,,,,,1
D16390,C017,2025-04-20,T3,1,Total,9,,,,,1
D16391,C017,2025-04-21,T1,1,Parcial,4,consulta_medica,planeada,2025-04-19 17:00,38.0,1
D16392,C017,2025-04-21,T2,1,Total,8,,,,,1
D16393,C017,2025-04-21,T3,1,Total,9,,,,,1
D16394,C017,2025-04-22,T1,1,Total,7,,,,,1
D16395,C017,2025-04-22,T2,1,Parcial,4,consulta_medica,planeada,2025-04-11 15:18,262.7,1
D16396,C017,2025-04-22,T3,1,Total,9,,,,,1
D16397,C017,2025-04-23,T1,1,Total,7,,,,,1
D16398,C017,2025-04-23,T2,1,Total,8,,,,,1
D16399,C017,2025-04-23,T3,1,Total,9,,,,,1
D16400,C017,2025-04-24,T1,1,Total,7,,,,,1
D16401,C017,2025-04-24,T2,1,Total,8,,,,,1
D16402,C017,2025-04-24,T3,1,Total,9,,,,,1
D16403,C017,2025-04-25,T1,1,Total,7,,,,,1
D16404,C017,2025-04-25,T2,1,Total,8,,,,,1
D16405,C017,2025-04-25,T3,1,Total,9,,,,,1
D16406,C017,2025-04-26,T1,0,Indisponível,0,folga,planeada,2025-04-25 07:12,23.8,1
D16407,C017,2025-04-26,T2,1,Total,8,,,,,1
D16408,C017,2025-04-26,T3,1,Total,9,,,,,1
D16409,C017,2025-04-27,T1,1,Parcial,4,consulta_medica,planeada,2025-04-22 04:54,122.1,1
D16410,C017,2025-04-27,T2,1,Parcial,4,consulta_medica,planeada,2025-04-15 19:18,282.7,1
D16411,C017,2025-04-27,T3,1,Total,9,,,,,1
D16412,C017,2025-04-28,T1,1,Total,7,,,,,1
D16413,C017,2025-04-28,T2,1,Total,8,,,,,1
D16414,C017,2025-04-28,T3,0,Indisponível,0,formação,planeada,2025-04-10 16:42,437.3,1
D16415,C017,2025-04-29,T1,1,Total,7,,,,,1
D16416,C017,2025-04-29,T2,1,Total,8,,,,,1
D16417,C017,2025-04-29,T3,1,Total,9,,,,,1
D16418,C017,2025-04-30,T1,1,Total,7,,,,,1
D16419,C017,2025-04-30,T2,1,Total,8,,,,,1
D16420,C017,2025-04-30,T3,1,Total,9,,,,,1
D16421,C017,2025-05-01,T1,1,Total,7,,,,,1
D16422,C017,2025-05-01,T2,0,Indisponível,0,folga,planeada,2025-04-29 20:24,41.6,1
D16423,C017,2025-05-01,T3,1,Total,9,,,,,1
D16424,C017,2025-05-02,T1,1,Total,7,,,,,1
D16425,C017,2025-05-02,T2,1,Total,8,,,,,1
D16426,C017,2025-05-02,T3,1,Total,9,,,,,1
D16427,C017,2025-05-03,T1,1,Total,7,,,,,1
D16428,C017,2025-05-03,T2,1,Total,8,,,,,1
D16429,C017,2025-05-03,T3,1,Total,9,,,,,1
D16430,C017,2025-05-04,T1,1,Total,7,,,,,1
D16431,C017,2025-05-04,T2,1,Total,8,,,,,1
D16432,C017,2025-05-04,T3,1,Total,9,,,,,1
D16433,C017,2025-05-05,T1,1,Total,7,,,,,1
D16434,C017,2025-05-05,T2,1,Total,8,,,,,1
D16435,C017,2025-05-05,T3,1,Total,9,,,,,1
D16436,C017,2025-05-06,T1,1,Total,7,,,,,1
D16437,C017,2025-05-06,T2,1,Total,8,,,,,1
D16438,C017,2025-05-06,T3,1,Total,9,,,,,1
D16439,C017,2025-05-07,T1,0,Indisponível,0,restrição_noite,planeada,2025-04-22 04:42,362.3,1
D16440,C017,2025-05-07,T2,1,Total,8,,,,,1
D16441,C017,2025-05-07,T3,1,Parcial,4,preferencia_pessoal,planeada,2025-05-03 07:12,110.8,1
D16442,C017,2025-05-08,T1,1,Total,7,,,,,1
D16443,C017,2025-05-08,T2,1,Total,8,,,,,1
D16444,C017,2025-05-08,T3,1,Total,9,,,,,1
D16445,C017,2025-05-09,T1,1,Total,7,,,,,1
D16446,C017,2025-05-09,T2,1,Total,8,,,,,1
D16447,C017,2025-05-09,T3,0,Indisponível,0,férias,planeada,2025-04-12 18:30,651.5,1
D16448,C017,2025-05-10,T1,1,Total,7,,,,,1
D16449,C017,2025-05-10,T2,1,Total,8,,,,,1
D16450,C017,2025-05-10,T3,1,Total,9,,,,,1
D16451,C017,2025-05-11,T1,1,Total,7,,,,,1
D16452,C017,2025-05-11,T2,1,Total,8,,,,,1
D16453,C017,2025-05-11,T3,1,Total,9,,,,,1
D16454,C017,2025-05-12,T1,1,Parcial,4,preferencia_pessoal,planeada,2025-05-02 22:42,224.3,1
D16455,C017,2025-05-12,T2,1,Total,8,,,,,1
D16456,C017,2025-05-12,T3,1,Total,9,,,,,1
D16457,C017,2025-05-13,T1,1,Total,7,,,,,1
D16458,C017,2025-05-13,T2,1,Total,8,,,,,1
D16459,C017,2025-05-13,T3,1,Total,9,,,,,1
D16460,C017,2025-05-14,T1,1,Total,7,,,,,1
D16461,C017,2025-05-14,T2,1,Total,8,,,,,1
D16462,C017,2025-05-14,T3,1,Total,9,,,,,1
D16463,C017,2025-05-15,T1,1,Total,7,,,,,1
D16464,C017,2025-05-15,T2,1,Total,8,,,,,1
D16465,C017,2025-05-15,T3,1,Total,9,,,,,1
D16466,C017,2025-05-16,T1,1,Total,7,,,,,1
D16467,C017,2025-05-16,T2,1,Total,8,,,,,1
D16468,C017,2025-05-16,T3,1,Total,9,,,,,1
D16469,C017,2025-05-17,T1,1,Total,7,,,,,1
D16470,C017,2025-05-17,T2,1,Total,8,,,,,1
D16471,C017,2025-05-17,T3,1,Total,9,,,,,1
D16472,C017,2025-05-18,T1,1,Total,7,,,,,1
D16473,C017,2025-05-18,T2,1,Total,8,,,,,1
D16474,C017,2025-05-18,T3,1,Total,9,,,,,1
D16475,C017,2025-05-19,T1,1,Total,7,,,,,1
D16476,C017,2025-05-19,T2,1,Total,8,,,,,1
D16477,C017,2025-05-19,T3,1,Total,9,,,,,1
D16478,C017,2025-05-20,T1,0,Indisponível,0,formação,planeada,2025-05-06 04:48,338.2,1
D16479,C017,2025-05-20,T2,1,Total,8,,,,,1
D16480,C017,2025-05-20,T3,1,Total,9,,,,,1
D16481,C017,2025-05-21,T1,1,Total,7,,,,,1
D16482,C017,2025-05-21,T2,1,Total,8,,,,,1
D16483,C017,2025-05-21,T3,1,Total,9,,,,,1
D16484,C017,2025-05-22,T1,1,Total,7,,,,,1
D16485,C017,2025-05-22,T2,1,Total,8,,,,,1
D16486,C017,2025-05-22,T3,1,Total,9,,,,,1
D16487,C017,2025-05-23,T1,1,Total,7,,,,,1
D16488,C017,2025-05-23,T2,1,Total,8,,,,,1
D16489,C017,2025-05-23,T3,1,Total,9,,,,,1
D16490,C017,2025-05-24,T1,1,Total,7,,,,,1
D16491,C017,2025-05-24,T2,1,Total,8,,,,,1
D16492,C017,2025-05-24,T3,1,Total,9,,,,,1
D16493,C017,2025-05-25,T1,1,Total,7,,,,,1
D16494,C017,2025-05-25,T2,1,Total,8,,,,,1
D16495,C017,2025-05-25,T3,1,Total,9,,,,,1
D16496,C017,2025-05-26,T1,1,Total,7,,,,,1
D16497,C017,2025-05-26,T2,0,Indisponível,0,folga,planeada,2025-05-04 17:24,524.6,1
D16498,C017,2025-05-26,T3,1,Total,9,,,,,1
D16499,C017,2025-05-27,T1,1,Total,7,,,,,1
D16500,C017,2025-05-27,T2,1,Total,8,,,,,1
D16501,C017,2025-05-27,T3,1,Total,9,,,,,1
D16502,C017,2025-05-28,T1,1,Total,7,,,,,1
D16503,C017,2025-05-28,T2,1,Total,8,,,,,1
D16504,C017,2025-05-28,T3,1,Total,9,,,,,1
D16505,C017,2025-05-29,T1,1,Total,7,,,,,1
D16506,C017,2025-05-29,T2,1,Total,8,,,,,1
D16507,C017,2025-05-29,T3,1,Parcial,4,preferencia_pessoal,planeada,2025-05-25 15:12,102.8,1
D16508,C017,2025-05-30,T1,1,Total,7,,,,,1
D16509,C017,2025-05-30,T2,1,Total,8,,,,,1
D16510,C017,2025-05-30,T3,1,Total,9,,,,,1
D16511,C017,2025-05-31,T1,1,Total,7,,,,,1
D16512,C017,2025-05-31,T2,1,Total,8,,,,,1
D16513,C017,2025-05-31,T3,1,Total,9,,,,,1
D16514,C017,2025-06-01,T1,1,Total,7,,,,,1
D16515,C017,2025-06-01,T2,1,Total,8,,,,,1
D16516,C017,2025-06-01,T3,1,Total,9,,,,,1
D16517,C017,2025-06-02,T1,1,Total,7,,,,,1
D16518,C017,2025-06-02,T2,1,Total,8,,,,,1
D16519,C017,2025-06-02,T3,1,Total,9,,,,,1
D16520,C017,2025-06-03,T1,1,Total,7,,,,,1
D16521,C017,2025-06-03,T2,0,Indisponível,0,baixa,inesperada,2025-06-03 08:42,5.3,1
D16522,C017,2025-06-03,T3,1,Total,9,,,,,1
D16523,C017,2025-06-04,T1,1,Parcial,4,preferencia_pessoal,planeada,2025-05-25 15:48,231.2,1
D16524,C017,2025-06-04,T2,1,Total,8,,,,,1
D16525,C017,2025-06-04,T3,0,Indisponível,0,outro,planeada,2025-06-03 17:36,28.4,1
D16526,C017,2025-06-05,T1,1,Total,7,,,,,1
D16527,C017,2025-06-05,T2,1,Total,8,,,,,1
D16528,C017,2025-06-05,T3,1,Total,9,,,,,1
D16529,C017,2025-06-06,T1,1,Total,7,,,,,1
D16530,C017,2025-06-06,T2,1,Total,8,,,,,1
D16531,C017,2025-06-06,T3,1,Total,9,,,,,1
D16532,C017,2025-06-07,T1,1,Total,7,,,,,1
D16533,C017,2025-06-07,T2,1,Total,8,,,,,1
D16534,C017,2025-06-07,T3,1,Total,9,,,,,1
D16535,C017,2025-06-08,T1,1,Total,7,,,,,1
D16536,C017,2025-06-08,T2,1,Total,8,,,,,1
D16537,C017,2025-06-08,T3,1,Total,9,,,,,1
D16538,C017,2025-06-09,T1,1,Total,7,,,,,1
D16539,C017,2025-06-09,T2,1,Total,8,,,,,1
D16540,C017,2025-06-09,T3,1,Total,9,,,,,1
D16541,C017,2025-06-10,T1,1,Total,7,,,,,1
D16542,C017,2025-06-10,T2,1,Total,8,,,,,1
D16543,C017,2025-06-10,T3,1,Total,9,,,,,1
D16544,C017,2025-06-11,T1,1,Parcial,4,formação,planeada,2025-06-07 13:36,89.4,1
D16545,C017,2025-06-11,T2,1,Total,8,,,,,1
D16546,C017,2025-06-11,T3,1,Total,9,,,,,1
D16547,C017,2025-06-12,T1,1,Total,7,,,,,1
D16548,C017,2025-06-12,T2,1,Total,8,,,,,1
D16549,C017,2025-06-12,T3,1,Total,9,,,,,1
D16550,C017,2025-06-13,T1,1,Total,7,,,,,1
D16551,C017,2025-06-13,T2,1,Total,8,,,,,1
D16552,C017,2025-06-13,T3,1,Total,9,,,,,1
D16553,C017,2025-06-14,T1,1,Total,7,,,,,1
D16554,C017,2025-06-14,T2,1,Total,8,,,,,1
D16555,C017,2025-06-14,T3,1,Total,9,,,,,1
D16556,C017,2025-06-15,T1,1,Total,7,,,,,1
D16557,C017,2025-06-15,T2,1,Parcial,4,formação,planeada,2025-06-08 00:24,181.6,1
D16558,C017,2025-06-15,T3,1,Total,9,,,,,1
D16559,C017,2025-06-16,T1,1,Total,7,,,,,1
D16560,C017,2025-06-16,T2,1,Total,8,,,,,1
D16561,C017,2025-06-16,T3,1,Total,9,,,,,1
D16562,C017,2025-06-17,T1,1,Total,7,,,,,1
D16563,C017,2025-06-17,T2,1,Total,8,,,,,1
D16564,C017,2025-06-17,T3,1,Total,9,,,,,1
D16565,C017,2025-06-18,T1,1,Total,7,,,,,1
D16566,C017,2025-06-18,T2,1,Total,8,,,,,1
D16567,C017,2025-06-18,T3,1,Total,9,,,,,1
D16568,C017,2025-06-19,T1,1,Total,7,,,,,1
D16569,C017,2025-06-19,T2,1,Total,8,,,,,1
D16570,C017,2025-06-19,T3,1,Total,9,,,,,1
D16571,C017,2025-06-20,T1,1,Total,7,,,,,1
D16572,C017,2025-06-20,T2,1,Parcial,4,formação,planeada,2025-06-15 10:30,123.5,1
D16573,C017,2025-06-20,T3,1,Total,9,,,,,1
D16574,C017,2025-06-21,T1,1,Total,7,,,,,1
D16575,C017,2025-06-21,T2,1,Total,8,,,,,1
D16576,C017,2025-06-21,T3,1,Total,9,,,,,1
D16577,C017,2025-06-22,T1,1,Total,7,,,,,1
D16578,C017,2025-06-22,T2,1,Total,8,,,,,1
D16579,C017,2025-06-22,T3,1,Total,9,,,,,1
D16580,C017,2025-06-23,T1,1,Total,7,,,,,1
D16581,C017,2025-06-23,T2,1,Parcial,4,formação,planeada,2025-06-20 09:18,76.7,1
D16582,C017,2025-06-23,T3,1,Total,9,,,,,1
D16583,C017,2025-06-24,T1,1,Parcial,4,preferencia_pessoal,planeada,2025-06-12 08:54,286.1,1
D16584,C017,2025-06-24,T2,1,Total,8,,,,,1
D16585,C017,2025-06-24,T3,1,Total,9,,,,,1
D16586,C017,2025-06-25,T1,1,Total,7,,,,,1
D16587,C017,2025-06-25,T2,1,Total,8,,,,,1
D16588,C017,2025-06-25,T3,1,Total,9,,,,,1
D16589,C017,2025-06-26,T1,1,Total,7,,,,,1
D16590,C017,2025-06-26,T2,1,Total,8,,,,,1
D16591,C017,2025-06-26,T3,1,Total,9,,,,,1
D16592,C017,2025-06-27,T1,1,Parcial,4,formação,planeada,2025-06-26 09:42,21.3,1
D16593,C017,2025-06-27,T2,1,Total,8,,,,,1
D16594,C017,2025-06-27,T3,1,Total,9,,,,,1
D16595,C017,2025-06-28,T1,1,Total,7,,,,,1
D16596,C017,2025-06-28,T2,1,Total,8,,,,,1
D16597,C017,2025-06-28,T3,1,Total,9,,,,,1
D16598,C017,2025-06-29,T1,1,Total,7,,,,,1
D16599,C017,2025-06-29,T2,1,Total,8,,,,,1
D16600,C017,2025-06-29,T3,1,Total,9,,,,,1
D16601,C017,2025-06-30,T1,1,Total,7,,,,,1
D16602,C017,2025-06-30,T2,1,Total,8,,,,,1
D16603,C017,2025-06-30,T3,1,Total,9,,,,,1
D16604,C017,2025-07-01,T1,0,Indisponível,0,restrição_noite,planeada,2025-06-03 13:36,665.4,1
D16605,C017,2025-07-01,T2,1,Total,8,,,,,1
D16606,C017,2025-07-01,T3,1,Total,9,,,,,1
D16607,C017,2025-07-02,T1,1,Total,7,,,,,1
D16608,C017,2025-07-02,T2,1,Total,8,,,,,1
D16609,C017,2025-07-02,T3,1,Parcial,4,formação,planeada,2025-07-01 23:30,22.5,1
D16610,C017,2025-07-03,T1,1,Total,7,,,,,1
D16611,C017,2025-07-03,T2,1,Total,8,,,,,1
D16612,C017,2025-07-03,T3,1,Total,9,,,,,1
D16613,C017,2025-07-04,T1,1,Total,7,,,,,1
D16614,C017,2025-07-04,T2,1,Parcial,4,preferencia_pessoal,planeada,2025-06-28 03:12,154.8,1
D16615,C017,2025-07-04,T3,1,Total,9,,,,,1
D16616,C017,2025-07-05,T1,1,Total,7,,,,,1
D16617,C017,2025-07-05,T2,1,Total,8,,,,,1
D16618,C017,2025-07-05,T3,1,Total,9,,,,,1
D16619,C017,2025-07-06,T1,1,Total,7,,,,,1
D16620,C017,2025-07-06,T2,1,Total,8,,,,,1
D16621,C017,2025-07-06,T3,1,Total,9,,,,,1
D16622,C017,2025-07-07,T1,1,Total,7,,,,,1
D16623,C017,2025-07-07,T2,1,Total,8,,,,,1
D16624,C017,2025-07-07,T3,1,Total,9,,,,,1
D16625,C017,2025-07-08,T1,1,Total,7,,,,,1
D16626,C017,2025-07-08,T2,1,Total,8,,,,,1
D16627,C017,2025-07-08,T3,1,Total,9,,,,,1
D16628,C017,2025-07-09,T1,1,Total,7,,,,,1
D16629,C017,2025-07-09,T2,1,Parcial,4,consulta_medica,planeada,2025-06-30 21:06,208.9,1
D16630,C017,2025-07-09,T3,1,Total,9,,,,,1
D16631,C017,2025-07-10,T1,1,Total,7,,,,,1
D16632,C017,2025-07-10,T2,1,Total,8,,,,,1
D16633,C017,2025-07-10,T3,1,Total,9,,,,,1
D16634,C017,2025-07-11,T1,1,Total,7,,,,,1
D16635,C017,2025-07-11,T2,1,Total,8,,,,,1
D16636,C017,2025-07-11,T3,1,Parcial,4,formação,planeada,2025-07-09 15:06,54.9,1
D16637,C017,2025-07-12,T1,1,Total,7,,,,,1
D16638,C017,2025-07-12,T2,1,Total,8,,,,,1
D16639,C017,2025-07-12,T3,1,Total,9,,,,,1
D16640,C017,2025-07-13,T1,1,Total,7,,,,,1
D16641,C017,2025-07-13,T2,1,Parcial,4,consulta_medica,planeada,2025-07-09 03:06,106.9,1
D16642,C017,2025-07-13,T3,1,Total,9,,,,,1
D16643,C017,2025-07-14,T1,1,Total,7,,,,,1
D16644,C017,2025-07-14,T2,1,Total,8,,,,,1
D16645,C017,2025-07-14,T3,1,Parcial,4,consulta_medica,planeada,2025-07-05 16:24,221.6,1
D16646,C017,2025-07-15,T1,1,Total,7,,,,,1
D16647,C017,2025-07-15,T2,1,Total,8,,,,,1
D16648,C017,2025-07-15,T3,1,Total,9,,,,,1
D16649,C017,2025-07-16,T1,1,Total,7,,,,,1
D16650,C017,2025-07-16,T2,1,Total,8,,,,,1
D16651,C017,2025-07-16,T3,1,Total,9,,,,,1
D16652,C017,2025-07-17,T1,1,Total,7,,,,,1
D16653,C017,2025-07-17,T2,1,Total,8,,,,,1
D16654,C017,2025-07-17,T3,1,Total,9,,,,,1
D16655,C017,2025-07-18,T1,1,Total,7,,,,,1
D16656,C017,2025-07-18,T2,1,Total,8,,,,,1
D16657,C017,2025-07-18,T3,1,Parcial,4,preferencia_pessoal,planeada,2025-07-12 21:48,144.2,1
D16658,C017,2025-07-19,T1,1,Total,7,,,,,1
D16659,C017,2025-07-19,T2,1,Total,8,,,,,1
D16660,C017,2025-07-19,T3,1,Total,9,,,,,1
D16661,C017,2025-07-20,T1,1,Total,7,,,,,1
D16662,C017,2025-07-20,T2,1,Total,8,,,,,1
D16663,C017,2025-07-20,T3,1,Total,9,,,,,1
D16664,C017,2025-07-21,T1,1,Total,7,,,,,1
D16665,C017,2025-07-21,T2,1,Parcial,4,consulta_medica,planeada,2025-07-18 04:48,81.2,1
D16666,C017,2025-07-21,T3,1,Total,9,,,,,1
D16667,C017,2025-07-22,T1,1,Total,7,,,,,1
D16668,C017,2025-07-22,T2,1,Total,8,,,,,1
D16669,C017,2025-07-22,T3,1,Total,9,,,,,1
D16670,C017,2025-07-23,T1,1,Total,7,,,,,1
D16671,C017,2025-07-23,T2,1,Total,8,,,,,1
D16672,C017,2025-07-23,T3,1,Total,9,,,,,1
D16673,C017,2025-07-24,T1,1,Total,7,,,,,1
D16674,C017,2025-07-24,T2,1,Total,8,,,,,1
D16675,C017,2025-07-24,T3,1,Parcial,4,consulta_medica,planeada,2025-07-19 01:18,140.7,1
D16676,C017,2025-07-25,T1,1,Total,7,,,,,1
D16677,C017,2025-07-25,T2,1,Total,8,,,,,1
D16678,C017,2025-07-25,T3,1,Total,9,,,,,1
D16679,C017,2025-07-26,T1,1,Total,7,,,,,1
D16680,C017,2025-07-26,T2,1,Total,8,,,,,1
D16681,C017,2025-07-26,T3,1,Total,9,,,,,1
D16682,C017,2025-07-27,T1,1,Total,7,,,,,1
D16683,C017,2025-07-27,T2,1,Total,8,,,,,1
D16684,C017,2025-07-27,T3,1,Total,9,,,,,1
D16685,C017,2025-07-28,T1,1,Total,7,,,,,1
D16686,C017,2025-07-28,T2,1,Total,8,,,,,1
D16687,C017,2025-07-28,T3,1,Total,9,,,,,1
D16688,C017,2025-07-29,T1,1,Total,7,,,,,1
D16689,C017,2025-07-29,T2,1,Total,8,,,,,1
D16690,C017,2025-07-29,T3,1,Total,9,,,,,1
D16691,C017,2025-07-30,T1,1,Parcial,4,formação,planeada,2025-07-29 00:42,30.3,1
D16692,C017,2025-07-30,T2,1,Total,8,,,,,1
D16693,C017,2025-07-30,T3,0,Indisponível,0,outro,planeada,2025-07-30 05:48,16.2,1
D16694,C017,2025-07-31,T1,1,Total,7,,,,,1
D16695,C017,2025-07-31,T2,1,Total,8,,,,,1
D16696,C017,2025-07-31,T3,1,Total,9,,,,,1
D16697,C017,2025-08-01,T1,1,Total,7,,,,,1
D16698,C017,2025-08-01,T2,1,Total,8,,,,,1
D16699,C017,2025-08-01,T3,1,Total,9,,,,,1
D16700,C017,2025-08-02,T1,1,Total,7,,,,,1
D16701,C017,2025-08-02,T2,1,Total,8,,,,,1
D16702,C017,2025-08-02,T3,1,Total,9,,,,,1
D16703,C017,2025-08-03,T1,1,Total,7,,,,,1
D16704,C017,2025-08-03,T2,1,Parcial,4,formação,planeada,2025-07-27 07:00,175.0,1
D16705,C017,2025-08-03,T3,1,Total,9,,,,,1
D16706,C017,2025-08-04,T1,0,Indisponível,0,formação,planeada,2025-08-02 09:24,45.6,1
D16707,C017,2025-08-04,T2,0,Indisponível,0,consulta_medica,planeada,2025-07-27 00:36,205.4,1
D16708,C017,2025-08-04,T3,1,Total,9,,,,,1
D16709,C017,2025-08-05,T1,1,Total,7,,,,,1
D16710,C017,2025-08-05,T2,1,Total,8,,,,,1
D16711,C017,2025-08-05,T3,1,Total,9,,,,,1
D16712,C017,2025-08-06,T1,1,Total,7,,,,,1
D16713,C017,2025-08-06,T2,1,Total,8,,,,,1
D16714,C017,2025-08-06,T3,1,Total,9,,,,,1
D16715,C017,2025-08-07,T1,1,Total,7,,,,,1
D16716,C017,2025-08-07,T2,1,Total,8,,,,,1
D16717,C017,2025-08-07,T3,0,Indisponível,0,nao_autorizado_fds,planeada,2025-07-13 22:18,599.7,1
D16718,C017,2025-08-08,T1,1,Total,7,,,,,1
D16719,C017,2025-08-08,T2,1,Total,8,,,,,1
D16720,C017,2025-08-08,T3,1,Parcial,4,consulta_medica,planeada,2025-08-07 01:36,44.4,1
D16721,C017,2025-08-09,T1,1,Total,7,,,,,1
D16722,C017,2025-08-09,T2,1,Parcial,4,consulta_medica,planeada,2025-08-06 22:18,63.7,1
D16723,C017,2025-08-09,T3,1,Parcial,4,consulta_medica,planeada,2025-08-04 12:48,129.2,1
D16724,C017,2025-08-10,T1,1,Total,7,,,,,1
D16725,C017,2025-08-10,T2,1,Total,8,,,,,1
D16726,C017,2025-08-10,T3,1,Total,9,,,,,1
D16727,C017,2025-08-11,T1,1,Total,7,,,,,1
D16728,C017,2025-08-11,T2,1,Parcial,4,preferencia_pessoal,planeada,2025-08-04 00:36,181.4,1
D16729,C017,2025-08-11,T3,1,Total,9,,,,,1
D16730,C017,2025-08-12,T1,1,Total,7,,,,,1
D16731,C017,2025-08-12,T2,1,Total,8,,,,,1
D16732,C017,2025-08-12,T3,0,Indisponível,0,baixa,planeada,2025-07-23 08:24,493.6,1
D16733,C017,2025-08-13,T1,1,Total,7,,,,,1
D16734,C017,2025-08-13,T2,1,Total,8,,,,,1
D16735,C017,2025-08-13,T3,1,Total,9,,,,,1
D16736,C017,2025-08-14,T1,1,Total,7,,,,,1
D16737,C017,2025-08-14,T2,1,Total,8,,,,,1
D16738,C017,2025-08-14,T3,1,Total,9,,,,,1
D16739,C017,2025-08-15,T1,1,Total,7,,,,,1
D16740,C017,2025-08-15,T2,1,Total,8,,,,,1
D16741,C017,2025-08-15,T3,1,Total,9,,,,,1
D16742,C017,2025-08-16,T1,1,Total,7,,,,,1
D16743,C017,2025-08-16,T2,1,Total,8,,,,,1
D16744,C017,2025-08-16,T3,0,Indisponível,0,férias,planeada,2025-08-14 00:48,69.2,1
D16745,C017,2025-08-17,T1,1,Total,7,,,,,1
D16746,C017,2025-08-17,T2,1,Parcial,4,consulta_medica,planeada,2025-08-04 00:48,325.2,1
D16747,C017,2025-08-17,T3,1,Total,9,,,,,1
D16748,C017,2025-08-18,T1,1,Total,7,,,,,1
D16749,C017,2025-08-18,T2,1,Total,8,,,,,1
D16750,C017,2025-08-18,T3,1,Total,9,,,,,1
D16751,C017,2025-08-19,T1,1,Total,7,,,,,1
D16752,C017,2025-08-19,T2,1,Total,8,,,,,1
D16753,C017,2025-08-19,T3,1,Total,9,,,,,1
D16754,C017,2025-08-20,T1,1,Total,7,,,,,1
D16755,C017,2025-08-20,T2,1,Total,8,,,,,1
D16756,C017,2025-08-20,T3,1,Total,9,,,,,1
D16757,C017,2025-08-21,T1,1,Total,7,,,,,1
D16758,C017,2025-08-21,T2,1,Total,8,,,,,1
D16759,C017,2025-08-21,T3,1,Parcial,4,preferencia_pessoal,planeada,2025-08-09 12:12,297.8,1
D16760,C017,2025-08-22,T1,1,Total,7,,,,,1
D16761,C017,2025-08-22,T2,1,Total,8,,,,,1
D16762,C017,2025-08-22,T3,1,Total,9,,,,,1
D16763,C017,2025-08-23,T1,1,Total,7,,,,,1
D16764,C017,2025-08-23,T2,1,Total,8,,,,,1
D16765,C017,2025-08-23,T3,1,Total,9,,,,,1
D16766,C017,2025-08-24,T1,1,Total,7,,,,,1
D16767,C017,2025-08-24,T2,1,Total,8,,,,,1
D16768,C017,2025-08-24,T3,1,Total,9,,,,,1
D16769,C017,2025-08-25,T1,1,Total,7,,,,,1
D16770,C017,2025-08-25,T2,1,Total,8,,,,,1
D16771,C017,2025-08-25,T3,1,Total,9,,,,,1
D16772,C017,2025-08-26,T1,1,Total,7,,,,,1
D16773,C017,2025-08-26,T2,1,Total,8,,,,,1
D16774,C017,2025-08-26,T3,1,Total,9,,,,,1
D16775,C017,2025-08-27,T1,1,Total,7,,,,,1
D16776,C017,2025-08-27,T2,1,Total,8,,,,,1
D16777,C017,2025-08-27,T3,1,Parcial,4,formação,planeada,2025-08-17 07:00,255.0,1
D16778,C017,2025-08-28,T1,1,Total,7,,,,,1
D16779,C017,2025-08-28,T2,1,Total,8,,,,,1
D16780,C017,2025-08-28,T3,1,Parcial,4,formação,planeada,2025-08-18 02:12,259.8,1
D16781,C017,2025-08-29,T1,1,Total,7,,,,,1
D16782,C017,2025-08-29,T2,1,Total,8,,,,,1
D16783,C017,2025-08-29,T3,1,Total,9,,,,,1
D16784,C017,2025-08-30,T1,0,Indisponível,0,férias,planeada,2025-08-23 16:06,158.9,1
D16785,C017,2025-08-30,T2,1,Parcial,4,consulta_medica,planeada,2025-08-19 23:48,254.2,1
D16786,C017,2025-08-30,T3,1,Total,9,,,,,1
D16787,C017,2025-08-31,T1,1,Total,7,,,,,1
D16788,C017,2025-08-31,T2,1,Total,8,,,,,1
D16789,C017,2025-08-31,T3,1,Total,9,,,,,1
D16790,C017,2025-09-01,T1,1,Total,7,,,,,1
D16791,C017,2025-09-01,T2,1,Total,8,,,,,1
D16792,C017,2025-09-01,T3,1,Total,9,,,,,1
D16793,C017,2025-09-02,T1,1,Parcial,4,formação,planeada,2025-08-22 03:54,267.1,1
D16794,C017,2025-09-02,T2,1,Total,8,,,,,1
D16795,C017,2025-09-02,T3,1,Total,9,,,,,1
D16796,C017,2025-09-03,T1,1,Total,7,,,,,1
D16797,C017,2025-09-03,T2,0,Indisponível,0,preferencia_pessoal,planeada,2025-08-30 19:48,90.2,1
D16798,C017,2025-09-03,T3,1,Total,9,,,,,1
D16799,C017,2025-09-04,T1,1,Total,7,,,,,1
D16800,C017,2025-09-04,T2,1,Parcial,4,preferencia_pessoal,planeada,2025-09-01 17:36,68.4,1
D16801,C017,2025-09-04,T3,1,Parcial,4,consulta_medica,planeada,2025-08-31 10:18,107.7,1
D16802,C017,2025-09-05,T1,1,Parcial,4,preferencia_pessoal,planeada,2025-08-22 10:06,332.9,1
D16803,C017,2025-09-05,T2,1,Total,8,,,,,1
D16804,C017,2025-09-05,T3,1,Total,9,,,,,1
D16805,C017,2025-09-06,T1,1,Total,7,,,,,1
D16806,C017,2025-09-06,T2,1,Total,8,,,,,1
D16807,C017,2025-09-06,T3,1,Total,9,,,,,1
D16808,C017,2025-09-07,T1,1,Total,7,,,,,1
D16809,C017,2025-09-07,T2,1,Total,8,,,,,1
D16810,C017,2025-09-07,T3,1,Total,9,,,,,1
D16811,C017,2025-09-08,T1,1,Total,7,,,,,1
D16812,C017,2025-09-08,T2,1,Total,8,,,,,1
D16813,C017,2025-09-08,T3,1,Total,9,,,,,1
D16814,C017,2025-09-09,T1,0,Indisponível,0,férias,planeada,2025-08-23 07:24,407.6,1
D16815,C017,2025-09-09,T2,1,Total,8,,,,,1
D16816,C017,2025-09-09,T3,0,Indisponível,0,férias,planeada,2025-09-02 22:18,167.7,1
D16817,C017,2025-09-10,T1,1,Total,7,,,,,1
D16818,C017,2025-09-10,T2,1,Total,8,,,,,1
D16819,C017,2025-09-10,T3,1,Total,9,,,,,1
D16820,C017,2025-09-11,T1,1,Total,7,,,,,1
D16821,C017,2025-09-11,T2,1,Total,8,,,,,1
D16822,C017,2025-09-11,T3,1,Parcial,4,consulta_medica,planeada,2025-09-03 15:12,198.8,1
D16823,C017,2025-09-12,T1,1,Total,7,,,,,1
D16824,C017,2025-09-12,T2,1,Total,8,,,,,1
D16825,C017,2025-09-12,T3,1,Total,9,,,,,1
D16826,C017,2025-09-13,T1,1,Total,7,,,,,1
D16827,C017,2025-09-13,T2,1,Total,8,,,,,1
D16828,C017,2025-09-13,T3,1,Total,9,,,,,1
D16829,C017,2025-09-14,T1,1,Total,7,,,,,1
D16830,C017,2025-09-14,T2,1,Total,8,,,,,1
D16831,C017,2025-09-14,T3,1,Total,9,,,,,1
D16832,C017,2025-09-15,T1,1,Total,7,,,,,1
D16833,C017,2025-09-15,T2,1,Total,8,,,,,1
D16834,C017,2025-09-15,T3,0,Indisponível,0,férias,planeada,2025-09-04 07:00,279.0,1
D16835,C017,2025-09-16,T1,1,Total,7,,,,,1
D16836,C017,2025-09-16,T2,1,Total,8,,,,,1
D16837,C017,2025-09-16,T3,1,Parcial,4,preferencia_pessoal,planeada,2025-09-14 02:48,67.2,1
D16838,C017,2025-09-17,T1,1,Total,7,,,,,1
D16839,C017,2025-09-17,T2,1,Total,8,,,,,1
D16840,C017,2025-09-17,T3,1,Total,9,,,,,1
D16841,C017,2025-09-18,T1,0,Indisponível,0,baixa,planeada,2025-08-31 14:00,425.0,1
D16842,C017,2025-09-18,T2,1,Total,8,,,,,1
D16843,C017,2025-09-18,T3,1,Total,9,,,,,1
D16844,C017,2025-09-19,T1,1,Parcial,4,formação,planeada,2025-09-14 06:36,120.4,1
D16845,C017,2025-09-19,T2,1,Total,8,,,,,1
D16846,C017,2025-09-19,T3,1,Total,9,,,,,1
D16847,C017,2025-09-20,T1,1,Total,7,,,,,1
D16848,C017,2025-09-20,T2,1,Total,8,,,,,1
D16849,C017,2025-09-20,T3,1,Total,9,,,,,1
D16850,C017,2025-09-21,T1,1,Total,7,,,,,1
D16851,C017,2025-09-21,T2,1,Total,8,,,,,1
D16852,C017,2025-09-21,T3,1,Total,9,,,,,1
D16853,C017,2025-09-22,T1,1,Total,7,,,,,1
D16854,C017,2025-09-22,T2,1,Total,8,,,,,1
D16855,C017,2025-09-22,T3,1,Total,9,,,,,1
D16856,C017,2025-09-23,T1,1,Total,7,,,,,1
D16857,C017,2025-09-23,T2,1,Total,8,,,,,1
D16858,C017,2025-09-23,T3,1,Total,9,,,,,1
D16859,C017,2025-09-24,T1,1,Parcial,4,formação,planeada,2025-09-13 02:54,268.1,1
D16860,C017,2025-09-24,T2,1,Total,8,,,,,1
D16861,C017,2025-09-24,T3,1,Total,9,,,,,1
D16862,C017,2025-09-25,T1,1,Total,7,,,,,1
D16863,C017,2025-09-25,T2,1,Total,8,,,,,1
D16864,C017,2025-09-25,T3,1,Parcial,4,formação,planeada,2025-09-19 13:48,152.2,1
D16865,C017,2025-09-26,T1,1,Total,7,,,,,1
D16866,C017,2025-09-26,T2,1,Total,8,,,,,1
D16867,C017,2025-09-26,T3,1,Total,9,,,,,1
D16868,C017,2025-09-27,T1,1,Total,7,,,,,1
D16869,C017,2025-09-27,T2,1,Total,8,,,,,1
D16870,C017,2025-09-27,T3,1,Total,9,,,,,1
D16871,C017,2025-09-28,T1,1,Parcial,4,consulta_medica,planeada,2025-09-25 02:12,76.8,1
D16872,C017,2025-09-28,T2,1,Total,8,,,,,1
D16873,C017,2025-09-28,T3,1,Total,9,,,,,1
D16874,C017,2025-09-29,T1,1,Total,7,,,,,1
D16875,C017,2025-09-29,T2,1,Total,8,,,,,1
D16876,C017,2025-09-29,T3,1,Total,9,,,,,1
D16877,C017,2025-09-30,T1,1,Total,7,,,,,1
D16878,C017,2025-09-30,T2,1,Total,8,,,,,1
D16879,C017,2025-09-30,T3,1,Total,9,,,,,1
D16880,C017,2025-10-01,T1,1,Total,7,,,,,1
D16881,C017,2025-10-01,T2,1,Total,8,,,,,1
D16882,C017,2025-10-01,T3,1,Total,9,,,,,1
D16883,C017,2025-10-02,T1,1,Total,7,,,,,1
D16884,C017,2025-10-02,T2,1,Total,8,,,,,1
D16885,C017,2025-10-02,T3,1,Parcial,4,preferencia_pessoal,planeada,2025-09-25 07:42,182.3,1
D16886,C017,2025-10-03,T1,1,Total,7,,,,,1
D16887,C017,2025-10-03,T2,1,Total,8,,,,,1
D16888,C017,2025-10-03,T3,1,Total,9,,,,,1
D16889,C017,2025-10-04,T1,1,Parcial,4,consulta_medica,planeada,2025-09-24 08:54,238.1,1
D16890,C017,2025-10-04,T2,1,Total,8,,,,,1
D16891,C017,2025-10-04,T3,1,Total,9,,,,,1
D16892,C017,2025-10-05,T1,0,Indisponível,0,folga,planeada,2025-09-05 13:18,713.7,1
D16893,C017,2025-10-05,T2,1,Total,8,,,,,1
D16894,C017,2025-10-05,T3,1,Total,9,,,,,1
D16895,C017,2025-10-06,T1,1,Total,7,,,,,1
D16896,C017,2025-10-06,T2,1,Parcial,4,preferencia_pessoal,planeada,2025-09-25 06:00,272.0,1
D16897,C017,2025-10-06,T3,1,Total,9,,,,,1
D16898,C017,2025-10-07,T1,1,Total,7,,,,,1
D16899,C017,2025-10-07,T2,1,Total,8,,,,,1
D16900,C017,2025-10-07,T3,1,Total,9,,,,,1
D16901,C017,2025-10-08,T1,1,Total,7,,,,,1
D16902,C017,2025-10-08,T2,1,Total,8,,,,,1
D16903,C017,2025-10-08,T3,1,Total,9,,,,,1
D16904,C017,2025-10-09,T1,1,Total,7,,,,,1
D16905,C017,2025-10-09,T2,1,Total,8,,,,,1
D16906,C017,2025-10-09,T3,0,Indisponível,0,formação,planeada,2025-09-14 19:00,603.0,1
D16907,C017,2025-10-10,T1,1,Total,7,,,,,1
D16908,C017,2025-10-10,T2,1,Total,8,,,,,1
D16909,C017,2025-10-10,T3,1,Total,9,,,,,1
D16910,C017,2025-10-11,T1,1,Total,7,,,,,1
D16911,C017,2025-10-11,T2,1,Total,8,,,,,1
D16912,C017,2025-10-11,T3,1,Total,9,,,,,1
D16913,C017,2025-10-12,T1,1,Total,7,,,,,1
D16914,C017,2025-10-12,T2,1,Total,8,,,,,1
D16915,C017,2025-10-12,T3,1,Total,9,,,,,1
D16916,C017,2025-10-13,T1,1,Total,7,,,,,1
D16917,C017,2025-10-13,T2,1,Total,8,,,,,1
D16918,C017,2025-10-13,T3,1,Total,9,,,,,1
D16919,C017,2025-10-14,T1,1,Total,7,,,,,1
D16920,C017,2025-10-14,T2,1,Total,8,,,,,1
D16921,C017,2025-10-14,T3,1,Total,9,,,,,1
D16922,C017,2025-10-15,T1,1,Total,7,,,,,1
D16923,C017,2025-10-15,T2,1,Total,8,,,,,1
D16924,C017,2025-10-15,T3,1,Total,9,,,,,1
D16925,C017,2025-10-16,T1,1,Total,7,,,,,1
D16926,C017,2025-10-16,T2,1,Total,8,,,,,1
D16927,C017,2025-10-16,T3,1,Total,9,,,,,1
D16928,C017,2025-10-17,T1,1,Total,7,,,,,1
D16929,C017,2025-10-17,T2,1,Total,8,,,,,1
D16930,C017,2025-10-17,T3,1,Total,9,,,,,1
D16931,C017,2025-10-18,T1,1,Total,7,,,,,1
D16932,C017,2025-10-18,T2,1,Total,8,,,,,1
D16933,C017,2025-10-18,T3,1,Total,9,,,,,1
D16934,C017,2025-10-19,T1,1,Total,7,,,,,1
D16935,C017,2025-10-19,T2,1,Total,8,,,,,1
D16936,C017,2025-10-19,T3,1,Total,9,,,,,1
D16937,C017,2025-10-20,T1,1,Total,7,,,,,1
D16938,C017,2025-10-20,T2,1,Total,8,,,,,1
D16939,C017,2025-10-20,T3,1,Total,9,,,,,1
D16940,C017,2025-10-21,T1,1,Total,7,,,,,1
D16941,C017,2025-10-21,T2,1,Total,8,,,,,1
D16942,C017,2025-10-21,T3,1,Total,9,,,,,1
D16943,C017,2025-10-22,T1,1,Total,7,,,,,1
D16944,C017,2025-10-22,T2,1,Total,8,,,,,1
D16945,C017,2025-10-22,T3,1,Total,9,,,,,1
D16946,C017,2025-10-23,T1,1,Parcial,4,formação,planeada,2025-10-13 06:00,241.0,1
D16947,C017,2025-10-23,T2,1,Total,8,,,,,1
D16948,C017,2025-10-23,T3,1,Parcial,4,preferencia_pessoal,planeada,2025-10-20 06:24,87.6,1
D16949,C017,2025-10-24,T1,1,Total,7,,,,,1
D16950,C017,2025-10-24,T2,1,Total,8,,,,,1
D16951,C017,2025-10-24,T3,1,Total,9,,,,,1
D16952,C017,2025-10-25,T1,1,Total,7,,,,,1
D16953,C017,2025-10-25,T2,1,Total,8,,,,,1
D16954,C017,2025-10-25,T3,1,Total,9,,,,,1
D16955,C017,2025-10-26,T1,1,Parcial,4,consulta_medica,planeada,2025-10-22 20:30,82.5,1
D16956,C017,2025-10-26,T2,1,Total,8,,,,,1
D16957,C017,2025-10-26,T3,0,Indisponível,0,consulta_medica,planeada,2025-10-14 14:48,295.2,1
D16958,C017,2025-10-27,T1,1,Total,7,,,,,1
D16959,C017,2025-10-27,T2,1,Total,8,,,,,1
D16960,C017,2025-10-27,T3,1,Total,9,,,,,1
D16961,C017,2025-10-28,T1,0,Indisponível,0,baixa,planeada,2025-10-18 18:30,228.5,1
D16962,C017,2025-10-28,T2,1,Total,8,,,,,1
D16963,C017,2025-10-28,T3,1,Total,9,,,,,1
D16964,C017,2025-10-29,T1,1,Total,7,,,,,1
D16965,C017,2025-10-29,T2,1,Total,8,,,,,1
D16966,C017,2025-10-29,T3,1,Total,9,,,,,1
D16967,C017,2025-10-30,T1,0,Indisponível,0,outro,planeada,2025-10-11 18:12,444.8,1
D16968,C017,2025-10-30,T2,1,Total,8,,,,,1
D16969,C017,2025-10-30,T3,1,Total,9,,,,,1
D16970,C017,2025-10-31,T1,1,Total,7,,,,,1
D16971,C017,2025-10-31,T2,1,Total,8,,,,,1
D16972,C017,2025-10-31,T3,1,Total,9,,,,,1
D16973,C017,2025-11-01,T1,1,Total,7,,,,,1
D16974,C017,2025-11-01,T2,1,Total,8,,,,,1
D16975,C017,2025-11-01,T3,1,Total,9,,,,,1
D16976,C017,2025-11-02,T1,1,Total,7,,,,,1
D16977,C017,2025-11-02,T2,1,Total,8,,,,,1
D16978,C017,2025-11-02,T3,1,Parcial,4,preferencia_pessoal,planeada,2025-10-30 12:06,81.9,1
D16979,C017,2025-11-03,T1,1,Total,7,,,,,1
D16980,C017,2025-11-03,T2,1,Total,8,,,,,1
D16981,C017,2025-11-03,T3,1,Total,9,,,,,1
D16982,C017,2025-11-04,T1,1,Total,7,,,,,1
D16983,C017,2025-11-04,T2,1,Total,8,,,,,1
D16984,C017,2025-11-04,T3,1,Total,9,,,,,1
D16985,C017,2025-11-05,T1,1,Total,7,,,,,1
D16986,C017,2025-11-05,T2,1,Total,8,,,,,1
D16987,C017,2025-11-05,T3,0,Indisponível,0,nao_autorizado_fds,planeada,2025-10-27 09:36,228.4,1
D16988,C017,2025-11-06,T1,1,Total,7,,,,,1
D16989,C017,2025-11-06,T2,1,Total,8,,,,,1
D16990,C017,2025-11-06,T3,1,Total,9,,,,,1
D16991,C017,2025-11-07,T1,1,Total,7,,,,,1
D16992,C017,2025-11-07,T2,1,Parcial,4,consulta_medica,planeada,2025-10-27 03:18,274.7,1
D16993,C017,2025-11-07,T3,1,Total,9,,,,,1
D16994,C017,2025-11-08,T1,1,Total,7,,,,,1
D16995,C017,2025-11-08,T2,1,Total,8,,,,,1
D16996,C017,2025-11-08,T3,1,Total,9,,,,,1
D16997,C017,2025-11-09,T1,1,Total,7,,,,,1
D16998,C017,2025-11-09,T2,1,Total,8,,,,,1
D16999,C017,2025-11-09,T3,1,Parcial,4,formação,planeada,2025-10-31 15:48,222.2,1
D17000,C017,2025-11-10,T1,1,Total,7,,,,,1
D17001,C017,2025-11-10,T2,1,Total,8,,,,,1
D17002,C017,2025-11-10,T3,1,Total,9,,,,,1
D17003,C017,2025-11-11,T1,1,Total,7,,,,,1
D17004,C017,2025-11-11,T2,1,Total,8,,,,,1
D17005,C017,2025-11-11,T3,1,Total,9,,,,,1
D17006,C017,2025-11-12,T1,1,Total,7,,,,,1
D17007,C017,2025-11-12,T2,0,Indisponível,0,formação,planeada,2025-11-04 20:48,185.2,1
D17008,C017,2025-11-12,T3,1,Total,9,,,,,1
D17009,C017,2025-11-13,T1,1,Total,7,,,,,1
D17010,C017,2025-11-13,T2,1,Total,8,,,,,1
D17011,C017,2025-11-13,T3,1,Total,9,,,,,1
D17012,C017,2025-11-14,T1,1,Total,7,,,,,1
D17013,C017,2025-11-14,T2,1,Total,8,,,,,1
D17014,C017,2025-11-14,T3,1,Total,9,,,,,1
D17015,C017,2025-11-15,T1,1,Parcial,4,formação,planeada,2025-11-05 22:00,225.0,1
D17016,C017,2025-11-15,T2,1,Total,8,,,,,1
D17017,C017,2025-11-15,T3,1,Total,9,,,,,1
D17018,C017,2025-11-16,T1,1,Total,7,,,,,1
D17019,C017,2025-11-16,T2,1,Total,8,,,,,1
D17020,C017,2025-11-16,T3,1,Parcial,4,preferencia_pessoal,planeada,2025-11-11 16:06,125.9,1
D17021,C017,2025-11-17,T1,1,Total,7,,,,,1
D17022,C017,2025-11-17,T2,1,Total,8,,,,,1
D17023,C017,2025-11-17,T3,1,Total,9,,,,,1
D17024,C017,2025-11-18,T1,1,Total,7,,,,,1
D17025,C017,2025-11-18,T2,1,Total,8,,,,,1
D17026,C017,2025-11-18,T3,1,Total,9,,,,,1
D17027,C017,2025-11-19,T1,1,Total,7,,,,,1
D17028,C017,2025-11-19,T2,1,Total,8,,,,,1
D17029,C017,2025-11-19,T3,1,Total,9,,,,,1
D17030,C017,2025-11-20,T1,1,Total,7,,,,,1
D17031,C017,2025-11-20,T2,1,Total,8,,,,,1
D17032,C017,2025-11-20,T3,1,Total,9,,,,,1
D17033,C017,2025-11-21,T1,1,Total,7,,,,,1
D17034,C017,2025-11-21,T2,1,Total,8,,,,,1
D17035,C017,2025-11-21,T3,1,Parcial,4,consulta_medica,planeada,2025-11-21 01:12,20.8,1
D17036,C017,2025-11-22,T1,1,Total,7,,,,,1
D17037,C017,2025-11-22,T2,1,Total,8,,,,,1
D17038,C017,2025-11-22,T3,1,Total,9,,,,,1
D17039,C017,2025-11-23,T1,1,Total,7,,,,,1
D17040,C017,2025-11-23,T2,1,Total,8,,,,,1
D17041,C017,2025-11-23,T3,1,Total,9,,,,,1
D17042,C017,2025-11-24,T1,1,Total,7,,,,,1
D17043,C017,2025-11-24,T2,1,Total,8,,,,,1
D17044,C017,2025-11-24,T3,1,Total,9,,,,,1
D17045,C017,2025-11-25,T1,1,Total,7,,,,,1
D17046,C017,2025-11-25,T2,1,Total,8,,,,,1
D17047,C017,2025-11-25,T3,1,Total,9,,,,,1
D17048,C017,2025-11-26,T1,1,Total,7,,,,,1
D17049,C017,2025-11-26,T2,1,Total,8,,,,,1
D17050,C017,2025-11-26,T3,1,Total,9,,,,,1
D17051,C017,2025-11-27,T1,1,Total,7,,,,,1
D17052,C017,2025-11-27,T2,1,Total,8,,,,,1
D17053,C017,2025-11-27,T3,1,Total,9,,,,,1
D17054,C017,2025-11-28,T1,1,Parcial,4,consulta_medica,planeada,2025-11-26 12:54,42.1,1
D17055,C017,2025-11-28,T2,1,Total,8,,,,,1
D17056,C017,2025-11-28,T3,1,Total,9,,,,,1
D17057,C017,2025-11-29,T1,1,Total,7,,,,,1
D17058,C017,2025-11-29,T2,1,Total,8,,,,,1
D17059,C017,2025-11-29,T3,0,Indisponível,0,formação,planeada,2025-11-22 14:48,175.2,1
D17060,C017,2025-11-30,T1,1,Total,7,,,,,1
D17061,C017,2025-11-30,T2,1,Parcial,4,formação,planeada,2025-11-26 02:42,107.3,1
D17062,C017,2025-11-30,T3,1,Total,9,,,,,1
D17063,C017,2025-12-01,T1,1,Total,7,,,,,1
D17064,C017,2025-12-01,T2,1,Total,8,,,,,1
D17065,C017,2025-12-01,T3,1,Total,9,,,,,1
D17066,C017,2025-12-02,T1,1,Total,7,,,,,1
D17067,C017,2025-12-02,T2,1,Total,8,,,,,1
D17068,C017,2025-12-02,T3,1,Total,9,,,,,1
D17069,C017,2025-12-03,T1,1,Total,7,,,,,1
D17070,C017,2025-12-03,T2,1,Total,8,,,,,1
D17071,C017,2025-12-03,T3,1,Total,9,,,,,1
D17072,C017,2025-12-04,T1,1,Total,7,,,,,1
D17073,C017,2025-12-04,T2,1,Total,8,,,,,1
D17074,C017,2025-12-04,T3,1,Total,9,,,,,1
D17075,C017,2025-12-05,T1,1,Total,7,,,,,1
D17076,C017,2025-12-05,T2,1,Total,8,,,,,1
D17077,C017,2025-12-05,T3,1,Total,9,,,,,1
D17078,C017,2025-12-06,T1,1,Total,7,,,,,1
D17079,C017,2025-12-06,T2,0,Indisponível,0,férias,planeada,2025-11-12 05:42,584.3,1
D17080,C017,2025-12-06,T3,1,Total,9,,,,,1
D17081,C017,2025-12-07,T1,1,Total,7,,,,,1
D17082,C017,2025-12-07,T2,1,Total,8,,,,,1
D17083,C017,2025-12-07,T3,1,Total,9,,,,,1
D17084,C017,2025-12-08,T1,1,Total,7,,,,,1
D17085,C017,2025-12-08,T2,1,Total,8,,,,,1
D17086,C017,2025-12-08,T3,1,Total,9,,,,,1
D17087,C017,2025-12-09,T1,1,Total,7,,,,,1
D17088,C017,2025-12-09,T2,0,Indisponível,0,férias,planeada,2025-11-29 01:18,252.7,1
D17089,C017,2025-12-09,T3,1,Total,9,,,,,1
D17090,C017,2025-12-10,T1,1,Total,7,,,,,1
D17091,C017,2025-12-10,T2,1,Total,8,,,,,1
D17092,C017,2025-12-10,T3,1,Total,9,,,,,1
D17093,C017,2025-12-11,T1,1,Total,7,,,,,1
D17094,C017,2025-12-11,T2,1,Total,8,,,,,1
D17095,C017,2025-12-11,T3,1,Total,9,,,,,1
D17096,C017,2025-12-12,T1,1,Total,7,,,,,1
D17097,C017,2025-12-12,T2,1,Total,8,,,,,1
D17098,C017,2025-12-12,T3,1,Total,9,,,,,1
D17099,C017,2025-12-13,T1,1,Total,7,,,,,1
D17100,C017,2025-12-13,T2,1,Total,8,,,,,1
D17101,C017,2025-12-13,T3,1,Total,9,,,,,1
D17102,C017,2025-12-14,T1,1,Total,7,,,,,1
D17103,C017,2025-12-14,T2,1,Total,8,,,,,1
D17104,C017,2025-12-14,T3,1,Total,9,,,,,1
D17105,C017,2025-12-15,T1,1,Total,7,,,,,1
D17106,C017,2025-12-15,T2,1,Total,8,,,,,1
D17107,C017,2025-12-15,T3,1,Total,9,,,,,1
D17108,C017,2025-12-16,T1,1,Total,7,,,,,1
D17109,C017,2025-12-16,T2,1,Total,8,,,,,1
D17110,C017,2025-12-16,T3,1,Parcial,4,consulta_medica,planeada,2025-12-10 22:48,143.2,1
D17111,C017,2025-12-17,T1,1,Total,7,,,,,1
D17112,C017,2025-12-17,T2,1,Parcial,4,preferencia_pessoal,planeada,2025-12-17 00:30,13.5,1
D17113,C017,2025-12-17,T3,1,Total,9,,,,,1
D17114,C017,2025-12-18,T1,1,Total,7,,,,,1
D17115,C017,2025-12-18,T2,1,Total,8,,,,,1
D17116,C017,2025-12-18,T3,1,Total,9,,,,,1
D17117,C017,2025-12-19,T1,1,Total,7,,,,,1
D17118,C017,2025-12-19,T2,1,Total,8,,,,,1
D17119,C017,2025-12-19,T3,1,Total,9,,,,,1
D17120,C017,2025-12-20,T1,1,Total,7,,,,,1
D17121,C017,2025-12-20,T2,1,Total,8,,,,,1
D17122,C017,2025-12-20,T3,1,Total,9,,,,,1
D17123,C017,2025-12-21,T1,1,Total,7,,,,,1
D17124,C017,2025-12-21,T2,1,Total,8,,,,,1
D17125,C017,2025-12-21,T3,1,Total,9,,,,,1
D17126,C017,2025-12-22,T1,1,Total,7,,,,,1
D17127,C017,2025-12-22,T2,1,Total,8,,,,,1
D17128,C017,2025-12-22,T3,1,Total,9,,,,,1
D17129,C017,2025-12-23,T1,0,Indisponível,0,consulta_medica,planeada,2025-11-27 14:48,616.2,1
D17130,C017,2025-12-23,T2,1,Total,8,,,,,1
D17131,C017,2025-12-23,T3,1,Total,9,,,,,1
D17132,C017,2025-12-24,T1,1,Total,7,,,,,1
D17133,C017,2025-12-24,T2,1,Total,8,,,,,1
D17134,C017,2025-12-24,T3,1,Parcial,4,consulta_medica,planeada,2025-12-16 00:42,213.3,1
D17135,C017,2025-12-25,T1,1,Parcial,4,formação,planeada,2025-12-14 00:18,270.7,1
D17136,C017,2025-12-25,T2,1,Total,8,,,,,1
D17137,C017,2025-12-25,T3,1,Total,9,,,,,1
D17138,C017,2025-12-26,T1,1,Total,7,,,,,1
D17139,C017,2025-12-26,T2,1,Total,8,,,,,1
D17140,C017,2025-12-26,T3,1,Total,9,,,,,1
D17141,C017,2025-12-27,T1,1,Total,7,,,,,1
D17142,C017,2025-12-27,T2,1,Total,8,,,,,1
D17143,C017,2025-12-27,T3,1,Total,9,,,,,1
D17144,C017,2025-12-28,T1,1,Total,7,,,,,1
D17145,C017,2025-12-28,T2,1,Total,8,,,,,1
D17146,C017,2025-12-28,T3,1,Parcial,4,preferencia_pessoal,planeada,2025-12-15 16:12,317.8,1
D17147,C017,2025-12-29,T1,1,Parcial,4,formação,planeada,2025-12-19 20:30,226.5,1
D17148,C017,2025-12-29,T2,1,Total,8,,,,,1
D17149,C017,2025-12-29,T3,1,Total,9,,,,,1
D17150,C017,2025-12-30,T1,1,Total,7,,,,,1
D17151,C017,2025-12-30,T2,1,Total,8,,,,,1
D17152,C017,2025-12-30,T3,1,Total,9,,,,,1
D17153,C017,2025-12-31,T1,1,Total,7,,,,,1
D17154,C017,2025-12-31,T2,1,Total,8,,,,,1
D17155,C017,2025-12-31,T3,1,Total,9,,,,,1
D17156,C018,2025-01-01,T1,1,Total,7,,,,,1
D17157,C018,2025-01-01,T2,1,Total,8,,,,,1
D17158,C018,2025-01-01,T3,0,Indisponível,0,preferencia_pessoal,planeada,2024-12-05 02:06,667.9,1
D17159,C018,2025-01-02,T1,1,Total,7,,,,,1
D17160,C018,2025-01-02,T2,1,Total,8,,,,,1
D17161,C018,2025-01-02,T3,1,Total,9,,,,,1
D17162,C018,2025-01-03,T1,1,Total,7,,,,,1
D17163,C018,2025-01-03,T2,1,Total,8,,,,,1
D17164,C018,2025-01-03,T3,1,Total,9,,,,,1
D17165,C018,2025-01-04,T1,1,Total,7,,,,,1
D17166,C018,2025-01-04,T2,1,Total,8,,,,,1
D17167,C018,2025-01-04,T3,1,Total,9,,,,,1
D17168,C018,2025-01-05,T1,0,Indisponível,0,restrição_noite,planeada,2024-12-13 16:24,542.6,1
D17169,C018,2025-01-05,T2,1,Total,8,,,,,1
D17170,C018,2025-01-05,T3,1,Total,9,,,,,1
D17171,C018,2025-01-06,T1,1,Total,7,,,,,1
D17172,C018,2025-01-06,T2,1,Parcial,4,formação,planeada,2024-12-24 22:36,303.4,1
D17173,C018,2025-01-06,T3,1,Parcial,4,formação,planeada,2024-12-26 00:24,285.6,1
D17174,C018,2025-01-07,T1,1,Parcial,4,preferencia_pessoal,planeada,2024-12-30 12:24,186.6,1
D17175,C018,2025-01-07,T2,1,Total,8,,,,,1
D17176,C018,2025-01-07,T3,1,Total,9,,,,,1
D17177,C018,2025-01-08,T1,1,Total,7,,,,,1
D17178,C018,2025-01-08,T2,1,Total,8,,,,,1
D17179,C018,2025-01-08,T3,1,Total,9,,,,,1
D17180,C018,2025-01-09,T1,1,Total,7,,,,,1
D17181,C018,2025-01-09,T2,1,Total,8,,,,,1
D17182,C018,2025-01-09,T3,1,Total,9,,,,,1
D17183,C018,2025-01-10,T1,1,Total,7,,,,,1
D17184,C018,2025-01-10,T2,1,Total,8,,,,,1
D17185,C018,2025-01-10,T3,1,Total,9,,,,,1
D17186,C018,2025-01-11,T1,1,Total,7,,,,,1
D17187,C018,2025-01-11,T2,1,Total,8,,,,,1
D17188,C018,2025-01-11,T3,1,Total,9,,,,,1
D17189,C018,2025-01-12,T1,1,Total,7,,,,,1
D17190,C018,2025-01-12,T2,1,Parcial,4,preferencia_pessoal,planeada,2025-01-09 10:30,75.5,1
D17191,C018,2025-01-12,T3,1,Total,9,,,,,1
D17192,C018,2025-01-13,T1,0,Indisponível,0,restrição_noite,planeada,2025-01-12 03:36,27.4,1
D17193,C018,2025-01-13,T2,1,Parcial,4,preferencia_pessoal,planeada,2025-01-07 03:42,154.3,1
D17194,C018,2025-01-13,T3,1,Total,9,,,,,1
D17195,C018,2025-01-14,T1,1,Total,7,,,,,1
D17196,C018,2025-01-14,T2,1,Total,8,,,,,1
D17197,C018,2025-01-14,T3,1,Total,9,,,,,1
D17198,C018,2025-01-15,T1,1,Total,7,,,,,1
D17199,C018,2025-01-15,T2,1,Total,8,,,,,1
D17200,C018,2025-01-15,T3,1,Total,9,,,,,1
D17201,C018,2025-01-16,T1,1,Total,7,,,,,1
D17202,C018,2025-01-16,T2,1,Total,8,,,,,1
D17203,C018,2025-01-16,T3,1,Total,9,,,,,1
D17204,C018,2025-01-17,T1,1,Total,7,,,,,1
D17205,C018,2025-01-17,T2,1,Total,8,,,,,1
D17206,C018,2025-01-17,T3,1,Total,9,,,,,1
D17207,C018,2025-01-18,T1,1,Total,7,,,,,1
D17208,C018,2025-01-18,T2,1,Total,8,,,,,1
D17209,C018,2025-01-18,T3,1,Total,9,,,,,1
D17210,C018,2025-01-19,T1,1,Total,7,,,,,1
D17211,C018,2025-01-19,T2,1,Total,8,,,,,1
D17212,C018,2025-01-19,T3,1,Parcial,4,consulta_medica,planeada,2025-01-09 07:54,254.1,1
D17213,C018,2025-01-20,T1,1,Total,7,,,,,1
D17214,C018,2025-01-20,T2,1,Total,8,,,,,1
D17215,C018,2025-01-20,T3,1,Total,9,,,,,1
D17216,C018,2025-01-21,T1,1,Total,7,,,,,1
D17217,C018,2025-01-21,T2,1,Total,8,,,,,1
D17218,C018,2025-01-21,T3,1,Total,9,,,,,1
D17219,C018,2025-01-22,T1,1,Total,7,,,,,1
D17220,C018,2025-01-22,T2,1,Total,8,,,,,1
D17221,C018,2025-01-22,T3,1,Total,9,,,,,1
D17222,C018,2025-01-23,T1,1,Parcial,4,consulta_medica,planeada,2025-01-13 16:30,230.5,1
D17223,C018,2025-01-23,T2,1,Total,8,,,,,1
D17224,C018,2025-01-23,T3,1,Total,9,,,,,1
D17225,C018,2025-01-24,T1,1,Total,7,,,,,1
D17226,C018,2025-01-24,T2,1,Parcial,4,consulta_medica,planeada,2025-01-18 00:42,157.3,1
D17227,C018,2025-01-24,T3,1,Total,9,,,,,1
D17228,C018,2025-01-25,T1,1,Total,7,,,,,1
D17229,C018,2025-01-25,T2,1,Total,8,,,,,1
D17230,C018,2025-01-25,T3,1,Total,9,,,,,1
D17231,C018,2025-01-26,T1,1,Total,7,,,,,1
D17232,C018,2025-01-26,T2,1,Total,8,,,,,1
D17233,C018,2025-01-26,T3,1,Total,9,,,,,1
D17234,C018,2025-01-27,T1,1,Total,7,,,,,1
D17235,C018,2025-01-27,T2,1,Total,8,,,,,1
D17236,C018,2025-01-27,T3,1,Total,9,,,,,1
D17237,C018,2025-01-28,T1,1,Total,7,,,,,1
D17238,C018,2025-01-28,T2,1,Total,8,,,,,1
D17239,C018,2025-01-28,T3,1,Total,9,,,,,1
D17240,C018,2025-01-29,T1,1,Total,7,,,,,1
D17241,C018,2025-01-29,T2,1,Total,8,,,,,1
D17242,C018,2025-01-29,T3,1,Total,9,,,,,1
D17243,C018,2025-01-30,T1,1,Total,7,,,,,1
D17244,C018,2025-01-30,T2,1,Total,8,,,,,1
D17245,C018,2025-01-30,T3,1,Total,9,,,,,1
D17246,C018,2025-01-31,T1,1,Total,7,,,,,1
D17247,C018,2025-01-31,T2,1,Total,8,,,,,1
D17248,C018,2025-01-31,T3,1,Total,9,,,,,1
D17249,C018,2025-02-01,T1,1,Total,7,,,,,1
D17250,C018,2025-02-01,T2,1,Total,8,,,,,1
D17251,C018,2025-02-01,T3,1,Total,9,,,,,1
D17252,C018,2025-02-02,T1,1,Total,7,,,,,1
D17253,C018,2025-02-02,T2,1,Total,8,,,,,1
D17254,C018,2025-02-02,T3,1,Total,9,,,,,1
D17255,C018,2025-02-03,T1,1,Total,7,,,,,1
D17256,C018,2025-02-03,T2,1,Total,8,,,,,1
D17257,C018,2025-02-03,T3,1,Total,9,,,,,1
D17258,C018,2025-02-04,T1,1,Total,7,,,,,1
D17259,C018,2025-02-04,T2,1,Total,8,,,,,1
D17260,C018,2025-02-04,T3,1,Total,9,,,,,1
D17261,C018,2025-02-05,T1,1,Total,7,,,,,1
D17262,C018,2025-02-05,T2,1,Total,8,,,,,1
D17263,C018,2025-02-05,T3,1,Total,9,,,,,1
D17264,C018,2025-02-06,T1,1,Total,7,,,,,1
D17265,C018,2025-02-06,T2,1,Total,8,,,,,1
D17266,C018,2025-02-06,T3,1,Total,9,,,,,1
D17267,C018,2025-02-07,T1,1,Total,7,,,,,1
D17268,C018,2025-02-07,T2,1,Total,8,,,,,1
D17269,C018,2025-02-07,T3,1,Total,9,,,,,1
D17270,C018,2025-02-08,T1,1,Total,7,,,,,1
D17271,C018,2025-02-08,T2,1,Total,8,,,,,1
D17272,C018,2025-02-08,T3,1,Total,9,,,,,1
D17273,C018,2025-02-09,T1,1,Parcial,4,formação,planeada,2025-02-04 01:24,125.6,1
D17274,C018,2025-02-09,T2,1,Parcial,4,consulta_medica,planeada,2025-01-29 21:36,256.4,1
D17275,C018,2025-02-09,T3,1,Total,9,,,,,1
D17276,C018,2025-02-10,T1,1,Total,7,,,,,1
D17277,C018,2025-02-10,T2,1,Total,8,,,,,1
D17278,C018,2025-02-10,T3,1,Parcial,4,consulta_medica,planeada,2025-02-01 17:36,220.4,1
D17279,C018,2025-02-11,T1,1,Total,7,,,,,1
D17280,C018,2025-02-11,T2,1,Total,8,,,,,1
D17281,C018,2025-02-11,T3,0,Indisponível,0,férias,planeada,2025-01-30 15:54,294.1,1
D17282,C018,2025-02-12,T1,1,Total,7,,,,,1
D17283,C018,2025-02-12,T2,1,Total,8,,,,,1
D17284,C018,2025-02-12,T3,1,Total,9,,,,,1
D17285,C018,2025-02-13,T1,1,Total,7,,,,,1
D17286,C018,2025-02-13,T2,1,Total,8,,,,,1
D17287,C018,2025-02-13,T3,1,Total,9,,,,,1
D17288,C018,2025-02-14,T1,1,Total,7,,,,,1
D17289,C018,2025-02-14,T2,1,Total,8,,,,,1
D17290,C018,2025-02-14,T3,1,Total,9,,,,,1
D17291,C018,2025-02-15,T1,1,Total,7,,,,,1
D17292,C018,2025-02-15,T2,1,Total,8,,,,,1
D17293,C018,2025-02-15,T3,1,Total,9,,,,,1
D17294,C018,2025-02-16,T1,1,Total,7,,,,,1
D17295,C018,2025-02-16,T2,1,Total,8,,,,,1
D17296,C018,2025-02-16,T3,1,Total,9,,,,,1
D17297,C018,2025-02-17,T1,1,Total,7,,,,,1
D17298,C018,2025-02-17,T2,0,Indisponível,0,formação,planeada,2025-01-21 01:54,660.1,1
D17299,C018,2025-02-17,T3,1,Total,9,,,,,1
D17300,C018,2025-02-18,T1,1,Total,7,,,,,1
D17301,C018,2025-02-18,T2,0,Indisponível,0,baixa,planeada,2025-02-01 06:00,416.0,1
D17302,C018,2025-02-18,T3,1,Parcial,4,formação,planeada,2025-02-08 11:42,250.3,1
D17303,C018,2025-02-19,T1,1,Total,7,,,,,1
D17304,C018,2025-02-19,T2,1,Total,8,,,,,1
D17305,C018,2025-02-19,T3,1,Total,9,,,,,1
D17306,C018,2025-02-20,T1,1,Total,7,,,,,1
D17307,C018,2025-02-20,T2,1,Parcial,4,consulta_medica,planeada,2025-02-08 19:54,282.1,1
D17308,C018,2025-02-20,T3,1,Parcial,4,formação,planeada,2025-02-11 04:48,233.2,1
D17309,C018,2025-02-21,T1,1,Total,7,,,,,1
D17310,C018,2025-02-21,T2,1,Total,8,,,,,1
D17311,C018,2025-02-21,T3,1,Total,9,,,,,1
D17312,C018,2025-02-22,T1,1,Total,7,,,,,1
D17313,C018,2025-02-22,T2,1,Total,8,,,,,1
D17314,C018,2025-02-22,T3,1,Parcial,4,formação,planeada,2025-02-16 01:36,164.4,1
D17315,C018,2025-02-23,T1,1,Total,7,,,,,1
D17316,C018,2025-02-23,T2,1,Total,8,,,,,1
D17317,C018,2025-02-23,T3,1,Total,9,,,,,1
D17318,C018,2025-02-24,T1,1,Total,7,,,,,1
D17319,C018,2025-02-24,T2,1,Total,8,,,,,1
D17320,C018,2025-02-24,T3,0,Indisponível,0,consulta_medica,planeada,2025-02-12 06:36,303.4,1
D17321,C018,2025-02-25,T1,1,Total,7,,,,,1
D17322,C018,2025-02-25,T2,1,Total,8,,,,,1
D17323,C018,2025-02-25,T3,1,Total,9,,,,,1
D17324,C018,2025-02-26,T1,1,Total,7,,,,,1
D17325,C018,2025-02-26,T2,1,Total,8,,,,,1
D17326,C018,2025-02-26,T3,1,Total,9,,,,,1
D17327,C018,2025-02-27,T1,1,Total,7,,,,,1
D17328,C018,2025-02-27,T2,1,Total,8,,,,,1
D17329,C018,2025-02-27,T3,1,Total,9,,,,,1
D17330,C018,2025-02-28,T1,1,Total,7,,,,,1
D17331,C018,2025-02-28,T2,1,Total,8,,,,,1
D17332,C018,2025-02-28,T3,1,Total,9,,,,,1
D17333,C018,2025-03-01,T1,1,Total,7,,,,,1
D17334,C018,2025-03-01,T2,1,Total,8,,,,,1
D17335,C018,2025-03-01,T3,1,Total,9,,,,,1
D17336,C018,2025-03-02,T1,1,Total,7,,,,,1
D17337,C018,2025-03-02,T2,1,Total,8,,,,,1
D17338,C018,2025-03-02,T3,1,Total,9,,,,,1
D17339,C018,2025-03-03,T1,1,Total,7,,,,,1
D17340,C018,2025-03-03,T2,1,Total,8,,,,,1
D17341,C018,2025-03-03,T3,1,Total,9,,,,,1
D17342,C018,2025-03-04,T1,1,Total,7,,,,,1
D17343,C018,2025-03-04,T2,1,Total,8,,,,,1
D17344,C018,2025-03-04,T3,0,Indisponível,0,férias,planeada,2025-02-18 05:18,352.7,1
D17345,C018,2025-03-05,T1,1,Total,7,,,,,1
D17346,C018,2025-03-05,T2,1,Total,8,,,,,1
D17347,C018,2025-03-05,T3,1,Total,9,,,,,1
D17348,C018,2025-03-06,T1,1,Total,7,,,,,1
D17349,C018,2025-03-06,T2,1,Total,8,,,,,1
D17350,C018,2025-03-06,T3,1,Total,9,,,,,1
D17351,C018,2025-03-07,T1,1,Total,7,,,,,1
D17352,C018,2025-03-07,T2,1,Parcial,4,formação,planeada,2025-03-02 00:06,133.9,1
D17353,C018,2025-03-07,T3,1,Total,9,,,,,1
D17354,C018,2025-03-08,T1,1,Total,7,,,,,1
D17355,C018,2025-03-08,T2,1,Total,8,,,,,1
D17356,C018,2025-03-08,T3,1,Total,9,,,,,1
D17357,C018,2025-03-09,T1,1,Total,7,,,,,1
D17358,C018,2025-03-09,T2,1,Total,8,,,,,1
D17359,C018,2025-03-09,T3,1,Total,9,,,,,1
D17360,C018,2025-03-10,T1,1,Total,7,,,,,1
D17361,C018,2025-03-10,T2,1,Total,8,,,,,1
D17362,C018,2025-03-10,T3,1,Total,9,,,,,1
D17363,C018,2025-03-11,T1,1,Total,7,,,,,1
D17364,C018,2025-03-11,T2,1,Total,8,,,,,1
D17365,C018,2025-03-11,T3,0,Indisponível,0,férias,planeada,2025-03-03 16:12,197.8,1
D17366,C018,2025-03-12,T1,1,Parcial,4,consulta_medica,planeada,2025-02-27 10:06,308.9,1
D17367,C018,2025-03-12,T2,1,Total,8,,,,,1
D17368,C018,2025-03-12,T3,1,Total,9,,,,,1
D17369,C018,2025-03-13,T1,1,Total,7,,,,,1
D17370,C018,2025-03-13,T2,1,Total,8,,,,,1
D17371,C018,2025-03-13,T3,1,Parcial,4,formação,planeada,2025-03-07 20:00,146.0,1
D17372,C018,2025-03-14,T1,1,Total,7,,,,,1
D17373,C018,2025-03-14,T2,1,Parcial,4,formação,planeada,2025-02-28 23:54,326.1,1
D17374,C018,2025-03-14,T3,1,Parcial,4,formação,planeada,2025-03-14 07:12,14.8,1
D17375,C018,2025-03-15,T1,1,Total,7,,,,,1
D17376,C018,2025-03-15,T2,1,Total,8,,,,,1
D17377,C018,2025-03-15,T3,1,Total,9,,,,,1
D17378,C018,2025-03-16,T1,1,Total,7,,,,,1
D17379,C018,2025-03-16,T2,1,Total,8,,,,,1
D17380,C018,2025-03-16,T3,1,Total,9,,,,,1
D17381,C018,2025-03-17,T1,1,Parcial,4,preferencia_pessoal,planeada,2025-03-03 22:54,320.1,1
D17382,C018,2025-03-17,T2,1,Total,8,,,,,1
D17383,C018,2025-03-17,T3,1,Total,9,,,,,1
D17384,C018,2025-03-18,T1,1,Total,7,,,,,1
D17385,C018,2025-03-18,T2,1,Parcial,4,preferencia_pessoal,planeada,2025-03-13 10:36,123.4,1
D17386,C018,2025-03-18,T3,1,Total,9,,,,,1
D17387,C018,2025-03-19,T1,1,Parcial,4,preferencia_pessoal,planeada,2025-03-09 06:18,240.7,1
D17388,C018,2025-03-19,T2,1,Total,8,,,,,1
D17389,C018,2025-03-19,T3,1,Parcial,4,preferencia_pessoal,planeada,2025-03-06 07:24,326.6,1
D17390,C018,2025-03-20,T1,1,Total,7,,,,,1
D17391,C018,2025-03-20,T2,1,Total,8,,,,,1
D17392,C018,2025-03-20,T3,1,Total,9,,,,,1
D17393,C018,2025-03-21,T1,1,Total,7,,,,,1
D17394,C018,2025-03-21,T2,1,Total,8,,,,,1
D17395,C018,2025-03-21,T3,1,Parcial,4,preferencia_pessoal,planeada,2025-03-16 18:12,123.8,1
D17396,C018,2025-03-22,T1,1,Total,7,,,,,1
D17397,C018,2025-03-22,T2,1,Total,8,,,,,1
D17398,C018,2025-03-22,T3,1,Total,9,,,,,1
D17399,C018,2025-03-23,T1,1,Parcial,4,preferencia_pessoal,planeada,2025-03-18 14:12,112.8,1
D17400,C018,2025-03-23,T2,1,Parcial,4,consulta_medica,planeada,2025-03-13 04:42,249.3,1
D17401,C018,2025-03-23,T3,1,Total,9,,,,,1
D17402,C018,2025-03-24,T1,1,Parcial,4,consulta_medica,planeada,2025-03-12 02:24,292.6,1
D17403,C018,2025-03-24,T2,1,Total,8,,,,,1
D17404,C018,2025-03-24,T3,1,Total,9,,,,,1
D17405,C018,2025-03-25,T1,1,Total,7,,,,,1
D17406,C018,2025-03-25,T2,1,Total,8,,,,,1
D17407,C018,2025-03-25,T3,1,Total,9,,,,,1
D17408,C018,2025-03-26,T1,1,Parcial,4,preferencia_pessoal,planeada,2025-03-18 00:54,198.1,1
D17409,C018,2025-03-26,T2,1,Total,8,,,,,1
D17410,C018,2025-03-26,T3,1,Total,9,,,,,1
D17411,C018,2025-03-27,T1,1,Total,7,,,,,1
D17412,C018,2025-03-27,T2,1,Total,8,,,,,1
D17413,C018,2025-03-27,T3,1,Total,9,,,,,1
D17414,C018,2025-03-28,T1,1,Parcial,4,consulta_medica,planeada,2025-03-20 20:06,178.9,1
D17415,C018,2025-03-28,T2,1,Total,8,,,,,1
D17416,C018,2025-03-28,T3,1,Total,9,,,,,1
D17417,C018,2025-03-29,T1,1,Parcial,4,formação,planeada,2025-03-24 19:12,107.8,1
D17418,C018,2025-03-29,T2,1,Parcial,4,preferencia_pessoal,planeada,2025-03-27 22:48,39.2,1
D17419,C018,2025-03-29,T3,1,Total,9,,,,,1
D17420,C018,2025-03-30,T1,1,Total,7,,,,,1
D17421,C018,2025-03-30,T2,1,Parcial,4,consulta_medica,planeada,2025-03-25 18:06,115.9,1
D17422,C018,2025-03-30,T3,1,Total,9,,,,,1
D17423,C018,2025-03-31,T1,1,Total,7,,,,,1
D17424,C018,2025-03-31,T2,1,Total,8,,,,,1
D17425,C018,2025-03-31,T3,1,Total,9,,,,,1
D17426,C018,2025-04-01,T1,1,Total,7,,,,,1
D17427,C018,2025-04-01,T2,1,Total,8,,,,,1
D17428,C018,2025-04-01,T3,1,Parcial,4,preferencia_pessoal,planeada,2025-03-24 02:12,211.8,1
D17429,C018,2025-04-02,T1,1,Total,7,,,,,1
D17430,C018,2025-04-02,T2,1,Total,8,,,,,1
D17431,C018,2025-04-02,T3,1,Total,9,,,,,1
D17432,C018,2025-04-03,T1,1,Total,7,,,,,1
D17433,C018,2025-04-03,T2,1,Total,8,,,,,1
D17434,C018,2025-04-03,T3,1,Total,9,,,,,1
D17435,C018,2025-04-04,T1,1,Total,7,,,,,1
D17436,C018,2025-04-04,T2,1,Total,8,,,,,1
D17437,C018,2025-04-04,T3,1,Total,9,,,,,1
D17438,C018,2025-04-05,T1,1,Total,7,,,,,1
D17439,C018,2025-04-05,T2,1,Total,8,,,,,1
D17440,C018,2025-04-05,T3,1,Total,9,,,,,1
D17441,C018,2025-04-06,T1,1,Total,7,,,,,1
D17442,C018,2025-04-06,T2,1,Total,8,,,,,1
D17443,C018,2025-04-06,T3,1,Total,9,,,,,1
D17444,C018,2025-04-07,T1,1,Total,7,,,,,1
D17445,C018,2025-04-07,T2,1,Total,8,,,,,1
D17446,C018,2025-04-07,T3,1,Total,9,,,,,1
D17447,C018,2025-04-08,T1,1,Total,7,,,,,1
D17448,C018,2025-04-08,T2,1,Total,8,,,,,1
D17449,C018,2025-04-08,T3,1,Total,9,,,,,1
D17450,C018,2025-04-09,T1,1,Parcial,4,preferencia_pessoal,planeada,2025-03-30 13:12,233.8,1
D17451,C018,2025-04-09,T2,1,Total,8,,,,,1
D17452,C018,2025-04-09,T3,1,Total,9,,,,,1
D17453,C018,2025-04-10,T1,0,Indisponível,0,preferencia_pessoal,planeada,2025-03-13 17:18,661.7,1
D17454,C018,2025-04-10,T2,1,Total,8,,,,,1
D17455,C018,2025-04-10,T3,1,Total,9,,,,,1
D17456,C018,2025-04-11,T1,1,Total,7,,,,,1
D17457,C018,2025-04-11,T2,1,Total,8,,,,,1
D17458,C018,2025-04-11,T3,0,Indisponível,0,nao_autorizado_fds,planeada,2025-03-16 05:12,640.8,1
D17459,C018,2025-04-12,T1,1,Total,7,,,,,1
D17460,C018,2025-04-12,T2,1,Total,8,,,,,1
D17461,C018,2025-04-12,T3,1,Total,9,,,,,1
D17462,C018,2025-04-13,T1,1,Total,7,,,,,1
D17463,C018,2025-04-13,T2,1,Total,8,,,,,1
D17464,C018,2025-04-13,T3,1,Total,9,,,,,1
D17465,C018,2025-04-14,T1,1,Parcial,4,preferencia_pessoal,planeada,2025-04-08 03:48,147.2,1
D17466,C018,2025-04-14,T2,1,Total,8,,,,,1
D17467,C018,2025-04-14,T3,1,Total,9,,,,,1
D17468,C018,2025-04-15,T1,1,Parcial,4,preferencia_pessoal,planeada,2025-04-09 23:42,127.3,1
D17469,C018,2025-04-15,T2,1,Total,8,,,,,1
D17470,C018,2025-04-15,T3,1,Total,9,,,,,1
D17471,C018,2025-04-16,T1,1,Total,7,,,,,1
D17472,C018,2025-04-16,T2,1,Total,8,,,,,1
D17473,C018,2025-04-16,T3,1,Total,9,,,,,1
D17474,C018,2025-04-17,T1,1,Total,7,,,,,1
D17475,C018,2025-04-17,T2,0,Indisponível,0,folga,planeada,2025-04-09 02:06,203.9,1
D17476,C018,2025-04-17,T3,1,Total,9,,,,,1
D17477,C018,2025-04-18,T1,1,Total,7,,,,,1
D17478,C018,2025-04-18,T2,1,Parcial,4,preferencia_pessoal,planeada,2025-04-17 22:24,15.6,1
D17479,C018,2025-04-18,T3,1,Total,9,,,,,1
D17480,C018,2025-04-19,T1,1,Total,7,,,,,1
D17481,C018,2025-04-19,T2,1,Total,8,,,,,1
D17482,C018,2025-04-19,T3,1,Total,9,,,,,1
D17483,C018,2025-04-20,T1,1,Total,7,,,,,1
D17484,C018,2025-04-20,T2,1,Total,8,,,,,1
D17485,C018,2025-04-20,T3,1,Parcial,4,formação,planeada,2025-04-12 23:24,190.6,1
D17486,C018,2025-04-21,T1,0,Indisponível,0,folga,planeada,2025-04-16 11:48,115.2,1
D17487,C018,2025-04-21,T2,0,Indisponível,0,formação,planeada,2025-04-07 10:00,340.0,1
D17488,C018,2025-04-21,T3,1,Total,9,,,,,1
D17489,C018,2025-04-22,T1,1,Total,7,,,,,1
D17490,C018,2025-04-22,T2,1,Total,8,,,,,1
D17491,C018,2025-04-22,T3,1,Total,9,,,,,1
D17492,C018,2025-04-23,T1,1,Total,7,,,,,1
D17493,C018,2025-04-23,T2,1,Total,8,,,,,1
D17494,C018,2025-04-23,T3,1,Total,9,,,,,1
D17495,C018,2025-04-24,T1,1,Parcial,4,formação,planeada,2025-04-22 14:24,40.6,1
D17496,C018,2025-04-24,T2,1,Total,8,,,,,1
D17497,C018,2025-04-24,T3,1,Total,9,,,,,1
D17498,C018,2025-04-25,T1,0,Indisponível,0,formação,planeada,2025-04-09 16:42,374.3,1
D17499,C018,2025-04-25,T2,1,Total,8,,,,,1
D17500,C018,2025-04-25,T3,1,Total,9,,,,,1
D17501,C018,2025-04-26,T1,1,Total,7,,,,,1
D17502,C018,2025-04-26,T2,1,Total,8,,,,,1
D17503,C018,2025-04-26,T3,1,Total,9,,,,,1
D17504,C018,2025-04-27,T1,1,Total,7,,,,,1
D17505,C018,2025-04-27,T2,0,Indisponível,0,férias,planeada,2025-04-18 14:06,215.9,1
D17506,C018,2025-04-27,T3,0,Indisponível,0,consulta_medica,planeada,2025-04-19 16:24,197.6,1
D17507,C018,2025-04-28,T1,1,Total,7,,,,,1
D17508,C018,2025-04-28,T2,1,Total,8,,,,,1
D17509,C018,2025-04-28,T3,1,Total,9,,,,,1
D17510,C018,2025-04-29,T1,1,Total,7,,,,,1
D17511,C018,2025-04-29,T2,1,Total,8,,,,,1
D17512,C018,2025-04-29,T3,1,Total,9,,,,,1
D17513,C018,2025-04-30,T1,1,Total,7,,,,,1
D17514,C018,2025-04-30,T2,1,Total,8,,,,,1
D17515,C018,2025-04-30,T3,1,Total,9,,,,,1
D17516,C018,2025-05-01,T1,1,Total,7,,,,,1
D17517,C018,2025-05-01,T2,0,Indisponível,0,restrição_noite,planeada,2025-04-12 08:42,461.3,1
D17518,C018,2025-05-01,T3,1,Total,9,,,,,1
D17519,C018,2025-05-02,T1,1,Total,7,,,,,1
D17520,C018,2025-05-02,T2,1,Total,8,,,,,1
D17521,C018,2025-05-02,T3,1,Total,9,,,,,1
D17522,C018,2025-05-03,T1,1,Total,7,,,,,1
D17523,C018,2025-05-03,T2,1,Total,8,,,,,1
D17524,C018,2025-05-03,T3,1,Parcial,4,formação,planeada,2025-04-28 23:18,118.7,1
D17525,C018,2025-05-04,T1,1,Total,7,,,,,1
D17526,C018,2025-05-04,T2,1,Total,8,,,,,1
D17527,C018,2025-05-04,T3,1,Total,9,,,,,1
D17528,C018,2025-05-05,T1,1,Total,7,,,,,1
D17529,C018,2025-05-05,T2,1,Total,8,,,,,1
D17530,C018,2025-05-05,T3,1,Total,9,,,,,1
D17531,C018,2025-05-06,T1,1,Total,7,,,,,1
D17532,C018,2025-05-06,T2,1,Total,8,,,,,1
D17533,C018,2025-05-06,T3,1,Total,9,,,,,1
D17534,C018,2025-05-07,T1,1,Total,7,,,,,1
D17535,C018,2025-05-07,T2,1,Total,8,,,,,1
D17536,C018,2025-05-07,T3,1,Total,9,,,,,1
D17537,C018,2025-05-08,T1,1,Total,7,,,,,1
D17538,C018,2025-05-08,T2,1,Total,8,,,,,1
D17539,C018,2025-05-08,T3,1,Total,9,,,,,1
D17540,C018,2025-05-09,T1,1,Parcial,4,consulta_medica,planeada,2025-04-26 20:12,298.8,1
D17541,C018,2025-05-09,T2,1,Total,8,,,,,1
D17542,C018,2025-05-09,T3,0,Indisponível,0,folga,planeada,2025-05-06 12:48,81.2,1
D17543,C018,2025-05-10,T1,1,Total,7,,,,,1
D17544,C018,2025-05-10,T2,1,Total,8,,,,,1
D17545,C018,2025-05-10,T3,1,Total,9,,,,,1
D17546,C018,2025-05-11,T1,1,Total,7,,,,,1
D17547,C018,2025-05-11,T2,1,Total,8,,,,,1
D17548,C018,2025-05-11,T3,1,Total,9,,,,,1
D17549,C018,2025-05-12,T1,1,Total,7,,,,,1
D17550,C018,2025-05-12,T2,1,Total,8,,,,,1
D17551,C018,2025-05-12,T3,1,Total,9,,,,,1
D17552,C018,2025-05-13,T1,1,Total,7,,,,,1
D17553,C018,2025-05-13,T2,1,Total,8,,,,,1
D17554,C018,2025-05-13,T3,1,Total,9,,,,,1
D17555,C018,2025-05-14,T1,0,Indisponível,0,férias,planeada,2025-04-21 09:00,550.0,1
D17556,C018,2025-05-14,T2,1,Total,8,,,,,1
D17557,C018,2025-05-14,T3,1,Total,9,,,,,1
D17558,C018,2025-05-15,T1,1,Total,7,,,,,1
D17559,C018,2025-05-15,T2,1,Total,8,,,,,1
D17560,C018,2025-05-15,T3,1,Total,9,,,,,1
D17561,C018,2025-05-16,T1,1,Total,7,,,,,1
D17562,C018,2025-05-16,T2,1,Total,8,,,,,1
D17563,C018,2025-05-16,T3,1,Total,9,,,,,1
D17564,C018,2025-05-17,T1,1,Total,7,,,,,1
D17565,C018,2025-05-17,T2,1,Total,8,,,,,1
D17566,C018,2025-05-17,T3,1,Total,9,,,,,1
D17567,C018,2025-05-18,T1,1,Total,7,,,,,1
D17568,C018,2025-05-18,T2,1,Total,8,,,,,1
D17569,C018,2025-05-18,T3,1,Total,9,,,,,1
D17570,C018,2025-05-19,T1,1,Total,7,,,,,1
D17571,C018,2025-05-19,T2,1,Total,8,,,,,1
D17572,C018,2025-05-19,T3,1,Total,9,,,,,1
D17573,C018,2025-05-20,T1,1,Total,7,,,,,1
D17574,C018,2025-05-20,T2,1,Total,8,,,,,1
D17575,C018,2025-05-20,T3,1,Total,9,,,,,1
D17576,C018,2025-05-21,T1,1,Total,7,,,,,1
D17577,C018,2025-05-21,T2,1,Total,8,,,,,1
D17578,C018,2025-05-21,T3,1,Total,9,,,,,1
D17579,C018,2025-05-22,T1,1,Total,7,,,,,1
D17580,C018,2025-05-22,T2,1,Parcial,4,consulta_medica,planeada,2025-05-12 05:54,248.1,1
D17581,C018,2025-05-22,T3,1,Total,9,,,,,1
D17582,C018,2025-05-23,T1,1,Total,7,,,,,1
D17583,C018,2025-05-23,T2,0,Indisponível,0,baixa,planeada,2025-04-30 16:30,549.5,1
D17584,C018,2025-05-23,T3,1,Total,9,,,,,1
D17585,C018,2025-05-24,T1,1,Total,7,,,,,1
D17586,C018,2025-05-24,T2,1,Total,8,,,,,1
D17587,C018,2025-05-24,T3,1,Total,9,,,,,1
D17588,C018,2025-05-25,T1,1,Total,7,,,,,1
D17589,C018,2025-05-25,T2,1,Total,8,,,,,1
D17590,C018,2025-05-25,T3,1,Total,9,,,,,1
D17591,C018,2025-05-26,T1,1,Total,7,,,,,1
D17592,C018,2025-05-26,T2,1,Total,8,,,,,1
D17593,C018,2025-05-26,T3,1,Total,9,,,,,1
D17594,C018,2025-05-27,T1,1,Total,7,,,,,1
D17595,C018,2025-05-27,T2,1,Total,8,,,,,1
D17596,C018,2025-05-27,T3,1,Total,9,,,,,1
D17597,C018,2025-05-28,T1,1,Total,7,,,,,1
D17598,C018,2025-05-28,T2,1,Total,8,,,,,1
D17599,C018,2025-05-28,T3,1,Total,9,,,,,1
D17600,C018,2025-05-29,T1,1,Total,7,,,,,1
D17601,C018,2025-05-29,T2,0,Indisponível,0,consulta_medica,planeada,2025-05-24 12:48,121.2,1
D17602,C018,2025-05-29,T3,1,Total,9,,,,,1
D17603,C018,2025-05-30,T1,0,Indisponível,0,nao_autorizado_fds,planeada,2025-05-14 14:54,376.1,1
D17604,C018,2025-05-30,T2,1,Total,8,,,,,1
D17605,C018,2025-05-30,T3,1,Total,9,,,,,1
D17606,C018,2025-05-31,T1,1,Total,7,,,,,1
D17607,C018,2025-05-31,T2,1,Total,8,,,,,1
D17608,C018,2025-05-31,T3,1,Total,9,,,,,1
D17609,C018,2025-06-01,T1,1,Total,7,,,,,1
D17610,C018,2025-06-01,T2,1,Total,8,,,,,1
D17611,C018,2025-06-01,T3,0,Indisponível,0,preferencia_pessoal,planeada,2025-05-24 04:48,209.2,1
D17612,C018,2025-06-02,T1,1,Total,7,,,,,1
D17613,C018,2025-06-02,T2,1,Total,8,,,,,1
D17614,C018,2025-06-02,T3,1,Total,9,,,,,1
D17615,C018,2025-06-03,T1,1,Total,7,,,,,1
D17616,C018,2025-06-03,T2,1,Total,8,,,,,1
D17617,C018,2025-06-03,T3,1,Total,9,,,,,1
D17618,C018,2025-06-04,T1,1,Total,7,,,,,1
D17619,C018,2025-06-04,T2,1,Total,8,,,,,1
D17620,C018,2025-06-04,T3,1,Total,9,,,,,1
D17621,C018,2025-06-05,T1,1,Total,7,,,,,1
D17622,C018,2025-06-05,T2,1,Parcial,4,formação,planeada,2025-05-31 17:30,116.5,1
D17623,C018,2025-06-05,T3,1,Total,9,,,,,1
D17624,C018,2025-06-06,T1,1,Total,7,,,,,1
D17625,C018,2025-06-06,T2,1,Total,8,,,,,1
D17626,C018,2025-06-06,T3,1,Total,9,,,,,1
D17627,C018,2025-06-07,T1,1,Total,7,,,,,1
D17628,C018,2025-06-07,T2,1,Total,8,,,,,1
D17629,C018,2025-06-07,T3,1,Total,9,,,,,1
D17630,C018,2025-06-08,T1,1,Total,7,,,,,1
D17631,C018,2025-06-08,T2,1,Total,8,,,,,1
D17632,C018,2025-06-08,T3,1,Parcial,4,formação,planeada,2025-05-29 21:18,240.7,1
D17633,C018,2025-06-09,T1,1,Total,7,,,,,1
D17634,C018,2025-06-09,T2,1,Total,8,,,,,1
D17635,C018,2025-06-09,T3,1,Total,9,,,,,1
D17636,C018,2025-06-10,T1,1,Total,7,,,,,1
D17637,C018,2025-06-10,T2,1,Total,8,,,,,1
D17638,C018,2025-06-10,T3,1,Total,9,,,,,1
D17639,C018,2025-06-11,T1,1,Parcial,4,preferencia_pessoal,planeada,2025-05-31 03:06,267.9,1
D17640,C018,2025-06-11,T2,1,Total,8,,,,,1
D17641,C018,2025-06-11,T3,1,Total,9,,,,,1
D17642,C018,2025-06-12,T1,1,Total,7,,,,,1
D17643,C018,2025-06-12,T2,1,Total,8,,,,,1
D17644,C018,2025-06-12,T3,1,Total,9,,,,,1
D17645,C018,2025-06-13,T1,1,Total,7,,,,,1
D17646,C018,2025-06-13,T2,1,Total,8,,,,,1
D17647,C018,2025-06-13,T3,1,Total,9,,,,,1
D17648,C018,2025-06-14,T1,1,Total,7,,,,,1
D17649,C018,2025-06-14,T2,1,Total,8,,,,,1
D17650,C018,2025-06-14,T3,1,Total,9,,,,,1
D17651,C018,2025-06-15,T1,1,Total,7,,,,,1
D17652,C018,2025-06-15,T2,1,Total,8,,,,,1
D17653,C018,2025-06-15,T3,1,Total,9,,,,,1
D17654,C018,2025-06-16,T1,1,Total,7,,,,,1
D17655,C018,2025-06-16,T2,1,Total,8,,,,,1
D17656,C018,2025-06-16,T3,0,Indisponível,0,preferencia_pessoal,planeada,2025-06-06 01:30,260.5,1
D17657,C018,2025-06-17,T1,1,Total,7,,,,,1
D17658,C018,2025-06-17,T2,1,Total,8,,,,,1
D17659,C018,2025-06-17,T3,1,Total,9,,,,,1
D17660,C018,2025-06-18,T1,1,Total,7,,,,,1
D17661,C018,2025-06-18,T2,1,Total,8,,,,,1
D17662,C018,2025-06-18,T3,0,Indisponível,0,consulta_medica,planeada,2025-06-04 09:24,348.6,1
D17663,C018,2025-06-19,T1,1,Total,7,,,,,1
D17664,C018,2025-06-19,T2,1,Total,8,,,,,1
D17665,C018,2025-06-19,T3,1,Total,9,,,,,1
D17666,C018,2025-06-20,T1,1,Parcial,4,preferencia_pessoal,planeada,2025-06-09 13:00,258.0,1
D17667,C018,2025-06-20,T2,1,Total,8,,,,,1
D17668,C018,2025-06-20,T3,1,Total,9,,,,,1
D17669,C018,2025-06-21,T1,1,Total,7,,,,,1
D17670,C018,2025-06-21,T2,1,Total,8,,,,,1
D17671,C018,2025-06-21,T3,1,Total,9,,,,,1
D17672,C018,2025-06-22,T1,0,Indisponível,0,formação,planeada,2025-05-30 04:30,554.5,1
D17673,C018,2025-06-22,T2,1,Total,8,,,,,1
D17674,C018,2025-06-22,T3,1,Total,9,,,,,1
D17675,C018,2025-06-23,T1,1,Total,7,,,,,1
D17676,C018,2025-06-23,T2,1,Total,8,,,,,1
D17677,C018,2025-06-23,T3,1,Total,9,,,,,1
D17678,C018,2025-06-24,T1,1,Total,7,,,,,1
D17679,C018,2025-06-24,T2,1,Total,8,,,,,1
D17680,C018,2025-06-24,T3,1,Total,9,,,,,1
D17681,C018,2025-06-25,T1,1,Total,7,,,,,1
D17682,C018,2025-06-25,T2,1,Total,8,,,,,1
D17683,C018,2025-06-25,T3,0,Indisponível,0,restrição_noite,planeada,2025-06-15 13:48,248.2,1
D17684,C018,2025-06-26,T1,1,Total,7,,,,,1
D17685,C018,2025-06-26,T2,1,Total,8,,,,,1
D17686,C018,2025-06-26,T3,1,Total,9,,,,,1
D17687,C018,2025-06-27,T1,1,Total,7,,,,,1
D17688,C018,2025-06-27,T2,1,Total,8,,,,,1
D17689,C018,2025-06-27,T3,1,Total,9,,,,,1
D17690,C018,2025-06-28,T1,1,Total,7,,,,,1
D17691,C018,2025-06-28,T2,1,Total,8,,,,,1
D17692,C018,2025-06-28,T3,1,Total,9,,,,,1
D17693,C018,2025-06-29,T1,1,Total,7,,,,,1
D17694,C018,2025-06-29,T2,1,Total,8,,,,,1
D17695,C018,2025-06-29,T3,1,Total,9,,,,,1
D17696,C018,2025-06-30,T1,1,Total,7,,,,,1
D17697,C018,2025-06-30,T2,1,Total,8,,,,,1
D17698,C018,2025-06-30,T3,0,Indisponível,0,nao_autorizado_fds,planeada,2025-06-16 02:54,355.1,1
D17699,C018,2025-07-01,T1,1,Total,7,,,,,1
D17700,C018,2025-07-01,T2,1,Total,8,,,,,1
D17701,C018,2025-07-01,T3,1,Total,9,,,,,1
D17702,C018,2025-07-02,T1,1,Total,7,,,,,1
D17703,C018,2025-07-02,T2,1,Total,8,,,,,1
D17704,C018,2025-07-02,T3,1,Total,9,,,,,1
D17705,C018,2025-07-03,T1,1,Total,7,,,,,1
D17706,C018,2025-07-03,T2,1,Total,8,,,,,1
D17707,C018,2025-07-03,T3,1,Total,9,,,,,1
D17708,C018,2025-07-04,T1,1,Total,7,,,,,1
D17709,C018,2025-07-04,T2,1,Total,8,,,,,1
D17710,C018,2025-07-04,T3,1,Total,9,,,,,1
D17711,C018,2025-07-05,T1,1,Parcial,4,formação,planeada,2025-06-25 04:48,242.2,1
D17712,C018,2025-07-05,T2,1,Total,8,,,,,1
D17713,C018,2025-07-05,T3,1,Total,9,,,,,1
D17714,C018,2025-07-06,T1,1,Total,7,,,,,1
D17715,C018,2025-07-06,T2,1,Total,8,,,,,1
D17716,C018,2025-07-06,T3,1,Total,9,,,,,1
D17717,C018,2025-07-07,T1,1,Total,7,,,,,1
D17718,C018,2025-07-07,T2,1,Total,8,,,,,1
D17719,C018,2025-07-07,T3,1,Parcial,4,preferencia_pessoal,planeada,2025-06-24 07:48,326.2,1
D17720,C018,2025-07-08,T1,1,Total,7,,,,,1
D17721,C018,2025-07-08,T2,1,Total,8,,,,,1
D17722,C018,2025-07-08,T3,1,Total,9,,,,,1
D17723,C018,2025-07-09,T1,1,Total,7,,,,,1
D17724,C018,2025-07-09,T2,1,Total,8,,,,,1
D17725,C018,2025-07-09,T3,0,Indisponível,0,baixa,planeada,2025-06-29 23:24,238.6,1
D17726,C018,2025-07-10,T1,1,Total,7,,,,,1
D17727,C018,2025-07-10,T2,1,Total,8,,,,,1
D17728,C018,2025-07-10,T3,1,Total,9,,,,,1
D17729,C018,2025-07-11,T1,1,Total,7,,,,,1
D17730,C018,2025-07-11,T2,1,Total,8,,,,,1
D17731,C018,2025-07-11,T3,1,Total,9,,,,,1
D17732,C018,2025-07-12,T1,1,Total,7,,,,,1
D17733,C018,2025-07-12,T2,1,Total,8,,,,,1
D17734,C018,2025-07-12,T3,1,Total,9,,,,,1
D17735,C018,2025-07-13,T1,1,Total,7,,,,,1
D17736,C018,2025-07-13,T2,0,Indisponível,0,baixa,planeada,2025-07-12 10:12,27.8,1
D17737,C018,2025-07-13,T3,1,Total,9,,,,,1
D17738,C018,2025-07-14,T1,1,Total,7,,,,,1
D17739,C018,2025-07-14,T2,1,Total,8,,,,,1
D17740,C018,2025-07-14,T3,1,Total,9,,,,,1
D17741,C018,2025-07-15,T1,1,Total,7,,,,,1
D17742,C018,2025-07-15,T2,1,Total,8,,,,,1
D17743,C018,2025-07-15,T3,1,Total,9,,,,,1
D17744,C018,2025-07-16,T1,1,Parcial,4,consulta_medica,planeada,2025-07-10 17:36,133.4,1
D17745,C018,2025-07-16,T2,1,Total,8,,,,,1
D17746,C018,2025-07-16,T3,1,Total,9,,,,,1
D17747,C018,2025-07-17,T1,1,Total,7,,,,,1
D17748,C018,2025-07-17,T2,1,Parcial,4,consulta_medica,planeada,2025-07-08 22:18,207.7,1
D17749,C018,2025-07-17,T3,1,Total,9,,,,,1
D17750,C018,2025-07-18,T1,1,Total,7,,,,,1
D17751,C018,2025-07-18,T2,1,Total,8,,,,,1
D17752,C018,2025-07-18,T3,1,Total,9,,,,,1
D17753,C018,2025-07-19,T1,1,Total,7,,,,,1
D17754,C018,2025-07-19,T2,1,Total,8,,,,,1
D17755,C018,2025-07-19,T3,1,Total,9,,,,,1
D17756,C018,2025-07-20,T1,1,Total,7,,,,,1
D17757,C018,2025-07-20,T2,1,Total,8,,,,,1
D17758,C018,2025-07-20,T3,1,Total,9,,,,,1
D17759,C018,2025-07-21,T1,1,Total,7,,,,,1
D17760,C018,2025-07-21,T2,1,Total,8,,,,,1
D17761,C018,2025-07-21,T3,1,Total,9,,,,,1
D17762,C018,2025-07-22,T1,1,Total,7,,,,,1
D17763,C018,2025-07-22,T2,1,Total,8,,,,,1
D17764,C018,2025-07-22,T3,1,Total,9,,,,,1
D17765,C018,2025-07-23,T1,0,Indisponível,0,folga,planeada,2025-07-13 04:06,242.9,1
D17766,C018,2025-07-23,T2,1,Total,8,,,,,1
D17767,C018,2025-07-23,T3,1,Total,9,,,,,1
D17768,C018,2025-07-24,T1,1,Total,7,,,,,1
D17769,C018,2025-07-24,T2,1,Total,8,,,,,1
D17770,C018,2025-07-24,T3,1,Total,9,,,,,1
D17771,C018,2025-07-25,T1,1,Total,7,,,,,1
D17772,C018,2025-07-25,T2,1,Total,8,,,,,1
D17773,C018,2025-07-25,T3,1,Total,9,,,,,1
D17774,C018,2025-07-26,T1,1,Total,7,,,,,1
D17775,C018,2025-07-26,T2,1,Parcial,4,consulta_medica,planeada,2025-07-15 06:36,271.4,1
D17776,C018,2025-07-26,T3,1,Total,9,,,,,1
D17777,C018,2025-07-27,T1,1,Total,7,,,,,1
D17778,C018,2025-07-27,T2,1,Total,8,,,,,1
D17779,C018,2025-07-27,T3,1,Total,9,,,,,1
D17780,C018,2025-07-28,T1,1,Total,7,,,,,1
D17781,C018,2025-07-28,T2,1,Total,8,,,,,1
D17782,C018,2025-07-28,T3,1,Total,9,,,,,1
D17783,C018,2025-07-29,T1,1,Total,7,,,,,1
D17784,C018,2025-07-29,T2,1,Total,8,,,,,1
D17785,C018,2025-07-29,T3,1,Total,9,,,,,1
D17786,C018,2025-07-30,T1,1,Parcial,4,formação,planeada,2025-07-24 22:24,128.6,1
D17787,C018,2025-07-30,T2,1,Total,8,,,,,1
D17788,C018,2025-07-30,T3,1,Total,9,,,,,1
D17789,C018,2025-07-31,T1,1,Total,7,,,,,1
D17790,C018,2025-07-31,T2,1,Parcial,4,formação,planeada,2025-07-22 09:30,220.5,1
D17791,C018,2025-07-31,T3,1,Total,9,,,,,1
D17792,C018,2025-08-01,T1,1,Total,7,,,,,1
D17793,C018,2025-08-01,T2,1,Total,8,,,,,1
D17794,C018,2025-08-01,T3,1,Total,9,,,,,1
D17795,C018,2025-08-02,T1,1,Total,7,,,,,1
D17796,C018,2025-08-02,T2,1,Parcial,4,formação,planeada,2025-07-23 17:06,236.9,1
D17797,C018,2025-08-02,T3,1,Total,9,,,,,1
D17798,C018,2025-08-03,T1,1,Total,7,,,,,1
D17799,C018,2025-08-03,T2,1,Total,8,,,,,1
D17800,C018,2025-08-03,T3,1,Total,9,,,,,1
D17801,C018,2025-08-04,T1,1,Total,7,,,,,1
D17802,C018,2025-08-04,T2,1,Total,8,,,,,1
D17803,C018,2025-08-04,T3,1,Total,9,,,,,1
D17804,C018,2025-08-05,T1,1,Total,7,,,,,1
D17805,C018,2025-08-05,T2,1,Total,8,,,,,1
D17806,C018,2025-08-05,T3,1,Total,9,,,,,1
D17807,C018,2025-08-06,T1,1,Total,7,,,,,1
D17808,C018,2025-08-06,T2,1,Total,8,,,,,1
D17809,C018,2025-08-06,T3,1,Total,9,,,,,1
D17810,C018,2025-08-07,T1,1,Total,7,,,,,1
D17811,C018,2025-08-07,T2,1,Total,8,,,,,1
D17812,C018,2025-08-07,T3,1,Total,9,,,,,1
D17813,C018,2025-08-08,T1,1,Total,7,,,,,1
D17814,C018,2025-08-08,T2,1,Total,8,,,,,1
D17815,C018,2025-08-08,T3,1,Total,9,,,,,1
D17816,C018,2025-08-09,T1,1,Total,7,,,,,1
D17817,C018,2025-08-09,T2,1,Total,8,,,,,1
D17818,C018,2025-08-09,T3,1,Total,9,,,,,1
D17819,C018,2025-08-10,T1,1,Total,7,,,,,1
D17820,C018,2025-08-10,T2,1,Total,8,,,,,1
D17821,C018,2025-08-10,T3,1,Total,9,,,,,1
D17822,C018,2025-08-11,T1,1,Total,7,,,,,1
D17823,C018,2025-08-11,T2,1,Total,8,,,,,1
D17824,C018,2025-08-11,T3,1,Total,9,,,,,1
D17825,C018,2025-08-12,T1,1,Total,7,,,,,1
D17826,C018,2025-08-12,T2,1,Total,8,,,,,1
D17827,C018,2025-08-12,T3,1,Total,9,,,,,1
D17828,C018,2025-08-13,T1,1,Parcial,4,consulta_medica,planeada,2025-08-07 08:36,142.4,1
D17829,C018,2025-08-13,T2,1,Total,8,,,,,1
D17830,C018,2025-08-13,T3,1,Total,9,,,,,1
D17831,C018,2025-08-14,T1,1,Total,7,,,,,1
D17832,C018,2025-08-14,T2,1,Total,8,,,,,1
D17833,C018,2025-08-14,T3,1,Total,9,,,,,1
D17834,C018,2025-08-15,T1,1,Total,7,,,,,1
D17835,C018,2025-08-15,T2,1,Total,8,,,,,1
D17836,C018,2025-08-15,T3,1,Total,9,,,,,1
D17837,C018,2025-08-16,T1,1,Total,7,,,,,1
D17838,C018,2025-08-16,T2,1,Total,8,,,,,1
D17839,C018,2025-08-16,T3,1,Total,9,,,,,1
D17840,C018,2025-08-17,T1,1,Total,7,,,,,1
D17841,C018,2025-08-17,T2,0,Indisponível,0,folga,planeada,2025-08-14 02:00,84.0,1
D17842,C018,2025-08-17,T3,1,Total,9,,,,,1
D17843,C018,2025-08-18,T1,1,Total,7,,,,,1
D17844,C018,2025-08-18,T2,1,Total,8,,,,,1
D17845,C018,2025-08-18,T3,1,Total,9,,,,,1
D17846,C018,2025-08-19,T1,1,Parcial,4,formação,planeada,2025-08-09 18:06,228.9,1
D17847,C018,2025-08-19,T2,1,Total,8,,,,,1
D17848,C018,2025-08-19,T3,1,Total,9,,,,,1
D17849,C018,2025-08-20,T1,1,Total,7,,,,,1
D17850,C018,2025-08-20,T2,1,Total,8,,,,,1
D17851,C018,2025-08-20,T3,1,Parcial,4,preferencia_pessoal,planeada,2025-08-10 18:48,243.2,1
D17852,C018,2025-08-21,T1,1,Total,7,,,,,1
D17853,C018,2025-08-21,T2,0,Indisponível,0,consulta_medica,planeada,2025-08-12 17:24,212.6,1
D17854,C018,2025-08-21,T3,1,Total,9,,,,,1
D17855,C018,2025-08-22,T1,1,Total,7,,,,,1
D17856,C018,2025-08-22,T2,1,Parcial,4,formação,planeada,2025-08-19 12:06,73.9,1
D17857,C018,2025-08-22,T3,1,Parcial,4,preferencia_pessoal,planeada,2025-08-16 04:54,161.1,1
D17858,C018,2025-08-23,T1,1,Total,7,,,,,1
D17859,C018,2025-08-23,T2,1,Total,8,,,,,1
D17860,C018,2025-08-23,T3,0,Indisponível,0,folga,planeada,2025-08-01 07:12,542.8,1
D17861,C018,2025-08-24,T1,1,Total,7,,,,,1
D17862,C018,2025-08-24,T2,1,Total,8,,,,,1
D17863,C018,2025-08-24,T3,1,Total,9,,,,,1
D17864,C018,2025-08-25,T1,1,Total,7,,,,,1
D17865,C018,2025-08-25,T2,0,Indisponível,0,baixa,planeada,2025-08-19 19:54,138.1,1
D17866,C018,2025-08-25,T3,1,Total,9,,,,,1
D17867,C018,2025-08-26,T1,1,Total,7,,,,,1
D17868,C018,2025-08-26,T2,1,Parcial,4,formação,planeada,2025-08-24 14:24,47.6,1
D17869,C018,2025-08-26,T3,1,Total,9,,,,,1
D17870,C018,2025-08-27,T1,1,Total,7,,,,,1
D17871,C018,2025-08-27,T2,1,Total,8,,,,,1
D17872,C018,2025-08-27,T3,1,Total,9,,,,,1
D17873,C018,2025-08-28,T1,1,Total,7,,,,,1
D17874,C018,2025-08-28,T2,1,Total,8,,,,,1
D17875,C018,2025-08-28,T3,1,Total,9,,,,,1
D17876,C018,2025-08-29,T1,1,Total,7,,,,,1
D17877,C018,2025-08-29,T2,1,Total,8,,,,,1
D17878,C018,2025-08-29,T3,1,Total,9,,,,,1
D17879,C018,2025-08-30,T1,1,Total,7,,,,,1
D17880,C018,2025-08-30,T2,1,Total,8,,,,,1
D17881,C018,2025-08-30,T3,1,Total,9,,,,,1
D17882,C018,2025-08-31,T1,1,Total,7,,,,,1
D17883,C018,2025-08-31,T2,1,Total,8,,,,,1
D17884,C018,2025-08-31,T3,1,Total,9,,,,,1
D17885,C018,2025-09-01,T1,0,Indisponível,0,folga,planeada,2025-08-28 00:18,102.7,1
D17886,C018,2025-09-01,T2,1,Total,8,,,,,1
D17887,C018,2025-09-01,T3,1,Total,9,,,,,1
D17888,C018,2025-09-02,T1,1,Total,7,,,,,1
D17889,C018,2025-09-02,T2,1,Total,8,,,,,1
D17890,C018,2025-09-02,T3,1,Total,9,,,,,1
D17891,C018,2025-09-03,T1,1,Total,7,,,,,1
D17892,C018,2025-09-03,T2,1,Parcial,4,consulta_medica,planeada,2025-08-25 19:42,210.3,1
D17893,C018,2025-09-03,T3,1,Total,9,,,,,1
D17894,C018,2025-09-04,T1,0,Indisponível,0,baixa,planeada,2025-08-29 22:12,128.8,1
D17895,C018,2025-09-04,T2,1,Total,8,,,,,1
D17896,C018,2025-09-04,T3,1,Total,9,,,,,1
D17897,C018,2025-09-05,T1,1,Total,7,,,,,1
D17898,C018,2025-09-05,T2,1,Total,8,,,,,1
D17899,C018,2025-09-05,T3,1,Total,9,,,,,1
D17900,C018,2025-09-06,T1,1,Total,7,,,,,1
D17901,C018,2025-09-06,T2,1,Total,8,,,,,1
D17902,C018,2025-09-06,T3,1,Total,9,,,,,1
D17903,C018,2025-09-07,T1,1,Total,7,,,,,1
D17904,C018,2025-09-07,T2,1,Total,8,,,,,1
D17905,C018,2025-09-07,T3,1,Total,9,,,,,1
D17906,C018,2025-09-08,T1,1,Parcial,4,consulta_medica,planeada,2025-08-31 18:30,180.5,1
D17907,C018,2025-09-08,T2,1,Total,8,,,,,1
D17908,C018,2025-09-08,T3,1,Total,9,,,,,1
D17909,C018,2025-09-09,T1,1,Total,7,,,,,1
D17910,C018,2025-09-09,T2,1,Total,8,,,,,1
D17911,C018,2025-09-09,T3,1,Total,9,,,,,1
D17912,C018,2025-09-10,T1,1,Total,7,,,,,1
D17913,C018,2025-09-10,T2,1,Total,8,,,,,1
D17914,C018,2025-09-10,T3,1,Total,9,,,,,1
D17915,C018,2025-09-11,T1,1,Total,7,,,,,1
D17916,C018,2025-09-11,T2,1,Total,8,,,,,1
D17917,C018,2025-09-11,T3,1,Total,9,,,,,1
D17918,C018,2025-09-12,T1,1,Total,7,,,,,1
D17919,C018,2025-09-12,T2,1,Total,8,,,,,1
D17920,C018,2025-09-12,T3,1,Total,9,,,,,1
D17921,C018,2025-09-13,T1,1,Total,7,,,,,1
D17922,C018,2025-09-13,T2,1,Total,8,,,,,1
D17923,C018,2025-09-13,T3,1,Total,9,,,,,1
D17924,C018,2025-09-14,T1,1,Total,7,,,,,1
D17925,C018,2025-09-14,T2,1,Total,8,,,,,1
D17926,C018,2025-09-14,T3,1,Total,9,,,,,1
D17927,C018,2025-09-15,T1,1,Total,7,,,,,1
D17928,C018,2025-09-15,T2,1,Total,8,,,,,1
D17929,C018,2025-09-15,T3,1,Total,9,,,,,1
D17930,C018,2025-09-16,T1,1,Total,7,,,,,1
D17931,C018,2025-09-16,T2,1,Total,8,,,,,1
D17932,C018,2025-09-16,T3,1,Total,9,,,,,1
D17933,C018,2025-09-17,T1,1,Total,7,,,,,1
D17934,C018,2025-09-17,T2,1,Total,8,,,,,1
D17935,C018,2025-09-17,T3,1,Total,9,,,,,1
D17936,C018,2025-09-18,T1,1,Total,7,,,,,1
D17937,C018,2025-09-18,T2,1,Parcial,4,consulta_medica,planeada,2025-09-09 00:12,229.8,1
D17938,C018,2025-09-18,T3,1,Total,9,,,,,1
D17939,C018,2025-09-19,T1,1,Total,7,,,,,1
D17940,C018,2025-09-19,T2,1,Total,8,,,,,1
D17941,C018,2025-09-19,T3,1,Total,9,,,,,1
D17942,C018,2025-09-20,T1,1,Total,7,,,,,1
D17943,C018,2025-09-20,T2,1,Total,8,,,,,1
D17944,C018,2025-09-20,T3,1,Total,9,,,,,1
D17945,C018,2025-09-21,T1,1,Total,7,,,,,1
D17946,C018,2025-09-21,T2,1,Total,8,,,,,1
D17947,C018,2025-09-21,T3,1,Total,9,,,,,1
D17948,C018,2025-09-22,T1,1,Total,7,,,,,1
D17949,C018,2025-09-22,T2,1,Total,8,,,,,1
D17950,C018,2025-09-22,T3,1,Total,9,,,,,1
D17951,C018,2025-09-23,T1,1,Total,7,,,,,1
D17952,C018,2025-09-23,T2,1,Total,8,,,,,1
D17953,C018,2025-09-23,T3,1,Total,9,,,,,1
D17954,C018,2025-09-24,T1,1,Total,7,,,,,1
D17955,C018,2025-09-24,T2,1,Total,8,,,,,1
D17956,C018,2025-09-24,T3,1,Total,9,,,,,1
D17957,C018,2025-09-25,T1,1,Total,7,,,,,1
D17958,C018,2025-09-25,T2,1,Total,8,,,,,1
D17959,C018,2025-09-25,T3,1,Total,9,,,,,1
D17960,C018,2025-09-26,T1,1,Total,7,,,,,1
D17961,C018,2025-09-26,T2,1,Total,8,,,,,1
D17962,C018,2025-09-26,T3,1,Total,9,,,,,1
D17963,C018,2025-09-27,T1,1,Total,7,,,,,1
D17964,C018,2025-09-27,T2,1,Total,8,,,,,1
D17965,C018,2025-09-27,T3,1,Total,9,,,,,1
D17966,C018,2025-09-28,T1,1,Parcial,4,preferencia_pessoal,planeada,2025-09-17 00:42,270.3,1
D17967,C018,2025-09-28,T2,1,Total,8,,,,,1
D17968,C018,2025-09-28,T3,1,Total,9,,,,,1
D17969,C018,2025-09-29,T1,1,Total,7,,,,,1
D17970,C018,2025-09-29,T2,1,Total,8,,,,,1
D17971,C018,2025-09-29,T3,1,Total,9,,,,,1
D17972,C018,2025-09-30,T1,1,Total,7,,,,,1
D17973,C018,2025-09-30,T2,1,Total,8,,,,,1
D17974,C018,2025-09-30,T3,1,Total,9,,,,,1
D17975,C018,2025-10-01,T1,1,Total,7,,,,,1
D17976,C018,2025-10-01,T2,1,Total,8,,,,,1
D17977,C018,2025-10-01,T3,1,Total,9,,,,,1
D17978,C018,2025-10-02,T1,1,Total,7,,,,,1
D17979,C018,2025-10-02,T2,1,Total,8,,,,,1
D17980,C018,2025-10-02,T3,1,Parcial,4,preferencia_pessoal,planeada,2025-09-26 10:00,156.0,1
D17981,C018,2025-10-03,T1,1,Total,7,,,,,1
D17982,C018,2025-10-03,T2,1,Total,8,,,,,1
D17983,C018,2025-10-03,T3,1,Parcial,4,consulta_medica,planeada,2025-09-21 18:42,291.3,1
D17984,C018,2025-10-04,T1,1,Total,7,,,,,1
D17985,C018,2025-10-04,T2,1,Total,8,,,,,1
D17986,C018,2025-10-04,T3,1,Total,9,,,,,1
D17987,C018,2025-10-05,T1,1,Total,7,,,,,1
D17988,C018,2025-10-05,T2,1,Total,8,,,,,1
D17989,C018,2025-10-05,T3,1,Total,9,,,,,1
D17990,C018,2025-10-06,T1,1,Total,7,,,,,1
D17991,C018,2025-10-06,T2,1,Total,8,,,,,1
D17992,C018,2025-10-06,T3,1,Total,9,,,,,1
D17993,C018,2025-10-07,T1,1,Total,7,,,,,1
D17994,C018,2025-10-07,T2,1,Parcial,4,consulta_medica,planeada,2025-10-04 19:12,66.8,1
D17995,C018,2025-10-07,T3,1,Total,9,,,,,1
D17996,C018,2025-10-08,T1,0,Indisponível,0,folga,planeada,2025-09-23 14:00,353.0,1
D17997,C018,2025-10-08,T2,1,Total,8,,,,,1
D17998,C018,2025-10-08,T3,1,Total,9,,,,,1
D17999,C018,2025-10-09,T1,1,Total,7,,,,,1
D18000,C018,2025-10-09,T2,1,Total,8,,,,,1
D18001,C018,2025-10-09,T3,1,Total,9,,,,,1
D18002,C018,2025-10-10,T1,0,Indisponível,0,férias,planeada,2025-09-20 04:12,482.8,1
D18003,C018,2025-10-10,T2,1,Total,8,,,,,1
D18004,C018,2025-10-10,T3,1,Total,9,,,,,1
D18005,C018,2025-10-11,T1,1,Total,7,,,,,1
D18006,C018,2025-10-11,T2,1,Total,8,,,,,1
D18007,C018,2025-10-11,T3,1,Total,9,,,,,1
D18008,C018,2025-10-12,T1,1,Total,7,,,,,1
D18009,C018,2025-10-12,T2,0,Indisponível,0,férias,planeada,2025-09-27 20:12,353.8,1
D18010,C018,2025-10-12,T3,1,Total,9,,,,,1
D18011,C018,2025-10-13,T1,1,Total,7,,,,,1
D18012,C018,2025-10-13,T2,1,Total,8,,,,,1
D18013,C018,2025-10-13,T3,1,Parcial,4,preferencia_pessoal,planeada,2025-10-12 20:30,25.5,1
D18014,C018,2025-10-14,T1,1,Total,7,,,,,1
D18015,C018,2025-10-14,T2,1,Total,8,,,,,1
D18016,C018,2025-10-14,T3,1,Total,9,,,,,1
D18017,C018,2025-10-15,T1,1,Total,7,,,,,1
D18018,C018,2025-10-15,T2,1,Parcial,4,consulta_medica,planeada,2025-10-04 02:18,275.7,1
D18019,C018,2025-10-15,T3,0,Indisponível,0,nao_autorizado_fds,planeada,2025-09-25 14:42,487.3,1
D18020,C018,2025-10-16,T1,1,Total,7,,,,,1
D18021,C018,2025-10-16,T2,1,Total,8,,,,,1
D18022,C018,2025-10-16,T3,1,Total,9,,,,,1
D18023,C018,2025-10-17,T1,1,Total,7,,,,,1
D18024,C018,2025-10-17,T2,1,Total,8,,,,,1
D18025,C018,2025-10-17,T3,1,Total,9,,,,,1
D18026,C018,2025-10-18,T1,1,Parcial,4,formação,planeada,2025-10-12 09:00,142.0,1
D18027,C018,2025-10-18,T2,1,Total,8,,,,,1
D18028,C018,2025-10-18,T3,1,Total,9,,,,,1
D18029,C018,2025-10-19,T1,1,Total,7,,,,,1
D18030,C018,2025-10-19,T2,1,Total,8,,,,,1
D18031,C018,2025-10-19,T3,1,Total,9,,,,,1
D18032,C018,2025-10-20,T1,1,Total,7,,,,,1
D18033,C018,2025-10-20,T2,1,Total,8,,,,,1
D18034,C018,2025-10-20,T3,1,Total,9,,,,,1
D18035,C018,2025-10-21,T1,1,Total,7,,,,,1
D18036,C018,2025-10-21,T2,1,Total,8,,,,,1
D18037,C018,2025-10-21,T3,1,Total,9,,,,,1
D18038,C018,2025-10-22,T1,1,Total,7,,,,,1
D18039,C018,2025-10-22,T2,1,Total,8,,,,,1
D18040,C018,2025-10-22,T3,1,Total,9,,,,,1
D18041,C018,2025-10-23,T1,1,Total,7,,,,,1
D18042,C018,2025-10-23,T2,1,Total,8,,,,,1
D18043,C018,2025-10-23,T3,1,Total,9,,,,,1
D18044,C018,2025-10-24,T1,1,Total,7,,,,,1
D18045,C018,2025-10-24,T2,1,Total,8,,,,,1
D18046,C018,2025-10-24,T3,1,Parcial,4,formação,planeada,2025-10-14 11:06,250.9,1
D18047,C018,2025-10-25,T1,1,Total,7,,,,,1
D18048,C018,2025-10-25,T2,1,Parcial,4,consulta_medica,planeada,2025-10-11 16:06,333.9,1
D18049,C018,2025-10-25,T3,1,Total,9,,,,,1
D18050,C018,2025-10-26,T1,1,Total,7,,,,,1
D18051,C018,2025-10-26,T2,0,Indisponível,0,férias,planeada,2025-10-22 14:36,95.4,1
D18052,C018,2025-10-26,T3,1,Total,9,,,,,1
D18053,C018,2025-10-27,T1,1,Total,7,,,,,1
D18054,C018,2025-10-27,T2,1,Total,8,,,,,1
D18055,C018,2025-10-27,T3,1,Total,9,,,,,1
D18056,C018,2025-10-28,T1,1,Total,7,,,,,1
D18057,C018,2025-10-28,T2,1,Total,8,,,,,1
D18058,C018,2025-10-28,T3,1,Total,9,,,,,1
D18059,C018,2025-10-29,T1,1,Total,7,,,,,1
D18060,C018,2025-10-29,T2,1,Total,8,,,,,1
D18061,C018,2025-10-29,T3,0,Indisponível,0,folga,planeada,2025-10-16 22:12,311.8,1
D18062,C018,2025-10-30,T1,1,Total,7,,,,,1
D18063,C018,2025-10-30,T2,1,Total,8,,,,,1
D18064,C018,2025-10-30,T3,1,Total,9,,,,,1
D18065,C018,2025-10-31,T1,1,Total,7,,,,,1
D18066,C018,2025-10-31,T2,1,Total,8,,,,,1
D18067,C018,2025-10-31,T3,1,Total,9,,,,,1
D18068,C018,2025-11-01,T1,0,Indisponível,0,restrição_noite,planeada,2025-10-04 09:54,669.1,1
D18069,C018,2025-11-01,T2,1,Total,8,,,,,1
D18070,C018,2025-11-01,T3,1,Total,9,,,,,1
D18071,C018,2025-11-02,T1,1,Total,7,,,,,1
D18072,C018,2025-11-02,T2,1,Total,8,,,,,1
D18073,C018,2025-11-02,T3,1,Total,9,,,,,1
D18074,C018,2025-11-03,T1,1,Total,7,,,,,1
D18075,C018,2025-11-03,T2,1,Total,8,,,,,1
D18076,C018,2025-11-03,T3,1,Total,9,,,,,1
D18077,C018,2025-11-04,T1,1,Parcial,4,consulta_medica,planeada,2025-10-29 21:42,129.3,1
D18078,C018,2025-11-04,T2,1,Total,8,,,,,1
D18079,C018,2025-11-04,T3,1,Total,9,,,,,1
D18080,C018,2025-11-05,T1,1,Parcial,4,formação,planeada,2025-10-31 05:30,121.5,1
D18081,C018,2025-11-05,T2,1,Total,8,,,,,1
D18082,C018,2025-11-05,T3,1,Total,9,,,,,1
D18083,C018,2025-11-06,T1,1,Total,7,,,,,1
D18084,C018,2025-11-06,T2,1,Total,8,,,,,1
D18085,C018,2025-11-06,T3,0,Indisponível,0,folga,planeada,2025-11-04 00:18,69.7,1
D18086,C018,2025-11-07,T1,0,Indisponível,0,restrição_noite,planeada,2025-11-04 04:24,74.6,1
D18087,C018,2025-11-07,T2,1,Total,8,,,,,1
D18088,C018,2025-11-07,T3,1,Total,9,,,,,1
D18089,C018,2025-11-08,T1,1,Parcial,4,preferencia_pessoal,planeada,2025-11-02 19:54,131.1,1
D18090,C018,2025-11-08,T2,1,Total,8,,,,,1
D18091,C018,2025-11-08,T3,1,Total,9,,,,,1
D18092,C018,2025-11-09,T1,1,Total,7,,,,,1
D18093,C018,2025-11-09,T2,1,Total,8,,,,,1
D18094,C018,2025-11-09,T3,1,Total,9,,,,,1
D18095,C018,2025-11-10,T1,1,Total,7,,,,,1
D18096,C018,2025-11-10,T2,1,Total,8,,,,,1
D18097,C018,2025-11-10,T3,1,Parcial,4,formação,planeada,2025-11-09 07:36,38.4,1
D18098,C018,2025-11-11,T1,1,Total,7,,,,,1
D18099,C018,2025-11-11,T2,1,Total,8,,,,,1
D18100,C018,2025-11-11,T3,1,Total,9,,,,,1
D18101,C018,2025-11-12,T1,1,Total,7,,,,,1
D18102,C018,2025-11-12,T2,1,Total,8,,,,,1
D18103,C018,2025-11-12,T3,1,Total,9,,,,,1
D18104,C018,2025-11-13,T1,1,Total,7,,,,,1
D18105,C018,2025-11-13,T2,1,Parcial,4,consulta_medica,planeada,2025-11-13 00:24,13.6,1
D18106,C018,2025-11-13,T3,1,Total,9,,,,,1
D18107,C018,2025-11-14,T1,1,Total,7,,,,,1
D18108,C018,2025-11-14,T2,1,Total,8,,,,,1
D18109,C018,2025-11-14,T3,1,Total,9,,,,,1
D18110,C018,2025-11-15,T1,1,Total,7,,,,,1
D18111,C018,2025-11-15,T2,1,Total,8,,,,,1
D18112,C018,2025-11-15,T3,1,Total,9,,,,,1
D18113,C018,2025-11-16,T1,1,Total,7,,,,,1
D18114,C018,2025-11-16,T2,1,Total,8,,,,,1
D18115,C018,2025-11-16,T3,1,Parcial,4,formação,planeada,2025-11-06 02:30,259.5,1
D18116,C018,2025-11-17,T1,1,Total,7,,,,,1
D18117,C018,2025-11-17,T2,1,Total,8,,,,,1
D18118,C018,2025-11-17,T3,1,Total,9,,,,,1
D18119,C018,2025-11-18,T1,1,Parcial,4,formação,planeada,2025-11-14 00:18,102.7,1
D18120,C018,2025-11-18,T2,1,Total,8,,,,,1
D18121,C018,2025-11-18,T3,1,Total,9,,,,,1
D18122,C018,2025-11-19,T1,1,Total,7,,,,,1
D18123,C018,2025-11-19,T2,1,Total,8,,,,,1
D18124,C018,2025-11-19,T3,1,Total,9,,,,,1
D18125,C018,2025-11-20,T1,1,Total,7,,,,,1
D18126,C018,2025-11-20,T2,1,Total,8,,,,,1
D18127,C018,2025-11-20,T3,1,Total,9,,,,,1
D18128,C018,2025-11-21,T1,1,Total,7,,,,,1
D18129,C018,2025-11-21,T2,1,Total,8,,,,,1
D18130,C018,2025-11-21,T3,1,Total,9,,,,,1
D18131,C018,2025-11-22,T1,1,Total,7,,,,,1
D18132,C018,2025-11-22,T2,1,Total,8,,,,,1
D18133,C018,2025-11-22,T3,1,Total,9,,,,,1
D18134,C018,2025-11-23,T1,1,Total,7,,,,,1
D18135,C018,2025-11-23,T2,1,Total,8,,,,,1
D18136,C018,2025-11-23,T3,1,Total,9,,,,,1
D18137,C018,2025-11-24,T1,1,Total,7,,,,,1
D18138,C018,2025-11-24,T2,1,Total,8,,,,,1
D18139,C018,2025-11-24,T3,1,Total,9,,,,,1
D18140,C018,2025-11-25,T1,1,Total,7,,,,,1
D18141,C018,2025-11-25,T2,1,Total,8,,,,,1
D18142,C018,2025-11-25,T3,1,Total,9,,,,,1
D18143,C018,2025-11-26,T1,1,Total,7,,,,,1
D18144,C018,2025-11-26,T2,1,Total,8,,,,,1
D18145,C018,2025-11-26,T3,1,Total,9,,,,,1
D18146,C018,2025-11-27,T1,1,Total,7,,,,,1
D18147,C018,2025-11-27,T2,1,Total,8,,,,,1
D18148,C018,2025-11-27,T3,0,Indisponível,0,férias,planeada,2025-11-01 15:42,630.3,1
D18149,C018,2025-11-28,T1,1,Total,7,,,,,1
D18150,C018,2025-11-28,T2,1,Total,8,,,,,1
D18151,C018,2025-11-28,T3,1,Total,9,,,,,1
D18152,C018,2025-11-29,T1,1,Total,7,,,,,1
D18153,C018,2025-11-29,T2,1,Total,8,,,,,1
D18154,C018,2025-11-29,T3,1,Total,9,,,,,1
D18155,C018,2025-11-30,T1,1,Total,7,,,,,1
D18156,C018,2025-11-30,T2,1,Total,8,,,,,1
D18157,C018,2025-11-30,T3,1,Total,9,,,,,1
D18158,C018,2025-12-01,T1,1,Parcial,4,preferencia_pessoal,planeada,2025-11-19 18:06,276.9,1
D18159,C018,2025-12-01,T2,1,Total,8,,,,,1
D18160,C018,2025-12-01,T3,1,Total,9,,,,,1
D18161,C018,2025-12-02,T1,1,Total,7,,,,,1
D18162,C018,2025-12-02,T2,1,Parcial,4,preferencia_pessoal,planeada,2025-12-01 09:24,28.6,1
D18163,C018,2025-12-02,T3,1,Total,9,,,,,1
D18164,C018,2025-12-03,T1,1,Total,7,,,,,1
D18165,C018,2025-12-03,T2,1,Total,8,,,,,1
D18166,C018,2025-12-03,T3,1,Total,9,,,,,1
D18167,C018,2025-12-04,T1,1,Total,7,,,,,1
D18168,C018,2025-12-04,T2,1,Total,8,,,,,1
D18169,C018,2025-12-04,T3,1,Total,9,,,,,1
D18170,C018,2025-12-05,T1,1,Total,7,,,,,1
D18171,C018,2025-12-05,T2,1,Total,8,,,,,1
D18172,C018,2025-12-05,T3,1,Total,9,,,,,1
D18173,C018,2025-12-06,T1,1,Total,7,,,,,1
D18174,C018,2025-12-06,T2,1,Total,8,,,,,1
D18175,C018,2025-12-06,T3,1,Total,9,,,,,1
D18176,C018,2025-12-07,T1,1,Total,7,,,,,1
D18177,C018,2025-12-07,T2,1,Total,8,,,,,1
D18178,C018,2025-12-07,T3,1,Total,9,,,,,1
D18179,C018,2025-12-08,T1,1,Total,7,,,,,1
D18180,C018,2025-12-08,T2,1,Total,8,,,,,1
D18181,C018,2025-12-08,T3,1,Total,9,,,,,1
D18182,C018,2025-12-09,T1,1,Total,7,,,,,1
D18183,C018,2025-12-09,T2,1,Total,8,,,,,1
D18184,C018,2025-12-09,T3,1,Total,9,,,,,1
D18185,C018,2025-12-10,T1,1,Total,7,,,,,1
D18186,C018,2025-12-10,T2,1,Total,8,,,,,1
D18187,C018,2025-12-10,T3,1,Total,9,,,,,1
D18188,C018,2025-12-11,T1,1,Total,7,,,,,1
D18189,C018,2025-12-11,T2,1,Total,8,,,,,1
D18190,C018,2025-12-11,T3,1,Total,9,,,,,1
D18191,C018,2025-12-12,T1,1,Total,7,,,,,1
D18192,C018,2025-12-12,T2,1,Total,8,,,,,1
D18193,C018,2025-12-12,T3,1,Total,9,,,,,1
D18194,C018,2025-12-13,T1,1,Total,7,,,,,1
D18195,C018,2025-12-13,T2,1,Total,8,,,,,1
D18196,C018,2025-12-13,T3,1,Total,9,,,,,1
D18197,C018,2025-12-14,T1,1,Total,7,,,,,1
D18198,C018,2025-12-14,T2,1,Total,8,,,,,1
D18199,C018,2025-12-14,T3,0,Indisponível,0,consulta_medica,planeada,2025-12-01 10:00,324.0,1
D18200,C018,2025-12-15,T1,1,Total,7,,,,,1
D18201,C018,2025-12-15,T2,1,Total,8,,,,,1
D18202,C018,2025-12-15,T3,1,Total,9,,,,,1
D18203,C018,2025-12-16,T1,1,Total,7,,,,,1
D18204,C018,2025-12-16,T2,1,Total,8,,,,,1
D18205,C018,2025-12-16,T3,1,Total,9,,,,,1
D18206,C018,2025-12-17,T1,1,Total,7,,,,,1
D18207,C018,2025-12-17,T2,1,Total,8,,,,,1
D18208,C018,2025-12-17,T3,1,Total,9,,,,,1
D18209,C018,2025-12-18,T1,1,Total,7,,,,,1
D18210,C018,2025-12-18,T2,1,Total,8,,,,,1
D18211,C018,2025-12-18,T3,1,Total,9,,,,,1
D18212,C018,2025-12-19,T1,1,Total,7,,,,,1
D18213,C018,2025-12-19,T2,1,Total,8,,,,,1
D18214,C018,2025-12-19,T3,1,Total,9,,,,,1
D18215,C018,2025-12-20,T1,1,Parcial,4,formação,planeada,2025-12-09 13:00,258.0,1
D18216,C018,2025-12-20,T2,1,Parcial,4,preferencia_pessoal,planeada,2025-12-17 18:06,67.9,1
D18217,C018,2025-12-20,T3,1,Total,9,,,,,1
D18218,C018,2025-12-21,T1,1,Total,7,,,,,1
D18219,C018,2025-12-21,T2,1,Total,8,,,,,1
D18220,C018,2025-12-21,T3,1,Total,9,,,,,1
D18221,C018,2025-12-22,T1,1,Total,7,,,,,1
D18222,C018,2025-12-22,T2,1,Total,8,,,,,1
D18223,C018,2025-12-22,T3,1,Total,9,,,,,1
D18224,C018,2025-12-23,T1,1,Total,7,,,,,1
D18225,C018,2025-12-23,T2,1,Total,8,,,,,1
D18226,C018,2025-12-23,T3,1,Parcial,4,preferencia_pessoal,planeada,2025-12-20 12:06,81.9,1
D18227,C018,2025-12-24,T1,1,Total,7,,,,,1
D18228,C018,2025-12-24,T2,1,Total,8,,,,,1
D18229,C018,2025-12-24,T3,1,Total,9,,,,,1
D18230,C018,2025-12-25,T1,1,Total,7,,,,,1
D18231,C018,2025-12-25,T2,1,Total,8,,,,,1
D18232,C018,2025-12-25,T3,1,Total,9,,,,,1
D18233,C018,2025-12-26,T1,1,Total,7,,,,,1
D18234,C018,2025-12-26,T2,1,Total,8,,,,,1
D18235,C018,2025-12-26,T3,1,Total,9,,,,,1
D18236,C018,2025-12-27,T1,1,Total,7,,,,,1
D18237,C018,2025-12-27,T2,1,Total,8,,,,,1
D18238,C018,2025-12-27,T3,1,Total,9,,,,,1
D18239,C018,2025-12-28,T1,1,Total,7,,,,,1
D18240,C018,2025-12-28,T2,1,Total,8,,,,,1
D18241,C018,2025-12-28,T3,1,Total,9,,,,,1
D18242,C018,2025-12-29,T1,1,Total,7,,,,,1
D18243,C018,2025-12-29,T2,1,Total,8,,,,,1
D18244,C018,2025-12-29,T3,1,Total,9,,,,,1
D18245,C018,2025-12-30,T1,1,Total,7,,,,,1
D18246,C018,2025-12-30,T2,1,Total,8,,,,,1
D18247,C018,2025-12-30,T3,1,Total,9,,,,,1
D18248,C018,2025-12-31,T1,1,Parcial,4,preferencia_pessoal,planeada,2025-12-27 12:24,90.6,1
D18249,C018,2025-12-31,T2,1,Total,8,,,,,1
D18250,C018,2025-12-31,T3,0,Indisponível,0,férias,planeada,2025-12-03 16:18,677.7,1
D18251,C019,2025-01-01,T1,1,Total,7,,,,,1
D18252,C019,2025-01-01,T2,1,Total,8,,,,,1
D18253,C019,2025-01-02,T1,1,Total,7,,,,,1
D18254,C019,2025-01-02,T2,1,Total,8,,,,,1
D18255,C019,2025-01-03,T1,1,Total,7,,,,,1
D18256,C019,2025-01-03,T2,1,Total,8,,,,,1
D18257,C019,2025-01-04,T1,1,Total,7,,,,,1
D18258,C019,2025-01-04,T2,1,Parcial,4,formação,planeada,2024-12-31 15:06,94.9,1
D18259,C019,2025-01-05,T1,1,Total,7,,,,,1
D18260,C019,2025-01-05,T2,1,Total,8,,,,,1
D18261,C019,2025-01-06,T1,1,Total,7,,,,,1
D18262,C019,2025-01-06,T2,1,Total,8,,,,,1
D18263,C019,2025-01-07,T1,1,Total,7,,,,,1
D18264,C019,2025-01-07,T2,1,Total,8,,,,,1
D18265,C019,2025-01-08,T1,1,Total,7,,,,,1
D18266,C019,2025-01-08,T2,1,Total,8,,,,,1
D18267,C019,2025-01-09,T1,1,Total,7,,,,,1
D18268,C019,2025-01-09,T2,1,Total,8,,,,,1
D18269,C019,2025-01-10,T1,1,Total,7,,,,,1
D18270,C019,2025-01-10,T2,1,Total,8,,,,,1
D18271,C019,2025-01-11,T1,1,Total,7,,,,,1
D18272,C019,2025-01-11,T2,1,Total,8,,,,,1
D18273,C019,2025-01-12,T1,1,Total,7,,,,,1
D18274,C019,2025-01-12,T2,1,Total,8,,,,,1
D18275,C019,2025-01-13,T1,1,Total,7,,,,,1
D18276,C019,2025-01-13,T2,1,Total,8,,,,,1
D18277,C019,2025-01-14,T1,1,Total,7,,,,,1
D18278,C019,2025-01-14,T2,0,Indisponível,0,consulta_medica,planeada,2025-01-09 02:30,131.5,1
D18279,C019,2025-01-15,T1,1,Total,7,,,,,1
D18280,C019,2025-01-15,T2,1,Parcial,4,consulta_medica,planeada,2025-01-14 14:54,23.1,1
D18281,C019,2025-01-16,T1,1,Total,7,,,,,1
D18282,C019,2025-01-16,T2,1,Total,8,,,,,1
D18283,C019,2025-01-17,T1,1,Total,7,,,,,1
D18284,C019,2025-01-17,T2,1,Total,8,,,,,1
D18285,C019,2025-01-18,T1,1,Total,7,,,,,1
D18286,C019,2025-01-18,T2,1,Total,8,,,,,1
D18287,C019,2025-01-19,T1,1,Total,7,,,,,1
D18288,C019,2025-01-19,T2,1,Total,8,,,,,1
D18289,C019,2025-01-20,T1,1,Total,7,,,,,1
D18290,C019,2025-01-20,T2,1,Total,8,,,,,1
D18291,C019,2025-01-21,T1,1,Total,7,,,,,1
D18292,C019,2025-01-21,T2,1,Total,8,,,,,1
D18293,C019,2025-01-22,T1,1,Total,7,,,,,1
D18294,C019,2025-01-22,T2,1,Total,8,,,,,1
D18295,C019,2025-01-23,T1,1,Total,7,,,,,1
D18296,C019,2025-01-23,T2,1,Total,8,,,,,1
D18297,C019,2025-01-24,T1,1,Total,7,,,,,1
D18298,C019,2025-01-24,T2,1,Total,8,,,,,1
D18299,C019,2025-01-25,T1,1,Total,7,,,,,1
D18300,C019,2025-01-25,T2,1,Total,8,,,,,1
D18301,C019,2025-01-26,T1,1,Total,7,,,,,1
D18302,C019,2025-01-26,T2,1,Total,8,,,,,1
D18303,C019,2025-01-27,T1,1,Total,7,,,,,1
D18304,C019,2025-01-27,T2,1,Parcial,4,consulta_medica,planeada,2025-01-22 21:42,112.3,1
D18305,C019,2025-01-28,T1,1,Total,7,,,,,1
D18306,C019,2025-01-28,T2,1,Total,8,,,,,1
D18307,C019,2025-01-29,T1,1,Total,7,,,,,1
D18308,C019,2025-01-29,T2,1,Total,8,,,,,1
D18309,C019,2025-01-30,T1,1,Total,7,,,,,1
D18310,C019,2025-01-30,T2,1,Total,8,,,,,1
D18311,C019,2025-01-31,T1,0,Indisponível,0,folga,planeada,2025-01-29 13:42,41.3,1
D18312,C019,2025-01-31,T2,1,Total,8,,,,,1
D18313,C019,2025-02-01,T1,1,Total,7,,,,,1
D18314,C019,2025-02-01,T2,1,Total,8,,,,,1
D18315,C019,2025-02-02,T1,1,Total,7,,,,,1
D18316,C019,2025-02-02,T2,0,Indisponível,0,formação,planeada,2025-01-11 12:42,529.3,1
D18317,C019,2025-02-03,T1,1,Total,7,,,,,1
D18318,C019,2025-02-03,T2,0,Indisponível,0,consulta_medica,planeada,2025-01-25 07:18,222.7,1
D18319,C019,2025-02-04,T1,1,Total,7,,,,,1
D18320,C019,2025-02-04,T2,1,Parcial,4,preferencia_pessoal,planeada,2025-01-27 22:18,183.7,1
D18321,C019,2025-02-05,T1,1,Total,7,,,,,1
D18322,C019,2025-02-05,T2,1,Total,8,,,,,1
D18323,C019,2025-02-06,T1,1,Parcial,4,consulta_medica,planeada,2025-01-31 07:30,143.5,1
D18324,C019,2025-02-06,T2,1,Total,8,,,,,1
D18325,C019,2025-02-07,T1,1,Total,7,,,,,1
D18326,C019,2025-02-07,T2,1,Total,8,,,,,1
D18327,C019,2025-02-08,T1,1,Total,7,,,,,1
D18328,C019,2025-02-08,T2,1,Total,8,,,,,1
D18329,C019,2025-02-09,T1,1,Total,7,,,,,1
D18330,C019,2025-02-09,T2,1,Total,8,,,,,1
D18331,C019,2025-02-10,T1,1,Total,7,,,,,1
D18332,C019,2025-02-10,T2,1,Total,8,,,,,1
D18333,C019,2025-02-11,T1,1,Total,7,,,,,1
D18334,C019,2025-02-11,T2,1,Total,8,,,,,1
D18335,C019,2025-02-12,T1,1,Total,7,,,,,1
D18336,C019,2025-02-12,T2,1,Parcial,4,preferencia_pessoal,planeada,2025-02-08 03:18,106.7,1
D18337,C019,2025-02-13,T1,1,Total,7,,,,,1
D18338,C019,2025-02-13,T2,1,Total,8,,,,,1
D18339,C019,2025-02-14,T1,1,Total,7,,,,,1
D18340,C019,2025-02-14,T2,1,Total,8,,,,,1
D18341,C019,2025-02-15,T1,1,Total,7,,,,,1
D18342,C019,2025-02-15,T2,1,Total,8,,,,,1
D18343,C019,2025-02-16,T1,1,Total,7,,,,,1
D18344,C019,2025-02-16,T2,1,Total,8,,,,,1
D18345,C019,2025-02-17,T1,1,Total,7,,,,,1
D18346,C019,2025-02-17,T2,1,Total,8,,,,,1
D18347,C019,2025-02-18,T1,1,Total,7,,,,,1
D18348,C019,2025-02-18,T2,0,Indisponível,0,folga,planeada,2025-02-15 11:42,74.3,1
D18349,C019,2025-02-19,T1,1,Total,7,,,,,1
D18350,C019,2025-02-19,T2,1,Total,8,,,,,1
D18351,C019,2025-02-20,T1,1,Total,7,,,,,1
D18352,C019,2025-02-20,T2,1,Total,8,,,,,1
D18353,C019,2025-02-21,T1,1,Total,7,,,,,1
D18354,C019,2025-02-21,T2,1,Parcial,4,consulta_medica,planeada,2025-02-14 07:54,174.1,1
D18355,C019,2025-02-22,T1,1,Total,7,,,,,1
D18356,C019,2025-02-22,T2,1,Total,8,,,,,1
D18357,C019,2025-02-23,T1,1,Parcial,4,preferencia_pessoal,planeada,2025-02-13 01:00,246.0,1
D18358,C019,2025-02-23,T2,1,Total,8,,,,,1
D18359,C019,2025-02-24,T1,1,Total,7,,,,,1
D18360,C019,2025-02-24,T2,1,Total,8,,,,,1
D18361,C019,2025-02-25,T1,1,Total,7,,,,,1
D18362,C019,2025-02-25,T2,1,Total,8,,,,,1
D18363,C019,2025-02-26,T1,1,Total,7,,,,,1
D18364,C019,2025-02-26,T2,1,Total,8,,,,,1
D18365,C019,2025-02-27,T1,1,Total,7,,,,,1
D18366,C019,2025-02-27,T2,0,Indisponível,0,restrição_noite,planeada,2025-02-22 12:24,121.6,1
D18367,C019,2025-02-28,T1,1,Total,7,,,,,1
D18368,C019,2025-02-28,T2,1,Total,8,,,,,1
D18369,C019,2025-03-01,T1,1,Total,7,,,,,1
D18370,C019,2025-03-01,T2,1,Total,8,,,,,1
D18371,C019,2025-03-02,T1,1,Total,7,,,,,1
D18372,C019,2025-03-02,T2,1,Total,8,,,,,1
D18373,C019,2025-03-03,T1,0,Indisponível,0,férias,planeada,2025-02-11 16:36,470.4,1
D18374,C019,2025-03-03,T2,1,Total,8,,,,,1
D18375,C019,2025-03-04,T1,1,Total,7,,,,,1
D18376,C019,2025-03-04,T2,1,Total,8,,,,,1
D18377,C019,2025-03-05,T1,1,Total,7,,,,,1
D18378,C019,2025-03-05,T2,1,Total,8,,,,,1
D18379,C019,2025-03-06,T1,1,Total,7,,,,,1
D18380,C019,2025-03-06,T2,1,Total,8,,,,,1
D18381,C019,2025-03-07,T1,1,Total,7,,,,,1
D18382,C019,2025-03-07,T2,1,Total,8,,,,,1
D18383,C019,2025-03-08,T1,1,Total,7,,,,,1
D18384,C019,2025-03-08,T2,1,Parcial,4,preferencia_pessoal,planeada,2025-02-24 17:06,284.9,1
D18385,C019,2025-03-09,T1,1,Total,7,,,,,1
D18386,C019,2025-03-09,T2,1,Parcial,4,formação,planeada,2025-02-23 22:36,327.4,1
D18387,C019,2025-03-10,T1,1,Total,7,,,,,1
D18388,C019,2025-03-10,T2,1,Total,8,,,,,1
D18389,C019,2025-03-11,T1,1,Total,7,,,,,1
D18390,C019,2025-03-11,T2,1,Total,8,,,,,1
D18391,C019,2025-03-12,T1,1,Total,7,,,,,1
D18392,C019,2025-03-12,T2,1,Total,8,,,,,1
D18393,C019,2025-03-13,T1,1,Total,7,,,,,1
D18394,C019,2025-03-13,T2,1,Total,8,,,,,1
D18395,C019,2025-03-14,T1,1,Total,7,,,,,1
D18396,C019,2025-03-14,T2,1,Total,8,,,,,1
D18397,C019,2025-03-15,T1,1,Total,7,,,,,1
D18398,C019,2025-03-15,T2,1,Total,8,,,,,1
D18399,C019,2025-03-16,T1,1,Total,7,,,,,1
D18400,C019,2025-03-16,T2,1,Total,8,,,,,1
D18401,C019,2025-03-17,T1,1,Total,7,,,,,1
D18402,C019,2025-03-17,T2,1,Total,8,,,,,1
D18403,C019,2025-03-18,T1,1,Total,7,,,,,1
D18404,C019,2025-03-18,T2,1,Total,8,,,,,1
D18405,C019,2025-03-19,T1,1,Total,7,,,,,1
D18406,C019,2025-03-19,T2,1,Total,8,,,,,1
D18407,C019,2025-03-20,T1,1,Total,7,,,,,1
D18408,C019,2025-03-20,T2,1,Total,8,,,,,1
D18409,C019,2025-03-21,T1,1,Total,7,,,,,1
D18410,C019,2025-03-21,T2,1,Total,8,,,,,1
D18411,C019,2025-03-22,T1,1,Total,7,,,,,1
D18412,C019,2025-03-22,T2,1,Total,8,,,,,1
D18413,C019,2025-03-23,T1,1,Total,7,,,,,1
D18414,C019,2025-03-23,T2,1,Total,8,,,,,1
D18415,C019,2025-03-24,T1,1,Total,7,,,,,1
D18416,C019,2025-03-24,T2,1,Total,8,,,,,1
D18417,C019,2025-03-25,T1,1,Total,7,,,,,1
D18418,C019,2025-03-25,T2,1,Total,8,,,,,1
D18419,C019,2025-03-26,T1,1,Total,7,,,,,1
D18420,C019,2025-03-26,T2,1,Total,8,,,,,1
D18421,C019,2025-03-27,T1,1,Total,7,,,,,1
D18422,C019,2025-03-27,T2,1,Total,8,,,,,1
D18423,C019,2025-03-28,T1,1,Total,7,,,,,1
D18424,C019,2025-03-28,T2,1,Total,8,,,,,1
D18425,C019,2025-03-29,T1,1,Total,7,,,,,1
D18426,C019,2025-03-29,T2,1,Total,8,,,,,1
D18427,C019,2025-03-30,T1,1,Total,7,,,,,1
D18428,C019,2025-03-30,T2,1,Total,8,,,,,1
D18429,C019,2025-03-31,T1,1,Total,7,,,,,1
D18430,C019,2025-03-31,T2,1,Total,8,,,,,1
D18431,C019,2025-04-01,T1,1,Total,7,,,,,1
D18432,C019,2025-04-01,T2,1,Total,8,,,,,1
D18433,C019,2025-04-02,T1,1,Total,7,,,,,1
D18434,C019,2025-04-02,T2,1,Total,8,,,,,1
D18435,C019,2025-04-03,T1,1,Total,7,,,,,1
D18436,C019,2025-04-03,T2,1,Total,8,,,,,1
D18437,C019,2025-04-04,T1,1,Total,7,,,,,1
D18438,C019,2025-04-04,T2,1,Total,8,,,,,1
D18439,C019,2025-04-05,T1,1,Total,7,,,,,1
D18440,C019,2025-04-05,T2,1,Total,8,,,,,1
D18441,C019,2025-04-06,T1,1,Total,7,,,,,1
D18442,C019,2025-04-06,T2,1,Total,8,,,,,1
D18443,C019,2025-04-07,T1,1,Parcial,4,formação,planeada,2025-03-29 22:42,200.3,1
D18444,C019,2025-04-07,T2,1,Total,8,,,,,1
D18445,C019,2025-04-08,T1,1,Total,7,,,,,1
D18446,C019,2025-04-08,T2,1,Total,8,,,,,1
D18447,C019,2025-04-09,T1,1,Total,7,,,,,1
D18448,C019,2025-04-09,T2,0,Indisponível,0,folga,planeada,2025-03-19 11:06,506.9,1
D18449,C019,2025-04-10,T1,1,Total,7,,,,,1
D18450,C019,2025-04-10,T2,1,Total,8,,,,,1
D18451,C019,2025-04-11,T1,1,Parcial,4,preferencia_pessoal,planeada,2025-04-05 07:36,143.4,1
D18452,C019,2025-04-11,T2,1,Total,8,,,,,1
D18453,C019,2025-04-12,T1,1,Total,7,,,,,1
D18454,C019,2025-04-12,T2,1,Total,8,,,,,1
D18455,C019,2025-04-13,T1,1,Total,7,,,,,1
D18456,C019,2025-04-13,T2,1,Total,8,,,,,1
D18457,C019,2025-04-14,T1,1,Total,7,,,,,1
D18458,C019,2025-04-14,T2,1,Total,8,,,,,1
D18459,C019,2025-04-15,T1,1,Total,7,,,,,1
D18460,C019,2025-04-15,T2,1,Total,8,,,,,1
D18461,C019,2025-04-16,T1,1,Total,7,,,,,1
D18462,C019,2025-04-16,T2,1,Parcial,4,preferencia_pessoal,planeada,2025-04-03 15:00,311.0,1
D18463,C019,2025-04-17,T1,1,Total,7,,,,,1
D18464,C019,2025-04-17,T2,1,Total,8,,,,,1
D18465,C019,2025-04-18,T1,1,Total,7,,,,,1
D18466,C019,2025-04-18,T2,1,Total,8,,,,,1
D18467,C019,2025-04-19,T1,1,Total,7,,,,,1
D18468,C019,2025-04-19,T2,1,Total,8,,,,,1
D18469,C019,2025-04-20,T1,1,Parcial,4,consulta_medica,planeada,2025-04-17 07:18,71.7,1
D18470,C019,2025-04-20,T2,1,Total,8,,,,,1
D18471,C019,2025-04-21,T1,1,Total,7,,,,,1
D18472,C019,2025-04-21,T2,1,Total,8,,,,,1
D18473,C019,2025-04-22,T1,1,Total,7,,,,,1
D18474,C019,2025-04-22,T2,1,Total,8,,,,,1
D18475,C019,2025-04-23,T1,1,Total,7,,,,,1
D18476,C019,2025-04-23,T2,1,Total,8,,,,,1
D18477,C019,2025-04-24,T1,1,Total,7,,,,,1
D18478,C019,2025-04-24,T2,1,Total,8,,,,,1
D18479,C019,2025-04-25,T1,1,Total,7,,,,,1
D18480,C019,2025-04-25,T2,1,Parcial,4,formação,planeada,2025-04-22 03:36,82.4,1
D18481,C019,2025-04-26,T1,1,Total,7,,,,,1
D18482,C019,2025-04-26,T2,1,Total,8,,,,,1
D18483,C019,2025-04-27,T1,1,Total,7,,,,,1
D18484,C019,2025-04-27,T2,1,Total,8,,,,,1
D18485,C019,2025-04-28,T1,1,Total,7,,,,,1
D18486,C019,2025-04-28,T2,1,Total,8,,,,,1
D18487,C019,2025-04-29,T1,1,Total,7,,,,,1
D18488,C019,2025-04-29,T2,1,Total,8,,,,,1
D18489,C019,2025-04-30,T1,1,Total,7,,,,,1
D18490,C019,2025-04-30,T2,1,Total,8,,,,,1
D18491,C019,2025-05-01,T1,1,Total,7,,,,,1
D18492,C019,2025-05-01,T2,1,Total,8,,,,,1
D18493,C019,2025-05-02,T1,1,Total,7,,,,,1
D18494,C019,2025-05-02,T2,1,Total,8,,,,,1
D18495,C019,2025-05-03,T1,1,Total,7,,,,,1
D18496,C019,2025-05-03,T2,1,Total,8,,,,,1
D18497,C019,2025-05-04,T1,1,Parcial,4,preferencia_pessoal,planeada,2025-04-30 10:18,92.7,1
D18498,C019,2025-05-04,T2,0,Indisponível,0,folga,planeada,2025-04-21 08:42,317.3,1
D18499,C019,2025-05-05,T1,1,Total,7,,,,,1
D18500,C019,2025-05-05,T2,1,Total,8,,,,,1
D18501,C019,2025-05-06,T1,1,Total,7,,,,,1
D18502,C019,2025-05-06,T2,1,Total,8,,,,,1
D18503,C019,2025-05-07,T1,1,Total,7,,,,,1
D18504,C019,2025-05-07,T2,0,Indisponível,0,baixa,inesperada,2025-05-07 07:06,6.9,1
D18505,C019,2025-05-08,T1,1,Total,7,,,,,1
D18506,C019,2025-05-08,T2,1,Total,8,,,,,1
D18507,C019,2025-05-09,T1,1,Total,7,,,,,1
D18508,C019,2025-05-09,T2,1,Total,8,,,,,1
D18509,C019,2025-05-10,T1,1,Total,7,,,,,1
D18510,C019,2025-05-10,T2,1,Total,8,,,,,1
D18511,C019,2025-05-11,T1,1,Total,7,,,,,1
D18512,C019,2025-05-11,T2,1,Total,8,,,,,1
D18513,C019,2025-05-12,T1,1,Total,7,,,,,1
D18514,C019,2025-05-12,T2,1,Total,8,,,,,1
D18515,C019,2025-05-13,T1,1,Total,7,,,,,1
D18516,C019,2025-05-13,T2,1,Total,8,,,,,1
D18517,C019,2025-05-14,T1,1,Total,7,,,,,1
D18518,C019,2025-05-14,T2,1,Total,8,,,,,1
D18519,C019,2025-05-15,T1,1,Parcial,4,consulta_medica,planeada,2025-05-12 10:00,69.0,1
D18520,C019,2025-05-15,T2,1,Parcial,4,preferencia_pessoal,planeada,2025-05-07 00:00,206.0,1
D18521,C019,2025-05-16,T1,1,Total,7,,,,,1
D18522,C019,2025-05-16,T2,1,Parcial,4,formação,planeada,2025-05-10 02:30,155.5,1
D18523,C019,2025-05-17,T1,1,Total,7,,,,,1
D18524,C019,2025-05-17,T2,1,Total,8,,,,,1
D18525,C019,2025-05-18,T1,1,Total,7,,,,,1
D18526,C019,2025-05-18,T2,1,Total,8,,,,,1
D18527,C019,2025-05-19,T1,1,Total,7,,,,,1
D18528,C019,2025-05-19,T2,1,Total,8,,,,,1
D18529,C019,2025-05-20,T1,1,Total,7,,,,,1
D18530,C019,2025-05-20,T2,1,Total,8,,,,,1
D18531,C019,2025-05-21,T1,1,Total,7,,,,,1
D18532,C019,2025-05-21,T2,1,Total,8,,,,,1
D18533,C019,2025-05-22,T1,1,Total,7,,,,,1
D18534,C019,2025-05-22,T2,1,Total,8,,,,,1
D18535,C019,2025-05-23,T1,1,Total,7,,,,,1
D18536,C019,2025-05-23,T2,1,Total,8,,,,,1
D18537,C019,2025-05-24,T1,1,Total,7,,,,,1
D18538,C019,2025-05-24,T2,1,Total,8,,,,,1
D18539,C019,2025-05-25,T1,1,Total,7,,,,,1
D18540,C019,2025-05-25,T2,1,Total,8,,,,,1
D18541,C019,2025-05-26,T1,1,Total,7,,,,,1
D18542,C019,2025-05-26,T2,1,Total,8,,,,,1
D18543,C019,2025-05-27,T1,1,Total,7,,,,,1
D18544,C019,2025-05-27,T2,1,Total,8,,,,,1
D18545,C019,2025-05-28,T1,1,Parcial,4,formação,planeada,2025-05-24 11:12,91.8,1
D18546,C019,2025-05-28,T2,1,Total,8,,,,,1
D18547,C019,2025-05-29,T1,1,Total,7,,,,,1
D18548,C019,2025-05-29,T2,1,Total,8,,,,,1
D18549,C019,2025-05-30,T1,1,Total,7,,,,,1
D18550,C019,2025-05-30,T2,1,Total,8,,,,,1
D18551,C019,2025-05-31,T1,1,Total,7,,,,,1
D18552,C019,2025-05-31,T2,1,Total,8,,,,,1
D18553,C019,2025-06-01,T1,1,Total,7,,,,,1
D18554,C019,2025-06-01,T2,1,Total,8,,,,,1
D18555,C019,2025-06-02,T1,1,Total,7,,,,,1
D18556,C019,2025-06-02,T2,1,Total,8,,,,,1
D18557,C019,2025-06-03,T1,1,Total,7,,,,,1
D18558,C019,2025-06-03,T2,0,Indisponível,0,baixa,planeada,2025-05-13 00:06,517.9,1
D18559,C019,2025-06-04,T1,1,Total,7,,,,,1
D18560,C019,2025-06-04,T2,1,Parcial,4,formação,planeada,2025-05-30 09:36,124.4,1
D18561,C019,2025-06-05,T1,1,Total,7,,,,,1
D18562,C019,2025-06-05,T2,1,Total,8,,,,,1
D18563,C019,2025-06-06,T1,1,Parcial,4,consulta_medica,planeada,2025-06-01 09:12,117.8,1
D18564,C019,2025-06-06,T2,1,Total,8,,,,,1
D18565,C019,2025-06-07,T1,1,Parcial,4,formação,planeada,2025-06-02 09:54,117.1,1
D18566,C019,2025-06-07,T2,1,Parcial,4,preferencia_pessoal,planeada,2025-05-29 12:36,217.4,1
D18567,C019,2025-06-08,T1,1,Parcial,4,preferencia_pessoal,planeada,2025-06-05 17:42,61.3,1
D18568,C019,2025-06-08,T2,1,Total,8,,,,,1
D18569,C019,2025-06-09,T1,1,Total,7,,,,,1
D18570,C019,2025-06-09,T2,1,Total,8,,,,,1
D18571,C019,2025-06-10,T1,1,Total,7,,,,,1
D18572,C019,2025-06-10,T2,1,Parcial,4,formação,planeada,2025-06-05 01:42,132.3,1
D18573,C019,2025-06-11,T1,1,Total,7,,,,,1
D18574,C019,2025-06-11,T2,1,Total,8,,,,,1
D18575,C019,2025-06-12,T1,1,Total,7,,,,,1
D18576,C019,2025-06-12,T2,1,Total,8,,,,,1
D18577,C019,2025-06-13,T1,0,Indisponível,0,baixa,planeada,2025-05-26 11:48,427.2,1
D18578,C019,2025-06-13,T2,1,Total,8,,,,,1
D18579,C019,2025-06-14,T1,1,Total,7,,,,,1
D18580,C019,2025-06-14,T2,1,Total,8,,,,,1
D18581,C019,2025-06-15,T1,1,Total,7,,,,,1
D18582,C019,2025-06-15,T2,1,Total,8,,,,,1
D18583,C019,2025-06-16,T1,1,Total,7,,,,,1
D18584,C019,2025-06-16,T2,1,Total,8,,,,,1
D18585,C019,2025-06-17,T1,1,Total,7,,,,,1
D18586,C019,2025-06-17,T2,1,Total,8,,,,,1
D18587,C019,2025-06-18,T1,1,Total,7,,,,,1
D18588,C019,2025-06-18,T2,1,Total,8,,,,,1
D18589,C019,2025-06-19,T1,1,Total,7,,,,,1
D18590,C019,2025-06-19,T2,1,Total,8,,,,,1
D18591,C019,2025-06-20,T1,1,Total,7,,,,,1
D18592,C019,2025-06-20,T2,1,Parcial,4,formação,planeada,2025-06-08 11:54,290.1,1
D18593,C019,2025-06-21,T1,1,Total,7,,,,,1
D18594,C019,2025-06-21,T2,1,Total,8,,,,,1
D18595,C019,2025-06-22,T1,1,Total,7,,,,,1
D18596,C019,2025-06-22,T2,1,Total,8,,,,,1
D18597,C019,2025-06-23,T1,1,Total,7,,,,,1
D18598,C019,2025-06-23,T2,1,Total,8,,,,,1
D18599,C019,2025-06-24,T1,1,Total,7,,,,,1
D18600,C019,2025-06-24,T2,1,Total,8,,,,,1
D18601,C019,2025-06-25,T1,1,Total,7,,,,,1
D18602,C019,2025-06-25,T2,1,Total,8,,,,,1
D18603,C019,2025-06-26,T1,0,Indisponível,0,consulta_medica,inesperada,2025-06-26 01:48,5.2,1
D18604,C019,2025-06-26,T2,1,Parcial,4,preferencia_pessoal,planeada,2025-06-14 01:06,300.9,1
D18605,C019,2025-06-27,T1,1,Total,7,,,,,1
D18606,C019,2025-06-27,T2,1,Total,8,,,,,1
D18607,C019,2025-06-28,T1,0,Indisponível,0,consulta_medica,planeada,2025-05-31 01:48,677.2,1
D18608,C019,2025-06-28,T2,1,Total,8,,,,,1
D18609,C019,2025-06-29,T1,1,Total,7,,,,,1
D18610,C019,2025-06-29,T2,1,Parcial,4,formação,planeada,2025-06-22 07:42,174.3,1
D18611,C019,2025-06-30,T1,1,Total,7,,,,,1
D18612,C019,2025-06-30,T2,1,Total,8,,,,,1
D18613,C019,2025-07-01,T1,1,Total,7,,,,,1
D18614,C019,2025-07-01,T2,1,Total,8,,,,,1
D18615,C019,2025-07-02,T1,1,Total,7,,,,,1
D18616,C019,2025-07-02,T2,1,Total,8,,,,,1
D18617,C019,2025-07-03,T1,1,Total,7,,,,,1
D18618,C019,2025-07-03,T2,1,Total,8,,,,,1
D18619,C019,2025-07-04,T1,1,Total,7,,,,,1
D18620,C019,2025-07-04,T2,1,Total,8,,,,,1
D18621,C019,2025-07-05,T1,1,Total,7,,,,,1
D18622,C019,2025-07-05,T2,1,Total,8,,,,,1
D18623,C019,2025-07-06,T1,1,Parcial,4,formação,planeada,2025-06-23 10:06,308.9,1
D18624,C019,2025-07-06,T2,1,Total,8,,,,,1
D18625,C019,2025-07-07,T1,1,Total,7,,,,,1
D18626,C019,2025-07-07,T2,1,Total,8,,,,,1
D18627,C019,2025-07-08,T1,1,Total,7,,,,,1
D18628,C019,2025-07-08,T2,1,Total,8,,,,,1
D18629,C019,2025-07-09,T1,1,Total,7,,,,,1
D18630,C019,2025-07-09,T2,1,Total,8,,,,,1
D18631,C019,2025-07-10,T1,1,Parcial,4,formação,planeada,2025-07-09 06:36,24.4,1
D18632,C019,2025-07-10,T2,1,Total,8,,,,,1
D18633,C019,2025-07-11,T1,1,Total,7,,,,,1
D18634,C019,2025-07-11,T2,1,Total,8,,,,,1
D18635,C019,2025-07-12,T1,1,Total,7,,,,,1
D18636,C019,2025-07-12,T2,1,Total,8,,,,,1
D18637,C019,2025-07-13,T1,1,Total,7,,,,,1
D18638,C019,2025-07-13,T2,1,Total,8,,,,,1
D18639,C019,2025-07-14,T1,1,Total,7,,,,,1
D18640,C019,2025-07-14,T2,1,Parcial,4,preferencia_pessoal,planeada,2025-07-01 11:48,314.2,1
D18641,C019,2025-07-15,T1,0,Indisponível,0,férias,planeada,2025-07-13 18:06,36.9,1
D18642,C019,2025-07-15,T2,1,Total,8,,,,,1
D18643,C019,2025-07-16,T1,1,Total,7,,,,,1
D18644,C019,2025-07-16,T2,1,Total,8,,,,,1
D18645,C019,2025-07-17,T1,1,Total,7,,,,,1
D18646,C019,2025-07-17,T2,1,Total,8,,,,,1
D18647,C019,2025-07-18,T1,1,Total,7,,,,,1
D18648,C019,2025-07-18,T2,1,Total,8,,,,,1
D18649,C019,2025-07-19,T1,0,Indisponível,0,consulta_medica,inesperada,2025-07-19 00:54,6.1,1
D18650,C019,2025-07-19,T2,1,Total,8,,,,,1
D18651,C019,2025-07-20,T1,1,Total,7,,,,,1
D18652,C019,2025-07-20,T2,1,Parcial,4,preferencia_pessoal,planeada,2025-07-14 01:00,157.0,1
D18653,C019,2025-07-21,T1,1,Total,7,,,,,1
D18654,C019,2025-07-21,T2,1,Total,8,,,,,1
D18655,C019,2025-07-22,T1,1,Total,7,,,,,1
D18656,C019,2025-07-22,T2,0,Indisponível,0,baixa,planeada,2025-07-01 02:00,516.0,1
D18657,C019,2025-07-23,T1,0,Indisponível,0,baixa,inesperada,2025-07-23 01:54,5.1,1
D18658,C019,2025-07-23,T2,1,Total,8,,,,,1
D18659,C019,2025-07-24,T1,1,Total,7,,,,,1
D18660,C019,2025-07-24,T2,1,Total,8,,,,,1
D18661,C019,2025-07-25,T1,1,Total,7,,,,,1
D18662,C019,2025-07-25,T2,1,Total,8,,,,,1
D18663,C019,2025-07-26,T1,1,Total,7,,,,,1
D18664,C019,2025-07-26,T2,1,Total,8,,,,,1
D18665,C019,2025-07-27,T1,1,Total,7,,,,,1
D18666,C019,2025-07-27,T2,1,Total,8,,,,,1
D18667,C019,2025-07-28,T1,1,Total,7,,,,,1
D18668,C019,2025-07-28,T2,1,Total,8,,,,,1
D18669,C019,2025-07-29,T1,1,Total,7,,,,,1
D18670,C019,2025-07-29,T2,1,Total,8,,,,,1
D18671,C019,2025-07-30,T1,1,Total,7,,,,,1
D18672,C019,2025-07-30,T2,1,Total,8,,,,,1
D18673,C019,2025-07-31,T1,1,Total,7,,,,,1
D18674,C019,2025-07-31,T2,1,Total,8,,,,,1
D18675,C019,2025-08-01,T1,1,Total,7,,,,,1
D18676,C019,2025-08-01,T2,1,Total,8,,,,,1
D18677,C019,2025-08-02,T1,1,Total,7,,,,,1
D18678,C019,2025-08-02,T2,1,Total,8,,,,,1
D18679,C019,2025-08-03,T1,1,Total,7,,,,,1
D18680,C019,2025-08-03,T2,1,Parcial,4,formação,planeada,2025-07-29 23:24,110.6,1
D18681,C019,2025-08-04,T1,0,Indisponível,0,formação,planeada,2025-07-11 07:42,575.3,1
D18682,C019,2025-08-04,T2,1,Total,8,,,,,1
D18683,C019,2025-08-05,T1,1,Total,7,,,,,1
D18684,C019,2025-08-05,T2,1,Total,8,,,,,1
D18685,C019,2025-08-06,T1,1,Total,7,,,,,1
D18686,C019,2025-08-06,T2,1,Parcial,4,preferencia_pessoal,planeada,2025-07-24 17:12,308.8,1
D18687,C019,2025-08-07,T1,1,Total,7,,,,,1
D18688,C019,2025-08-07,T2,1,Total,8,,,,,1
D18689,C019,2025-08-08,T1,1,Total,7,,,,,1
D18690,C019,2025-08-08,T2,1,Total,8,,,,,1
D18691,C019,2025-08-09,T1,1,Total,7,,,,,1
D18692,C019,2025-08-09,T2,1,Total,8,,,,,1
D18693,C019,2025-08-10,T1,1,Total,7,,,,,1
D18694,C019,2025-08-10,T2,1,Total,8,,,,,1
D18695,C019,2025-08-11,T1,1,Total,7,,,,,1
D18696,C019,2025-08-11,T2,1,Total,8,,,,,1
D18697,C019,2025-08-12,T1,1,Total,7,,,,,1
D18698,C019,2025-08-12,T2,1,Total,8,,,,,1
D18699,C019,2025-08-13,T1,1,Total,7,,,,,1
D18700,C019,2025-08-13,T2,1,Total,8,,,,,1
D18701,C019,2025-08-14,T1,1,Total,7,,,,,1
D18702,C019,2025-08-14,T2,1,Parcial,4,formação,planeada,2025-08-04 19:12,234.8,1
D18703,C019,2025-08-15,T1,1,Parcial,4,consulta_medica,planeada,2025-08-03 11:00,284.0,1
D18704,C019,2025-08-15,T2,1,Total,8,,,,,1
D18705,C019,2025-08-16,T1,1,Total,7,,,,,1
D18706,C019,2025-08-16,T2,1,Total,8,,,,,1
D18707,C019,2025-08-17,T1,0,Indisponível,0,folga,planeada,2025-08-09 01:06,197.9,1
D18708,C019,2025-08-17,T2,1,Parcial,4,formação,planeada,2025-08-04 04:30,321.5,1
D18709,C019,2025-08-18,T1,1,Total,7,,,,,1
D18710,C019,2025-08-18,T2,0,Indisponível,0,folga,planeada,2025-08-07 23:48,254.2,1
D18711,C019,2025-08-19,T1,1,Total,7,,,,,1
D18712,C019,2025-08-19,T2,0,Indisponível,0,outro,planeada,2025-07-28 20:18,521.7,1
D18713,C019,2025-08-20,T1,1,Total,7,,,,,1
D18714,C019,2025-08-20,T2,1,Total,8,,,,,1
D18715,C019,2025-08-21,T1,1,Total,7,,,,,1
D18716,C019,2025-08-21,T2,1,Total,8,,,,,1
D18717,C019,2025-08-22,T1,1,Total,7,,,,,1
D18718,C019,2025-08-22,T2,1,Total,8,,,,,1
D18719,C019,2025-08-23,T1,1,Total,7,,,,,1
D18720,C019,2025-08-23,T2,1,Total,8,,,,,1
D18721,C019,2025-08-24,T1,1,Total,7,,,,,1
D18722,C019,2025-08-24,T2,1,Total,8,,,,,1
D18723,C019,2025-08-25,T1,1,Parcial,4,formação,planeada,2025-08-24 14:42,16.3,1
D18724,C019,2025-08-25,T2,1,Total,8,,,,,1
D18725,C019,2025-08-26,T1,1,Total,7,,,,,1
D18726,C019,2025-08-26,T2,1,Total,8,,,,,1
D18727,C019,2025-08-27,T1,0,Indisponível,0,baixa,inesperada,2025-08-27 02:54,4.1,1
D18728,C019,2025-08-27,T2,1,Total,8,,,,,1
D18729,C019,2025-08-28,T1,1,Total,7,,,,,1
D18730,C019,2025-08-28,T2,0,Indisponível,0,formação,planeada,2025-08-07 00:36,517.4,1
D18731,C019,2025-08-29,T1,1,Parcial,4,formação,planeada,2025-08-24 13:12,113.8,1
D18732,C019,2025-08-29,T2,1,Total,8,,,,,1
D18733,C019,2025-08-30,T1,1,Total,7,,,,,1
D18734,C019,2025-08-30,T2,1,Total,8,,,,,1
D18735,C019,2025-08-31,T1,1,Total,7,,,,,1
D18736,C019,2025-08-31,T2,1,Total,8,,,,,1
D18737,C019,2025-09-01,T1,1,Parcial,4,formação,planeada,2025-08-29 16:12,62.8,1
D18738,C019,2025-09-01,T2,1,Total,8,,,,,1
D18739,C019,2025-09-02,T1,1,Total,7,,,,,1
D18740,C019,2025-09-02,T2,1,Total,8,,,,,1
D18741,C019,2025-09-03,T1,1,Parcial,4,consulta_medica,planeada,2025-09-01 01:42,53.3,1
D18742,C019,2025-09-03,T2,1,Parcial,4,formação,planeada,2025-09-02 13:24,24.6,1
D18743,C019,2025-09-04,T1,1,Total,7,,,,,1
D18744,C019,2025-09-04,T2,1,Total,8,,,,,1
D18745,C019,2025-09-05,T1,1,Total,7,,,,,1
D18746,C019,2025-09-05,T2,1,Total,8,,,,,1
D18747,C019,2025-09-06,T1,1,Total,7,,,,,1
D18748,C019,2025-09-06,T2,1,Parcial,4,preferencia_pessoal,planeada,2025-08-30 02:00,180.0,1
D18749,C019,2025-09-07,T1,0,Indisponível,0,férias,planeada,2025-08-10 13:30,665.5,1
D18750,C019,2025-09-07,T2,1,Total,8,,,,,1
D18751,C019,2025-09-08,T1,1,Total,7,,,,,1
D18752,C019,2025-09-08,T2,1,Total,8,,,,,1
D18753,C019,2025-09-09,T1,1,Total,7,,,,,1
D18754,C019,2025-09-09,T2,0,Indisponível,0,folga,planeada,2025-08-28 05:00,297.0,1
D18755,C019,2025-09-10,T1,0,Indisponível,0,baixa,inesperada,2025-09-10 04:30,2.5,1
D18756,C019,2025-09-10,T2,1,Total,8,,,,,1
D18757,C019,2025-09-11,T1,1,Total,7,,,,,1
D18758,C019,2025-09-11,T2,1,Total,8,,,,,1
D18759,C019,2025-09-12,T1,1,Total,7,,,,,1
D18760,C019,2025-09-12,T2,1,Total,8,,,,,1
D18761,C019,2025-09-13,T1,1,Total,7,,,,,1
D18762,C019,2025-09-13,T2,1,Total,8,,,,,1
D18763,C019,2025-09-14,T1,1,Total,7,,,,,1
D18764,C019,2025-09-14,T2,1,Parcial,4,preferencia_pessoal,planeada,2025-09-07 16:30,165.5,1
D18765,C019,2025-09-15,T1,1,Total,7,,,,,1
D18766,C019,2025-09-15,T2,1,Total,8,,,,,1
D18767,C019,2025-09-16,T1,1,Total,7,,,,,1
D18768,C019,2025-09-16,T2,1,Total,8,,,,,1
D18769,C019,2025-09-17,T1,1,Total,7,,,,,1
D18770,C019,2025-09-17,T2,1,Total,8,,,,,1
D18771,C019,2025-09-18,T1,1,Total,7,,,,,1
D18772,C019,2025-09-18,T2,1,Total,8,,,,,1
D18773,C019,2025-09-19,T1,1,Total,7,,,,,1
D18774,C019,2025-09-19,T2,1,Total,8,,,,,1
D18775,C019,2025-09-20,T1,1,Total,7,,,,,1
D18776,C019,2025-09-20,T2,1,Total,8,,,,,1
D18777,C019,2025-09-21,T1,1,Total,7,,,,,1
D18778,C019,2025-09-21,T2,1,Total,8,,,,,1
D18779,C019,2025-09-22,T1,1,Total,7,,,,,1
D18780,C019,2025-09-22,T2,1,Total,8,,,,,1
D18781,C019,2025-09-23,T1,1,Total,7,,,,,1
D18782,C019,2025-09-23,T2,1,Total,8,,,,,1
D18783,C019,2025-09-24,T1,0,Indisponível,0,preferencia_pessoal,planeada,2025-08-30 02:00,605.0,1
D18784,C019,2025-09-24,T2,1,Total,8,,,,,1
D18785,C019,2025-09-25,T1,1,Total,7,,,,,1
D18786,C019,2025-09-25,T2,0,Indisponível,0,folga,planeada,2025-09-05 01:12,492.8,1
D18787,C019,2025-09-26,T1,1,Total,7,,,,,1
D18788,C019,2025-09-26,T2,1,Total,8,,,,,1
D18789,C019,2025-09-27,T1,1,Total,7,,,,,1
D18790,C019,2025-09-27,T2,1,Total,8,,,,,1
D18791,C019,2025-09-28,T1,1,Total,7,,,,,1
D18792,C019,2025-09-28,T2,1,Total,8,,,,,1
D18793,C019,2025-09-29,T1,1,Total,7,,,,,1
D18794,C019,2025-09-29,T2,0,Indisponível,0,folga,planeada,2025-09-21 07:18,198.7,1
D18795,C019,2025-09-30,T1,1,Total,7,,,,,1
D18796,C019,2025-09-30,T2,1,Total,8,,,,,1
D18797,C019,2025-10-01,T1,1,Total,7,,,,,1
D18798,C019,2025-10-01,T2,1,Total,8,,,,,1
D18799,C019,2025-10-02,T1,1,Total,7,,,,,1
D18800,C019,2025-10-02,T2,1,Total,8,,,,,1
D18801,C019,2025-10-03,T1,1,Total,7,,,,,1
D18802,C019,2025-10-03,T2,1,Total,8,,,,,1
D18803,C019,2025-10-04,T1,1,Total,7,,,,,1
D18804,C019,2025-10-04,T2,1,Total,8,,,,,1
D18805,C019,2025-10-05,T1,1,Total,7,,,,,1
D18806,C019,2025-10-05,T2,1,Total,8,,,,,1
D18807,C019,2025-10-06,T1,1,Total,7,,,,,1
D18808,C019,2025-10-06,T2,1,Total,8,,,,,1
D18809,C019,2025-10-07,T1,1,Total,7,,,,,1
D18810,C019,2025-10-07,T2,1,Total,8,,,,,1
D18811,C019,2025-10-08,T1,1,Total,7,,,,,1
D18812,C019,2025-10-08,T2,1,Total,8,,,,,1
D18813,C019,2025-10-09,T1,1,Total,7,,,,,1
D18814,C019,2025-10-09,T2,1,Total,8,,,,,1
D18815,C019,2025-10-10,T1,1,Total,7,,,,,1
D18816,C019,2025-10-10,T2,1,Total,8,,,,,1
D18817,C019,2025-10-11,T1,1,Parcial,4,consulta_medica,planeada,2025-10-08 02:48,76.2,1
D18818,C019,2025-10-11,T2,1,Total,8,,,,,1
D18819,C019,2025-10-12,T1,1,Parcial,4,formação,planeada,2025-10-07 13:54,113.1,1
D18820,C019,2025-10-12,T2,1,Total,8,,,,,1
D18821,C019,2025-10-13,T1,1,Total,7,,,,,1
D18822,C019,2025-10-13,T2,1,Total,8,,,,,1
D18823,C019,2025-10-14,T1,1,Total,7,,,,,1
D18824,C019,2025-10-14,T2,1,Parcial,4,formação,planeada,2025-10-09 21:42,112.3,1
D18825,C019,2025-10-15,T1,0,Indisponível,0,férias,planeada,2025-10-14 18:00,13.0,1
D18826,C019,2025-10-15,T2,1,Total,8,,,,,1
D18827,C019,2025-10-16,T1,1,Total,7,,,,,1
D18828,C019,2025-10-16,T2,1,Total,8,,,,,1
D18829,C019,2025-10-17,T1,1,Total,7,,,,,1
D18830,C019,2025-10-17,T2,1,Total,8,,,,,1
D18831,C019,2025-10-18,T1,1,Total,7,,,,,1
D18832,C019,2025-10-18,T2,1,Total,8,,,,,1
D18833,C019,2025-10-19,T1,1,Total,7,,,,,1
D18834,C019,2025-10-19,T2,1,Total,8,,,,,1
D18835,C019,2025-10-20,T1,0,Indisponível,0,folga,planeada,2025-09-25 22:00,585.0,1
D18836,C019,2025-10-20,T2,1,Total,8,,,,,1
D18837,C019,2025-10-21,T1,1,Total,7,,,,,1
D18838,C019,2025-10-21,T2,1,Total,8,,,,,1
D18839,C019,2025-10-22,T1,1,Total,7,,,,,1
D18840,C019,2025-10-22,T2,1,Total,8,,,,,1
D18841,C019,2025-10-23,T1,1,Total,7,,,,,1
D18842,C019,2025-10-23,T2,1,Total,8,,,,,1
D18843,C019,2025-10-24,T1,1,Total,7,,,,,1
D18844,C019,2025-10-24,T2,1,Total,8,,,,,1
D18845,C019,2025-10-25,T1,1,Total,7,,,,,1
D18846,C019,2025-10-25,T2,1,Total,8,,,,,1
D18847,C019,2025-10-26,T1,1,Total,7,,,,,1
D18848,C019,2025-10-26,T2,1,Total,8,,,,,1
D18849,C019,2025-10-27,T1,1,Total,7,,,,,1
D18850,C019,2025-10-27,T2,1,Total,8,,,,,1
D18851,C019,2025-10-28,T1,1,Total,7,,,,,1
D18852,C019,2025-10-28,T2,1,Total,8,,,,,1
D18853,C019,2025-10-29,T1,1,Total,7,,,,,1
D18854,C019,2025-10-29,T2,1,Total,8,,,,,1
D18855,C019,2025-10-30,T1,1,Total,7,,,,,1
D18856,C019,2025-10-30,T2,0,Indisponível,0,preferencia_pessoal,planeada,2025-10-22 19:12,186.8,1
D18857,C019,2025-10-31,T1,1,Parcial,4,preferencia_pessoal,planeada,2025-10-25 11:36,139.4,1
D18858,C019,2025-10-31,T2,1,Total,8,,,,,1
D18859,C019,2025-11-01,T1,1,Total,7,,,,,1
D18860,C019,2025-11-01,T2,1,Total,8,,,,,1
D18861,C019,2025-11-02,T1,1,Total,7,,,,,1
D18862,C019,2025-11-02,T2,1,Parcial,4,consulta_medica,planeada,2025-11-01 20:30,17.5,1
D18863,C019,2025-11-03,T1,1,Total,7,,,,,1
D18864,C019,2025-11-03,T2,1,Total,8,,,,,1
D18865,C019,2025-11-04,T1,1,Total,7,,,,,1
D18866,C019,2025-11-04,T2,1,Total,8,,,,,1
D18867,C019,2025-11-05,T1,1,Total,7,,,,,1
D18868,C019,2025-11-05,T2,1,Total,8,,,,,1
D18869,C019,2025-11-06,T1,1,Total,7,,,,,1
D18870,C019,2025-11-06,T2,1,Total,8,,,,,1
D18871,C019,2025-11-07,T1,1,Total,7,,,,,1
D18872,C019,2025-11-07,T2,1,Parcial,4,preferencia_pessoal,planeada,2025-11-05 23:42,38.3,1
D18873,C019,2025-11-08,T1,1,Total,7,,,,,1
D18874,C019,2025-11-08,T2,1,Total,8,,,,,1
D18875,C019,2025-11-09,T1,1,Total,7,,,,,1
D18876,C019,2025-11-09,T2,1,Total,8,,,,,1
D18877,C019,2025-11-10,T1,1,Total,7,,,,,1
D18878,C019,2025-11-10,T2,1,Total,8,,,,,1
D18879,C019,2025-11-11,T1,0,Indisponível,0,preferencia_pessoal,planeada,2025-11-10 03:54,27.1,1
D18880,C019,2025-11-11,T2,1,Total,8,,,,,1
D18881,C019,2025-11-12,T1,1,Total,7,,,,,1
D18882,C019,2025-11-12,T2,1,Total,8,,,,,1
D18883,C019,2025-11-13,T1,1,Total,7,,,,,1
D18884,C019,2025-11-13,T2,1,Total,8,,,,,1
D18885,C019,2025-11-14,T1,1,Total,7,,,,,1
D18886,C019,2025-11-14,T2,1,Total,8,,,,,1
D18887,C019,2025-11-15,T1,1,Total,7,,,,,1
D18888,C019,2025-11-15,T2,1,Total,8,,,,,1
D18889,C019,2025-11-16,T1,1,Total,7,,,,,1
D18890,C019,2025-11-16,T2,1,Total,8,,,,,1
D18891,C019,2025-11-17,T1,1,Total,7,,,,,1
D18892,C019,2025-11-17,T2,1,Total,8,,,,,1
D18893,C019,2025-11-18,T1,1,Total,7,,,,,1
D18894,C019,2025-11-18,T2,1,Total,8,,,,,1
D18895,C019,2025-11-19,T1,1,Total,7,,,,,1
D18896,C019,2025-11-19,T2,0,Indisponível,0,folga,planeada,2025-10-23 18:24,643.6,1
D18897,C019,2025-11-20,T1,1,Total,7,,,,,1
D18898,C019,2025-11-20,T2,0,Indisponível,0,folga,planeada,2025-11-05 17:42,356.3,1
D18899,C019,2025-11-21,T1,1,Total,7,,,,,1
D18900,C019,2025-11-21,T2,1,Total,8,,,,,1
D18901,C019,2025-11-22,T1,1,Total,7,,,,,1
D18902,C019,2025-11-22,T2,1,Total,8,,,,,1
D18903,C019,2025-11-23,T1,1,Total,7,,,,,1
D18904,C019,2025-11-23,T2,1,Total,8,,,,,1
D18905,C019,2025-11-24,T1,1,Total,7,,,,,1
D18906,C019,2025-11-24,T2,1,Total,8,,,,,1
D18907,C019,2025-11-25,T1,1,Total,7,,,,,1
D18908,C019,2025-11-25,T2,1,Total,8,,,,,1
D18909,C019,2025-11-26,T1,1,Parcial,4,preferencia_pessoal,planeada,2025-11-19 19:42,155.3,1
D18910,C019,2025-11-26,T2,1,Total,8,,,,,1
D18911,C019,2025-11-27,T1,1,Total,7,,,,,1
D18912,C019,2025-11-27,T2,1,Parcial,4,consulta_medica,planeada,2025-11-23 07:54,102.1,1
D18913,C019,2025-11-28,T1,1,Total,7,,,,,1
D18914,C019,2025-11-28,T2,1,Parcial,4,formação,planeada,2025-11-24 02:48,107.2,1
D18915,C019,2025-11-29,T1,1,Total,7,,,,,1
D18916,C019,2025-11-29,T2,1,Total,8,,,,,1
D18917,C019,2025-11-30,T1,1,Total,7,,,,,1
D18918,C019,2025-11-30,T2,1,Total,8,,,,,1
D18919,C019,2025-12-01,T1,1,Total,7,,,,,1
D18920,C019,2025-12-01,T2,1,Total,8,,,,,1
D18921,C019,2025-12-02,T1,1,Total,7,,,,,1
D18922,C019,2025-12-02,T2,1,Total,8,,,,,1
D18923,C019,2025-12-03,T1,1,Total,7,,,,,1
D18924,C019,2025-12-03,T2,1,Total,8,,,,,1
D18925,C019,2025-12-04,T1,1,Total,7,,,,,1
D18926,C019,2025-12-04,T2,1,Total,8,,,,,1
D18927,C019,2025-12-05,T1,1,Total,7,,,,,1
D18928,C019,2025-12-05,T2,1,Total,8,,,,,1
D18929,C019,2025-12-06,T1,1,Total,7,,,,,1
D18930,C019,2025-12-06,T2,1,Total,8,,,,,1
D18931,C019,2025-12-07,T1,1,Total,7,,,,,1
D18932,C019,2025-12-07,T2,1,Total,8,,,,,1
D18933,C019,2025-12-08,T1,1,Total,7,,,,,1
D18934,C019,2025-12-08,T2,1,Total,8,,,,,1
D18935,C019,2025-12-09,T1,1,Total,7,,,,,1
D18936,C019,2025-12-09,T2,1,Total,8,,,,,1
D18937,C019,2025-12-10,T1,1,Total,7,,,,,1
D18938,C019,2025-12-10,T2,1,Total,8,,,,,1
D18939,C019,2025-12-11,T1,1,Total,7,,,,,1
D18940,C019,2025-12-11,T2,1,Total,8,,,,,1
D18941,C019,2025-12-12,T1,1,Total,7,,,,,1
D18942,C019,2025-12-12,T2,1,Total,8,,,,,1
D18943,C019,2025-12-13,T1,1,Total,7,,,,,1
D18944,C019,2025-12-13,T2,1,Total,8,,,,,1
D18945,C019,2025-12-14,T1,1,Parcial,4,formação,planeada,2025-12-05 01:12,221.8,1
D18946,C019,2025-12-14,T2,1,Total,8,,,,,1
D18947,C019,2025-12-15,T1,1,Total,7,,,,,1
D18948,C019,2025-12-15,T2,1,Total,8,,,,,1
D18949,C019,2025-12-16,T1,1,Total,7,,,,,1
D18950,C019,2025-12-16,T2,1,Total,8,,,,,1
D18951,C019,2025-12-17,T1,1,Total,7,,,,,1
D18952,C019,2025-12-17,T2,1,Total,8,,,,,1
D18953,C019,2025-12-18,T1,1,Total,7,,,,,1
D18954,C019,2025-12-18,T2,1,Total,8,,,,,1
D18955,C019,2025-12-19,T1,1,Total,7,,,,,1
D18956,C019,2025-12-19,T2,1,Total,8,,,,,1
D18957,C019,2025-12-20,T1,1,Total,7,,,,,1
D18958,C019,2025-12-20,T2,1,Total,8,,,,,1
D18959,C019,2025-12-21,T1,1,Total,7,,,,,1
D18960,C019,2025-12-21,T2,1,Total,8,,,,,1
D18961,C019,2025-12-22,T1,1,Total,7,,,,,1
D18962,C019,2025-12-22,T2,1,Total,8,,,,,1
D18963,C019,2025-12-23,T1,1,Total,7,,,,,1
D18964,C019,2025-12-23,T2,1,Total,8,,,,,1
D18965,C019,2025-12-24,T1,1,Total,7,,,,,1
D18966,C019,2025-12-24,T2,1,Total,8,,,,,1
D18967,C019,2025-12-25,T1,1,Total,7,,,,,1
D18968,C019,2025-12-25,T2,1,Total,8,,,,,1
D18969,C019,2025-12-26,T1,1,Total,7,,,,,1
D18970,C019,2025-12-26,T2,1,Parcial,4,consulta_medica,planeada,2025-12-12 16:54,333.1,1
D18971,C019,2025-12-27,T1,1,Total,7,,,,,1
D18972,C019,2025-12-27,T2,1,Total,8,,,,,1
D18973,C019,2025-12-28,T1,1,Parcial,4,formação,planeada,2025-12-15 09:48,309.2,1
D18974,C019,2025-12-28,T2,1,Total,8,,,,,1
D18975,C019,2025-12-29,T1,0,Indisponível,0,folga,planeada,2025-12-18 01:24,269.6,1
D18976,C019,2025-12-29,T2,1,Total,8,,,,,1
D18977,C019,2025-12-30,T1,1,Total,7,,,,,1
D18978,C019,2025-12-30,T2,1,Total,8,,,,,1
D18979,C019,2025-12-31,T1,1,Total,7,,,,,1
D18980,C019,2025-12-31,T2,1,Total,8,,,,,1
D18981,C020,2025-01-01,T1,1,Parcial,4,formação,planeada,2024-12-26 13:06,137.9,1
D18982,C020,2025-01-01,T2,0,Indisponível,0,formação,planeada,2024-12-14 18:06,427.9,1
D18983,C020,2025-01-01,T3,1,Total,9,,,,,1
D18984,C020,2025-01-02,T1,1,Total,7,,,,,1
D18985,C020,2025-01-02,T2,1,Total,8,,,,,1
D18986,C020,2025-01-02,T3,1,Total,9,,,,,1
D18987,C020,2025-01-03,T1,1,Total,7,,,,,1
D18988,C020,2025-01-03,T2,1,Total,8,,,,,1
D18989,C020,2025-01-03,T3,1,Total,9,,,,,1
D18990,C020,2025-01-04,T1,1,Total,7,,,,,1
D18991,C020,2025-01-04,T2,1,Total,8,,,,,1
D18992,C020,2025-01-04,T3,1,Parcial,4,preferencia_pessoal,planeada,2024-12-26 11:18,226.7,1
D18993,C020,2025-01-05,T1,1,Total,7,,,,,1
D18994,C020,2025-01-05,T2,1,Total,8,,,,,1
D18995,C020,2025-01-05,T3,0,Indisponível,0,restrição_noite,planeada,2024-12-18 17:42,436.3,1
D18996,C020,2025-01-06,T1,1,Total,7,,,,,1
D18997,C020,2025-01-06,T2,1,Total,8,,,,,1
D18998,C020,2025-01-06,T3,1,Total,9,,,,,1
D18999,C020,2025-01-07,T1,1,Total,7,,,,,1
D19000,C020,2025-01-07,T2,1,Parcial,4,preferencia_pessoal,planeada,2025-01-01 17:12,140.8,1
D19001,C020,2025-01-07,T3,1,Total,9,,,,,1
D19002,C020,2025-01-08,T1,1,Total,7,,,,,1
D19003,C020,2025-01-08,T2,1,Total,8,,,,,1
D19004,C020,2025-01-08,T3,1,Total,9,,,,,1
D19005,C020,2025-01-09,T1,1,Total,7,,,,,1
D19006,C020,2025-01-09,T2,1,Parcial,4,consulta_medica,planeada,2024-12-31 16:48,213.2,1
D19007,C020,2025-01-09,T3,1,Total,9,,,,,1
D19008,C020,2025-01-10,T1,1,Parcial,4,consulta_medica,planeada,2024-12-31 19:00,228.0,1
D19009,C020,2025-01-10,T2,1,Total,8,,,,,1
D19010,C020,2025-01-10,T3,1,Total,9,,,,,1
D19011,C020,2025-01-11,T1,1,Parcial,4,formação,planeada,2025-01-05 01:36,149.4,1
D19012,C020,2025-01-11,T2,1,Parcial,4,formação,planeada,2025-01-08 11:36,74.4,1
D19013,C020,2025-01-11,T3,1,Total,9,,,,,1
D19014,C020,2025-01-12,T1,1,Total,7,,,,,1
D19015,C020,2025-01-12,T2,1,Total,8,,,,,1
D19016,C020,2025-01-12,T3,1,Total,9,,,,,1
D19017,C020,2025-01-13,T1,1,Parcial,4,consulta_medica,planeada,2025-01-01 05:48,289.2,1
D19018,C020,2025-01-13,T2,0,Indisponível,0,consulta_medica,planeada,2024-12-24 18:12,475.8,1
D19019,C020,2025-01-13,T3,1,Total,9,,,,,1
D19020,C020,2025-01-14,T1,1,Total,7,,,,,1
D19021,C020,2025-01-14,T2,1,Total,8,,,,,1
D19022,C020,2025-01-14,T3,1,Total,9,,,,,1
D19023,C020,2025-01-15,T1,1,Total,7,,,,,1
D19024,C020,2025-01-15,T2,1,Parcial,4,consulta_medica,planeada,2025-01-08 15:06,166.9,1
D19025,C020,2025-01-15,T3,1,Total,9,,,,,1
D19026,C020,2025-01-16,T1,1,Total,7,,,,,1
D19027,C020,2025-01-16,T2,1,Parcial,4,formação,planeada,2025-01-08 22:30,183.5,1
D19028,C020,2025-01-16,T3,1,Total,9,,,,,1
D19029,C020,2025-01-17,T1,1,Total,7,,,,,1
D19030,C020,2025-01-17,T2,1,Total,8,,,,,1
D19031,C020,2025-01-17,T3,1,Total,9,,,,,1
D19032,C020,2025-01-18,T1,1,Total,7,,,,,1
D19033,C020,2025-01-18,T2,1,Total,8,,,,,1
D19034,C020,2025-01-18,T3,1,Total,9,,,,,1
D19035,C020,2025-01-19,T1,1,Total,7,,,,,1
D19036,C020,2025-01-19,T2,1,Total,8,,,,,1
D19037,C020,2025-01-19,T3,1,Total,9,,,,,1
D19038,C020,2025-01-20,T1,1,Total,7,,,,,1
D19039,C020,2025-01-20,T2,1,Parcial,4,preferencia_pessoal,planeada,2025-01-09 15:48,262.2,1
D19040,C020,2025-01-20,T3,1,Total,9,,,,,1
D19041,C020,2025-01-21,T1,1,Total,7,,,,,1
D19042,C020,2025-01-21,T2,0,Indisponível,0,folga,planeada,2025-01-18 16:12,69.8,1
D19043,C020,2025-01-21,T3,1,Total,9,,,,,1
D19044,C020,2025-01-22,T1,1,Total,7,,,,,1
D19045,C020,2025-01-22,T2,1,Total,8,,,,,1
D19046,C020,2025-01-22,T3,1,Total,9,,,,,1
D19047,C020,2025-01-23,T1,1,Parcial,4,consulta_medica,planeada,2025-01-11 14:36,280.4,1
D19048,C020,2025-01-23,T2,1,Total,8,,,,,1
D19049,C020,2025-01-23,T3,1,Total,9,,,,,1
D19050,C020,2025-01-24,T1,1,Parcial,4,formação,planeada,2025-01-15 14:12,208.8,1
D19051,C020,2025-01-24,T2,1,Total,8,,,,,1
D19052,C020,2025-01-24,T3,1,Total,9,,,,,1
D19053,C020,2025-01-25,T1,1,Total,7,,,,,1
D19054,C020,2025-01-25,T2,1,Total,8,,,,,1
D19055,C020,2025-01-25,T3,1,Total,9,,,,,1
D19056,C020,2025-01-26,T1,1,Total,7,,,,,1
D19057,C020,2025-01-26,T2,1,Total,8,,,,,1
D19058,C020,2025-01-26,T3,1,Total,9,,,,,1
D19059,C020,2025-01-27,T1,1,Total,7,,,,,1
D19060,C020,2025-01-27,T2,1,Total,8,,,,,1
D19061,C020,2025-01-27,T3,1,Total,9,,,,,1
D19062,C020,2025-01-28,T1,1,Total,7,,,,,1
D19063,C020,2025-01-28,T2,1,Total,8,,,,,1
D19064,C020,2025-01-28,T3,1,Total,9,,,,,1
D19065,C020,2025-01-29,T1,1,Total,7,,,,,1
D19066,C020,2025-01-29,T2,1,Total,8,,,,,1
D19067,C020,2025-01-29,T3,1,Total,9,,,,,1
D19068,C020,2025-01-30,T1,1,Total,7,,,,,1
D19069,C020,2025-01-30,T2,1,Total,8,,,,,1
D19070,C020,2025-01-30,T3,1,Total,9,,,,,1
D19071,C020,2025-01-31,T1,1,Total,7,,,,,1
D19072,C020,2025-01-31,T2,1,Total,8,,,,,1
D19073,C020,2025-01-31,T3,1,Total,9,,,,,1
D19074,C020,2025-02-01,T1,1,Total,7,,,,,1
D19075,C020,2025-02-01,T2,1,Total,8,,,,,1
D19076,C020,2025-02-01,T3,1,Total,9,,,,,1
D19077,C020,2025-02-02,T1,1,Total,7,,,,,1
D19078,C020,2025-02-02,T2,1,Total,8,,,,,1
D19079,C020,2025-02-02,T3,1,Total,9,,,,,1
D19080,C020,2025-02-03,T1,1,Total,7,,,,,1
D19081,C020,2025-02-03,T2,1,Total,8,,,,,1
D19082,C020,2025-02-03,T3,1,Total,9,,,,,1
D19083,C020,2025-02-04,T1,1,Total,7,,,,,1
D19084,C020,2025-02-04,T2,1,Total,8,,,,,1
D19085,C020,2025-02-04,T3,1,Total,9,,,,,1
D19086,C020,2025-02-05,T1,1,Total,7,,,,,1
D19087,C020,2025-02-05,T2,1,Total,8,,,,,1
D19088,C020,2025-02-05,T3,1,Total,9,,,,,1
D19089,C020,2025-02-06,T1,1,Total,7,,,,,1
D19090,C020,2025-02-06,T2,1,Total,8,,,,,1
D19091,C020,2025-02-06,T3,1,Total,9,,,,,1
D19092,C020,2025-02-07,T1,1,Total,7,,,,,1
D19093,C020,2025-02-07,T2,1,Total,8,,,,,1
D19094,C020,2025-02-07,T3,1,Total,9,,,,,1
D19095,C020,2025-02-08,T1,1,Parcial,4,consulta_medica,planeada,2025-02-06 18:54,36.1,1
D19096,C020,2025-02-08,T2,1,Total,8,,,,,1
D19097,C020,2025-02-08,T3,1,Total,9,,,,,1
D19098,C020,2025-02-09,T1,0,Indisponível,0,baixa,inesperada,2025-02-09 00:06,6.9,1
D19099,C020,2025-02-09,T2,1,Total,8,,,,,1
D19100,C020,2025-02-09,T3,1,Total,9,,,,,1
D19101,C020,2025-02-10,T1,1,Total,7,,,,,1
D19102,C020,2025-02-10,T2,1,Total,8,,,,,1
D19103,C020,2025-02-10,T3,1,Total,9,,,,,1
D19104,C020,2025-02-11,T1,1,Parcial,4,consulta_medica,planeada,2025-02-01 08:42,238.3,1
D19105,C020,2025-02-11,T2,1,Total,8,,,,,1
D19106,C020,2025-02-11,T3,1,Total,9,,,,,1
D19107,C020,2025-02-12,T1,1,Total,7,,,,,1
D19108,C020,2025-02-12,T2,1,Parcial,4,preferencia_pessoal,planeada,2025-02-04 07:00,199.0,1
D19109,C020,2025-02-12,T3,1,Total,9,,,,,1
D19110,C020,2025-02-13,T1,1,Total,7,,,,,1
D19111,C020,2025-02-13,T2,1,Total,8,,,,,1
D19112,C020,2025-02-13,T3,1,Total,9,,,,,1
D19113,C020,2025-02-14,T1,1,Total,7,,,,,1
D19114,C020,2025-02-14,T2,1,Total,8,,,,,1
D19115,C020,2025-02-14,T3,1,Total,9,,,,,1
D19116,C020,2025-02-15,T1,1,Total,7,,,,,1
D19117,C020,2025-02-15,T2,1,Total,8,,,,,1
D19118,C020,2025-02-15,T3,1,Total,9,,,,,1
D19119,C020,2025-02-16,T1,0,Indisponível,0,folga,planeada,2025-02-06 05:36,241.4,1
D19120,C020,2025-02-16,T2,1,Total,8,,,,,1
D19121,C020,2025-02-16,T3,1,Total,9,,,,,1
D19122,C020,2025-02-17,T1,0,Indisponível,0,formação,planeada,2025-02-06 15:00,256.0,1
D19123,C020,2025-02-17,T2,1,Total,8,,,,,1
D19124,C020,2025-02-17,T3,1,Total,9,,,,,1
D19125,C020,2025-02-18,T1,1,Total,7,,,,,1
D19126,C020,2025-02-18,T2,1,Total,8,,,,,1
D19127,C020,2025-02-18,T3,1,Total,9,,,,,1
D19128,C020,2025-02-19,T1,1,Total,7,,,,,1
D19129,C020,2025-02-19,T2,1,Total,8,,,,,1
D19130,C020,2025-02-19,T3,1,Total,9,,,,,1
D19131,C020,2025-02-20,T1,1,Total,7,,,,,1
D19132,C020,2025-02-20,T2,1,Total,8,,,,,1
D19133,C020,2025-02-20,T3,1,Total,9,,,,,1
D19134,C020,2025-02-21,T1,1,Total,7,,,,,1
D19135,C020,2025-02-21,T2,1,Total,8,,,,,1
D19136,C020,2025-02-21,T3,1,Total,9,,,,,1
D19137,C020,2025-02-22,T1,1,Total,7,,,,,1
D19138,C020,2025-02-22,T2,1,Total,8,,,,,1
D19139,C020,2025-02-22,T3,1,Total,9,,,,,1
D19140,C020,2025-02-23,T1,1,Total,7,,,,,1
D19141,C020,2025-02-23,T2,1,Parcial,4,consulta_medica,planeada,2025-02-16 14:36,167.4,1
D19142,C020,2025-02-23,T3,1,Total,9,,,,,1
D19143,C020,2025-02-24,T1,1,Total,7,,,,,1
D19144,C020,2025-02-24,T2,1,Total,8,,,,,1
D19145,C020,2025-02-24,T3,1,Total,9,,,,,1
D19146,C020,2025-02-25,T1,1,Total,7,,,,,1
D19147,C020,2025-02-25,T2,1,Total,8,,,,,1
D19148,C020,2025-02-25,T3,1,Total,9,,,,,1
D19149,C020,2025-02-26,T1,1,Total,7,,,,,1
D19150,C020,2025-02-26,T2,1,Total,8,,,,,1
D19151,C020,2025-02-26,T3,1,Total,9,,,,,1
D19152,C020,2025-02-27,T1,1,Parcial,4,formação,planeada,2025-02-13 23:48,319.2,1
D19153,C020,2025-02-27,T2,1,Total,8,,,,,1
D19154,C020,2025-02-27,T3,1,Total,9,,,,,1
D19155,C020,2025-02-28,T1,1,Total,7,,,,,1
D19156,C020,2025-02-28,T2,1,Total,8,,,,,1
D19157,C020,2025-02-28,T3,1,Total,9,,,,,1
D19158,C020,2025-03-01,T1,1,Total,7,,,,,1
D19159,C020,2025-03-01,T2,1,Total,8,,,,,1
D19160,C020,2025-03-01,T3,0,Indisponível,0,preferencia_pessoal,planeada,2025-02-08 18:48,507.2,1
D19161,C020,2025-03-02,T1,1,Total,7,,,,,1
D19162,C020,2025-03-02,T2,1,Total,8,,,,,1
D19163,C020,2025-03-02,T3,1,Total,9,,,,,1
D19164,C020,2025-03-03,T1,1,Total,7,,,,,1
D19165,C020,2025-03-03,T2,1,Total,8,,,,,1
D19166,C020,2025-03-03,T3,1,Total,9,,,,,1
D19167,C020,2025-03-04,T1,1,Total,7,,,,,1
D19168,C020,2025-03-04,T2,1,Total,8,,,,,1
D19169,C020,2025-03-04,T3,1,Total,9,,,,,1
D19170,C020,2025-03-05,T1,1,Parcial,4,preferencia_pessoal,planeada,2025-02-23 13:42,233.3,1
D19171,C020,2025-03-05,T2,1,Total,8,,,,,1
D19172,C020,2025-03-05,T3,1,Parcial,4,formação,planeada,2025-03-02 07:36,86.4,1
D19173,C020,2025-03-06,T1,1,Total,7,,,,,1
D19174,C020,2025-03-06,T2,1,Total,8,,,,,1
D19175,C020,2025-03-06,T3,1,Total,9,,,,,1
D19176,C020,2025-03-07,T1,1,Total,7,,,,,1
D19177,C020,2025-03-07,T2,1,Total,8,,,,,1
D19178,C020,2025-03-07,T3,1,Total,9,,,,,1
D19179,C020,2025-03-08,T1,0,Indisponível,0,formação,planeada,2025-02-10 20:48,610.2,1
D19180,C020,2025-03-08,T2,1,Total,8,,,,,1
D19181,C020,2025-03-08,T3,1,Total,9,,,,,1
D19182,C020,2025-03-09,T1,1,Total,7,,,,,1
D19183,C020,2025-03-09,T2,1,Total,8,,,,,1
D19184,C020,2025-03-09,T3,1,Parcial,4,preferencia_pessoal,planeada,2025-03-02 19:12,170.8,1
D19185,C020,2025-03-10,T1,1,Total,7,,,,,1
D19186,C020,2025-03-10,T2,1,Total,8,,,,,1
D19187,C020,2025-03-10,T3,1,Total,9,,,,,1
D19188,C020,2025-03-11,T1,1,Total,7,,,,,1
D19189,C020,2025-03-11,T2,1,Total,8,,,,,1
D19190,C020,2025-03-11,T3,1,Total,9,,,,,1
D19191,C020,2025-03-12,T1,1,Total,7,,,,,1
D19192,C020,2025-03-12,T2,1,Total,8,,,,,1
D19193,C020,2025-03-12,T3,1,Total,9,,,,,1
D19194,C020,2025-03-13,T1,0,Indisponível,0,preferencia_pessoal,planeada,2025-02-14 16:24,638.6,1
D19195,C020,2025-03-13,T2,0,Indisponível,0,folga,planeada,2025-03-04 03:06,226.9,1
D19196,C020,2025-03-13,T3,1,Total,9,,,,,1
D19197,C020,2025-03-14,T1,1,Total,7,,,,,1
D19198,C020,2025-03-14,T2,1,Parcial,4,consulta_medica,planeada,2025-03-02 05:48,296.2,1
D19199,C020,2025-03-14,T3,1,Total,9,,,,,1
D19200,C020,2025-03-15,T1,0,Indisponível,0,férias,planeada,2025-02-13 09:48,717.2,1
D19201,C020,2025-03-15,T2,1,Total,8,,,,,1
D19202,C020,2025-03-15,T3,1,Total,9,,,,,1
D19203,C020,2025-03-16,T1,0,Indisponível,0,consulta_medica,planeada,2025-03-15 17:00,14.0,1
D19204,C020,2025-03-16,T2,1,Total,8,,,,,1
D19205,C020,2025-03-16,T3,1,Total,9,,,,,1
D19206,C020,2025-03-17,T1,1,Total,7,,,,,1
D19207,C020,2025-03-17,T2,1,Total,8,,,,,1
D19208,C020,2025-03-17,T3,1,Total,9,,,,,1
D19209,C020,2025-03-18,T1,1,Total,7,,,,,1
D19210,C020,2025-03-18,T2,1,Total,8,,,,,1
D19211,C020,2025-03-18,T3,1,Total,9,,,,,1
D19212,C020,2025-03-19,T1,1,Total,7,,,,,1
D19213,C020,2025-03-19,T2,1,Total,8,,,,,1
D19214,C020,2025-03-19,T3,1,Total,9,,,,,1
D19215,C020,2025-03-20,T1,1,Total,7,,,,,1
D19216,C020,2025-03-20,T2,1,Total,8,,,,,1
D19217,C020,2025-03-20,T3,0,Indisponível,0,formação,planeada,2025-02-22 17:12,628.8,1
D19218,C020,2025-03-21,T1,1,Total,7,,,,,1
D19219,C020,2025-03-21,T2,1,Total,8,,,,,1
D19220,C020,2025-03-21,T3,1,Total,9,,,,,1
D19221,C020,2025-03-22,T1,1,Total,7,,,,,1
D19222,C020,2025-03-22,T2,1,Total,8,,,,,1
D19223,C020,2025-03-22,T3,1,Total,9,,,,,1
D19224,C020,2025-03-23,T1,1,Total,7,,,,,1
D19225,C020,2025-03-23,T2,1,Total,8,,,,,1
D19226,C020,2025-03-23,T3,1,Total,9,,,,,1
D19227,C020,2025-03-24,T1,1,Total,7,,,,,1
D19228,C020,2025-03-24,T2,1,Total,8,,,,,1
D19229,C020,2025-03-24,T3,1,Total,9,,,,,1
D19230,C020,2025-03-25,T1,1,Total,7,,,,,1
D19231,C020,2025-03-25,T2,1,Total,8,,,,,1
D19232,C020,2025-03-25,T3,1,Total,9,,,,,1
D19233,C020,2025-03-26,T1,1,Total,7,,,,,1
D19234,C020,2025-03-26,T2,1,Total,8,,,,,1
D19235,C020,2025-03-26,T3,1,Total,9,,,,,1
D19236,C020,2025-03-27,T1,1,Total,7,,,,,1
D19237,C020,2025-03-27,T2,0,Indisponível,0,baixa,inesperada,2025-03-27 05:06,8.9,1
D19238,C020,2025-03-27,T3,1,Parcial,4,formação,planeada,2025-03-20 19:18,170.7,1
D19239,C020,2025-03-28,T1,1,Total,7,,,,,1
D19240,C020,2025-03-28,T2,1,Total,8,,,,,1
D19241,C020,2025-03-28,T3,1,Total,9,,,,,1
D19242,C020,2025-03-29,T1,1,Total,7,,,,,1
D19243,C020,2025-03-29,T2,0,Indisponível,0,folga,planeada,2025-03-26 06:06,79.9,1
D19244,C020,2025-03-29,T3,1,Total,9,,,,,1
D19245,C020,2025-03-30,T1,1,Total,7,,,,,1
D19246,C020,2025-03-30,T2,0,Indisponível,0,formação,planeada,2025-03-06 07:18,582.7,1
D19247,C020,2025-03-30,T3,1,Total,9,,,,,1
D19248,C020,2025-03-31,T1,1,Total,7,,,,,1
D19249,C020,2025-03-31,T2,1,Total,8,,,,,1
D19250,C020,2025-03-31,T3,1,Total,9,,,,,1
D19251,C020,2025-04-01,T1,1,Total,7,,,,,1
D19252,C020,2025-04-01,T2,1,Parcial,4,formação,planeada,2025-03-22 12:30,241.5,1
D19253,C020,2025-04-01,T3,1,Total,9,,,,,1
D19254,C020,2025-04-02,T1,1,Total,7,,,,,1
D19255,C020,2025-04-02,T2,1,Total,8,,,,,1
D19256,C020,2025-04-02,T3,1,Total,9,,,,,1
D19257,C020,2025-04-03,T1,1,Total,7,,,,,1
D19258,C020,2025-04-03,T2,1,Total,8,,,,,1
D19259,C020,2025-04-03,T3,1,Total,9,,,,,1
D19260,C020,2025-04-04,T1,1,Total,7,,,,,1
D19261,C020,2025-04-04,T2,1,Total,8,,,,,1
D19262,C020,2025-04-04,T3,1,Total,9,,,,,1
D19263,C020,2025-04-05,T1,1,Total,7,,,,,1
D19264,C020,2025-04-05,T2,1,Total,8,,,,,1
D19265,C020,2025-04-05,T3,1,Total,9,,,,,1
D19266,C020,2025-04-06,T1,1,Total,7,,,,,1
D19267,C020,2025-04-06,T2,1,Parcial,4,formação,planeada,2025-03-30 09:00,173.0,1
D19268,C020,2025-04-06,T3,1,Total,9,,,,,1
D19269,C020,2025-04-07,T1,1,Total,7,,,,,1
D19270,C020,2025-04-07,T2,1,Total,8,,,,,1
D19271,C020,2025-04-07,T3,1,Total,9,,,,,1
D19272,C020,2025-04-08,T1,1,Total,7,,,,,1
D19273,C020,2025-04-08,T2,1,Total,8,,,,,1
D19274,C020,2025-04-08,T3,1,Parcial,4,formação,planeada,2025-03-28 22:30,263.5,1
D19275,C020,2025-04-09,T1,1,Total,7,,,,,1
D19276,C020,2025-04-09,T2,1,Total,8,,,,,1
D19277,C020,2025-04-09,T3,1,Total,9,,,,,1
D19278,C020,2025-04-10,T1,1,Total,7,,,,,1
D19279,C020,2025-04-10,T2,1,Total,8,,,,,1
D19280,C020,2025-04-10,T3,1,Total,9,,,,,1
D19281,C020,2025-04-11,T1,1,Total,7,,,,,1
D19282,C020,2025-04-11,T2,0,Indisponível,0,folga,planeada,2025-03-28 22:48,327.2,1
D19283,C020,2025-04-11,T3,1,Total,9,,,,,1
D19284,C020,2025-04-12,T1,0,Indisponível,0,folga,planeada,2025-04-04 06:42,192.3,1
D19285,C020,2025-04-12,T2,1,Total,8,,,,,1
D19286,C020,2025-04-12,T3,1,Total,9,,,,,1
D19287,C020,2025-04-13,T1,1,Total,7,,,,,1
D19288,C020,2025-04-13,T2,1,Total,8,,,,,1
D19289,C020,2025-04-13,T3,0,Indisponível,0,consulta_medica,planeada,2025-03-19 17:36,604.4,1
D19290,C020,2025-04-14,T1,1,Total,7,,,,,1
D19291,C020,2025-04-14,T2,1,Total,8,,,,,1
D19292,C020,2025-04-14,T3,1,Total,9,,,,,1
D19293,C020,2025-04-15,T1,1,Total,7,,,,,1
D19294,C020,2025-04-15,T2,1,Total,8,,,,,1
D19295,C020,2025-04-15,T3,1,Total,9,,,,,1
D19296,C020,2025-04-16,T1,1,Total,7,,,,,1
D19297,C020,2025-04-16,T2,1,Total,8,,,,,1
D19298,C020,2025-04-16,T3,1,Total,9,,,,,1
D19299,C020,2025-04-17,T1,1,Total,7,,,,,1
D19300,C020,2025-04-17,T2,1,Total,8,,,,,1
D19301,C020,2025-04-17,T3,1,Total,9,,,,,1
D19302,C020,2025-04-18,T1,1,Total,7,,,,,1
D19303,C020,2025-04-18,T2,1,Total,8,,,,,1
D19304,C020,2025-04-18,T3,1,Total,9,,,,,1
D19305,C020,2025-04-19,T1,1,Total,7,,,,,1
D19306,C020,2025-04-19,T2,1,Total,8,,,,,1
D19307,C020,2025-04-19,T3,1,Total,9,,,,,1
D19308,C020,2025-04-20,T1,1,Total,7,,,,,1
D19309,C020,2025-04-20,T2,1,Total,8,,,,,1
D19310,C020,2025-04-20,T3,1,Total,9,,,,,1
D19311,C020,2025-04-21,T1,1,Total,7,,,,,1
D19312,C020,2025-04-21,T2,1,Parcial,4,preferencia_pessoal,planeada,2025-04-10 11:36,266.4,1
D19313,C020,2025-04-21,T3,1,Total,9,,,,,1
D19314,C020,2025-04-22,T1,1,Total,7,,,,,1
D19315,C020,2025-04-22,T2,1,Total,8,,,,,1
D19316,C020,2025-04-22,T3,1,Total,9,,,,,1
D19317,C020,2025-04-23,T1,1,Total,7,,,,,1
D19318,C020,2025-04-23,T2,1,Total,8,,,,,1
D19319,C020,2025-04-23,T3,1,Total,9,,,,,1
D19320,C020,2025-04-24,T1,1,Total,7,,,,,1
D19321,C020,2025-04-24,T2,1,Total,8,,,,,1
D19322,C020,2025-04-24,T3,1,Total,9,,,,,1
D19323,C020,2025-04-25,T1,1,Parcial,4,preferencia_pessoal,planeada,2025-04-24 18:48,12.2,1
D19324,C020,2025-04-25,T2,1,Total,8,,,,,1
D19325,C020,2025-04-25,T3,1,Total,9,,,,,1
D19326,C020,2025-04-26,T1,1,Total,7,,,,,1
D19327,C020,2025-04-26,T2,1,Total,8,,,,,1
D19328,C020,2025-04-26,T3,1,Total,9,,,,,1
D19329,C020,2025-04-27,T1,0,Indisponível,0,consulta_medica,planeada,2025-04-07 08:12,478.8,1
D19330,C020,2025-04-27,T2,1,Total,8,,,,,1
D19331,C020,2025-04-27,T3,1,Total,9,,,,,1
D19332,C020,2025-04-28,T1,1,Total,7,,,,,1
D19333,C020,2025-04-28,T2,1,Total,8,,,,,1
D19334,C020,2025-04-28,T3,1,Total,9,,,,,1
D19335,C020,2025-04-29,T1,1,Total,7,,,,,1
D19336,C020,2025-04-29,T2,1,Total,8,,,,,1
D19337,C020,2025-04-29,T3,0,Indisponível,0,consulta_medica,inesperada,2025-04-29 16:36,5.4,1
D19338,C020,2025-04-30,T1,1,Parcial,4,formação,planeada,2025-04-29 16:42,14.3,1
D19339,C020,2025-04-30,T2,1,Total,8,,,,,1
D19340,C020,2025-04-30,T3,1,Total,9,,,,,1
D19341,C020,2025-05-01,T1,1,Total,7,,,,,1
D19342,C020,2025-05-01,T2,1,Total,8,,,,,1
D19343,C020,2025-05-01,T3,1,Total,9,,,,,1
D19344,C020,2025-05-02,T1,1,Total,7,,,,,1
D19345,C020,2025-05-02,T2,1,Total,8,,,,,1
D19346,C020,2025-05-02,T3,1,Total,9,,,,,1
D19347,C020,2025-05-03,T1,1,Total,7,,,,,1
D19348,C020,2025-05-03,T2,1,Total,8,,,,,1
D19349,C020,2025-05-03,T3,1,Parcial,4,formação,planeada,2025-04-24 20:48,217.2,1
D19350,C020,2025-05-04,T1,1,Total,7,,,,,1
D19351,C020,2025-05-04,T2,1,Total,8,,,,,1
D19352,C020,2025-05-04,T3,1,Total,9,,,,,1
D19353,C020,2025-05-05,T1,1,Total,7,,,,,1
D19354,C020,2025-05-05,T2,1,Total,8,,,,,1
D19355,C020,2025-05-05,T3,1,Total,9,,,,,1
D19356,C020,2025-05-06,T1,1,Total,7,,,,,1
D19357,C020,2025-05-06,T2,1,Total,8,,,,,1
D19358,C020,2025-05-06,T3,1,Total,9,,,,,1
D19359,C020,2025-05-07,T1,1,Total,7,,,,,1
D19360,C020,2025-05-07,T2,1,Total,8,,,,,1
D19361,C020,2025-05-07,T3,1,Total,9,,,,,1
D19362,C020,2025-05-08,T1,1,Total,7,,,,,1
D19363,C020,2025-05-08,T2,1,Total,8,,,,,1
D19364,C020,2025-05-08,T3,1,Total,9,,,,,1
D19365,C020,2025-05-09,T1,1,Total,7,,,,,1
D19366,C020,2025-05-09,T2,1,Total,8,,,,,1
D19367,C020,2025-05-09,T3,1,Total,9,,,,,1
D19368,C020,2025-05-10,T1,1,Total,7,,,,,1
D19369,C020,2025-05-10,T2,1,Total,8,,,,,1
D19370,C020,2025-05-10,T3,1,Total,9,,,,,1
D19371,C020,2025-05-11,T1,1,Total,7,,,,,1
D19372,C020,2025-05-11,T2,1,Total,8,,,,,1
D19373,C020,2025-05-11,T3,1,Total,9,,,,,1
D19374,C020,2025-05-12,T1,1,Parcial,4,formação,planeada,2025-05-03 02:00,221.0,1
D19375,C020,2025-05-12,T2,1,Total,8,,,,,1
D19376,C020,2025-05-12,T3,1,Total,9,,,,,1
D19377,C020,2025-05-13,T1,1,Total,7,,,,,1
D19378,C020,2025-05-13,T2,1,Total,8,,,,,1
D19379,C020,2025-05-13,T3,1,Total,9,,,,,1
D19380,C020,2025-05-14,T1,1,Total,7,,,,,1
D19381,C020,2025-05-14,T2,1,Total,8,,,,,1
D19382,C020,2025-05-14,T3,1,Total,9,,,,,1
D19383,C020,2025-05-15,T1,1,Total,7,,,,,1
D19384,C020,2025-05-15,T2,1,Total,8,,,,,1
D19385,C020,2025-05-15,T3,1,Total,9,,,,,1
D19386,C020,2025-05-16,T1,1,Total,7,,,,,1
D19387,C020,2025-05-16,T2,1,Total,8,,,,,1
D19388,C020,2025-05-16,T3,1,Total,9,,,,,1
D19389,C020,2025-05-17,T1,1,Parcial,4,preferencia_pessoal,planeada,2025-05-10 16:36,158.4,1
D19390,C020,2025-05-17,T2,1,Total,8,,,,,1
D19391,C020,2025-05-17,T3,1,Total,9,,,,,1
D19392,C020,2025-05-18,T1,1,Total,7,,,,,1
D19393,C020,2025-05-18,T2,1,Total,8,,,,,1
D19394,C020,2025-05-18,T3,1,Total,9,,,,,1
D19395,C020,2025-05-19,T1,1,Total,7,,,,,1
D19396,C020,2025-05-19,T2,1,Total,8,,,,,1
D19397,C020,2025-05-19,T3,1,Total,9,,,,,1
D19398,C020,2025-05-20,T1,1,Total,7,,,,,1
D19399,C020,2025-05-20,T2,1,Total,8,,,,,1
D19400,C020,2025-05-20,T3,1,Total,9,,,,,1
D19401,C020,2025-05-21,T1,1,Total,7,,,,,1
D19402,C020,2025-05-21,T2,0,Indisponível,0,restrição_noite,planeada,2025-05-13 10:30,195.5,1
D19403,C020,2025-05-21,T3,1,Total,9,,,,,1
D19404,C020,2025-05-22,T1,1,Total,7,,,,,1
D19405,C020,2025-05-22,T2,1,Total,8,,,,,1
D19406,C020,2025-05-22,T3,1,Total,9,,,,,1
D19407,C020,2025-05-23,T1,1,Total,7,,,,,1
D19408,C020,2025-05-23,T2,1,Total,8,,,,,1
D19409,C020,2025-05-23,T3,1,Total,9,,,,,1
D19410,C020,2025-05-24,T1,1,Total,7,,,,,1
D19411,C020,2025-05-24,T2,1,Total,8,,,,,1
D19412,C020,2025-05-24,T3,1,Total,9,,,,,1
D19413,C020,2025-05-25,T1,1,Total,7,,,,,1
D19414,C020,2025-05-25,T2,1,Total,8,,,,,1
D19415,C020,2025-05-25,T3,1,Total,9,,,,,1
D19416,C020,2025-05-26,T1,1,Total,7,,,,,1
D19417,C020,2025-05-26,T2,1,Total,8,,,,,1
D19418,C020,2025-05-26,T3,1,Total,9,,,,,1
D19419,C020,2025-05-27,T1,1,Total,7,,,,,1
D19420,C020,2025-05-27,T2,1,Total,8,,,,,1
D19421,C020,2025-05-27,T3,1,Total,9,,,,,1
D19422,C020,2025-05-28,T1,1,Total,7,,,,,1
D19423,C020,2025-05-28,T2,1,Total,8,,,,,1
D19424,C020,2025-05-28,T3,1,Total,9,,,,,1
D19425,C020,2025-05-29,T1,1,Total,7,,,,,1
D19426,C020,2025-05-29,T2,1,Total,8,,,,,1
D19427,C020,2025-05-29,T3,1,Total,9,,,,,1
D19428,C020,2025-05-30,T1,1,Total,7,,,,,1
D19429,C020,2025-05-30,T2,1,Total,8,,,,,1
D19430,C020,2025-05-30,T3,0,Indisponível,0,restrição_noite,planeada,2025-05-09 23:06,502.9,1
D19431,C020,2025-05-31,T1,1,Parcial,4,consulta_medica,planeada,2025-05-21 23:42,223.3,1
D19432,C020,2025-05-31,T2,1,Total,8,,,,,1
D19433,C020,2025-05-31,T3,1,Total,9,,,,,1
D19434,C020,2025-06-01,T1,1,Total,7,,,,,1
D19435,C020,2025-06-01,T2,1,Total,8,,,,,1
D19436,C020,2025-06-01,T3,1,Total,9,,,,,1
D19437,C020,2025-06-02,T1,1,Total,7,,,,,1
D19438,C020,2025-06-02,T2,1,Total,8,,,,,1
D19439,C020,2025-06-02,T3,1,Total,9,,,,,1
D19440,C020,2025-06-03,T1,0,Indisponível,0,formação,planeada,2025-05-19 06:42,360.3,1
D19441,C020,2025-06-03,T2,1,Total,8,,,,,1
D19442,C020,2025-06-03,T3,1,Total,9,,,,,1
D19443,C020,2025-06-04,T1,1,Total,7,,,,,1
D19444,C020,2025-06-04,T2,1,Total,8,,,,,1
D19445,C020,2025-06-04,T3,1,Total,9,,,,,1
D19446,C020,2025-06-05,T1,1,Total,7,,,,,1
D19447,C020,2025-06-05,T2,1,Total,8,,,,,1
D19448,C020,2025-06-05,T3,1,Total,9,,,,,1
D19449,C020,2025-06-06,T1,1,Total,7,,,,,1
D19450,C020,2025-06-06,T2,1,Total,8,,,,,1
D19451,C020,2025-06-06,T3,1,Total,9,,,,,1
D19452,C020,2025-06-07,T1,1,Parcial,4,consulta_medica,planeada,2025-05-28 14:00,233.0,1
D19453,C020,2025-06-07,T2,1,Total,8,,,,,1
D19454,C020,2025-06-07,T3,1,Total,9,,,,,1
D19455,C020,2025-06-08,T1,1,Total,7,,,,,1
D19456,C020,2025-06-08,T2,1,Total,8,,,,,1
D19457,C020,2025-06-08,T3,1,Total,9,,,,,1
D19458,C020,2025-06-09,T1,1,Total,7,,,,,1
D19459,C020,2025-06-09,T2,1,Total,8,,,,,1
D19460,C020,2025-06-09,T3,1,Total,9,,,,,1
D19461,C020,2025-06-10,T1,1,Total,7,,,,,1
D19462,C020,2025-06-10,T2,1,Total,8,,,,,1
D19463,C020,2025-06-10,T3,1,Total,9,,,,,1
D19464,C020,2025-06-11,T1,1,Total,7,,,,,1
D19465,C020,2025-06-11,T2,1,Parcial,4,preferencia_pessoal,planeada,2025-06-08 23:30,62.5,1
D19466,C020,2025-06-11,T3,1,Total,9,,,,,1
D19467,C020,2025-06-12,T1,1,Total,7,,,,,1
D19468,C020,2025-06-12,T2,1,Total,8,,,,,1
D19469,C020,2025-06-12,T3,1,Total,9,,,,,1
D19470,C020,2025-06-13,T1,1,Total,7,,,,,1
D19471,C020,2025-06-13,T2,1,Parcial,4,formação,planeada,2025-06-02 09:18,268.7,1
D19472,C020,2025-06-13,T3,1,Total,9,,,,,1
D19473,C020,2025-06-14,T1,1,Total,7,,,,,1
D19474,C020,2025-06-14,T2,1,Total,8,,,,,1
D19475,C020,2025-06-14,T3,1,Total,9,,,,,1
D19476,C020,2025-06-15,T1,1,Total,7,,,,,1
D19477,C020,2025-06-15,T2,1,Total,8,,,,,1
D19478,C020,2025-06-15,T3,1,Total,9,,,,,1
D19479,C020,2025-06-16,T1,1,Total,7,,,,,1
D19480,C020,2025-06-16,T2,1,Total,8,,,,,1
D19481,C020,2025-06-16,T3,0,Indisponível,0,folga,planeada,2025-06-09 00:00,190.0,1
D19482,C020,2025-06-17,T1,1,Total,7,,,,,1
D19483,C020,2025-06-17,T2,1,Total,8,,,,,1
D19484,C020,2025-06-17,T3,1,Total,9,,,,,1
D19485,C020,2025-06-18,T1,1,Total,7,,,,,1
D19486,C020,2025-06-18,T2,1,Total,8,,,,,1
D19487,C020,2025-06-18,T3,1,Total,9,,,,,1
D19488,C020,2025-06-19,T1,1,Total,7,,,,,1
D19489,C020,2025-06-19,T2,1,Total,8,,,,,1
D19490,C020,2025-06-19,T3,1,Total,9,,,,,1
D19491,C020,2025-06-20,T1,1,Parcial,4,preferencia_pessoal,planeada,2025-06-07 06:36,312.4,1
D19492,C020,2025-06-20,T2,1,Parcial,4,preferencia_pessoal,planeada,2025-06-13 15:18,166.7,1
D19493,C020,2025-06-20,T3,1,Total,9,,,,,1
D19494,C020,2025-06-21,T1,0,Indisponível,0,férias,planeada,2025-06-19 22:00,33.0,1
D19495,C020,2025-06-21,T2,1,Total,8,,,,,1
D19496,C020,2025-06-21,T3,1,Parcial,4,consulta_medica,planeada,2025-06-19 03:18,66.7,1
D19497,C020,2025-06-22,T1,1,Total,7,,,,,1
D19498,C020,2025-06-22,T2,1,Total,8,,,,,1
D19499,C020,2025-06-22,T3,1,Total,9,,,,,1
D19500,C020,2025-06-23,T1,1,Total,7,,,,,1
D19501,C020,2025-06-23,T2,0,Indisponível,0,férias,planeada,2025-06-14 17:24,212.6,1
D19502,C020,2025-06-23,T3,1,Total,9,,,,,1
D19503,C020,2025-06-24,T1,1,Total,7,,,,,1
D19504,C020,2025-06-24,T2,1,Total,8,,,,,1
D19505,C020,2025-06-24,T3,1,Total,9,,,,,1
D19506,C020,2025-06-25,T1,1,Total,7,,,,,1
D19507,C020,2025-06-25,T2,1,Total,8,,,,,1
D19508,C020,2025-06-25,T3,1,Total,9,,,,,1
D19509,C020,2025-06-26,T1,1,Total,7,,,,,1
D19510,C020,2025-06-26,T2,1,Parcial,4,formação,planeada,2025-06-23 05:12,80.8,1
D19511,C020,2025-06-26,T3,1,Total,9,,,,,1
D19512,C020,2025-06-27,T1,1,Total,7,,,,,1
D19513,C020,2025-06-27,T2,1,Total,8,,,,,1
D19514,C020,2025-06-27,T3,1,Total,9,,,,,1
D19515,C020,2025-06-28,T1,1,Total,7,,,,,1
D19516,C020,2025-06-28,T2,1,Total,8,,,,,1
D19517,C020,2025-06-28,T3,1,Total,9,,,,,1
D19518,C020,2025-06-29,T1,1,Total,7,,,,,1
D19519,C020,2025-06-29,T2,1,Total,8,,,,,1
D19520,C020,2025-06-29,T3,1,Total,9,,,,,1
D19521,C020,2025-06-30,T1,1,Total,7,,,,,1
D19522,C020,2025-06-30,T2,1,Total,8,,,,,1
D19523,C020,2025-06-30,T3,1,Total,9,,,,,1
D19524,C020,2025-07-01,T1,1,Total,7,,,,,1
D19525,C020,2025-07-01,T2,1,Total,8,,,,,1
D19526,C020,2025-07-01,T3,0,Indisponível,0,baixa,planeada,2025-06-07 02:00,596.0,1
D19527,C020,2025-07-02,T1,1,Total,7,,,,,1
D19528,C020,2025-07-02,T2,1,Total,8,,,,,1
D19529,C020,2025-07-02,T3,1,Total,9,,,,,1
D19530,C020,2025-07-03,T1,1,Total,7,,,,,1
D19531,C020,2025-07-03,T2,1,Total,8,,,,,1
D19532,C020,2025-07-03,T3,1,Total,9,,,,,1
D19533,C020,2025-07-04,T1,1,Total,7,,,,,1
D19534,C020,2025-07-04,T2,1,Total,8,,,,,1
D19535,C020,2025-07-04,T3,1,Total,9,,,,,1
D19536,C020,2025-07-05,T1,1,Total,7,,,,,1
D19537,C020,2025-07-05,T2,1,Total,8,,,,,1
D19538,C020,2025-07-05,T3,1,Total,9,,,,,1
D19539,C020,2025-07-06,T1,1,Total,7,,,,,1
D19540,C020,2025-07-06,T2,1,Total,8,,,,,1
D19541,C020,2025-07-06,T3,0,Indisponível,0,folga,planeada,2025-06-13 14:30,559.5,1
D19542,C020,2025-07-07,T1,0,Indisponível,0,formação,planeada,2025-06-09 18:30,660.5,1
D19543,C020,2025-07-07,T2,0,Indisponível,0,consulta_medica,planeada,2025-06-17 01:48,492.2,1
D19544,C020,2025-07-07,T3,1,Total,9,,,,,1
D19545,C020,2025-07-08,T1,1,Parcial,4,preferencia_pessoal,planeada,2025-07-04 09:06,93.9,1
D19546,C020,2025-07-08,T2,0,Indisponível,0,férias,planeada,2025-06-24 01:18,348.7,1
D19547,C020,2025-07-08,T3,1,Total,9,,,,,1
D19548,C020,2025-07-09,T1,1,Parcial,4,preferencia_pessoal,planeada,2025-06-28 23:06,247.9,1
D19549,C020,2025-07-09,T2,1,Total,8,,,,,1
D19550,C020,2025-07-09,T3,1,Total,9,,,,,1
D19551,C020,2025-07-10,T1,1,Total,7,,,,,1
D19552,C020,2025-07-10,T2,1,Total,8,,,,,1
D19553,C020,2025-07-10,T3,1,Total,9,,,,,1
D19554,C020,2025-07-11,T1,1,Total,7,,,,,1
D19555,C020,2025-07-11,T2,1,Total,8,,,,,1
D19556,C020,2025-07-11,T3,1,Total,9,,,,,1
D19557,C020,2025-07-12,T1,1,Total,7,,,,,1
D19558,C020,2025-07-12,T2,1,Total,8,,,,,1
D19559,C020,2025-07-12,T3,1,Total,9,,,,,1
D19560,C020,2025-07-13,T1,1,Total,7,,,,,1
D19561,C020,2025-07-13,T2,1,Parcial,4,formação,planeada,2025-07-10 01:18,84.7,1
D19562,C020,2025-07-13,T3,1,Parcial,4,consulta_medica,planeada,2025-07-01 00:00,310.0,1
D19563,C020,2025-07-14,T1,1,Total,7,,,,,1
D19564,C020,2025-07-14,T2,1,Total,8,,,,,1
D19565,C020,2025-07-14,T3,1,Parcial,4,preferencia_pessoal,planeada,2025-07-07 12:30,177.5,1
D19566,C020,2025-07-15,T1,1,Total,7,,,,,1
D19567,C020,2025-07-15,T2,1,Total,8,,,,,1
D19568,C020,2025-07-15,T3,1,Total,9,,,,,1
D19569,C020,2025-07-16,T1,1,Total,7,,,,,1
D19570,C020,2025-07-16,T2,1,Total,8,,,,,1
D19571,C020,2025-07-16,T3,1,Total,9,,,,,1
D19572,C020,2025-07-17,T1,1,Total,7,,,,,1
D19573,C020,2025-07-17,T2,1,Total,8,,,,,1
D19574,C020,2025-07-17,T3,1,Total,9,,,,,1
D19575,C020,2025-07-18,T1,1,Total,7,,,,,1
D19576,C020,2025-07-18,T2,1,Total,8,,,,,1
D19577,C020,2025-07-18,T3,1,Total,9,,,,,1
D19578,C020,2025-07-19,T1,1,Total,7,,,,,1
D19579,C020,2025-07-19,T2,1,Total,8,,,,,1
D19580,C020,2025-07-19,T3,1,Total,9,,,,,1
D19581,C020,2025-07-20,T1,1,Total,7,,,,,1
D19582,C020,2025-07-20,T2,1,Total,8,,,,,1
D19583,C020,2025-07-20,T3,1,Total,9,,,,,1
D19584,C020,2025-07-21,T1,1,Total,7,,,,,1
D19585,C020,2025-07-21,T2,1,Total,8,,,,,1
D19586,C020,2025-07-21,T3,1,Total,9,,,,,1
D19587,C020,2025-07-22,T1,1,Total,7,,,,,1
D19588,C020,2025-07-22,T2,1,Total,8,,,,,1
D19589,C020,2025-07-22,T3,1,Total,9,,,,,1
D19590,C020,2025-07-23,T1,1,Total,7,,,,,1
D19591,C020,2025-07-23,T2,1,Total,8,,,,,1
D19592,C020,2025-07-23,T3,1,Total,9,,,,,1
D19593,C020,2025-07-24,T1,1,Total,7,,,,,1
D19594,C020,2025-07-24,T2,1,Total,8,,,,,1
D19595,C020,2025-07-24,T3,1,Total,9,,,,,1
D19596,C020,2025-07-25,T1,1,Total,7,,,,,1
D19597,C020,2025-07-25,T2,1,Total,8,,,,,1
D19598,C020,2025-07-25,T3,0,Indisponível,0,baixa,planeada,2025-07-01 04:06,593.9,1
D19599,C020,2025-07-26,T1,1,Total,7,,,,,1
D19600,C020,2025-07-26,T2,1,Total,8,,,,,1
D19601,C020,2025-07-26,T3,1,Total,9,,,,,1
D19602,C020,2025-07-27,T1,1,Total,7,,,,,1
D19603,C020,2025-07-27,T2,1,Total,8,,,,,1
D19604,C020,2025-07-27,T3,1,Total,9,,,,,1
D19605,C020,2025-07-28,T1,1,Total,7,,,,,1
D19606,C020,2025-07-28,T2,1,Total,8,,,,,1
D19607,C020,2025-07-28,T3,1,Total,9,,,,,1
D19608,C020,2025-07-29,T1,1,Total,7,,,,,1
D19609,C020,2025-07-29,T2,1,Total,8,,,,,1
D19610,C020,2025-07-29,T3,1,Total,9,,,,,1
D19611,C020,2025-07-30,T1,1,Total,7,,,,,1
D19612,C020,2025-07-30,T2,1,Total,8,,,,,1
D19613,C020,2025-07-30,T3,1,Total,9,,,,,1
D19614,C020,2025-07-31,T1,0,Indisponível,0,folga,planeada,2025-07-10 05:36,505.4,1
D19615,C020,2025-07-31,T2,1,Total,8,,,,,1
D19616,C020,2025-07-31,T3,1,Total,9,,,,,1
D19617,C020,2025-08-01,T1,1,Total,7,,,,,1
D19618,C020,2025-08-01,T2,1,Total,8,,,,,1
D19619,C020,2025-08-01,T3,1,Total,9,,,,,1
D19620,C020,2025-08-02,T1,1,Total,7,,,,,1
D19621,C020,2025-08-02,T2,1,Parcial,4,consulta_medica,planeada,2025-07-20 05:06,320.9,1
D19622,C020,2025-08-02,T3,1,Total,9,,,,,1
D19623,C020,2025-08-03,T1,1,Total,7,,,,,1
D19624,C020,2025-08-03,T2,1,Total,8,,,,,1
D19625,C020,2025-08-03,T3,1,Total,9,,,,,1
D19626,C020,2025-08-04,T1,1,Total,7,,,,,1
D19627,C020,2025-08-04,T2,1,Total,8,,,,,1
D19628,C020,2025-08-04,T3,1,Total,9,,,,,1
D19629,C020,2025-08-05,T1,1,Total,7,,,,,1
D19630,C020,2025-08-05,T2,1,Total,8,,,,,1
D19631,C020,2025-08-05,T3,1,Total,9,,,,,1
D19632,C020,2025-08-06,T1,1,Total,7,,,,,1
D19633,C020,2025-08-06,T2,1,Total,8,,,,,1
D19634,C020,2025-08-06,T3,1,Total,9,,,,,1
D19635,C020,2025-08-07,T1,0,Indisponível,0,folga,planeada,2025-07-23 06:12,360.8,1
D19636,C020,2025-08-07,T2,1,Total,8,,,,,1
D19637,C020,2025-08-07,T3,1,Total,9,,,,,1
D19638,C020,2025-08-08,T1,0,Indisponível,0,férias,planeada,2025-07-17 15:12,519.8,1
D19639,C020,2025-08-08,T2,1,Total,8,,,,,1
D19640,C020,2025-08-08,T3,0,Indisponível,0,folga,planeada,2025-07-19 01:30,500.5,1
D19641,C020,2025-08-09,T1,1,Total,7,,,,,1
D19642,C020,2025-08-09,T2,1,Total,8,,,,,1
D19643,C020,2025-08-09,T3,1,Total,9,,,,,1
D19644,C020,2025-08-10,T1,1,Total,7,,,,,1
D19645,C020,2025-08-10,T2,1,Total,8,,,,,1
D19646,C020,2025-08-10,T3,1,Total,9,,,,,1
D19647,C020,2025-08-11,T1,1,Total,7,,,,,1
D19648,C020,2025-08-11,T2,1,Total,8,,,,,1
D19649,C020,2025-08-11,T3,1,Total,9,,,,,1
D19650,C020,2025-08-12,T1,1,Total,7,,,,,1
D19651,C020,2025-08-12,T2,1,Parcial,4,formação,planeada,2025-08-01 19:24,258.6,1
D19652,C020,2025-08-12,T3,1,Total,9,,,,,1
D19653,C020,2025-08-13,T1,1,Total,7,,,,,1
D19654,C020,2025-08-13,T2,1,Total,8,,,,,1
D19655,C020,2025-08-13,T3,1,Total,9,,,,,1
D19656,C020,2025-08-14,T1,1,Total,7,,,,,1
D19657,C020,2025-08-14,T2,1,Parcial,4,consulta_medica,planeada,2025-08-03 09:30,268.5,1
D19658,C020,2025-08-14,T3,1,Total,9,,,,,1
D19659,C020,2025-08-15,T1,1,Parcial,4,preferencia_pessoal,planeada,2025-08-07 06:48,192.2,1
D19660,C020,2025-08-15,T2,1,Total,8,,,,,1
D19661,C020,2025-08-15,T3,1,Total,9,,,,,1
D19662,C020,2025-08-16,T1,1,Parcial,4,preferencia_pessoal,planeada,2025-08-06 10:42,236.3,1
D19663,C020,2025-08-16,T2,1,Total,8,,,,,1
D19664,C020,2025-08-16,T3,1,Total,9,,,,,1
D19665,C020,2025-08-17,T1,1,Total,7,,,,,1
D19666,C020,2025-08-17,T2,1,Total,8,,,,,1
D19667,C020,2025-08-17,T3,0,Indisponível,0,baixa,inesperada,2025-08-17 10:42,11.3,1
D19668,C020,2025-08-18,T1,1,Total,7,,,,,1
D19669,C020,2025-08-18,T2,1,Total,8,,,,,1
D19670,C020,2025-08-18,T3,1,Total,9,,,,,1
D19671,C020,2025-08-19,T1,1,Total,7,,,,,1
D19672,C020,2025-08-19,T2,1,Total,8,,,,,1
D19673,C020,2025-08-19,T3,1,Total,9,,,,,1
D19674,C020,2025-08-20,T1,1,Total,7,,,,,1
D19675,C020,2025-08-20,T2,1,Total,8,,,,,1
D19676,C020,2025-08-20,T3,1,Total,9,,,,,1
D19677,C020,2025-08-21,T1,1,Total,7,,,,,1
D19678,C020,2025-08-21,T2,1,Total,8,,,,,1
D19679,C020,2025-08-21,T3,1,Total,9,,,,,1
D19680,C020,2025-08-22,T1,1,Total,7,,,,,1
D19681,C020,2025-08-22,T2,1,Parcial,4,preferencia_pessoal,planeada,2025-08-09 13:54,312.1,1
D19682,C020,2025-08-22,T3,1,Total,9,,,,,1
D19683,C020,2025-08-23,T1,1,Parcial,4,consulta_medica,planeada,2025-08-22 02:30,28.5,1
D19684,C020,2025-08-23,T2,1,Total,8,,,,,1
D19685,C020,2025-08-23,T3,1,Total,9,,,,,1
D19686,C020,2025-08-24,T1,0,Indisponível,0,folga,planeada,2025-08-12 19:30,275.5,1
D19687,C020,2025-08-24,T2,1,Total,8,,,,,1
D19688,C020,2025-08-24,T3,1,Total,9,,,,,1
D19689,C020,2025-08-25,T1,1,Total,7,,,,,1
D19690,C020,2025-08-25,T2,1,Total,8,,,,,1
D19691,C020,2025-08-25,T3,1,Total,9,,,,,1
D19692,C020,2025-08-26,T1,1,Total,7,,,,,1
D19693,C020,2025-08-26,T2,1,Total,8,,,,,1
D19694,C020,2025-08-26,T3,1,Total,9,,,,,1
D19695,C020,2025-08-27,T1,0,Indisponível,0,folga,planeada,2025-08-06 21:24,489.6,1
D19696,C020,2025-08-27,T2,1,Total,8,,,,,1
D19697,C020,2025-08-27,T3,1,Total,9,,,,,1
D19698,C020,2025-08-28,T1,1,Total,7,,,,,1
D19699,C020,2025-08-28,T2,1,Total,8,,,,,1
D19700,C020,2025-08-28,T3,1,Total,9,,,,,1
D19701,C020,2025-08-29,T1,1,Total,7,,,,,1
D19702,C020,2025-08-29,T2,1,Total,8,,,,,1
D19703,C020,2025-08-29,T3,1,Total,9,,,,,1
D19704,C020,2025-08-30,T1,1,Total,7,,,,,1
D19705,C020,2025-08-30,T2,1,Total,8,,,,,1
D19706,C020,2025-08-30,T3,1,Total,9,,,,,1
D19707,C020,2025-08-31,T1,1,Total,7,,,,,1
D19708,C020,2025-08-31,T2,1,Total,8,,,,,1
D19709,C020,2025-08-31,T3,1,Total,9,,,,,1
D19710,C020,2025-09-01,T1,1,Total,7,,,,,1
D19711,C020,2025-09-01,T2,1,Total,8,,,,,1
D19712,C020,2025-09-01,T3,1,Total,9,,,,,1
D19713,C020,2025-09-02,T1,1,Total,7,,,,,1
D19714,C020,2025-09-02,T2,1,Total,8,,,,,1
D19715,C020,2025-09-02,T3,1,Total,9,,,,,1
D19716,C020,2025-09-03,T1,1,Total,7,,,,,1
D19717,C020,2025-09-03,T2,1,Total,8,,,,,1
D19718,C020,2025-09-03,T3,1,Total,9,,,,,1
D19719,C020,2025-09-04,T1,1,Total,7,,,,,1
D19720,C020,2025-09-04,T2,1,Total,8,,,,,1
D19721,C020,2025-09-04,T3,1,Parcial,4,consulta_medica,planeada,2025-08-29 23:00,143.0,1
D19722,C020,2025-09-05,T1,1,Total,7,,,,,1
D19723,C020,2025-09-05,T2,1,Total,8,,,,,1
D19724,C020,2025-09-05,T3,1,Total,9,,,,,1
D19725,C020,2025-09-06,T1,0,Indisponível,0,consulta_medica,planeada,2025-08-25 23:36,271.4,1
D19726,C020,2025-09-06,T2,1,Total,8,,,,,1
D19727,C020,2025-09-06,T3,1,Total,9,,,,,1
D19728,C020,2025-09-07,T1,1,Total,7,,,,,1
D19729,C020,2025-09-07,T2,1,Total,8,,,,,1
D19730,C020,2025-09-07,T3,1,Total,9,,,,,1
D19731,C020,2025-09-08,T1,1,Total,7,,,,,1
D19732,C020,2025-09-08,T2,1,Total,8,,,,,1
D19733,C020,2025-09-08,T3,1,Total,9,,,,,1
D19734,C020,2025-09-09,T1,1,Total,7,,,,,1
D19735,C020,2025-09-09,T2,1,Total,8,,,,,1
D19736,C020,2025-09-09,T3,1,Total,9,,,,,1
D19737,C020,2025-09-10,T1,1,Total,7,,,,,1
D19738,C020,2025-09-10,T2,1,Total,8,,,,,1
D19739,C020,2025-09-10,T3,1,Total,9,,,,,1
D19740,C020,2025-09-11,T1,1,Parcial,4,consulta_medica,planeada,2025-08-31 10:30,260.5,1
D19741,C020,2025-09-11,T2,1,Total,8,,,,,1
D19742,C020,2025-09-11,T3,1,Total,9,,,,,1
D19743,C020,2025-09-12,T1,1,Total,7,,,,,1
D19744,C020,2025-09-12,T2,1,Parcial,4,preferencia_pessoal,planeada,2025-09-08 00:24,109.6,1
D19745,C020,2025-09-12,T3,0,Indisponível,0,férias,planeada,2025-09-03 14:48,223.2,1
D19746,C020,2025-09-13,T1,1,Total,7,,,,,1
D19747,C020,2025-09-13,T2,1,Total,8,,,,,1
D19748,C020,2025-09-13,T3,1,Parcial,4,consulta_medica,planeada,2025-09-05 11:24,202.6,1
D19749,C020,2025-09-14,T1,1,Total,7,,,,,1
D19750,C020,2025-09-14,T2,1,Total,8,,,,,1
D19751,C020,2025-09-14,T3,1,Total,9,,,,,1
D19752,C020,2025-09-15,T1,1,Total,7,,,,,1
D19753,C020,2025-09-15,T2,1,Total,8,,,,,1
D19754,C020,2025-09-15,T3,1,Total,9,,,,,1
D19755,C020,2025-09-16,T1,0,Indisponível,0,férias,planeada,2025-09-08 06:06,192.9,1
D19756,C020,2025-09-16,T2,1,Total,8,,,,,1
D19757,C020,2025-09-16,T3,1,Total,9,,,,,1
D19758,C020,2025-09-17,T1,1,Total,7,,,,,1
D19759,C020,2025-09-17,T2,1,Total,8,,,,,1
D19760,C020,2025-09-17,T3,1,Total,9,,,,,1
D19761,C020,2025-09-18,T1,1,Total,7,,,,,1
D19762,C020,2025-09-18,T2,1,Total,8,,,,,1
D19763,C020,2025-09-18,T3,1,Total,9,,,,,1
D19764,C020,2025-09-19,T1,1,Total,7,,,,,1
D19765,C020,2025-09-19,T2,1,Total,8,,,,,1
D19766,C020,2025-09-19,T3,1,Parcial,4,consulta_medica,planeada,2025-09-18 04:42,41.3,1
D19767,C020,2025-09-20,T1,1,Total,7,,,,,1
D19768,C020,2025-09-20,T2,1,Total,8,,,,,1
D19769,C020,2025-09-20,T3,1,Total,9,,,,,1
D19770,C020,2025-09-21,T1,1,Total,7,,,,,1
D19771,C020,2025-09-21,T2,1,Total,8,,,,,1
D19772,C020,2025-09-21,T3,1,Total,9,,,,,1
D19773,C020,2025-09-22,T1,1,Total,7,,,,,1
D19774,C020,2025-09-22,T2,1,Total,8,,,,,1
D19775,C020,2025-09-22,T3,1,Total,9,,,,,1
D19776,C020,2025-09-23,T1,1,Total,7,,,,,1
D19777,C020,2025-09-23,T2,1,Total,8,,,,,1
D19778,C020,2025-09-23,T3,1,Total,9,,,,,1
D19779,C020,2025-09-24,T1,1,Total,7,,,,,1
D19780,C020,2025-09-24,T2,1,Parcial,4,formação,planeada,2025-09-12 22:06,279.9,1
D19781,C020,2025-09-24,T3,1,Parcial,4,preferencia_pessoal,planeada,2025-09-23 17:00,29.0,1
D19782,C020,2025-09-25,T1,1,Total,7,,,,,1
D19783,C020,2025-09-25,T2,1,Total,8,,,,,1
D19784,C020,2025-09-25,T3,1,Total,9,,,,,1
D19785,C020,2025-09-26,T1,1,Total,7,,,,,1
D19786,C020,2025-09-26,T2,1,Total,8,,,,,1
D19787,C020,2025-09-26,T3,0,Indisponível,0,consulta_medica,planeada,2025-09-22 01:24,116.6,1
D19788,C020,2025-09-27,T1,1,Total,7,,,,,1
D19789,C020,2025-09-27,T2,1,Total,8,,,,,1
D19790,C020,2025-09-27,T3,1,Total,9,,,,,1
D19791,C020,2025-09-28,T1,1,Total,7,,,,,1
D19792,C020,2025-09-28,T2,1,Total,8,,,,,1
D19793,C020,2025-09-28,T3,1,Total,9,,,,,1
D19794,C020,2025-09-29,T1,0,Indisponível,0,restrição_noite,planeada,2025-09-20 01:06,221.9,1
D19795,C020,2025-09-29,T2,1,Total,8,,,,,1
D19796,C020,2025-09-29,T3,1,Total,9,,,,,1
D19797,C020,2025-09-30,T1,1,Total,7,,,,,1
D19798,C020,2025-09-30,T2,1,Total,8,,,,,1
D19799,C020,2025-09-30,T3,1,Total,9,,,,,1
D19800,C020,2025-10-01,T1,1,Total,7,,,,,1
D19801,C020,2025-10-01,T2,1,Total,8,,,,,1
D19802,C020,2025-10-01,T3,1,Total,9,,,,,1
D19803,C020,2025-10-02,T1,1,Total,7,,,,,1
D19804,C020,2025-10-02,T2,1,Parcial,4,preferencia_pessoal,planeada,2025-09-25 17:36,164.4,1
D19805,C020,2025-10-02,T3,1,Total,9,,,,,1
D19806,C020,2025-10-03,T1,1,Total,7,,,,,1
D19807,C020,2025-10-03,T2,1,Total,8,,,,,1
D19808,C020,2025-10-03,T3,1,Total,9,,,,,1
D19809,C020,2025-10-04,T1,0,Indisponível,0,folga,planeada,2025-09-26 11:30,187.5,1
D19810,C020,2025-10-04,T2,1,Total,8,,,,,1
D19811,C020,2025-10-04,T3,1,Parcial,4,consulta_medica,planeada,2025-09-25 05:00,233.0,1
D19812,C020,2025-10-05,T1,1,Parcial,4,consulta_medica,planeada,2025-10-03 17:36,37.4,1
D19813,C020,2025-10-05,T2,1,Total,8,,,,,1
D19814,C020,2025-10-05,T3,1,Total,9,,,,,1
D19815,C020,2025-10-06,T1,1,Total,7,,,,,1
D19816,C020,2025-10-06,T2,1,Total,8,,,,,1
D19817,C020,2025-10-06,T3,1,Total,9,,,,,1
D19818,C020,2025-10-07,T1,1,Total,7,,,,,1
D19819,C020,2025-10-07,T2,1,Total,8,,,,,1
D19820,C020,2025-10-07,T3,1,Total,9,,,,,1
D19821,C020,2025-10-08,T1,1,Total,7,,,,,1
D19822,C020,2025-10-08,T2,1,Total,8,,,,,1
D19823,C020,2025-10-08,T3,1,Total,9,,,,,1
D19824,C020,2025-10-09,T1,1,Total,7,,,,,1
D19825,C020,2025-10-09,T2,1,Total,8,,,,,1
D19826,C020,2025-10-09,T3,1,Total,9,,,,,1
D19827,C020,2025-10-10,T1,1,Total,7,,,,,1
D19828,C020,2025-10-10,T2,1,Total,8,,,,,1
D19829,C020,2025-10-10,T3,1,Total,9,,,,,1
D19830,C020,2025-10-11,T1,1,Total,7,,,,,1
D19831,C020,2025-10-11,T2,1,Total,8,,,,,1
D19832,C020,2025-10-11,T3,1,Total,9,,,,,1
D19833,C020,2025-10-12,T1,1,Total,7,,,,,1
D19834,C020,2025-10-12,T2,1,Total,8,,,,,1
D19835,C020,2025-10-12,T3,1,Parcial,4,preferencia_pessoal,planeada,2025-10-12 08:36,13.4,1
D19836,C020,2025-10-13,T1,1,Total,7,,,,,1
D19837,C020,2025-10-13,T2,1,Total,8,,,,,1
D19838,C020,2025-10-13,T3,1,Total,9,,,,,1
D19839,C020,2025-10-14,T1,1,Total,7,,,,,1
D19840,C020,2025-10-14,T2,1,Total,8,,,,,1
D19841,C020,2025-10-14,T3,1,Total,9,,,,,1
D19842,C020,2025-10-15,T1,1,Total,7,,,,,1
D19843,C020,2025-10-15,T2,0,Indisponível,0,férias,planeada,2025-09-27 07:42,438.3,1
D19844,C020,2025-10-15,T3,1,Total,9,,,,,1
D19845,C020,2025-10-16,T1,1,Total,7,,,,,1
D19846,C020,2025-10-16,T2,1,Total,8,,,,,1
D19847,C020,2025-10-16,T3,1,Parcial,4,consulta_medica,planeada,2025-10-13 00:36,93.4,1
D19848,C020,2025-10-17,T1,1,Total,7,,,,,1
D19849,C020,2025-10-17,T2,0,Indisponível,0,folga,planeada,2025-10-08 20:36,209.4,1
D19850,C020,2025-10-17,T3,1,Total,9,,,,,1
D19851,C020,2025-10-18,T1,1,Total,7,,,,,1
D19852,C020,2025-10-18,T2,1,Total,8,,,,,1
D19853,C020,2025-10-18,T3,1,Total,9,,,,,1
D19854,C020,2025-10-19,T1,1,Total,7,,,,,1
D19855,C020,2025-10-19,T2,1,Total,8,,,,,1
D19856,C020,2025-10-19,T3,1,Total,9,,,,,1
D19857,C020,2025-10-20,T1,1,Parcial,4,formação,planeada,2025-10-06 13:06,329.9,1
D19858,C020,2025-10-20,T2,1,Total,8,,,,,1
D19859,C020,2025-10-20,T3,1,Total,9,,,,,1
D19860,C020,2025-10-21,T1,1,Total,7,,,,,1
D19861,C020,2025-10-21,T2,1,Total,8,,,,,1
D19862,C020,2025-10-21,T3,1,Total,9,,,,,1
D19863,C020,2025-10-22,T1,1,Total,7,,,,,1
D19864,C020,2025-10-22,T2,1,Total,8,,,,,1
D19865,C020,2025-10-22,T3,1,Total,9,,,,,1
D19866,C020,2025-10-23,T1,0,Indisponível,0,férias,planeada,2025-10-04 16:48,446.2,1
D19867,C020,2025-10-23,T2,1,Total,8,,,,,1
D19868,C020,2025-10-23,T3,1,Total,9,,,,,1
D19869,C020,2025-10-24,T1,1,Total,7,,,,,1
D19870,C020,2025-10-24,T2,1,Parcial,4,consulta_medica,planeada,2025-10-22 07:30,54.5,1
D19871,C020,2025-10-24,T3,1,Total,9,,,,,1
D19872,C020,2025-10-25,T1,1,Total,7,,,,,1
D19873,C020,2025-10-25,T2,1,Total,8,,,,,1
D19874,C020,2025-10-25,T3,1,Parcial,4,consulta_medica,planeada,2025-10-12 10:54,323.1,1
D19875,C020,2025-10-26,T1,1,Total,7,,,,,1
D19876,C020,2025-10-26,T2,1,Total,8,,,,,1
D19877,C020,2025-10-26,T3,1,Total,9,,,,,1
D19878,C020,2025-10-27,T1,1,Total,7,,,,,1
D19879,C020,2025-10-27,T2,1,Parcial,4,consulta_medica,planeada,2025-10-18 12:00,218.0,1
D19880,C020,2025-10-27,T3,1,Total,9,,,,,1
D19881,C020,2025-10-28,T1,1,Total,7,,,,,1
D19882,C020,2025-10-28,T2,1,Total,8,,,,,1
D19883,C020,2025-10-28,T3,1,Total,9,,,,,1
D19884,C020,2025-10-29,T1,1,Total,7,,,,,1
D19885,C020,2025-10-29,T2,1,Total,8,,,,,1
D19886,C020,2025-10-29,T3,1,Parcial,4,preferencia_pessoal,planeada,2025-10-26 14:06,79.9,1
D19887,C020,2025-10-30,T1,0,Indisponível,0,baixa,inesperada,2025-10-29 20:12,10.8,1
D19888,C020,2025-10-30,T2,1,Total,8,,,,,1
D19889,C020,2025-10-30,T3,1,Total,9,,,,,1
D19890,C020,2025-10-31,T1,1,Total,7,,,,,1
D19891,C020,2025-10-31,T2,1,Total,8,,,,,1
D19892,C020,2025-10-31,T3,1,Total,9,,,,,1
D19893,C020,2025-11-01,T1,1,Total,7,,,,,1
D19894,C020,2025-11-01,T2,1,Total,8,,,,,1
D19895,C020,2025-11-01,T3,1,Total,9,,,,,1
D19896,C020,2025-11-02,T1,1,Total,7,,,,,1
D19897,C020,2025-11-02,T2,1,Total,8,,,,,1
D19898,C020,2025-11-02,T3,1,Total,9,,,,,1
D19899,C020,2025-11-03,T1,1,Total,7,,,,,1
D19900,C020,2025-11-03,T2,1,Total,8,,,,,1
D19901,C020,2025-11-03,T3,1,Total,9,,,,,1
D19902,C020,2025-11-04,T1,0,Indisponível,0,formação,planeada,2025-10-18 12:54,402.1,1
D19903,C020,2025-11-04,T2,1,Total,8,,,,,1
D19904,C020,2025-11-04,T3,1,Total,9,,,,,1
D19905,C020,2025-11-05,T1,1,Parcial,4,preferencia_pessoal,planeada,2025-10-23 10:36,308.4,1
D19906,C020,2025-11-05,T2,1,Total,8,,,,,1
D19907,C020,2025-11-05,T3,1,Total,9,,,,,1
D19908,C020,2025-11-06,T1,1,Total,7,,,,,1
D19909,C020,2025-11-06,T2,1,Total,8,,,,,1
D19910,C020,2025-11-06,T3,1,Total,9,,,,,1
D19911,C020,2025-11-07,T1,1,Total,7,,,,,1
D19912,C020,2025-11-07,T2,1,Total,8,,,,,1
D19913,C020,2025-11-07,T3,1,Total,9,,,,,1
D19914,C020,2025-11-08,T1,1,Total,7,,,,,1
D19915,C020,2025-11-08,T2,1,Total,8,,,,,1
D19916,C020,2025-11-08,T3,1,Total,9,,,,,1
D19917,C020,2025-11-09,T1,1,Total,7,,,,,1
D19918,C020,2025-11-09,T2,1,Total,8,,,,,1
D19919,C020,2025-11-09,T3,1,Total,9,,,,,1
D19920,C020,2025-11-10,T1,1,Total,7,,,,,1
D19921,C020,2025-11-10,T2,1,Total,8,,,,,1
D19922,C020,2025-11-10,T3,1,Total,9,,,,,1
D19923,C020,2025-11-11,T1,0,Indisponível,0,folga,planeada,2025-11-03 15:18,183.7,1
D19924,C020,2025-11-11,T2,1,Total,8,,,,,1
D19925,C020,2025-11-11,T3,1,Total,9,,,,,1
D19926,C020,2025-11-12,T1,1,Total,7,,,,,1
D19927,C020,2025-11-12,T2,1,Total,8,,,,,1
D19928,C020,2025-11-12,T3,1,Total,9,,,,,1
D19929,C020,2025-11-13,T1,1,Total,7,,,,,1
D19930,C020,2025-11-13,T2,1,Parcial,4,consulta_medica,planeada,2025-11-10 06:06,79.9,1
D19931,C020,2025-11-13,T3,1,Total,9,,,,,1
D19932,C020,2025-11-14,T1,1,Total,7,,,,,1
D19933,C020,2025-11-14,T2,1,Total,8,,,,,1
D19934,C020,2025-11-14,T3,1,Total,9,,,,,1
D19935,C020,2025-11-15,T1,1,Total,7,,,,,1
D19936,C020,2025-11-15,T2,1,Total,8,,,,,1
D19937,C020,2025-11-15,T3,1,Total,9,,,,,1
D19938,C020,2025-11-16,T1,1,Total,7,,,,,1
D19939,C020,2025-11-16,T2,1,Total,8,,,,,1
D19940,C020,2025-11-16,T3,1,Total,9,,,,,1
D19941,C020,2025-11-17,T1,1,Total,7,,,,,1
D19942,C020,2025-11-17,T2,1,Total,8,,,,,1
D19943,C020,2025-11-17,T3,1,Total,9,,,,,1
D19944,C020,2025-11-18,T1,1,Total,7,,,,,1
D19945,C020,2025-11-18,T2,1,Total,8,,,,,1
D19946,C020,2025-11-18,T3,1,Total,9,,,,,1
D19947,C020,2025-11-19,T1,1,Total,7,,,,,1
D19948,C020,2025-11-19,T2,1,Total,8,,,,,1
D19949,C020,2025-11-19,T3,0,Indisponível,0,folga,planeada,2025-11-19 05:30,16.5,1
D19950,C020,2025-11-20,T1,1,Total,7,,,,,1
D19951,C020,2025-11-20,T2,1,Total,8,,,,,1
D19952,C020,2025-11-20,T3,1,Total,9,,,,,1
D19953,C020,2025-11-21,T1,1,Total,7,,,,,1
D19954,C020,2025-11-21,T2,1,Total,8,,,,,1
D19955,C020,2025-11-21,T3,1,Parcial,4,preferencia_pessoal,planeada,2025-11-15 22:12,143.8,1
D19956,C020,2025-11-22,T1,1,Total,7,,,,,1
D19957,C020,2025-11-22,T2,1,Total,8,,,,,1
D19958,C020,2025-11-22,T3,1,Total,9,,,,,1
D19959,C020,2025-11-23,T1,1,Total,7,,,,,1
D19960,C020,2025-11-23,T2,1,Total,8,,,,,1
D19961,C020,2025-11-23,T3,1,Total,9,,,,,1
D19962,C020,2025-11-24,T1,1,Total,7,,,,,1
D19963,C020,2025-11-24,T2,1,Total,8,,,,,1
D19964,C020,2025-11-24,T3,1,Total,9,,,,,1
D19965,C020,2025-11-25,T1,1,Total,7,,,,,1
D19966,C020,2025-11-25,T2,1,Total,8,,,,,1
D19967,C020,2025-11-25,T3,1,Total,9,,,,,1
D19968,C020,2025-11-26,T1,1,Total,7,,,,,1
D19969,C020,2025-11-26,T2,1,Parcial,4,preferencia_pessoal,planeada,2025-11-19 08:06,173.9,1
D19970,C020,2025-11-26,T3,1,Total,9,,,,,1
D19971,C020,2025-11-27,T1,1,Parcial,4,preferencia_pessoal,planeada,2025-11-23 22:00,81.0,1
D19972,C020,2025-11-27,T2,1,Total,8,,,,,1
D19973,C020,2025-11-27,T3,1,Total,9,,,,,1
D19974,C020,2025-11-28,T1,1,Total,7,,,,,1
D19975,C020,2025-11-28,T2,1,Total,8,,,,,1
D19976,C020,2025-11-28,T3,1,Total,9,,,,,1
D19977,C020,2025-11-29,T1,1,Total,7,,,,,1
D19978,C020,2025-11-29,T2,1,Total,8,,,,,1
D19979,C020,2025-11-29,T3,1,Total,9,,,,,1
D19980,C020,2025-11-30,T1,1,Total,7,,,,,1
D19981,C020,2025-11-30,T2,1,Total,8,,,,,1
D19982,C020,2025-11-30,T3,1,Total,9,,,,,1
D19983,C020,2025-12-01,T1,1,Total,7,,,,,1
D19984,C020,2025-12-01,T2,1,Total,8,,,,,1
D19985,C020,2025-12-01,T3,1,Total,9,,,,,1
D19986,C020,2025-12-02,T1,1,Total,7,,,,,1
D19987,C020,2025-12-02,T2,1,Total,8,,,,,1
D19988,C020,2025-12-02,T3,1,Total,9,,,,,1
D19989,C020,2025-12-03,T1,1,Total,7,,,,,1
D19990,C020,2025-12-03,T2,1,Total,8,,,,,1
D19991,C020,2025-12-03,T3,1,Total,9,,,,,1
D19992,C020,2025-12-04,T1,1,Total,7,,,,,1
D19993,C020,2025-12-04,T2,1,Total,8,,,,,1
D19994,C020,2025-12-04,T3,1,Total,9,,,,,1
D19995,C020,2025-12-05,T1,1,Total,7,,,,,1
D19996,C020,2025-12-05,T2,1,Total,8,,,,,1
D19997,C020,2025-12-05,T3,1,Total,9,,,,,1
D19998,C020,2025-12-06,T1,1,Total,7,,,,,1
D19999,C020,2025-12-06,T2,1,Total,8,,,,,1
D20000,C020,2025-12-06,T3,1,Total,9,,,,,1
D20001,C020,2025-12-07,T1,0,Indisponível,0,folga,planeada,2025-11-24 12:48,306.2,1
D20002,C020,2025-12-07,T2,1,Total,8,,,,,1
D20003,C020,2025-12-07,T3,1,Total,9,,,,,1
D20004,C020,2025-12-08,T1,1,Total,7,,,,,1
D20005,C020,2025-12-08,T2,1,Total,8,,,,,1
D20006,C020,2025-12-08,T3,1,Total,9,,,,,1
D20007,C020,2025-12-09,T1,1,Total,7,,,,,1
D20008,C020,2025-12-09,T2,1,Total,8,,,,,1
D20009,C020,2025-12-09,T3,1,Total,9,,,,,1
D20010,C020,2025-12-10,T1,1,Total,7,,,,,1
D20011,C020,2025-12-10,T2,1,Total,8,,,,,1
D20012,C020,2025-12-10,T3,1,Total,9,,,,,1
D20013,C020,2025-12-11,T1,1,Total,7,,,,,1
D20014,C020,2025-12-11,T2,1,Total,8,,,,,1
D20015,C020,2025-12-11,T3,1,Total,9,,,,,1
D20016,C020,2025-12-12,T1,0,Indisponível,0,preferencia_pessoal,planeada,2025-12-03 13:48,209.2,1
D20017,C020,2025-12-12,T2,1,Total,8,,,,,1
D20018,C020,2025-12-12,T3,1,Total,9,,,,,1
D20019,C020,2025-12-13,T1,1,Total,7,,,,,1
D20020,C020,2025-12-13,T2,1,Total,8,,,,,1
D20021,C020,2025-12-13,T3,1,Total,9,,,,,1
D20022,C020,2025-12-14,T1,1,Total,7,,,,,1
D20023,C020,2025-12-14,T2,1,Total,8,,,,,1
D20024,C020,2025-12-14,T3,1,Total,9,,,,,1
D20025,C020,2025-12-15,T1,1,Parcial,4,preferencia_pessoal,planeada,2025-12-10 23:12,103.8,1
D20026,C020,2025-12-15,T2,1,Total,8,,,,,1
D20027,C020,2025-12-15,T3,1,Total,9,,,,,1
D20028,C020,2025-12-16,T1,1,Total,7,,,,,1
D20029,C020,2025-12-16,T2,1,Total,8,,,,,1
D20030,C020,2025-12-16,T3,0,Indisponível,0,restrição_noite,planeada,2025-11-20 03:06,642.9,1
D20031,C020,2025-12-17,T1,1,Total,7,,,,,1
D20032,C020,2025-12-17,T2,1,Total,8,,,,,1
D20033,C020,2025-12-17,T3,1,Total,9,,,,,1
D20034,C020,2025-12-18,T1,1,Total,7,,,,,1
D20035,C020,2025-12-18,T2,1,Total,8,,,,,1
D20036,C020,2025-12-18,T3,1,Total,9,,,,,1
D20037,C020,2025-12-19,T1,1,Total,7,,,,,1
D20038,C020,2025-12-19,T2,1,Total,8,,,,,1
D20039,C020,2025-12-19,T3,0,Indisponível,0,férias,planeada,2025-11-30 15:36,462.4,1
D20040,C020,2025-12-20,T1,1,Total,7,,,,,1
D20041,C020,2025-12-20,T2,1,Total,8,,,,,1
D20042,C020,2025-12-20,T3,1,Parcial,4,consulta_medica,planeada,2025-12-17 09:00,85.0,1
D20043,C020,2025-12-21,T1,1,Total,7,,,,,1
D20044,C020,2025-12-21,T2,0,Indisponível,0,folga,planeada,2025-11-29 19:18,522.7,1
D20045,C020,2025-12-21,T3,1,Total,9,,,,,1
D20046,C020,2025-12-22,T1,1,Parcial,4,consulta_medica,planeada,2025-12-19 20:24,58.6,1
D20047,C020,2025-12-22,T2,1,Total,8,,,,,1
D20048,C020,2025-12-22,T3,1,Total,9,,,,,1
D20049,C020,2025-12-23,T1,1,Total,7,,,,,1
D20050,C020,2025-12-23,T2,1,Total,8,,,,,1
D20051,C020,2025-12-23,T3,1,Total,9,,,,,1
D20052,C020,2025-12-24,T1,1,Total,7,,,,,1
D20053,C020,2025-12-24,T2,1,Parcial,4,formação,planeada,2025-12-11 07:18,318.7,1
D20054,C020,2025-12-24,T3,1,Total,9,,,,,1
D20055,C020,2025-12-25,T1,1,Total,7,,,,,1
D20056,C020,2025-12-25,T2,1,Total,8,,,,,1
D20057,C020,2025-12-25,T3,1,Total,9,,,,,1
D20058,C020,2025-12-26,T1,1,Total,7,,,,,1
D20059,C020,2025-12-26,T2,1,Total,8,,,,,1
D20060,C020,2025-12-26,T3,1,Parcial,4,preferencia_pessoal,planeada,2025-12-19 18:54,171.1,1
D20061,C020,2025-12-27,T1,1,Total,7,,,,,1
D20062,C020,2025-12-27,T2,1,Parcial,4,formação,planeada,2025-12-14 14:00,312.0,1
D20063,C020,2025-12-27,T3,1,Total,9,,,,,1
D20064,C020,2025-12-28,T1,1,Total,7,,,,,1
D20065,C020,2025-12-28,T2,1,Total,8,,,,,1
D20066,C020,2025-12-28,T3,1,Total,9,,,,,1
D20067,C020,2025-12-29,T1,1,Total,7,,,,,1
D20068,C020,2025-12-29,T2,1,Total,8,,,,,1
D20069,C020,2025-12-29,T3,1,Total,9,,,,,1
D20070,C020,2025-12-30,T1,1,Total,7,,,,,1
D20071,C020,2025-12-30,T2,1,Total,8,,,,,1
D20072,C020,2025-12-30,T3,1,Total,9,,,,,1
D20073,C020,2025-12-31,T1,1,Total,7,,,,,1
D20074,C020,2025-12-31,T2,1,Total,8,,,,,1
D20075,C020,2025-12-31,T3,1,Total,9,,,,,1
